hour,price_gbp_per_mwh,heuristic_charge_mw,heuristic_discharge_mw,heuristic_soc_mwh,lp_charge_mw,lp_discharge_mw,lp_soc_mwh
0,57.985071531289506,0.0,0.0,50.0,0.0,0.0,50.0
1,49.538953944688565,0.0,0.0,50.0,0.0,0.0,50.0
2,52.0873031828593,0.0,0.0,50.0,0.0,0.0,50.0
3,56.9700979135182,0.0,0.0,50.0,0.0,0.0,50.0
4,47.91783027229437,50.0,0.0,96.09772228646443,4.2326144546640405,0.0,53.90227771353556
5,45.83779844806526,4.232614454664048,0.0,100.0,50.0,0.0,100.0
6,53.89253765713702,0.0,0.0,100.0,0.0,0.0,100.0
7,59.03428052124178,0.0,0.0,100.0,0.0,0.0,100.0
8,62.927330518263574,0.0,0.0,100.0,0.0,-0.0,100.0
9,57.91636337528367,0.0,0.0,100.0,0.0,0.0,100.0
10,59.62260273787015,0.0,0.0,100.0,0.0,0.0,100.0
11,59.87797459391862,0.0,0.0,100.0,0.0,0.0,100.0
12,57.840398467144254,0.0,0.0,100.0,0.0,0.0,100.0
13,64.91782959951342,0.0,0.0,100.0,0.0,-0.0,100.0
14,71.39441422361537,0.0,0.0,100.0,0.0,-0.0,100.0
15,73.00934508998824,0.0,0.0,100.0,0.0,-0.0,100.0
16,82.53295665929534,0.0,0.0,100.0,0.0,0.0,100.0
17,83.12296895004533,0.0,0.0,100.0,0.0,-0.0,100.0
18,90.95739707379396,0.0,50.0,45.767385545335955,0.0,50.0,45.76738554533596
19,89.4698200637871,0.0,42.19544457292887,0.0,0.0,42.19544457292888,0.0
20,84.26159147331231,0.0,0.0,0.0,0.0,0.0,-0.0
21,75.0775061279324,0.0,0.0,0.0,0.0,0.0,-0.0
22,76.95965455112733,0.0,0.0,0.0,0.0,0.0,-0.0
23,72.0235118335296,0.0,0.0,0.0,-0.0,0.0,0.0
24,57.683676525395725,0.0,0.0,0.0,0.0,0.0,-0.0
25,53.04334162087428,50.0,0.0,46.09772228646444,50.0,0.0,46.09772228646444
26,54.12908072693898,50.0,0.0,92.19544457292888,50.0,0.0,92.19544457292888
27,55.69557855564267,0.0,0.0,92.19544457292888,8.465228909328081,0.0,100.0
28,59.739622767633534,0.0,0.0,92.19544457292888,0.0,0.0,100.0
29,66.3044593105401,0.0,0.0,92.19544457292888,0.0,0.0,100.0
30,83.90013854229372,0.0,0.0,92.19544457292888,0.0,0.0,100.0
31,86.29536300778605,0.0,0.0,92.19544457292888,0.0,50.0,45.76738554533596
32,85.41890317469716,0.0,0.0,92.19544457292888,0.0,35.00000000000001,7.804555427071122
33,78.93705967877611,0.0,0.0,92.19544457292888,0.0,0.0,7.804555427071122
34,77.61794478102033,0.0,0.0,92.19544457292888,0.0,0.0,7.804555427071122
35,78.45515794893821,0.0,0.0,92.19544457292888,0.0,0.0,7.804555427071122
36,74.03441321684886,0.0,0.0,92.19544457292888,0.0,0.0,7.804555427071122
37,69.0766059813721,0.0,0.0,92.19544457292888,50.0,0.0,53.90227771353556
38,68.13533430814658,0.0,0.0,92.19544457292888,50.0,0.0,100.0
39,78.29906504707328,0.0,0.0,92.19544457292888,0.0,0.0,100.0
40,89.48571624876419,0.0,0.0,92.19544457292888,0.0,0.0,100.0
41,97.81547435054208,0.0,50.0,37.96283011826483,0.0,50.0,45.76738554533596
42,96.05618452197564,0.0,35.0,7.105427357601002e-15,0.0,42.19544457292888,-0.0
43,95.73767824064649,0.0,0.0,7.105427357601002e-15,0.0,0.0,-0.0
44,91.71787523668019,0.0,0.0,7.105427357601002e-15,0.0,0.0,0.0
45,86.9224683852789,0.0,0.0,7.105427357601002e-15,0.0,0.0,-0.0
46,85.98512555518074,0.0,0.0,7.105427357601002e-15,0.0,0.0,-0.0
47,82.45176018191816,0.0,0.0,7.105427357601002e-15,0.0,0.0,-0.0
48,73.41963386644765,0.0,0.0,7.105427357601002e-15,-0.0,0.0,0.0
49,69.9075215712215,0.0,0.0,7.105427357601002e-15,0.0,0.0,-0.0
50,68.39090335326165,0.0,0.0,7.105427357601002e-15,-0.0,0.0,0.0
51,70.34990737310068,0.0,0.0,7.105427357601002e-15,0.0,0.0,-0.0
52,63.01049055079808,0.0,0.0,7.105427357601002e-15,50.0,0.0,46.09772228646444
53,65.20230480345879,0.0,0.0,7.105427357601002e-15,8.823529411764698,0.0,54.23261445466404
54,68.51453421984559,0.0,0.0,7.105427357601002e-15,0.0,0.0,54.23261445466404
55,70.78513343429853,0.0,0.0,7.105427357601002e-15,0.0,0.0,54.23261445466404
56,72.3759934473679,0.0,0.0,7.105427357601002e-15,0.0,0.0,54.23261445466404
57,79.57029539814904,0.0,0.0,7.105427357601002e-15,0.0,50.0,0.0
58,70.05372986096222,0.0,0.0,7.105427357601002e-15,0.0,0.0,-0.0
59,70.57444248817269,0.0,0.0,7.105427357601002e-15,0.0,0.0,-0.0
60,58.11567868885565,50.0,0.0,46.097722286464446,50.0,0.0,46.09772228646444
61,57.13076950135052,50.0,0.0,92.19544457292889,50.0,0.0,92.19544457292888
62,62.51522410850597,0.0,0.0,92.19544457292889,8.465228909328081,0.0,100.0
63,72.7464256018459,0.0,0.0,92.19544457292889,-0.0,0.0,100.0
64,84.17337300917063,0.0,0.0,92.19544457292889,0.0,0.0,100.0
65,94.27761817183907,0.0,50.0,37.96283011826485,0.0,42.19544457292888,54.23261445466404
66,94.52598304939676,0.0,35.000000000000014,0.0,0.0,50.0,0.0
67,90.50241974198894,0.0,0.0,0.0,0.0,0.0,-0.0
68,90.9523565220623,0.0,0.0,0.0,0.0,-0.0,0.0
69,83.95940250539891,0.0,0.0,0.0,0.0,0.0,-0.0
70,71.43515655921814,0.0,0.0,0.0,-0.0,0.0,0.0
71,61.53018366537285,0.0,0.0,0.0,0.0,-0.0,0.0
72,45.27616341873897,50.0,0.0,46.09772228646444,50.0,0.0,46.09772228646444
73,46.23751061719775,0.0,0.0,46.09772228646444,8.465228909328081,0.0,53.90227771353556
74,45.68932807638289,50.0,0.0,92.19544457292888,50.0,0.0,100.0
75,49.67653444724857,0.0,0.0,92.19544457292888,0.0,0.0,100.0
76,49.55208804874012,0.0,0.0,92.19544457292888,-0.0,0.0,100.0
77,55.38344247994226,0.0,0.0,92.19544457292888,-0.0,0.0,100.0
78,65.45988333602354,0.0,0.0,92.19544457292888,0.0,0.0,100.0
79,69.7720035636402,0.0,0.0,92.19544457292888,0.0,0.0,100.0
80,75.46439450532148,0.0,0.0,92.19544457292888,0.0,50.0,45.76738554533596
81,70.56429648910033,0.0,0.0,92.19544457292888,0.0,42.19544457292888,0.0
82,64.48845585029711,0.0,0.0,92.19544457292888,0.0,0.0,-0.0
83,58.00147466106352,0.0,0.0,92.19544457292888,-0.0,0.0,0.0
84,49.16434914192687,0.0,0.0,92.19544457292888,50.0,0.0,46.09772228646444
85,53.37100597968386,0.0,0.0,92.19544457292888,50.0,0.0,92.19544457292888
86,55.560588121771794,0.0,0.0,92.19544457292888,8.465228909328081,0.0,100.0
87,63.15788214464304,0.0,0.0,92.19544457292888,-0.0,0.0,100.0
88,74.0363307463798,0.0,0.0,92.19544457292888,0.0,0.0,100.0
89,82.99336575332262,0.0,0.0,92.19544457292888,0.0,-0.0,100.0
90,89.66565555898579,0.0,50.0,37.96283011826483,0.0,50.0,45.76738554533596
91,88.00788150821211,0.0,35.0,7.105427357601002e-15,0.0,42.19544457292888,-0.0
92,81.59790059266152,0.0,0.0,7.105427357601002e-15,0.0,0.0,0.0
93,75.92025439756688,0.0,0.0,7.105427357601002e-15,0.0,-0.0,0.0
94,61.73487995106292,0.0,0.0,7.105427357601002e-15,-0.0,0.0,0.0
95,50.831388881521434,0.0,0.0,7.105427357601002e-15,0.0,-0.0,0.0
96,33.161917948736054,0.0,0.0,7.105427357601002e-15,0.0,0.0,-0.0
97,26.8125919133412,50.0,0.0,46.097722286464446,50.0,0.0,46.09772228646444
98,29.136694973906373,0.0,0.0,46.097722286464446,0.0,0.0,46.09772228646444
99,25.58754457560473,50.0,0.0,92.19544457292889,50.0,0.0,92.19544457292888
100,27.53976792510386,0.0,0.0,92.19544457292889,8.465228909328081,0.0,100.0
101,41.29583370248015,0.0,0.0,92.19544457292889,-0.0,0.0,100.0
102,47.02864620921289,0.0,0.0,92.19544457292889,0.0,0.0,100.0
103,58.48085081637064,0.0,0.0,92.19544457292889,0.0,50.0,45.76738554533596
104,57.37291716747704,0.0,0.0,92.19544457292889,0.0,42.19544457292888,0.0
105,56.34036605918885,0.0,0.0,92.19544457292889,0.0,0.0,-0.0
106,48.10299505672869,0.0,0.0,92.19544457292889,0.0,0.0,-0.0
107,43.07979992655045,0.0,0.0,92.19544457292889,50.0,0.0,46.09772228646444
108,46.560612819257685,0.0,0.0,92.19544457292889,8.465228909328081,0.0,53.90227771353556
109,38.78393890933624,0.0,0.0,92.19544457292889,50.0,0.0,100.0
110,47.03859399231744,0.0,0.0,92.19544457292889,0.0,0.0,100.0
111,56.513865734723005,0.0,0.0,92.19544457292889,0.0,0.0,100.0
112,61.9786841868889,0.0,0.0,92.19544457292889,0.0,0.0,100.0
113,61.43080301849236,0.0,0.0,92.19544457292889,0.0,0.0,100.0
114,66.45737922234375,0.0,50.0,37.96283011826485,0.0,50.0,45.76738554533596
115,64.16968616176912,0.0,0.0,37.96283011826485,0.0,0.0,45.76738554533596
116,63.15542977589547,0.0,0.0,37.96283011826485,0.0,0.0,45.76738554533596
117,59.41960585242243,0.0,0.0,37.96283011826485,0.0,0.0,45.76738554533596
118,64.5619033358385,0.0,35.000000000000014,0.0,0.0,42.19544457292888,-0.0
119,60.089048159664195,0.0,0.0,0.0,0.0,0.0,0.0
120,43.37086443954706,0.0,0.0,0.0,8.465228909328081,0.0,7.804555427071122
121,42.72674096140927,50.0,0.0,46.09772228646444,50.0,0.0,53.90227771353556
122,42.868506358235145,50.0,0.0,92.19544457292888,50.0,0.0,100.0
123,50.745136574411575,0.0,0.0,92.19544457292888,0.0,0.0,100.0
124,57.483546423747015,0.0,0.0,92.19544457292888,0.0,-0.0,100.0
125,63.810864001224004,0.0,0.0,92.19544457292888,0.0,0.0,100.0
126,77.86266697809639,0.0,0.0,92.19544457292888,0.0,50.0,45.76738554533596
127,76.40778760224322,0.0,0.0,92.19544457292888,0.0,42.19544457292888,-0.0
128,75.57159750433988,0.0,0.0,92.19544457292888,0.0,0.0,-0.0
129,69.20788426132854,0.0,0.0,92.19544457292888,0.0,0.0,0.0
130,63.086616778359385,0.0,0.0,92.19544457292888,0.0,0.0,-0.0
131,51.232558124952234,0.0,0.0,92.19544457292888,50.0,0.0,46.09772228646444
132,52.973549604242876,0.0,0.0,92.19544457292888,0.0,0.0,46.09772228646444
133,52.993942928962205,0.0,0.0,92.19544457292888,0.0,0.0,46.09772228646444
134,49.70408305120463,0.0,0.0,92.19544457292888,50.0,0.0,92.19544457292888
135,52.08621235472465,0.0,0.0,92.19544457292888,8.465228909328081,0.0,100.0
136,62.875255727698864,0.0,0.0,92.19544457292888,0.0,0.0,100.0
137,74.82314601629719,0.0,0.0,92.19544457292888,0.0,0.0,100.0
138,89.43060410719174,0.0,0.0,92.19544457292888,0.0,-0.0,100.0
139,104.35837264314475,0.0,50.0,37.96283011826483,0.0,50.0,45.76738554533596
140,101.32949749173503,0.0,35.0,7.105427357601002e-15,0.0,42.19544457292888,-0.0
141,89.16797202901984,0.0,0.0,7.105427357601002e-15,0.0,0.0,0.0
142,71.54310360290386,0.0,0.0,7.105427357601002e-15,-0.0,0.0,0.0
143,69.33552740069237,0.0,0.0,7.105427357601002e-15,0.0,-0.0,0.0
144,53.08191792271158,0.0,0.0,7.105427357601002e-15,0.0,0.0,-0.0
145,48.438984510088446,0.0,0.0,7.105427357601002e-15,8.465228909328081,0.0,7.804555427071122
146,43.57581748408973,50.0,0.0,46.097722286464446,50.0,0.0,53.90227771353556
147,43.14951782671456,50.0,0.0,92.19544457292889,50.0,0.0,100.0
148,51.72737849892913,0.0,0.0,92.19544457292889,-0.0,0.0,100.0
149,57.38738496639455,0.0,0.0,92.19544457292889,0.0,0.0,100.0
150,63.000291365458764,0.0,0.0,92.19544457292889,0.0,-0.0,100.0
151,63.50219131878713,0.0,0.0,92.19544457292889,0.0,42.50000000000001,53.90227771353556
152,57.94179817639265,0.0,0.0,92.19544457292889,0.0,0.0,53.90227771353556
153,55.32179406080444,0.0,0.0,92.19544457292889,0.0,0.0,53.90227771353556
154,52.090133230730544,0.0,0.0,92.19544457292889,50.0,0.0,100.0
155,58.35619917964462,0.0,0.0,92.19544457292889,0.0,0.0,100.0
156,56.78609724045498,0.0,0.0,92.19544457292889,0.0,0.0,100.0
157,63.14784163712847,0.0,0.0,92.19544457292889,0.0,0.0,100.0
158,64.4397481840577,0.0,0.0,92.19544457292889,0.0,-0.0,100.0
159,64.78519683396158,0.0,0.0,92.19544457292889,0.0,-0.0,100.0
160,67.5893480177389,0.0,0.0,92.19544457292889,0.0,-0.0,100.0
161,70.58524190621847,0.0,0.0,92.19544457292889,0.0,0.0,100.0
162,86.23510642945752,0.0,50.0,37.96283011826485,0.0,50.0,45.76738554533596
163,80.85866699246614,0.0,0.0,37.96283011826485,0.0,0.0,45.76738554533596
164,81.92470850238925,0.0,35.000000000000014,0.0,0.0,42.19544457292888,-0.0
165,71.69490239457159,0.0,0.0,0.0,0.0,0.0,-0.0
166,72.23042030586979,0.0,0.0,0.0,0.0,0.0,-0.0
167,70.61611262162702,0.0,0.0,0.0,0.0,0.0,0.0
168,57.87612683916343,0.0,0.0,0.0,0.0,0.0,-0.0
169,54.93389879504979,0.0,0.0,0.0,0.0,0.0,-0.0
170,49.34881326764628,50.0,0.0,46.09772228646444,50.0,0.0,46.09772228646444
171,51.71728590994593,0.0,0.0,46.09772228646444,0.0,0.0,46.09772228646444
172,51.28726356471181,0.0,0.0,46.09772228646444,0.0,0.0,46.09772228646444
173,49.37567983057427,50.0,0.0,92.19544457292888,50.0,0.0,92.19544457292888
174,49.43329905977989,0.0,0.0,92.19544457292888,8.465228909328081,0.0,100.0
175,57.5980526240478,0.0,0.0,92.19544457292888,0.0,0.0,100.0
176,70.37622798989014,0.0,0.0,92.19544457292888,0.0,-0.0,100.0
177,70.37828901284684,0.0,0.0,92.19544457292888,0.0,-0.0,100.0
178,65.66068429726617,0.0,0.0,92.19544457292888,0.0,0.0,100.0
179,62.75738815931469,0.0,0.0,92.19544457292888,0.0,0.0,100.0
180,67.32369675793645,0.0,0.0,92.19544457292888,0.0,0.0,100.0
181,68.69665763767324,0.0,0.0,92.19544457292888,0.0,0.0,100.0
182,70.0584290069414,0.0,0.0,92.19544457292888,0.0,0.0,100.0
183,82.58425521575202,0.0,0.0,92.19544457292888,0.0,-0.0,100.0
184,91.71977962471198,0.0,0.0,92.19544457292888,0.0,0.0,100.0
185,105.34129245359316,0.0,50.0,37.96283011826483,0.0,42.19544457292888,54.23261445466404
186,107.68565906210618,0.0,35.0,7.105427357601002e-15,0.0,50.0,0.0
187,98.48347523893753,0.0,0.0,7.105427357601002e-15,0.0,0.0,-0.0
188,86.09108991397423,0.0,0.0,7.105427357601002e-15,-0.0,0.0,-0.0
189,89.5950083070382,0.0,0.0,7.105427357601002e-15,0.0,0.0,-0.0
190,93.1445281684012,0.0,0.0,7.105427357601002e-15,0.0,0.0,0.0
191,86.85707640783201,0.0,0.0,7.105427357601002e-15,0.0,-0.0,0.0
192,71.65299651227461,0.0,0.0,7.105427357601002e-15,0.0,0.0,-0.0
193,75.93964074375464,0.0,0.0,7.105427357601002e-15,0.0,0.0,-0.0
194,66.2917056438207,0.0,0.0,7.105427357601002e-15,8.465228909328081,0.0,7.804555427071122
195,60.01506564549878,50.0,0.0,46.097722286464446,50.0,0.0,53.90227771353556
196,65.00341633276224,0.0,0.0,46.097722286464446,50.0,0.0,100.0
197,66.63362466601305,0.0,0.0,46.097722286464446,0.0,0.0,100.0
198,72.39738442435828,0.0,0.0,46.097722286464446,0.0,0.0,100.0
199,76.99166209692633,0.0,0.0,46.097722286464446,0.0,0.0,100.0
200,81.48697486043952,0.0,0.0,46.097722286464446,0.0,0.0,100.0
201,87.51692623067655,0.0,42.50000000000001,0.0,0.0,50.0,45.76738554533596
202,82.66465150532261,0.0,0.0,0.0,0.0,42.19544457292888,-0.0
203,80.45567742197564,0.0,0.0,0.0,0.0,0.0,0.0
204,65.23565819083967,0.0,0.0,0.0,-0.0,0.0,-0.0
205,65.29066699499185,0.0,0.0,0.0,0.0,0.0,0.0
206,64.53022094543589,0.0,0.0,0.0,50.0,0.0,46.09772228646444
207,64.68260302120008,0.0,0.0,0.0,8.823529411764698,0.0,54.23261445466404
208,67.97275291510442,0.0,0.0,0.0,0.0,0.0,54.23261445466404
209,73.09095586737376,0.0,0.0,0.0,0.0,0.0,54.23261445466404
210,81.88377229809083,0.0,0.0,0.0,0.0,50.0,-0.0
211,74.05614970911849,0.0,0.0,0.0,0.0,0.0,-0.0
212,71.18916260401205,0.0,0.0,0.0,0.0,0.0,0.0
213,64.06769003471665,0.0,0.0,0.0,0.0,0.0,-0.0
214,58.249395283204834,50.0,0.0,46.09772228646444,0.0,0.0,-0.0
215,61.081602201255,0.0,0.0,46.09772228646444,0.0,0.0,-0.0
216,52.8778480409604,0.0,0.0,46.09772228646444,8.465228909328081,0.0,7.804555427071122
217,57.89037439139195,0.0,0.0,46.09772228646444,0.0,0.0,7.804555427071122
218,54.83510428324996,0.0,0.0,46.09772228646444,0.0,0.0,7.804555427071122
219,50.51102362703902,50.0,0.0,92.19544457292888,50.0,0.0,53.90227771353556
220,51.44265660205447,0.0,0.0,92.19544457292888,50.0,0.0,100.0
221,57.59398244282781,0.0,0.0,92.19544457292888,0.0,0.0,100.0
222,65.03503910636773,0.0,0.0,92.19544457292888,0.0,-0.0,100.0
223,65.11629422238639,0.0,0.0,92.19544457292888,0.0,-0.0,100.0
224,69.14329335704925,0.0,0.0,92.19544457292888,0.0,-0.0,100.0
225,69.61312641857907,0.0,0.0,92.19544457292888,0.0,-0.0,100.0
226,79.4515268976094,0.0,0.0,92.19544457292888,0.0,-0.0,100.0
227,84.26451915886739,0.0,0.0,92.19544457292888,0.0,42.50000000000001,53.90227771353556
228,75.34194492506165,0.0,0.0,92.19544457292888,0.0,0.0,53.90227771353556
229,73.32632494624237,0.0,0.0,92.19544457292888,0.0,0.0,53.90227771353556
230,68.55204002684988,0.0,0.0,92.19544457292888,50.0,0.0,100.0
231,71.8573689270388,0.0,0.0,92.19544457292888,0.0,0.0,100.0
232,81.17507691586025,0.0,0.0,92.19544457292888,0.0,0.0,100.0
233,93.77297940681265,0.0,50.0,37.96283011826483,0.0,50.0,45.76738554533596
234,91.96721898152389,0.0,35.0,7.105427357601002e-15,0.0,42.19544457292888,0.0
235,87.08069241848878,0.0,0.0,7.105427357601002e-15,0.0,-0.0,0.0
236,71.2583017373477,0.0,0.0,7.105427357601002e-15,-0.0,0.0,0.0
237,65.89991305338981,0.0,0.0,7.105427357601002e-15,0.0,0.0,-0.0
238,55.90312432924068,0.0,0.0,7.105427357601002e-15,-0.0,0.0,0.0
239,50.48421667914944,50.0,0.0,46.097722286464446,0.0,-0.0,0.0
240,35.292897249569435,0.0,0.0,46.097722286464446,0.0,0.0,-0.0
241,33.750161270031164,0.0,0.0,46.097722286464446,0.0,0.0,-0.0
242,23.687682229404217,50.0,0.0,92.19544457292889,50.0,0.0,46.09772228646444
243,17.45859374177013,8.465228909328065,0.0,100.0,50.0,0.0,92.19544457292888
244,33.81124156717913,0.0,0.0,100.0,0.0,0.0,92.19544457292888
245,32.87036698656924,0.0,0.0,100.0,8.465228909328081,0.0,100.0
246,35.16222065633263,0.0,0.0,100.0,0.0,0.0,100.0
247,53.55109595915466,0.0,0.0,100.0,0.0,-0.0,100.0
248,73.92566059542881,0.0,0.0,100.0,0.0,50.0,45.76738554533596
249,66.33794383977683,0.0,0.0,100.0,0.0,0.0,45.76738554533596
250,60.5505065434466,0.0,0.0,100.0,0.0,0.0,45.76738554533596
251,58.33698549939041,0.0,0.0,100.0,50.0,0.0,91.8651078318004
252,65.55965176234972,0.0,0.0,100.0,0.0,0.0,91.8651078318004
253,60.430598327898984,0.0,0.0,100.0,8.823529411764698,0.0,100.0
254,63.323395762304166,0.0,0.0,100.0,0.0,0.0,100.0
255,74.5451182274728,0.0,0.0,100.0,0.0,0.0,100.0
256,84.31663090858123,0.0,0.0,100.0,0.0,0.0,100.0
257,87.97786354342873,0.0,50.0,45.767385545335955,0.0,42.19544457292888,54.23261445466404
258,89.88067161064538,0.0,42.19544457292887,0.0,0.0,50.0,-0.0
259,81.18651457476415,0.0,0.0,0.0,0.0,0.0,0.0
260,76.30632130360434,0.0,0.0,0.0,0.0,0.0,-0.0
261,69.99886252012494,0.0,0.0,0.0,0.0,0.0,-0.0
262,66.81486624414269,0.0,0.0,0.0,-0.0,0.0,0.0
263,60.435195097442616,0.0,0.0,0.0,0.0,0.0,-0.0
264,51.91374844041062,50.0,0.0,46.09772228646444,50.0,0.0,46.09772228646444
265,55.21282966795739,0.0,0.0,46.09772228646444,8.465228909328081,0.0,53.90227771353556
266,54.063017952124,50.0,0.0,92.19544457292888,50.0,0.0,100.0
267,55.55918838113199,0.0,0.0,92.19544457292888,0.0,0.0,100.0
268,57.635786904111484,0.0,0.0,92.19544457292888,0.0,0.0,100.0
269,61.98935978224161,0.0,0.0,92.19544457292888,0.0,0.0,100.0
270,64.16104048934442,0.0,0.0,92.19544457292888,0.0,0.0,100.0
271,72.01269833812653,0.0,0.0,92.19544457292888,0.0,-0.0,100.0
272,74.48969707388136,0.0,0.0,92.19544457292888,0.0,-0.0,100.0
273,84.81571974000308,0.0,0.0,92.19544457292888,0.0,0.0,100.0
274,88.32127047710388,0.0,0.0,92.19544457292888,0.0,-0.0,100.0
275,84.26854264691134,0.0,0.0,92.19544457292888,0.0,0.0,100.0
276,75.8416904262546,0.0,0.0,92.19544457292888,0.0,0.0,100.0
277,203.95178912389548,0.0,50.0,37.96283011826483,0.0,50.0,45.76738554533596
278,162.8970511133577,0.0,35.0,7.105427357601002e-15,0.0,42.19544457292888,0.0
279,145.41920845994377,0.0,0.0,7.105427357601002e-15,0.0,0.0,-0.0
280,132.175601055152,0.0,0.0,7.105427357601002e-15,-0.0,0.0,0.0
281,90.97078080913127,0.0,0.0,7.105427357601002e-15,0.0,0.0,-0.0
282,98.48605803482845,0.0,0.0,7.105427357601002e-15,0.0,0.0,-0.0
283,99.20773582334738,0.0,0.0,7.105427357601002e-15,0.0,0.0,-0.0
284,88.17853778612485,0.0,0.0,7.105427357601002e-15,-0.0,0.0,0.0
285,79.85240752053096,0.0,0.0,7.105427357601002e-15,0.0,-0.0,-0.0
286,76.10290560053471,0.0,0.0,7.105427357601002e-15,0.0,0.0,-0.0
287,72.36949859656917,0.0,0.0,7.105427357601002e-15,0.0,0.0,0.0
288,58.75257578118487,0.0,0.0,7.105427357601002e-15,0.0,0.0,-0.0
289,55.39962248580172,0.0,0.0,7.105427357601002e-15,0.0,0.0,-0.0
290,51.995064426315594,50.0,0.0,46.097722286464446,50.0,0.0,46.09772228646444
291,52.55076494012718,0.0,0.0,46.097722286464446,8.465228909328081,0.0,53.90227771353556
292,62.653846660966124,0.0,0.0,46.097722286464446,0.0,0.0,53.90227771353556
293,52.513979470207246,0.0,0.0,46.097722286464446,50.0,0.0,100.0
294,58.06220643039504,0.0,0.0,46.097722286464446,0.0,0.0,100.0
295,65.60137671194362,0.0,0.0,46.097722286464446,0.0,-0.0,100.0
296,70.7222678042154,0.0,0.0,46.097722286464446,0.0,50.0,45.76738554533596
297,67.77289176917671,0.0,0.0,46.097722286464446,0.0,42.19544457292888,0.0
298,54.24123283684345,0.0,0.0,46.097722286464446,8.465228909328081,0.0,7.804555427071122
299,52.4263269510373,0.0,0.0,46.097722286464446,50.0,0.0,53.90227771353556
300,60.08488173879536,0.0,0.0,46.097722286464446,0.0,0.0,53.90227771353556
301,52.357912260427746,50.0,0.0,92.19544457292889,50.0,0.0,100.0
302,61.956243377914895,0.0,0.0,92.19544457292889,0.0,0.0,100.0
303,67.19825687639721,0.0,0.0,92.19544457292889,0.0,-0.0,100.0
304,74.79228684721124,0.0,0.0,92.19544457292889,0.0,-0.0,100.0
305,75.4457618695553,0.0,0.0,92.19544457292889,0.0,-0.0,100.0
306,77.18499491919336,0.0,0.0,92.19544457292889,0.0,-0.0,100.0
307,84.15518585205021,0.0,0.0,92.19544457292889,0.0,-0.0,100.0
308,83.56690165788697,0.0,0.0,92.19544457292889,0.0,0.0,100.0
309,87.70774437264032,0.0,50.0,37.96283011826485,0.0,-0.0,100.0
310,88.39441295415233,0.0,35.000000000000014,0.0,0.0,-0.0,100.0
311,85.86555224181879,0.0,0.0,0.0,0.0,0.0,100.0
312,82.43500681888318,0.0,0.0,0.0,0.0,0.0,100.0
313,80.28951904309609,0.0,0.0,0.0,0.0,0.0,100.0
314,80.95802929433457,0.0,0.0,0.0,0.0,0.0,100.0
315,76.87127338204024,0.0,0.0,0.0,0.0,0.0,100.0
316,77.42311310549898,0.0,0.0,0.0,0.0,0.0,100.0
317,76.45634132837075,50.0,0.0,46.09772228646444,0.0,0.0,100.0
318,86.95427924427123,0.0,0.0,46.09772228646444,0.0,0.0,100.0
319,84.87505582009888,0.0,0.0,46.09772228646444,0.0,0.0,100.0
320,91.22538091927711,0.0,0.0,46.09772228646444,0.0,-0.0,100.0
321,87.7352207815975,0.0,0.0,46.09772228646444,0.0,0.0,100.0
322,88.81021599103515,0.0,0.0,46.09772228646444,0.0,0.0,100.0
323,86.72844064625895,0.0,0.0,46.09772228646444,-0.0,0.0,100.0
324,92.32746459602977,0.0,0.0,46.09772228646444,0.0,0.0,100.0
325,94.6377999316709,0.0,0.0,46.09772228646444,0.0,0.0,100.0
326,87.66786399238197,0.0,0.0,46.09772228646444,0.0,0.0,100.0
327,92.42015222101506,0.0,0.0,46.09772228646444,0.0,0.0,100.0
328,92.01378438376992,0.0,0.0,46.09772228646444,0.0,0.0,100.0
329,94.3160497667293,0.0,0.0,46.09772228646444,0.0,0.0,100.0
330,104.7912765550586,0.0,42.5,0.0,0.0,42.19544457292888,54.23261445466404
331,106.04718705431861,0.0,0.0,0.0,0.0,50.0,0.0
332,96.76828158186979,0.0,0.0,0.0,0.0,-0.0,-0.0
333,84.81586145714755,0.0,0.0,0.0,0.0,0.0,0.0
334,79.42395737876362,0.0,0.0,0.0,-0.0,0.0,0.0
335,68.46182327887536,50.0,0.0,46.09772228646444,0.0,-0.0,0.0
336,53.053646108556435,0.0,0.0,46.09772228646444,8.465228909328081,0.0,7.804555427071122
337,52.41335010651505,0.0,0.0,46.09772228646444,50.0,0.0,53.90227771353556
338,56.9728542542001,0.0,0.0,46.09772228646444,0.0,0.0,53.90227771353556
339,59.66431481159118,0.0,0.0,46.09772228646444,0.0,0.0,53.90227771353556
340,48.538582143318415,50.0,0.0,92.19544457292888,50.0,0.0,100.0
341,55.247998226171674,0.0,0.0,92.19544457292888,0.0,0.0,100.0
342,62.29003488724457,0.0,0.0,92.19544457292888,0.0,0.0,100.0
343,70.81769628653079,0.0,0.0,92.19544457292888,0.0,0.0,100.0
344,82.80854971651115,0.0,0.0,92.19544457292888,0.0,50.0,45.76738554533596
345,69.65042221289129,0.0,0.0,92.19544457292888,0.0,0.0,45.76738554533596
346,62.38884946236057,0.0,0.0,92.19544457292888,0.0,0.0,45.76738554533596
347,61.40888194457648,0.0,0.0,92.19544457292888,0.0,0.0,45.76738554533596
348,50.1945497329194,8.465228909328081,0.0,100.0,50.0,0.0,91.8651078318004
349,59.76331264632554,0.0,0.0,100.0,8.823529411764698,0.0,100.0
350,66.08114602938394,0.0,0.0,100.0,0.0,0.0,100.0
351,77.4768924783207,0.0,0.0,100.0,0.0,-0.0,100.0
352,81.49711854267926,0.0,0.0,100.0,-0.0,0.0,100.0
353,91.91437329154911,0.0,0.0,100.0,0.0,0.0,100.0
354,100.13456299043466,0.0,50.0,45.767385545335955,0.0,50.0,45.76738554533596
355,99.51412015785857,0.0,42.19544457292887,0.0,0.0,42.19544457292888,0.0
356,95.85851696967015,0.0,0.0,0.0,0.0,0.0,-0.0
357,91.03666252233455,0.0,0.0,0.0,0.0,0.0,-0.0
358,80.24949789717559,0.0,0.0,0.0,-0.0,0.0,0.0
359,75.10512133868069,0.0,0.0,0.0,0.0,-0.0,0.0
360,62.0510944110696,0.0,0.0,0.0,0.0,0.0,-0.0
361,61.1286039467521,0.0,0.0,0.0,8.465228909328081,0.0,7.804555427071122
362,64.17928121583918,0.0,0.0,0.0,0.0,0.0,7.804555427071122
363,57.16012320299167,50.0,0.0,46.09772228646444,50.0,0.0,53.90227771353556
364,58.136747535895736,50.0,0.0,92.19544457292888,50.0,0.0,100.0
365,70.60028971676363,0.0,0.0,92.19544457292888,0.0,0.0,100.0
366,72.00498460479385,0.0,0.0,92.19544457292888,0.0,0.0,100.0
367,73.00525311061729,0.0,0.0,92.19544457292888,0.0,0.0,100.0
368,77.05557058478108,0.0,0.0,92.19544457292888,0.0,0.0,100.0
369,80.32084558613631,0.0,0.0,92.19544457292888,0.0,-0.0,100.0
370,75.57290322674692,0.0,0.0,92.19544457292888,0.0,0.0,100.0
371,77.66343014867384,0.0,0.0,92.19544457292888,0.0,0.0,100.0
372,78.64114292282204,0.0,0.0,92.19544457292888,-0.0,0.0,100.0
373,82.58870195058654,0.0,0.0,92.19544457292888,0.0,0.0,100.0
374,88.21631052325426,0.0,0.0,92.19544457292888,-0.0,0.0,100.0
375,106.09779976491551,0.0,0.0,92.19544457292888,0.0,0.0,100.0
376,109.98325863238608,0.0,50.0,37.96283011826483,0.0,42.19544457292888,54.23261445466404
377,102.76897997334794,0.0,0.0,37.96283011826483,0.0,0.0,54.23261445466404
378,113.12187960150315,0.0,35.0,7.105427357601002e-15,0.0,50.0,0.0
379,107.72921204207995,0.0,0.0,7.105427357601002e-15,0.0,-0.0,0.0
380,102.76161449661879,0.0,0.0,7.105427357601002e-15,0.0,0.0,-0.0
381,103.13766868544548,0.0,0.0,7.105427357601002e-15,0.0,-0.0,-0.0
382,87.37890007829567,0.0,0.0,7.105427357601002e-15,0.0,0.0,0.0
383,75.62716641995495,0.0,0.0,7.105427357601002e-15,-0.0,0.0,0.0
384,54.56583138558257,0.0,0.0,7.105427357601002e-15,0.0,0.0,-0.0
385,47.728319799092546,50.0,0.0,46.097722286464446,50.0,0.0,46.09772228646444
386,48.702986354340936,0.0,0.0,46.097722286464446,8.465228909328081,0.0,53.90227771353556
387,51.54953204245729,0.0,0.0,46.097722286464446,0.0,0.0,53.90227771353556
388,55.154008365466154,0.0,0.0,46.097722286464446,0.0,0.0,53.90227771353556
389,51.9230381105839,0.0,0.0,46.097722286464446,0.0,0.0,53.90227771353556
390,46.11269322606716,50.0,0.0,92.19544457292889,50.0,0.0,100.0
391,53.87620340003897,0.0,0.0,92.19544457292889,0.0,0.0,100.0
392,55.65374736241371,0.0,0.0,92.19544457292889,0.0,0.0,100.0
393,58.406662302218606,0.0,0.0,92.19544457292889,0.0,0.0,100.0
394,59.10018532775639,0.0,0.0,92.19544457292889,0.0,0.0,100.0
395,55.87721072102692,0.0,0.0,92.19544457292889,0.0,0.0,100.0
396,57.957255017699936,0.0,0.0,92.19544457292889,0.0,0.0,100.0
397,60.086757828086114,0.0,0.0,92.19544457292889,0.0,-0.0,100.0
398,67.26972733346693,0.0,0.0,92.19544457292889,0.0,-0.0,100.0
399,70.0444153166744,0.0,0.0,92.19544457292889,0.0,-0.0,100.0
400,76.7744045304533,0.0,0.0,92.19544457292889,0.0,0.0,100.0
401,84.15243106703917,0.0,0.0,92.19544457292889,0.0,0.0,100.0
402,91.59107948961908,0.0,50.0,37.96283011826485,0.0,50.0,45.76738554533596
403,88.16499236161457,0.0,35.000000000000014,0.0,0.0,42.19544457292888,-0.0
404,86.93778875482826,0.0,0.0,0.0,0.0,0.0,-0.0
405,79.83598775202174,0.0,0.0,0.0,0.0,0.0,-0.0
406,73.99079077039809,0.0,0.0,0.0,0.0,0.0,-0.0
407,74.68957971886586,0.0,0.0,0.0,0.0,0.0,0.0
408,51.543760300431,0.0,0.0,0.0,0.0,-0.0,0.0
409,42.170055836055994,0.0,0.0,0.0,0.0,-0.0,0.0
410,32.991571169503146,0.0,0.0,0.0,8.465228909328081,0.0,7.804555427071122
411,21.298551201846408,50.0,0.0,46.09772228646444,50.0,0.0,53.90227771353556
412,21.92188868074058,50.0,0.0,92.19544457292888,50.0,0.0,100.0
413,33.07542621212332,0.0,0.0,92.19544457292888,0.0,0.0,100.0
414,39.8173587563665,0.0,0.0,92.19544457292888,0.0,0.0,100.0
415,48.84191974659895,0.0,0.0,92.19544457292888,0.0,-0.0,100.0
416,59.582499399901906,0.0,0.0,92.19544457292888,0.0,0.0,100.0
417,66.81640991992613,0.0,0.0,92.19544457292888,0.0,-0.0,100.0
418,62.638198288925096,0.0,0.0,92.19544457292888,0.0,0.0,100.0
419,65.83426722641691,0.0,0.0,92.19544457292888,0.0,0.0,100.0
420,63.493496937006086,0.0,0.0,92.19544457292888,0.0,0.0,100.0
421,59.341428814760384,0.0,0.0,92.19544457292888,0.0,0.0,100.0
422,60.395740178239514,0.0,0.0,92.19544457292888,0.0,0.0,100.0
423,59.41872932476581,0.0,0.0,92.19544457292888,0.0,0.0,100.0
424,63.04877156847577,0.0,0.0,92.19544457292888,-0.0,0.0,100.0
425,68.40486026118737,0.0,0.0,92.19544457292888,0.0,0.0,100.0
426,76.93138748599264,0.0,50.0,37.96283011826483,0.0,42.19544457292888,54.23261445466404
427,86.23458777690817,0.0,35.0,7.105427357601002e-15,0.0,50.0,-0.0
428,74.68374627287452,0.0,0.0,7.105427357601002e-15,0.0,0.0,0.0
429,72.12366288717865,0.0,0.0,7.105427357601002e-15,0.0,-0.0,-0.0
430,61.780380525356534,0.0,0.0,7.105427357601002e-15,0.0,0.0,-0.0
431,61.44342949761762,0.0,0.0,7.105427357601002e-15,0.0,0.0,0.0
432,49.53192680779174,0.0,0.0,7.105427357601002e-15,0.0,-0.0,0.0
433,37.36972561761444,50.0,0.0,46.097722286464446,50.0,0.0,46.09772228646444
434,41.80891885700689,0.0,0.0,46.097722286464446,0.0,0.0,46.09772228646444
435,38.96198255150502,0.0,0.0,46.097722286464446,8.465228909328081,0.0,53.90227771353556
436,39.05456578897372,0.0,0.0,46.097722286464446,0.0,0.0,53.90227771353556
437,38.91762782664311,50.0,0.0,92.19544457292889,50.0,0.0,100.0
438,43.18969959311992,0.0,0.0,92.19544457292889,0.0,0.0,100.0
439,53.226886993737715,0.0,0.0,92.19544457292889,0.0,0.0,100.0
440,56.60705399644567,0.0,0.0,92.19544457292889,0.0,0.0,100.0
441,58.56949020681045,0.0,0.0,92.19544457292889,0.0,0.0,100.0
442,57.380626391895504,0.0,0.0,92.19544457292889,0.0,0.0,100.0
443,60.789929934437765,0.0,0.0,92.19544457292889,0.0,42.50000000000001,53.90227771353556
444,56.43546449078369,0.0,0.0,92.19544457292889,0.0,0.0,53.90227771353556
445,49.29572104040419,0.0,0.0,92.19544457292889,50.0,0.0,100.0
446,60.242385715198985,0.0,0.0,92.19544457292889,0.0,0.0,100.0
447,65.59664231902602,0.0,0.0,92.19544457292889,0.0,-0.0,100.0
448,79.77833572887712,0.0,0.0,92.19544457292889,0.0,0.0,100.0
449,87.95737301647154,0.0,0.0,92.19544457292889,0.0,0.0,100.0
450,89.87648776192981,0.0,0.0,92.19544457292889,0.0,-0.0,100.0
451,90.66283887799176,0.0,0.0,92.19544457292889,0.0,0.0,100.0
452,97.11244595664519,0.0,50.0,37.96283011826485,0.0,42.19544457292888,54.23261445466404
453,102.13305192903263,0.0,35.000000000000014,0.0,0.0,50.0,-0.0
454,95.64365329766817,0.0,0.0,0.0,0.0,0.0,-0.0
455,91.03717108870218,0.0,0.0,0.0,0.0,0.0,-0.0
456,83.54643522439258,0.0,0.0,0.0,0.0,0.0,0.0
457,74.25199226491124,0.0,0.0,0.0,0.0,0.0,-0.0
458,72.65126910153016,0.0,0.0,0.0,0.0,0.0,-0.0
459,70.67641478439086,0.0,0.0,0.0,-0.0,0.0,-0.0
460,73.05336207846422,0.0,0.0,0.0,0.0,0.0,0.0
461,71.66662422379338,0.0,0.0,0.0,0.0,-0.0,-0.0
462,68.33845806906614,0.0,0.0,0.0,0.0,0.0,-0.0
463,62.73468226221381,0.0,0.0,0.0,0.0,0.0,-0.0
464,60.296995873493444,0.0,0.0,0.0,0.0,0.0,0.0
465,57.652331363359664,50.0,0.0,46.09772228646444,50.0,0.0,46.09772228646444
466,52.92913053852671,50.0,0.0,92.19544457292888,50.0,0.0,92.19544457292888
467,60.063428558029045,0.0,0.0,92.19544457292888,0.0,0.0,92.19544457292888
468,63.73173808184984,0.0,0.0,92.19544457292888,0.0,0.0,92.19544457292888
469,58.87599096491295,0.0,0.0,92.19544457292888,8.465228909328081,0.0,100.0
470,65.14680859270396,0.0,0.0,92.19544457292888,0.0,0.0,100.0
471,69.71748812732622,0.0,0.0,92.19544457292888,0.0,0.0,100.0
472,75.8958585471587,0.0,0.0,92.19544457292888,0.0,0.0,100.0
473,83.27679857266304,0.0,0.0,92.19544457292888,0.0,0.0,100.0
474,89.67365396089001,0.0,50.0,37.96283011826483,0.0,50.0,45.76738554533596
475,86.69102853341326,0.0,0.0,37.96283011826483,0.0,0.0,45.76738554533596
476,88.5591357372544,0.0,35.0,7.105427357601002e-15,0.0,42.19544457292888,0.0
477,76.51718682251726,0.0,0.0,7.105427357601002e-15,0.0,0.0,-0.0
478,71.60224667390366,0.0,0.0,7.105427357601002e-15,50.0,0.0,46.09772228646444
479,82.20502719475319,0.0,0.0,7.105427357601002e-15,0.0,0.0,46.09772228646444
480,70.68431984086365,0.0,0.0,7.105427357601002e-15,50.0,0.0,92.19544457292888
481,74.88835100170134,0.0,0.0,7.105427357601002e-15,0.0,0.0,92.19544457292888
482,71.91137486361325,0.0,0.0,7.105427357601002e-15,8.465228909328081,0.0,100.0
483,73.32853230237781,0.0,0.0,7.105427357601002e-15,0.0,0.0,100.0
484,73.4677680504258,0.0,0.0,7.105427357601002e-15,0.0,0.0,100.0
485,75.69623648417647,0.0,0.0,7.105427357601002e-15,0.0,0.0,100.0
486,76.52131744113002,0.0,0.0,7.105427357601002e-15,0.0,0.0,100.0
487,84.07189355359156,0.0,0.0,7.105427357601002e-15,0.0,0.0,100.0
488,81.496074398939,0.0,0.0,7.105427357601002e-15,0.0,0.0,100.0
489,83.444911866287,0.0,0.0,7.105427357601002e-15,0.0,0.0,100.0
490,84.36889975475518,0.0,0.0,7.105427357601002e-15,0.0,0.0,100.0
491,80.50636642948281,0.0,0.0,7.105427357601002e-15,0.0,0.0,100.0
492,74.98412404389813,0.0,0.0,7.105427357601002e-15,0.0,0.0,100.0
493,77.07275980588442,0.0,0.0,7.105427357601002e-15,0.0,0.0,100.0
494,78.36872147661701,0.0,0.0,7.105427357601002e-15,0.0,0.0,100.0
495,240.6844842781013,0.0,6.5508803411467564e-15,0.0,0.0,50.0,45.76738554533596
496,85.53073193273039,0.0,0.0,0.0,0.0,0.0,45.76738554533596
497,89.32392485787966,0.0,0.0,0.0,0.0,42.19544457292888,-0.0
498,80.91233865816874,0.0,0.0,0.0,0.0,0.0,0.0
499,72.22989897350854,0.0,0.0,0.0,0.0,0.0,-0.0
500,76.83264972828005,0.0,0.0,0.0,0.0,0.0,-0.0
501,76.87436490884349,0.0,0.0,0.0,0.0,-0.0,-0.0
502,67.9406302776966,50.0,0.0,46.09772228646444,0.0,0.0,0.0
503,56.26705752375964,50.0,0.0,92.19544457292888,0.0,-0.0,0.0
504,29.15985070262652,8.465228909328081,0.0,100.0,50.0,0.0,46.09772228646444
505,25.606311968868546,0.0,0.0,100.0,50.0,0.0,92.19544457292888
506,39.13441034565098,0.0,0.0,100.0,8.465228909328081,0.0,100.0
507,42.20742959199889,0.0,0.0,100.0,0.0,0.0,100.0
508,41.9154080392129,0.0,0.0,100.0,0.0,0.0,100.0
509,50.00548632245933,0.0,0.0,100.0,0.0,-0.0,100.0
510,48.459255782062044,0.0,0.0,100.0,0.0,0.0,100.0
511,54.11255054985014,0.0,0.0,100.0,0.0,-0.0,100.0
512,59.014262762586455,0.0,0.0,100.0,0.0,0.0,100.0
513,58.51496371792126,0.0,0.0,100.0,0.0,0.0,100.0
514,59.689052862359816,0.0,0.0,100.0,0.0,-0.0,100.0
515,57.55713405851062,0.0,0.0,100.0,0.0,0.0,100.0
516,59.00624523489914,0.0,0.0,100.0,0.0,0.0,100.0
517,56.01036366909334,0.0,0.0,100.0,0.0,0.0,100.0
518,65.52169160184856,0.0,0.0,100.0,0.0,-0.0,100.0
519,81.26233842264371,0.0,0.0,100.0,0.0,-0.0,100.0
520,82.80302382146516,0.0,0.0,100.0,0.0,-0.0,100.0
521,83.76430927318182,0.0,0.0,100.0,0.0,-0.0,100.0
522,94.06597406526649,0.0,50.0,45.767385545335955,0.0,42.19544457292888,54.23261445466404
523,91.56745436450075,0.0,0.0,45.767385545335955,0.0,0.0,54.23261445466404
524,94.9396638573374,0.0,42.19544457292887,0.0,0.0,50.0,-0.0
525,86.26588916197028,0.0,0.0,0.0,0.0,0.0,-0.0
526,88.58768216439414,0.0,0.0,0.0,0.0,0.0,0.0
527,84.35252151960978,0.0,0.0,0.0,0.0,0.0,-0.0
528,72.86407203519181,0.0,0.0,0.0,-0.0,0.0,-0.0
529,77.6278911143054,0.0,0.0,0.0,0.0,0.0,0.0
530,71.95235086187641,0.0,0.0,0.0,0.0,0.0,-0.0
531,64.99598954887009,0.0,0.0,0.0,8.823529411764698,0.0,8.134892168199599
532,63.60537042843501,0.0,0.0,0.0,50.0,0.0,54.23261445466404
533,69.99859710877536,0.0,0.0,0.0,0.0,0.0,54.23261445466404
534,66.92647930388098,0.0,0.0,0.0,0.0,0.0,54.23261445466404
535,76.33610076695082,0.0,0.0,0.0,0.0,0.0,54.23261445466404
536,76.06067836492043,0.0,0.0,0.0,0.0,0.0,54.23261445466404
537,81.06942136913055,0.0,0.0,0.0,0.0,50.0,0.0
538,63.034060843480376,0.0,0.0,0.0,-0.0,0.0,0.0
539,54.429605933675916,0.0,0.0,0.0,0.0,0.0,-0.0
540,43.1619137880455,50.0,0.0,46.09772228646444,50.0,0.0,46.09772228646444
541,40.59614256802115,50.0,0.0,92.19544457292888,50.0,0.0,92.19544457292888
542,47.68771479319795,0.0,0.0,92.19544457292888,8.465228909328081,0.0,100.0
543,54.8210102227363,0.0,0.0,92.19544457292888,0.0,0.0,100.0
544,62.28704096541948,0.0,0.0,92.19544457292888,0.0,0.0,100.0
545,68.79383444517931,0.0,0.0,92.19544457292888,0.0,0.0,100.0
546,73.99010632301258,0.0,0.0,92.19544457292888,0.0,50.0,45.76738554533596
547,68.50272039905163,0.0,0.0,92.19544457292888,0.0,0.0,45.76738554533596
548,69.7714403078757,0.0,0.0,92.19544457292888,0.0,42.19544457292888,0.0
549,69.06389163124535,0.0,0.0,92.19544457292888,0.0,-0.0,-0.0
550,66.79079243609323,0.0,0.0,92.19544457292888,0.0,0.0,-0.0
551,66.5281604636334,0.0,0.0,92.19544457292888,0.0,0.0,0.0
552,56.58657853458645,0.0,0.0,92.19544457292888,-0.0,0.0,0.0
553,65.15816367208184,0.0,0.0,92.19544457292888,0.0,0.0,-0.0
554,61.92857266297375,0.0,0.0,92.19544457292888,0.0,0.0,-0.0
555,59.21120854163222,0.0,0.0,92.19544457292888,0.0,0.0,-0.0
556,56.57714944893034,0.0,0.0,92.19544457292888,0.0,0.0,-0.0
557,55.33221128601818,0.0,0.0,92.19544457292888,0.0,0.0,-0.0
558,55.12715248301749,0.0,0.0,92.19544457292888,8.465228909328081,0.0,7.804555427071122
559,57.027248270300866,0.0,0.0,92.19544457292888,0.0,0.0,7.804555427071122
560,60.77448995333043,0.0,0.0,92.19544457292888,0.0,0.0,7.804555427071122
561,62.45535066111263,0.0,0.0,92.19544457292888,0.0,0.0,7.804555427071122
562,59.26575843755327,0.0,0.0,92.19544457292888,0.0,0.0,7.804555427071122
563,51.05959394540286,8.465228909328081,0.0,100.0,50.0,0.0,53.90227771353556
564,54.27124263279028,0.0,0.0,100.0,50.0,0.0,100.0
565,59.48330351206703,0.0,0.0,100.0,-0.0,0.0,100.0
566,62.91811051952012,0.0,0.0,100.0,0.0,0.0,100.0
567,66.30383391390204,0.0,0.0,100.0,0.0,0.0,100.0
568,77.31858307352576,0.0,0.0,100.0,0.0,0.0,100.0
569,84.60738241894154,0.0,50.0,45.767385545335955,0.0,50.0,45.76738554533596
570,79.53430294855018,0.0,42.19544457292887,0.0,0.0,42.19544457292888,-0.0
571,78.80415910044677,0.0,0.0,0.0,0.0,0.0,0.0
572,76.85379504813051,0.0,0.0,0.0,0.0,0.0,-0.0
573,67.02208560317825,0.0,0.0,0.0,0.0,0.0,-0.0
574,63.82855186362853,0.0,0.0,0.0,-0.0,0.0,0.0
575,52.72563033005377,50.0,0.0,46.09772228646444,0.0,0.0,-0.0
576,49.53796270664461,0.0,0.0,46.09772228646444,0.0,0.0,-0.0
577,54.30901578404164,0.0,0.0,46.09772228646444,0.0,0.0,-0.0
578,50.98328346865908,0.0,0.0,46.09772228646444,0.0,0.0,-0.0
579,52.77477259584623,0.0,0.0,46.09772228646444,0.0,0.0,-0.0
580,41.51327707914457,50.0,0.0,92.19544457292888,50.0,0.0,46.09772228646444
581,40.715661900685106,8.465228909328081,0.0,100.0,50.0,0.0,92.19544457292888
582,46.83565507255361,0.0,0.0,100.0,8.465228909328081,0.0,100.0
583,48.349266770544105,0.0,0.0,100.0,0.0,0.0,100.0
584,57.06527981961044,0.0,0.0,100.0,0.0,0.0,100.0
585,68.17083899979818,0.0,0.0,100.0,0.0,50.0,45.76738554533596
586,57.799922871939344,0.0,0.0,100.0,0.0,0.0,45.76738554533596
587,49.30809135060485,0.0,0.0,100.0,8.823529411764698,0.0,53.90227771353556
588,48.99505365619694,0.0,0.0,100.0,50.0,0.0,100.0
589,59.39719782781088,0.0,0.0,100.0,0.0,0.0,100.0
590,56.9934697334348,0.0,0.0,100.0,0.0,0.0,100.0
591,65.78427865511722,0.0,0.0,100.0,0.0,-0.0,100.0
592,83.838784574058,0.0,50.0,45.767385545335955,0.0,50.0,45.76738554533596
593,80.5200387607743,0.0,42.19544457292887,0.0,0.0,42.19544457292888,-0.0
594,76.6723293538762,0.0,0.0,0.0,0.0,0.0,-0.0
595,74.20088859775294,0.0,0.0,0.0,0.0,0.0,0.0
596,68.29133659602488,0.0,0.0,0.0,0.0,0.0,-0.0
597,68.51943994330823,0.0,0.0,0.0,0.0,-0.0,-0.0
598,65.49859442665743,0.0,0.0,0.0,0.0,0.0,0.0
599,52.50965204174164,0.0,0.0,0.0,0.0,-0.0,-0.0
600,44.82391645584342,0.0,0.0,0.0,0.0,0.0,0.0
601,39.90833420376758,50.0,0.0,46.09772228646444,50.0,0.0,46.09772228646444
602,46.06095803874869,0.0,0.0,46.09772228646444,0.0,0.0,46.09772228646444
603,42.77089126466115,0.0,0.0,46.09772228646444,8.465228909328081,0.0,53.90227771353556
604,42.012873602635395,50.0,0.0,92.19544457292888,50.0,0.0,100.0
605,50.51392467579838,0.0,0.0,92.19544457292888,-0.0,0.0,100.0
606,61.71092785322324,0.0,0.0,92.19544457292888,0.0,-0.0,100.0
607,70.47017221216036,0.0,0.0,92.19544457292888,0.0,50.0,45.76738554533596
608,64.3271514530204,0.0,0.0,92.19544457292888,0.0,0.0,45.76738554533596
609,66.86212876119382,0.0,0.0,92.19544457292888,0.0,42.19544457292888,0.0
610,57.372052573882286,0.0,0.0,92.19544457292888,0.0,0.0,-0.0
611,54.81237866110606,0.0,0.0,92.19544457292888,-0.0,0.0,0.0
612,44.96101399801111,0.0,0.0,92.19544457292888,50.0,0.0,46.09772228646444
613,49.25934413872793,0.0,0.0,92.19544457292888,50.0,0.0,92.19544457292888
614,49.90271981631199,0.0,0.0,92.19544457292888,8.465228909328081,0.0,100.0
615,50.801145732657574,0.0,0.0,92.19544457292888,0.0,0.0,100.0
616,63.88825369196394,0.0,0.0,92.19544457292888,-0.0,0.0,100.0
617,72.4795178790454,0.0,0.0,92.19544457292888,-0.0,0.0,100.0
618,72.90385576826809,0.0,0.0,92.19544457292888,-0.0,0.0,100.0
619,137.07896307406818,0.0,50.0,37.96283011826483,0.0,50.0,45.76738554533596
620,109.7971627146427,0.0,35.0,7.105427357601002e-15,0.0,42.19544457292888,-0.0
621,92.02006897831696,0.0,0.0,7.105427357601002e-15,0.0,0.0,0.0
622,80.81485373293533,0.0,0.0,7.105427357601002e-15,0.0,-0.0,0.0
623,60.67433598658886,0.0,0.0,7.105427357601002e-15,-0.0,0.0,0.0
624,52.132741502572244,0.0,0.0,7.105427357601002e-15,0.0,0.0,-0.0
625,46.91147334304184,0.0,0.0,7.105427357601002e-15,8.465228909328081,0.0,7.804555427071122
626,43.265391277211414,50.0,0.0,46.097722286464446,50.0,0.0,53.90227771353556
627,51.1312579795606,0.0,0.0,46.097722286464446,0.0,0.0,53.90227771353556
628,47.524373582161296,0.0,0.0,46.097722286464446,0.0,0.0,53.90227771353556
629,39.365546477322724,50.0,0.0,92.19544457292889,50.0,0.0,100.0
630,56.062735839345535,0.0,0.0,92.19544457292889,-0.0,0.0,100.0
631,76.80235183701288,0.0,0.0,92.19544457292889,0.0,42.19544457292888,54.23261445466404
632,77.2262218916541,0.0,0.0,92.19544457292889,0.0,50.0,-0.0
633,65.18197027391358,0.0,0.0,92.19544457292889,0.0,0.0,0.0
634,59.798938388279566,0.0,0.0,92.19544457292889,0.0,0.0,-0.0
635,54.18900320156443,0.0,0.0,92.19544457292889,8.465228909328081,0.0,7.804555427071122
636,51.170349967007525,0.0,0.0,92.19544457292889,50.0,0.0,53.90227771353556
637,46.42457386799259,0.0,0.0,92.19544457292889,50.0,0.0,100.0
638,54.90443757319297,0.0,0.0,92.19544457292889,0.0,0.0,100.0
639,65.36701579827883,0.0,0.0,92.19544457292889,0.0,0.0,100.0
640,65.2164418430042,0.0,0.0,92.19544457292889,-0.0,0.0,100.0
641,76.2246290738574,0.0,0.0,92.19544457292889,0.0,0.0,100.0
642,91.03472343183253,0.0,50.0,37.96283011826485,0.0,50.0,45.76738554533596
643,90.761721283801,0.0,35.000000000000014,0.0,0.0,42.19544457292888,0.0
644,84.61805470994727,0.0,0.0,0.0,0.0,-0.0,-0.0
645,78.37132943680004,0.0,0.0,0.0,0.0,0.0,0.0
646,76.66637596744984,0.0,0.0,0.0,0.0,-0.0,0.0
647,63.08344746471662,0.0,0.0,0.0,0.0,0.0,-0.0
648,52.674068872515974,0.0,0.0,0.0,50.0,0.0,46.09772228646444
649,48.198637347600325,0.0,0.0,0.0,50.0,0.0,92.19544457292888
650,56.883066324875415,0.0,0.0,0.0,0.0,0.0,92.19544457292888
651,55.27512284380417,0.0,0.0,0.0,8.465228909328081,0.0,100.0
652,66.25405373156235,0.0,0.0,0.0,0.0,0.0,100.0
653,63.89021859782986,0.0,0.0,0.0,0.0,0.0,100.0
654,73.11782949566457,0.0,0.0,0.0,0.0,0.0,100.0
655,80.31371118062123,0.0,0.0,0.0,0.0,50.0,45.76738554533596
656,77.92345038120685,0.0,0.0,0.0,0.0,0.0,45.76738554533596
657,77.45519448066406,0.0,0.0,0.0,0.0,0.0,45.76738554533596
658,79.52818625117527,0.0,0.0,0.0,0.0,42.19544457292888,0.0
659,72.23192932529032,0.0,0.0,0.0,0.0,-0.0,0.0
660,59.59884318664268,0.0,0.0,0.0,8.823529411764698,0.0,8.134892168199599
661,60.247968781099324,0.0,0.0,0.0,0.0,0.0,8.134892168199599
662,59.540164562837255,0.0,0.0,0.0,50.0,0.0,54.23261445466404
663,64.88739753697496,0.0,0.0,0.0,0.0,0.0,54.23261445466404
664,72.54329312703615,0.0,0.0,0.0,0.0,50.0,-0.0
665,69.77529729917973,0.0,0.0,0.0,0.0,0.0,-0.0
666,64.89320327328954,0.0,0.0,0.0,0.0,0.0,-0.0
667,68.28640090413529,0.0,0.0,0.0,0.0,0.0,-0.0
668,62.80871892120007,0.0,0.0,0.0,0.0,0.0,0.0
669,44.87261763143712,50.0,0.0,46.09772228646444,-0.0,0.0,-0.0
670,46.612797530506796,0.0,0.0,46.09772228646444,0.0,0.0,-0.0
671,46.30061489484231,50.0,0.0,92.19544457292888,0.0,0.0,0.0
672,32.31948834680641,0.0,0.0,92.19544457292888,8.465228909328081,0.0,7.804555427071122
673,24.275635922544105,8.465228909328081,0.0,100.0,50.0,0.0,53.90227771353556
674,29.188195865169014,0.0,0.0,100.0,50.0,0.0,100.0
675,32.53674612858538,0.0,0.0,100.0,0.0,0.0,100.0
676,49.15198596359001,0.0,0.0,100.0,0.0,-0.0,100.0
677,56.45241704324363,0.0,0.0,100.0,0.0,-0.0,100.0
678,65.14030491719804,0.0,0.0,100.0,0.0,-0.0,100.0
679,70.25969587909083,0.0,0.0,100.0,0.0,-0.0,100.0
680,77.8955133601519,0.0,0.0,100.0,0.0,-0.0,100.0
681,79.8916427125499,0.0,0.0,100.0,0.0,-0.0,100.0
682,81.99753481020443,0.0,0.0,100.0,0.0,0.0,100.0
683,73.42965506346353,0.0,0.0,100.0,-0.0,0.0,100.0
684,315.32861387708306,0.0,50.0,45.767385545335955,0.0,50.0,45.76738554533596
685,218.70773439678334,0.0,42.19544457292887,0.0,0.0,42.19544457292888,0.0
686,168.5860680104665,0.0,0.0,0.0,-0.0,0.0,0.0
687,87.80025621814193,0.0,0.0,0.0,0.0,0.0,-0.0
688,91.66279742806262,0.0,0.0,0.0,0.0,0.0,-0.0
689,94.50567046285255,0.0,0.0,0.0,0.0,0.0,-0.0
690,98.38234404723453,0.0,0.0,0.0,0.0,-0.0,-0.0
691,95.26080027457306,0.0,0.0,0.0,0.0,0.0,-0.0
692,95.87128626005764,0.0,0.0,0.0,0.0,0.0,0.0
693,77.17681120148873,0.0,0.0,0.0,-0.0,0.0,0.0
694,67.63065662341688,0.0,0.0,0.0,0.0,0.0,-0.0
695,59.94081106498787,0.0,0.0,0.0,-0.0,0.0,0.0
696,36.10102326826792,0.0,0.0,0.0,0.0,0.0,-0.0
697,29.71611044168791,0.0,0.0,0.0,8.465228909328081,0.0,7.804555427071122
698,24.590332728495582,50.0,0.0,46.09772228646444,50.0,0.0,53.90227771353556
699,25.256218703226516,50.0,0.0,92.19544457292888,50.0,0.0,100.0
700,35.4344979445021,0.0,0.0,92.19544457292888,0.0,0.0,100.0
701,40.1048697510513,0.0,0.0,92.19544457292888,0.0,-0.0,100.0
702,42.2169809334877,0.0,0.0,92.19544457292888,0.0,-0.0,100.0
703,49.66047483308146,0.0,0.0,92.19544457292888,0.0,0.0,100.0
704,60.11942154091629,0.0,0.0,92.19544457292888,0.0,50.0,45.76738554533596
705,54.64301568426015,0.0,0.0,92.19544457292888,0.0,0.0,45.76738554533596
706,46.749905400359864,0.0,0.0,92.19544457292888,8.823529411764698,0.0,53.90227771353556
707,46.76489318787061,0.0,0.0,92.19544457292888,0.0,0.0,53.90227771353556
708,44.12918069344375,0.0,0.0,92.19544457292888,50.0,0.0,100.0
709,49.59629231941838,0.0,0.0,92.19544457292888,-0.0,0.0,100.0
710,54.575633502267074,0.0,0.0,92.19544457292888,0.0,0.0,100.0
711,66.03723153309151,0.0,0.0,92.19544457292888,0.0,0.0,100.0
712,68.36269267948859,0.0,0.0,92.19544457292888,0.0,-0.0,100.0
713,75.22286349394811,0.0,50.0,37.96283011826483,0.0,42.19544457292888,54.23261445466404
714,77.65952779071667,0.0,35.0,7.105427357601002e-15,0.0,50.0,-0.0
715,70.75648340479228,0.0,0.0,7.105427357601002e-15,0.0,0.0,0.0
716,59.36936934996322,0.0,0.0,7.105427357601002e-15,0.0,0.0,-0.0
717,59.5689328520668,0.0,0.0,7.105427357601002e-15,0.0,-0.0,-0.0
718,53.960008806045636,0.0,0.0,7.105427357601002e-15,0.0,0.0,0.0
719,45.97621012164711,0.0,0.0,7.105427357601002e-15,0.0,-0.0,0.0
720,35.41674131072318,0.0,0.0,7.105427357601002e-15,-0.0,0.0,-0.0
721,40.587264790408604,0.0,0.0,7.105427357601002e-15,0.0,0.0,0.0
722,27.13545098866924,0.0,0.0,7.105427357601002e-15,8.465228909328081,0.0,7.804555427071122
723,20.485015899272426,50.0,0.0,46.097722286464446,50.0,0.0,53.90227771353556
724,19.823947516289145,50.0,0.0,92.19544457292889,50.0,0.0,100.0
725,232.22588147083098,0.0,50.0,37.96283011826485,0.0,50.0,45.76738554533596
726,167.01380231903474,0.0,35.000000000000014,0.0,0.0,42.19544457292888,0.0
727,132.34496205378974,0.0,0.0,0.0,0.0,-0.0,0.0
728,101.44387048366673,0.0,0.0,0.0,-0.0,0.0,0.0
729,48.61023755310308,0.0,0.0,0.0,0.0,0.0,-0.0
730,48.64072293258246,0.0,0.0,0.0,0.0,0.0,-0.0
731,45.76238894931324,0.0,0.0,0.0,50.0,0.0,46.09772228646444
732,47.43837641305028,0.0,0.0,0.0,50.0,0.0,92.19544457292888
733,48.063942111045826,0.0,0.0,0.0,8.465228909328081,0.0,100.0
734,54.763057409897044,0.0,0.0,0.0,0.0,0.0,100.0
735,63.221103550134714,0.0,0.0,0.0,-0.0,0.0,100.0
736,75.72842456244419,0.0,0.0,0.0,0.0,0.0,100.0
737,86.54117661571209,0.0,0.0,0.0,0.0,50.0,45.76738554533596
738,80.37846653819096,0.0,0.0,0.0,0.0,42.19544457292888,0.0
739,67.59892477440403,0.0,0.0,0.0,0.0,0.0,-0.0
740,70.55735601721517,0.0,0.0,0.0,0.0,0.0,-0.0
741,72.67868883820486,0.0,0.0,0.0,0.0,-0.0,-0.0
742,62.40334458809886,0.0,0.0,0.0,0.0,0.0,0.0
743,49.179742533105696,0.0,0.0,0.0,8.465228909328081,0.0,7.804555427071122
744,39.45368445994031,50.0,0.0,46.09772228646444,50.0,0.0,53.90227771353556
745,43.2369437329412,50.0,0.0,92.19544457292888,50.0,0.0,100.0
746,52.017232033446206,0.0,0.0,92.19544457292888,0.0,0.0,100.0
747,54.57181280671739,0.0,0.0,92.19544457292888,0.0,0.0,100.0
748,54.38566825487838,0.0,0.0,92.19544457292888,0.0,0.0,100.0
749,54.07031745098148,0.0,0.0,92.19544457292888,0.0,0.0,100.0
750,60.86747762160307,0.0,0.0,92.19544457292888,0.0,-0.0,100.0
751,65.57947837489367,0.0,0.0,92.19544457292888,0.0,-0.0,100.0
752,63.49117141765667,0.0,0.0,92.19544457292888,0.0,0.0,100.0
753,74.39781388862505,0.0,0.0,92.19544457292888,0.0,0.0,100.0
754,79.8496818123621,0.0,0.0,92.19544457292888,0.0,-0.0,100.0
755,80.5584348525193,0.0,0.0,92.19544457292888,0.0,-0.0,100.0
756,71.541978181813,0.0,0.0,92.19544457292888,0.0,0.0,100.0
757,76.09457048089286,0.0,0.0,92.19544457292888,0.0,0.0,100.0
758,82.67954340874356,0.0,0.0,92.19544457292888,0.0,-0.0,100.0
759,90.60819906521192,0.0,0.0,92.19544457292888,-0.0,0.0,100.0
760,103.65692624266427,0.0,0.0,92.19544457292888,0.0,0.0,100.0
761,111.43103640495812,0.0,0.0,92.19544457292888,0.0,0.0,100.0
762,116.38096111207214,0.0,50.0,37.96283011826483,0.0,42.19544457292888,54.23261445466404
763,116.76419386816596,0.0,35.0,7.105427357601002e-15,0.0,50.0,0.0
764,112.39998298587327,0.0,0.0,7.105427357601002e-15,0.0,-0.0,0.0
765,95.04076955784492,0.0,0.0,7.105427357601002e-15,0.0,0.0,-0.0
766,89.16161178684735,0.0,0.0,7.105427357601002e-15,-0.0,0.0,0.0
767,81.10117865427881,0.0,0.0,7.105427357601002e-15,0.0,0.0,-0.0
768,61.39719608946572,50.0,0.0,46.097722286464446,50.0,0.0,46.09772228646444
769,67.66507315147884,0.0,0.0,46.097722286464446,50.0,0.0,92.19544457292888
770,74.23595624707616,0.0,0.0,46.097722286464446,8.465228909328081,0.0,100.0
771,79.76020935939297,0.0,0.0,46.097722286464446,0.0,0.0,100.0
772,81.13305069003194,0.0,0.0,46.097722286464446,0.0,0.0,100.0
773,91.15230278745487,0.0,0.0,46.097722286464446,0.0,0.0,100.0
774,95.1716244469624,0.0,0.0,46.097722286464446,0.0,42.19544457292888,54.23261445466404
775,100.07215508265774,0.0,0.0,46.097722286464446,0.0,50.0,-0.0
776,94.96567831630603,0.0,0.0,46.097722286464446,0.0,0.0,-0.0
777,94.42702886487125,0.0,0.0,46.097722286464446,0.0,0.0,-0.0
778,88.8904020603274,0.0,0.0,46.097722286464446,0.0,0.0,0.0
779,75.5082466797428,0.0,0.0,46.097722286464446,8.465228909328081,0.0,7.804555427071122
780,71.65364719495363,0.0,0.0,46.097722286464446,50.0,0.0,53.90227771353556
781,71.05674543320046,0.0,0.0,46.097722286464446,50.0,0.0,100.0
782,84.38819640393515,0.0,0.0,46.097722286464446,0.0,0.0,100.0
783,94.6728754594656,0.0,0.0,46.097722286464446,0.0,-0.0,100.0
784,100.60654285361122,0.0,0.0,46.097722286464446,0.0,0.0,100.0
785,106.48322068825297,0.0,42.50000000000001,0.0,0.0,42.19544457292888,54.23261445466404
786,107.97732135401911,0.0,0.0,0.0,0.0,50.0,-0.0
787,104.37181561704423,0.0,0.0,0.0,0.0,0.0,0.0
788,93.1093307739385,0.0,0.0,0.0,0.0,-0.0,-0.0
789,86.17599214839518,0.0,0.0,0.0,0.0,0.0,0.0
790,76.39823634575943,0.0,0.0,0.0,-0.0,0.0,0.0
791,65.47737668086539,50.0,0.0,46.09772228646444,0.0,0.0,-0.0
792,56.79602451108987,0.0,0.0,46.09772228646444,-0.0,0.0,0.0
793,56.31095366495942,0.0,0.0,46.09772228646444,0.0,0.0,-0.0
794,44.397030034649895,50.0,0.0,92.19544457292888,50.0,0.0,46.09772228646444
795,44.00872380504962,8.465228909328081,0.0,100.0,50.0,0.0,92.19544457292888
796,52.135610382006604,0.0,0.0,100.0,8.465228909328081,0.0,100.0
797,62.7269629012216,0.0,0.0,100.0,0.0,0.0,100.0
798,74.45399519475538,0.0,0.0,100.0,0.0,0.0,100.0
799,80.0069856393865,0.0,0.0,100.0,0.0,42.50000000000001,53.90227771353556
800,77.7717398149907,0.0,0.0,100.0,0.0,0.0,53.90227771353556
801,70.37884002594161,0.0,0.0,100.0,0.0,0.0,53.90227771353556
802,68.20903175411016,0.0,0.0,100.0,0.0,0.0,53.90227771353556
803,65.6286059780898,0.0,0.0,100.0,50.0,0.0,100.0
804,69.87688477474376,0.0,0.0,100.0,-0.0,0.0,100.0
805,75.90164087260024,0.0,0.0,100.0,0.0,0.0,100.0
806,78.25588065791298,0.0,0.0,100.0,0.0,0.0,100.0
807,77.23917775383656,0.0,0.0,100.0,0.0,0.0,100.0
808,82.66233627734135,0.0,0.0,100.0,0.0,0.0,100.0
809,89.71127097275527,0.0,50.0,45.767385545335955,0.0,42.19544457292888,54.23261445466404
810,91.10864193796894,0.0,42.19544457292887,0.0,0.0,50.0,-0.0
811,86.70589647914625,0.0,0.0,0.0,0.0,0.0,-0.0
812,84.11257163935286,0.0,0.0,0.0,0.0,0.0,-0.0
813,75.91300769798323,0.0,0.0,0.0,0.0,0.0,0.0
814,67.55415268022765,0.0,0.0,0.0,-0.0,0.0,0.0
815,65.88632534299471,0.0,0.0,0.0,0.0,-0.0,0.0
816,52.15162285283742,0.0,0.0,0.0,0.0,0.0,-0.0
817,51.20550064082406,0.0,0.0,0.0,0.0,0.0,-0.0
818,51.003999425535795,0.0,0.0,0.0,0.0,0.0,-0.0
819,44.528076491838625,0.0,0.0,0.0,50.0,0.0,46.09772228646444
820,44.49282781357708,0.0,0.0,0.0,50.0,0.0,92.19544457292888
821,57.73943163103506,0.0,0.0,0.0,0.0,35.00000000000001,54.23261445466404
822,57.80698881392544,0.0,0.0,0.0,0.0,50.0,-0.0
823,52.752882629822864,0.0,0.0,0.0,0.0,0.0,0.0
824,46.96929549214086,0.0,0.0,0.0,0.0,0.0,-0.0
825,48.00702728394653,0.0,0.0,0.0,0.0,0.0,-0.0
826,45.78982302081758,0.0,0.0,0.0,0.0,0.0,-0.0
827,42.15793800594761,50.0,0.0,46.09772228646444,50.0,0.0,46.09772228646444
828,47.76423984579113,0.0,0.0,46.09772228646444,0.0,0.0,46.09772228646444
829,34.69696685437143,50.0,0.0,92.19544457292888,50.0,0.0,92.19544457292888
830,43.04645111134231,0.0,0.0,92.19544457292888,8.465228909328081,0.0,100.0
831,60.101497866913135,0.0,0.0,92.19544457292888,0.0,0.0,100.0
832,62.3622744585927,0.0,0.0,92.19544457292888,0.0,0.0,100.0
833,67.65000640411046,0.0,0.0,92.19544457292888,0.0,-0.0,100.0
834,67.67252451685678,0.0,50.0,37.96283011826483,0.0,0.0,100.0
835,63.28700220561819,0.0,0.0,37.96283011826483,0.0,0.0,100.0
836,59.264786926378264,0.0,0.0,37.96283011826483,0.0,0.0,100.0
837,63.55174347650484,0.0,0.0,37.96283011826483,0.0,0.0,100.0
838,69.67997345103106,0.0,35.0,7.105427357601002e-15,0.0,-0.0,100.0
839,64.29205322959812,0.0,0.0,7.105427357601002e-15,0.0,0.0,100.0
840,63.36571151601079,50.0,0.0,46.097722286464446,0.0,0.0,100.0
841,60.43162913829392,50.0,0.0,92.19544457292889,0.0,0.0,100.0
842,67.68084680686468,0.0,0.0,92.19544457292889,0.0,0.0,100.0
843,65.7078772524773,0.0,0.0,92.19544457292889,0.0,0.0,100.0
844,67.45178774168143,0.0,0.0,92.19544457292889,0.0,0.0,100.0
845,73.07880599452663,0.0,0.0,92.19544457292889,0.0,-0.0,100.0
846,95.87104265671518,0.0,0.0,92.19544457292889,0.0,-0.0,100.0
847,104.28580256538761,0.0,50.0,37.96283011826485,0.0,50.0,45.76738554533596
848,100.98743986063901,0.0,0.0,37.96283011826485,0.0,0.0,45.76738554533596
849,103.14319440515285,0.0,0.0,37.96283011826485,0.0,42.19544457292888,0.0
850,94.63065362478972,0.0,0.0,37.96283011826485,0.0,0.0,-0.0
851,85.28894001350335,0.0,0.0,37.96283011826485,8.823529411764698,0.0,8.134892168199599
852,85.97968012308004,0.0,0.0,37.96283011826485,0.0,0.0,8.134892168199599
853,84.91780922567119,0.0,0.0,37.96283011826485,50.0,0.0,54.23261445466404
854,88.85526152523998,0.0,0.0,37.96283011826485,0.0,0.0,54.23261445466404
855,93.96365611010793,0.0,0.0,37.96283011826485,0.0,0.0,54.23261445466404
856,101.73877223678221,0.0,0.0,37.96283011826485,0.0,0.0,54.23261445466404
857,108.499515099679,0.0,35.000000000000014,0.0,0.0,50.0,-0.0
858,98.94590747513534,0.0,0.0,0.0,0.0,0.0,-0.0
859,100.7999343728047,0.0,0.0,0.0,0.0,0.0,-0.0
860,90.35758339958588,0.0,0.0,0.0,0.0,0.0,0.0
861,76.52876590838034,0.0,0.0,0.0,0.0,-0.0,-0.0
862,71.25683064411179,0.0,0.0,0.0,0.0,0.0,-0.0
863,68.06020738914812,0.0,0.0,0.0,0.0,0.0,0.0
864,52.5591390310924,0.0,0.0,0.0,0.0,0.0,-0.0
865,54.81055418350282,0.0,0.0,0.0,0.0,0.0,-0.0
866,45.454088411786984,0.0,0.0,0.0,8.465228909328081,0.0,7.804555427071122
867,43.42307769187556,0.0,0.0,0.0,50.0,0.0,53.90227771353556
868,42.900722362739515,0.0,0.0,0.0,50.0,0.0,100.0
869,48.10273093260339,0.0,0.0,0.0,0.0,0.0,100.0
870,56.818231553474554,0.0,0.0,0.0,0.0,-0.0,100.0
871,57.936470410314215,0.0,0.0,0.0,0.0,0.0,100.0
872,65.98781725793842,0.0,0.0,0.0,0.0,50.0,45.76738554533596
873,65.78556823697845,0.0,0.0,0.0,0.0,42.19544457292888,0.0
874,51.659223979976744,0.0,0.0,0.0,-0.0,0.0,0.0
875,37.46174067582433,50.0,0.0,46.09772228646444,50.0,0.0,46.09772228646444
876,36.67445714520913,50.0,0.0,92.19544457292888,50.0,0.0,92.19544457292888
877,37.9241869905743,0.0,0.0,92.19544457292888,8.465228909328081,0.0,100.0
878,43.28518280329994,0.0,0.0,92.19544457292888,0.0,0.0,100.0
879,51.58051106113809,0.0,0.0,92.19544457292888,0.0,-0.0,100.0
880,61.92373498746121,0.0,0.0,92.19544457292888,0.0,0.0,100.0
881,74.5453660623239,0.0,50.0,37.96283011826483,0.0,50.0,45.76738554533596
882,72.08056079041506,0.0,35.0,7.105427357601002e-15,0.0,42.19544457292888,0.0
883,65.83749525113163,0.0,0.0,7.105427357601002e-15,0.0,0.0,-0.0
884,57.40515280272432,0.0,0.0,7.105427357601002e-15,0.0,0.0,-0.0
885,55.56945452128806,0.0,0.0,7.105427357601002e-15,-0.0,0.0,-0.0
886,59.03794003482962,0.0,0.0,7.105427357601002e-15,0.0,0.0,0.0
887,53.923471147015306,0.0,0.0,7.105427357601002e-15,0.0,-0.0,0.0
888,29.537592769388993,0.0,0.0,7.105427357601002e-15,0.0,-0.0,0.0
889,19.57298792989625,0.0,0.0,7.105427357601002e-15,0.0,0.0,-0.0
890,15.659601066862834,50.0,0.0,46.097722286464446,50.0,0.0,46.09772228646444
891,15.033858634846112,50.0,0.0,92.19544457292889,50.0,0.0,92.19544457292888
892,17.611365027217786,0.0,0.0,92.19544457292889,8.465228909328081,0.0,100.0
893,25.17850156050721,0.0,0.0,92.19544457292889,0.0,-0.0,100.0
894,32.36496099920231,0.0,0.0,92.19544457292889,0.0,-0.0,100.0
895,46.63197422853062,0.0,0.0,92.19544457292889,0.0,35.00000000000001,62.03716988173516
896,47.82950838253181,0.0,0.0,92.19544457292889,0.0,50.0,7.804555427071122
897,43.899870724271,0.0,0.0,92.19544457292889,0.0,0.0,7.804555427071122
898,44.45447363580041,0.0,0.0,92.19544457292889,0.0,0.0,7.804555427071122
899,33.12356814505124,0.0,0.0,92.19544457292889,50.0,0.0,53.90227771353556
900,34.87270804461524,0.0,0.0,92.19544457292889,50.0,0.0,100.0
901,38.03693183084436,0.0,0.0,92.19544457292889,0.0,0.0,100.0
902,43.14734871066031,0.0,0.0,92.19544457292889,0.0,0.0,100.0
903,60.342436625683575,0.0,0.0,92.19544457292889,0.0,-0.0,100.0
904,65.36579606823884,0.0,0.0,92.19544457292889,-0.0,0.0,100.0
905,83.84883964576,0.0,50.0,37.96283011826485,0.0,42.19544457292888,54.23261445466404
906,85.55747783938547,0.0,35.000000000000014,0.0,0.0,50.0,-0.0
907,77.72589683504738,0.0,0.0,0.0,0.0,0.0,-0.0
908,74.79976318169852,0.0,0.0,0.0,0.0,0.0,0.0
909,64.15107885065811,0.0,0.0,0.0,0.0,0.0,-0.0
910,55.994074793967215,0.0,0.0,0.0,0.0,0.0,-0.0
911,55.663945859620085,0.0,0.0,0.0,-0.0,0.0,0.0
912,47.9625825090022,0.0,0.0,0.0,8.465228909328081,0.0,7.804555427071122
913,42.566141831997115,50.0,0.0,46.09772228646444,50.0,0.0,53.90227771353556
914,46.940698699439395,50.0,0.0,92.19544457292888,50.0,0.0,100.0
915,53.40267549531934,0.0,0.0,92.19544457292888,0.0,0.0,100.0
916,63.24831773415461,0.0,0.0,92.19544457292888,-0.0,0.0,100.0
917,70.0922603772202,0.0,0.0,92.19544457292888,0.0,0.0,100.0
918,83.12365064065662,0.0,0.0,92.19544457292888,0.0,50.0,45.76738554533596
919,77.4680029350298,0.0,0.0,92.19544457292888,0.0,0.0,45.76738554533596
920,78.32244409983454,0.0,0.0,92.19544457292888,0.0,35.00000000000001,7.804555427071122
921,72.08005613011267,0.0,0.0,92.19544457292888,0.0,0.0,7.804555427071122
922,68.54307191054207,0.0,0.0,92.19544457292888,0.0,0.0,7.804555427071122
923,60.70858222819885,0.0,0.0,92.19544457292888,50.0,0.0,53.90227771353556
924,57.33167356154324,0.0,0.0,92.19544457292888,50.0,0.0,100.0
925,68.59939426463058,0.0,0.0,92.19544457292888,0.0,0.0,100.0
926,71.2951012761504,0.0,0.0,92.19544457292888,0.0,0.0,100.0
927,79.91944690398714,0.0,0.0,92.19544457292888,0.0,-0.0,100.0
928,85.61919021020728,0.0,0.0,92.19544457292888,0.0,0.0,100.0
929,91.66801237296096,0.0,0.0,92.19544457292888,0.0,0.0,100.0
930,94.0631773251993,0.0,0.0,92.19544457292888,0.0,0.0,100.0
931,95.0830416696138,0.0,0.0,92.19544457292888,0.0,0.0,100.0
932,96.87975590371042,0.0,50.0,37.96283011826483,0.0,42.19544457292888,54.23261445466404
933,99.55508770709062,0.0,35.0,7.105427357601002e-15,0.0,50.0,0.0
934,94.58035059964195,0.0,0.0,7.105427357601002e-15,0.0,-0.0,-0.0
935,92.41507570297982,0.0,0.0,7.105427357601002e-15,0.0,0.0,0.0
936,72.57192132601365,0.0,0.0,7.105427357601002e-15,8.465228909328081,0.0,7.804555427071122
937,68.26838050584522,0.0,0.0,7.105427357601002e-15,50.0,0.0,53.90227771353556
938,70.45613323185341,0.0,0.0,7.105427357601002e-15,50.0,0.0,100.0
939,73.55098727998043,0.0,0.0,7.105427357601002e-15,0.0,0.0,100.0
940,75.1497000042408,0.0,0.0,7.105427357601002e-15,0.0,0.0,100.0
941,83.06443201548218,0.0,0.0,7.105427357601002e-15,-0.0,0.0,100.0
942,90.32326838904362,0.0,0.0,7.105427357601002e-15,0.0,0.0,100.0
943,101.07372512657136,0.0,6.5508803411467564e-15,0.0,0.0,42.19544457292888,54.23261445466404
944,103.49769850773114,0.0,0.0,0.0,0.0,50.0,-0.0
945,98.17935463155517,0.0,0.0,0.0,0.0,0.0,-0.0
946,93.87630770130737,0.0,0.0,0.0,0.0,0.0,0.0
947,71.16652697304855,0.0,0.0,0.0,-0.0,0.0,0.0
948,70.02501213137052,0.0,0.0,0.0,0.0,-0.0,0.0
949,49.922500061917226,50.0,0.0,46.09772228646444,50.0,0.0,46.09772228646444
950,45.47338427822284,50.0,0.0,92.19544457292888,50.0,0.0,92.19544457292888
951,56.24322824153339,0.0,0.0,92.19544457292888,8.465228909328081,0.0,100.0
952,67.62258061698824,0.0,0.0,92.19544457292888,0.0,0.0,100.0
953,68.21136712470113,0.0,0.0,92.19544457292888,0.0,-0.0,100.0
954,68.41612749782641,0.0,0.0,92.19544457292888,0.0,-0.0,100.0
955,76.43171365381923,0.0,0.0,92.19544457292888,0.0,42.19544457292888,54.23261445466404
956,70.55592031994124,0.0,0.0,92.19544457292888,0.0,0.0,54.23261445466404
957,78.48093452350224,0.0,0.0,92.19544457292888,0.0,50.0,-0.0
958,73.37328926185238,0.0,0.0,92.19544457292888,0.0,0.0,-0.0
959,71.80023506517564,0.0,0.0,92.19544457292888,0.0,0.0,0.0
960,68.72575772830776,0.0,0.0,92.19544457292888,0.0,0.0,-0.0
961,65.91465040031699,0.0,0.0,92.19544457292888,0.0,0.0,-0.0
962,57.594448933580665,0.0,0.0,92.19544457292888,8.465228909328081,0.0,7.804555427071122
963,56.287600808465186,8.465228909328081,0.0,100.0,50.0,0.0,53.90227771353556
964,57.82135493867092,0.0,0.0,100.0,0.0,0.0,53.90227771353556
965,54.6544669650977,0.0,0.0,100.0,50.0,0.0,100.0
966,59.937757425597425,0.0,0.0,100.0,0.0,0.0,100.0
967,62.28338654797146,0.0,0.0,100.0,0.0,0.0,100.0
968,71.109127623793,0.0,0.0,100.0,0.0,42.50000000000001,53.90227771353556
969,70.36663260757199,0.0,0.0,100.0,0.0,0.0,53.90227771353556
970,64.74703629567966,0.0,0.0,100.0,0.0,0.0,53.90227771353556
971,59.75621937160902,0.0,0.0,100.0,0.0,0.0,53.90227771353556
972,58.591777151155085,0.0,0.0,100.0,50.0,0.0,100.0
973,62.80550634219305,0.0,0.0,100.0,0.0,0.0,100.0
974,61.370796570526174,0.0,0.0,100.0,0.0,0.0,100.0
975,62.73487532732156,0.0,0.0,100.0,0.0,0.0,100.0
976,77.07667850108885,0.0,0.0,100.0,0.0,0.0,100.0
977,81.08191316113778,0.0,50.0,45.767385545335955,0.0,50.0,45.76738554533596
978,76.44531230258167,0.0,0.0,45.767385545335955,0.0,0.0,45.76738554533596
979,78.7617040624472,0.0,42.19544457292887,0.0,0.0,42.19544457292888,-0.0
980,77.9218611047516,0.0,0.0,0.0,0.0,0.0,0.0
981,64.53943411632352,0.0,0.0,0.0,0.0,0.0,-0.0
982,61.75011001273181,0.0,0.0,0.0,0.0,0.0,-0.0
983,62.8503022952482,0.0,0.0,0.0,0.0,0.0,-0.0
984,53.61338620876697,0.0,0.0,0.0,-0.0,0.0,-0.0
985,54.690955766365626,0.0,0.0,0.0,0.0,0.0,0.0
986,45.00194325147595,50.0,0.0,46.09772228646444,50.0,0.0,46.09772228646444
987,47.063754889316,50.0,0.0,92.19544457292888,50.0,0.0,92.19544457292888
988,47.820747835415965,0.0,0.0,92.19544457292888,8.465228909328081,0.0,100.0
989,50.254638608709925,0.0,0.0,92.19544457292888,-0.0,0.0,100.0
990,62.063048440121776,0.0,0.0,92.19544457292888,0.0,-0.0,100.0
991,76.46734706210066,0.0,0.0,92.19544457292888,0.0,-0.0,100.0
992,89.0143587351336,0.0,0.0,92.19544457292888,0.0,-0.0,100.0
993,93.9700493708256,0.0,0.0,92.19544457292888,0.0,-0.0,100.0
994,87.53203542303488,0.0,0.0,92.19544457292888,0.0,0.0,100.0
995,83.35630507948166,0.0,0.0,92.19544457292888,0.0,0.0,100.0
996,83.41221112451672,0.0,0.0,92.19544457292888,0.0,0.0,100.0
997,83.03840839040582,0.0,0.0,92.19544457292888,0.0,0.0,100.0
998,86.30385125631808,0.0,0.0,92.19544457292888,0.0,0.0,100.0
999,96.05732511641507,0.0,0.0,92.19544457292888,0.0,-0.0,100.0
1000,101.4981543181438,0.0,0.0,92.19544457292888,0.0,0.0,100.0
1001,101.9285529389845,0.0,50.0,37.96283011826483,0.0,34.695444572928885,62.36750662286364
1002,101.24148374427547,0.0,0.0,37.96283011826483,0.0,0.0,62.36750662286364
1003,102.74369982194247,0.0,35.0,7.105427357601002e-15,0.0,50.0,8.134892168199599
1004,97.57313635070469,0.0,0.0,7.105427357601002e-15,0.0,0.0,8.134892168199599
1005,93.00695250651788,0.0,0.0,7.105427357601002e-15,0.0,0.0,8.134892168199599
1006,90.5058509207238,0.0,0.0,7.105427357601002e-15,0.0,0.0,8.134892168199599
1007,83.34202758084788,0.0,0.0,7.105427357601002e-15,50.0,0.0,54.23261445466404
1008,193.22575154373652,0.0,6.5508803411467564e-15,0.0,0.0,50.0,0.0
1009,72.77464583160138,0.0,0.0,0.0,0.0,0.0,-0.0
1010,62.66136462330499,0.0,0.0,0.0,-0.0,0.0,0.0
1011,69.51067515730314,0.0,0.0,0.0,0.0,0.0,-0.0
1012,67.4944616697285,0.0,0.0,0.0,0.0,0.0,-0.0
1013,62.005145390916056,0.0,0.0,0.0,0.0,0.0,-0.0
1014,62.39647095912929,0.0,0.0,0.0,0.0,0.0,-0.0
1015,63.024004699743564,0.0,0.0,0.0,0.0,0.0,-0.0
1016,66.99718500226776,0.0,0.0,0.0,0.0,0.0,-0.0
1017,64.86654259413793,0.0,0.0,0.0,0.0,0.0,-0.0
1018,59.36225383154152,0.0,0.0,0.0,8.465228909328081,0.0,7.804555427071122
1019,58.76765702085905,50.0,0.0,46.09772228646444,50.0,0.0,53.90227771353556
1020,58.31950036203733,50.0,0.0,92.19544457292888,50.0,0.0,100.0
1021,60.899435502508915,0.0,0.0,92.19544457292888,-0.0,0.0,100.0
1022,67.36015481680776,0.0,0.0,92.19544457292888,0.0,0.0,100.0
1023,77.39250435856134,0.0,0.0,92.19544457292888,0.0,42.19544457292888,54.23261445466404
1024,72.96550629049578,0.0,0.0,92.19544457292888,0.0,0.0,54.23261445466404
1025,77.54252127601069,0.0,50.0,37.96283011826483,0.0,50.0,-0.0
1026,68.97285096342982,0.0,0.0,37.96283011826483,0.0,0.0,-0.0
1027,69.60703701951253,0.0,0.0,37.96283011826483,0.0,0.0,0.0
1028,66.87977880962336,0.0,0.0,37.96283011826483,0.0,0.0,-0.0
1029,68.49486941958503,0.0,0.0,37.96283011826483,0.0,0.0,-0.0
1030,70.67872739316502,0.0,0.0,37.96283011826483,0.0,-0.0,-0.0
1031,68.17882912918088,0.0,0.0,37.96283011826483,0.0,0.0,0.0
1032,53.731162120087305,0.0,0.0,37.96283011826483,8.465228909328081,0.0,7.804555427071122
1033,53.992386442650805,0.0,0.0,37.96283011826483,0.0,0.0,7.804555427071122
1034,49.17569966125514,50.0,0.0,84.06055240472926,50.0,0.0,53.90227771353556
1035,49.09609913294426,17.288758321092793,0.0,100.0,50.0,0.0,100.0
1036,56.78882468114378,0.0,0.0,100.0,0.0,0.0,100.0
1037,58.13771316105188,0.0,0.0,100.0,0.0,0.0,100.0
1038,68.99806906506333,0.0,0.0,100.0,0.0,0.0,100.0
1039,78.47193885927099,0.0,0.0,100.0,0.0,-0.0,100.0
1040,75.74821585299466,0.0,0.0,100.0,0.0,0.0,100.0
1041,79.82384161676032,0.0,0.0,100.0,0.0,50.0,45.76738554533596
1042,78.89244614903377,0.0,0.0,100.0,0.0,35.00000000000001,7.804555427071122
1043,73.98531648493537,0.0,0.0,100.0,0.0,0.0,7.804555427071122
1044,66.33374186059596,0.0,0.0,100.0,0.0,0.0,7.804555427071122
1045,61.84871249796644,0.0,0.0,100.0,50.0,0.0,53.90227771353556
1046,63.027035349331534,0.0,0.0,100.0,50.0,0.0,100.0
1047,72.9798977252393,0.0,0.0,100.0,0.0,0.0,100.0
1048,75.22165011374113,0.0,0.0,100.0,0.0,0.0,100.0
1049,84.04018206737646,0.0,50.0,45.767385545335955,0.0,42.19544457292888,54.23261445466404
1050,80.1446871413041,0.0,0.0,45.767385545335955,0.0,0.0,54.23261445466404
1051,78.6202786722447,0.0,0.0,45.767385545335955,0.0,0.0,54.23261445466404
1052,75.84557133579156,0.0,0.0,45.767385545335955,0.0,0.0,54.23261445466404
1053,84.48601579277141,0.0,42.19544457292887,0.0,0.0,50.0,0.0
1054,71.36331252303425,0.0,0.0,0.0,0.0,0.0,-0.0
1055,75.79288772461763,0.0,0.0,0.0,0.0,0.0,-0.0
1056,64.35028552347929,0.0,0.0,0.0,-0.0,0.0,0.0
1057,63.40813502087463,0.0,0.0,0.0,0.0,0.0,-0.0
1058,61.439727625031026,50.0,0.0,46.09772228646444,50.0,0.0,46.09772228646444
1059,62.893982082449156,50.0,0.0,92.19544457292888,50.0,0.0,92.19544457292888
1060,63.282848592160505,0.0,0.0,92.19544457292888,8.465228909328081,0.0,100.0
1061,75.20970367970021,0.0,0.0,92.19544457292888,0.0,0.0,100.0
1062,77.84783648574331,0.0,0.0,92.19544457292888,0.0,0.0,100.0
1063,89.15955634257817,0.0,50.0,37.96283011826483,0.0,50.0,45.76738554533596
1064,87.3415978581017,0.0,0.0,37.96283011826483,0.0,34.695444572928885,8.134892168199599
1065,84.85991711108154,0.0,0.0,37.96283011826483,0.0,0.0,8.134892168199599
1066,73.81290704414143,0.0,0.0,37.96283011826483,0.0,0.0,8.134892168199599
1067,71.22878089427168,0.0,0.0,37.96283011826483,50.0,0.0,54.23261445466404
1068,75.92491822148007,0.0,0.0,37.96283011826483,0.0,0.0,54.23261445466404
1069,75.02072474493517,0.0,0.0,37.96283011826483,0.0,0.0,54.23261445466404
1070,77.08541950787273,0.0,0.0,37.96283011826483,0.0,0.0,54.23261445466404
1071,76.86924022691052,0.0,0.0,37.96283011826483,0.0,0.0,54.23261445466404
1072,82.81412075395701,0.0,0.0,37.96283011826483,0.0,0.0,54.23261445466404
1073,79.89653161369846,0.0,0.0,37.96283011826483,0.0,0.0,54.23261445466404
1074,78.12063695352956,0.0,0.0,37.96283011826483,0.0,0.0,54.23261445466404
1075,79.11773271656716,0.0,0.0,37.96283011826483,0.0,0.0,54.23261445466404
1076,82.95722626421045,0.0,0.0,37.96283011826483,0.0,0.0,54.23261445466404
1077,93.06674054049711,0.0,35.0,7.105427357601002e-15,0.0,50.0,0.0
1078,83.64950105215259,0.0,0.0,7.105427357601002e-15,0.0,0.0,-0.0
1079,86.95568285990628,0.0,0.0,7.105427357601002e-15,0.0,-0.0,0.0
1080,75.1923763889003,0.0,0.0,7.105427357601002e-15,0.0,0.0,-0.0
1081,70.34376146519621,0.0,0.0,7.105427357601002e-15,-0.0,0.0,0.0
1082,69.58353804688718,0.0,0.0,7.105427357601002e-15,0.0,0.0,-0.0
1083,68.3215498828321,0.0,0.0,7.105427357601002e-15,0.0,0.0,-0.0
1084,69.75579337237302,0.0,0.0,7.105427357601002e-15,0.0,0.0,-0.0
1085,70.95406920783408,0.0,0.0,7.105427357601002e-15,0.0,0.0,-0.0
1086,68.73236276360944,0.0,0.0,7.105427357601002e-15,0.0,0.0,-0.0
1087,66.01051438874704,0.0,0.0,7.105427357601002e-15,0.0,0.0,-0.0
1088,73.06560007002629,0.0,0.0,7.105427357601002e-15,0.0,0.0,-0.0
1089,70.46415381684744,0.0,0.0,7.105427357601002e-15,0.0,0.0,-0.0
1090,63.114131086462166,0.0,0.0,7.105427357601002e-15,0.0,0.0,-0.0
1091,58.876563618484354,50.0,0.0,46.097722286464446,50.0,0.0,46.09772228646444
1092,60.92305186931681,50.0,0.0,92.19544457292889,50.0,0.0,92.19544457292888
1093,62.56145904484405,0.0,0.0,92.19544457292889,8.465228909328081,0.0,100.0
1094,63.03516792663462,0.0,0.0,92.19544457292889,0.0,0.0,100.0
1095,76.74776206720809,0.0,0.0,92.19544457292889,0.0,-0.0,100.0
1096,92.64838331716894,0.0,0.0,92.19544457292889,0.0,-0.0,100.0
1097,100.47365451741359,0.0,0.0,92.19544457292889,0.0,-0.0,100.0
1098,107.53045387881211,0.0,0.0,92.19544457292889,0.0,0.0,100.0
1099,111.90527010132922,0.0,50.0,37.96283011826485,0.0,42.19544457292888,54.23261445466404
1100,112.24667199776252,0.0,35.000000000000014,0.0,0.0,50.0,-0.0
1101,108.08636358138995,0.0,0.0,0.0,0.0,0.0,-0.0
1102,104.05977909178026,0.0,0.0,0.0,0.0,0.0,0.0
1103,100.79917233841772,0.0,0.0,0.0,0.0,-0.0,0.0
1104,80.62160830430558,0.0,0.0,0.0,0.0,0.0,-0.0
1105,80.05164040677889,0.0,0.0,0.0,0.0,0.0,-0.0
1106,68.72707974216128,50.0,0.0,46.09772228646444,50.0,0.0,46.09772228646444
1107,62.81848828753306,50.0,0.0,92.19544457292888,50.0,0.0,92.19544457292888
1108,71.22789277879869,0.0,0.0,92.19544457292888,8.465228909328081,0.0,100.0
1109,79.1828044491426,0.0,0.0,92.19544457292888,0.0,0.0,100.0
1110,92.21423658398574,0.0,0.0,92.19544457292888,0.0,35.00000000000001,62.03716988173516
1111,94.72697717618644,0.0,50.0,37.96283011826483,0.0,50.0,7.804555427071122
1112,89.69811266333876,0.0,0.0,37.96283011826483,0.0,0.0,7.804555427071122
1113,86.04867387724603,0.0,0.0,37.96283011826483,0.0,0.0,7.804555427071122
1114,81.36947322526294,0.0,0.0,37.96283011826483,0.0,0.0,7.804555427071122
1115,76.15041208976777,0.0,0.0,37.96283011826483,50.0,0.0,53.90227771353556
1116,78.76447694737989,0.0,0.0,37.96283011826483,0.0,0.0,53.90227771353556
1117,76.08578821788825,0.0,0.0,37.96283011826483,50.0,0.0,100.0
1118,81.08966415814191,0.0,0.0,37.96283011826483,0.0,0.0,100.0
1119,81.26611050339278,0.0,0.0,37.96283011826483,0.0,0.0,100.0
1120,90.61908038348179,0.0,0.0,37.96283011826483,0.0,0.0,100.0
1121,95.89358472549827,0.0,35.0,7.105427357601002e-15,0.0,50.0,45.76738554533596
1122,93.81476664833309,0.0,0.0,7.105427357601002e-15,0.0,42.19544457292888,-0.0
1123,91.0904179386985,0.0,0.0,7.105427357601002e-15,0.0,0.0,-0.0
1124,85.76442090127054,0.0,0.0,7.105427357601002e-15,0.0,0.0,-0.0
1125,78.7268826316614,0.0,0.0,7.105427357601002e-15,0.0,0.0,-0.0
1126,83.35372728684177,0.0,0.0,7.105427357601002e-15,0.0,0.0,-0.0
1127,78.24648825275052,0.0,0.0,7.105427357601002e-15,0.0,0.0,0.0
1128,64.45430412909683,0.0,0.0,7.105427357601002e-15,0.0,-0.0,0.0
1129,49.70692641512729,0.0,0.0,7.105427357601002e-15,-0.0,0.0,0.0
1130,43.19705570519248,0.0,0.0,7.105427357601002e-15,8.465228909328081,0.0,7.804555427071122
1131,42.12660922201478,50.0,0.0,46.097722286464446,50.0,0.0,53.90227771353556
1132,41.146107051278264,50.0,0.0,92.19544457292889,50.0,0.0,100.0
1133,54.33533351994599,0.0,0.0,92.19544457292889,0.0,-0.0,100.0
1134,60.14247761652743,0.0,0.0,92.19544457292889,-0.0,0.0,100.0
1135,73.641252612818,0.0,0.0,92.19544457292889,0.0,0.0,100.0
1136,76.87056155652219,0.0,0.0,92.19544457292889,0.0,-0.0,100.0
1137,75.71034678764624,0.0,0.0,92.19544457292889,0.0,0.0,100.0
1138,332.25872499963805,0.0,50.0,37.96283011826485,0.0,50.0,45.76738554533596
1139,228.05137556161617,0.0,35.000000000000014,0.0,0.0,42.19544457292888,0.0
1140,72.5197404433856,0.0,0.0,0.0,-0.0,0.0,0.0
1141,59.53853529208077,0.0,0.0,0.0,8.465228909328081,0.0,7.804555427071122
1142,52.83876401244118,0.0,0.0,0.0,50.0,0.0,53.90227771353556
1143,57.58403761970131,0.0,0.0,0.0,50.0,0.0,100.0
1144,66.31632128748282,0.0,0.0,0.0,-0.0,0.0,100.0
1145,77.19200987188032,0.0,0.0,0.0,0.0,0.0,100.0
1146,83.24176285845243,0.0,0.0,0.0,0.0,50.0,45.76738554533596
1147,80.49409840417744,0.0,0.0,0.0,0.0,0.0,45.76738554533596
1148,82.58053225050199,0.0,0.0,0.0,0.0,0.0,45.76738554533596
1149,82.93371355839454,0.0,0.0,0.0,0.0,42.19544457292888,0.0
1150,78.51498713359126,0.0,0.0,0.0,0.0,0.0,-0.0
1151,79.60672327236476,0.0,0.0,0.0,0.0,0.0,-0.0
1152,68.55349907709206,0.0,0.0,0.0,-0.0,0.0,0.0
1153,61.94650536157278,0.0,0.0,0.0,50.0,0.0,46.09772228646444
1154,63.27479928104171,0.0,0.0,0.0,0.0,0.0,46.09772228646444
1155,62.75379803836799,0.0,0.0,0.0,8.823529411764698,0.0,54.23261445466404
1156,64.0058155825262,0.0,0.0,0.0,0.0,0.0,54.23261445466404
1157,75.98241679481511,0.0,0.0,0.0,0.0,50.0,-0.0
1158,67.59339070349009,0.0,0.0,0.0,0.0,0.0,-0.0
1159,65.64964091113045,0.0,0.0,0.0,0.0,0.0,0.0
1160,62.61005790012514,0.0,0.0,0.0,0.0,-0.0,-0.0
1161,60.31669424353188,0.0,0.0,0.0,0.0,0.0,-0.0
1162,55.60587499554103,0.0,0.0,0.0,0.0,0.0,0.0
1163,43.59435472465319,0.0,0.0,0.0,8.465228909328081,0.0,7.804555427071122
1164,36.996512073777495,50.0,0.0,46.09772228646444,50.0,0.0,53.90227771353556
1165,34.70277881544535,50.0,0.0,92.19544457292888,50.0,0.0,100.0
1166,54.39002337238355,0.0,0.0,92.19544457292888,0.0,-0.0,100.0
1167,71.91597281106594,0.0,0.0,92.19544457292888,0.0,0.0,100.0
1168,77.2288361915729,0.0,0.0,92.19544457292888,0.0,0.0,100.0
1169,81.49080372527416,0.0,50.0,37.96283011826483,0.0,50.0,45.76738554533596
1170,78.29554559915502,0.0,35.0,7.105427357601002e-15,0.0,42.19544457292888,-0.0
1171,67.53748268743149,0.0,0.0,7.105427357601002e-15,0.0,0.0,0.0
1172,64.34808137443542,0.0,0.0,7.105427357601002e-15,0.0,0.0,-0.0
1173,54.914435872850795,0.0,0.0,7.105427357601002e-15,-0.0,0.0,0.0
1174,51.11815927832865,0.0,0.0,7.105427357601002e-15,0.0,-0.0,0.0
1175,40.16890868783009,0.0,0.0,7.105427357601002e-15,-0.0,0.0,0.0
1176,26.383112116814353,50.0,0.0,46.097722286464446,50.0,0.0,46.09772228646444
1177,26.844503094787342,50.0,0.0,92.19544457292889,50.0,0.0,92.19544457292888
1178,28.981607357576806,0.0,0.0,92.19544457292889,0.0,0.0,92.19544457292888
1179,32.7203191080613,0.0,0.0,92.19544457292889,0.0,0.0,92.19544457292888
1180,28.954789001979115,0.0,0.0,92.19544457292889,8.465228909328081,0.0,100.0
1181,40.159744076511984,0.0,0.0,92.19544457292889,0.0,-0.0,100.0
1182,43.53605081472,0.0,0.0,92.19544457292889,0.0,-0.0,100.0
1183,54.674582980235925,0.0,0.0,92.19544457292889,0.0,-0.0,100.0
1184,58.92850393770668,0.0,0.0,92.19544457292889,0.0,50.0,45.76738554533596
1185,51.33905914499452,0.0,0.0,92.19544457292889,0.0,0.0,45.76738554533596
1186,46.9628200879106,0.0,0.0,92.19544457292889,8.823529411764698,0.0,53.90227771353556
1187,45.89932057919753,0.0,0.0,92.19544457292889,50.0,0.0,100.0
1188,47.918284259550845,0.0,0.0,92.19544457292889,0.0,0.0,100.0
1189,48.76461388322103,0.0,0.0,92.19544457292889,0.0,0.0,100.0
1190,62.30617220196445,0.0,0.0,92.19544457292889,0.0,-0.0,100.0
1191,74.87013900624504,0.0,0.0,92.19544457292889,-0.0,0.0,100.0
1192,80.81446407918051,0.0,0.0,92.19544457292889,-0.0,0.0,100.0
1193,90.9328875847518,0.0,0.0,92.19544457292889,0.0,0.0,100.0
1194,103.98595932224246,0.0,50.0,37.96283011826485,0.0,42.19544457292888,54.23261445466404
1195,112.578497958333,0.0,35.000000000000014,0.0,0.0,50.0,0.0
1196,99.89986218074245,0.0,0.0,0.0,0.0,-0.0,0.0
1197,88.1920869151626,0.0,0.0,0.0,0.0,0.0,-0.0
1198,90.53371774364432,0.0,0.0,0.0,0.0,0.0,-0.0
1199,79.6088866583792,0.0,0.0,0.0,-0.0,0.0,0.0
1200,59.78197502717447,0.0,0.0,0.0,0.0,0.0,-0.0
1201,54.24693454386013,0.0,0.0,0.0,0.0,0.0,-0.0
1202,54.625950562267704,0.0,0.0,0.0,0.0,0.0,-0.0
1203,53.58205891295826,0.0,0.0,0.0,8.465228909328081,0.0,7.804555427071122
1204,51.93648782214176,0.0,0.0,0.0,50.0,0.0,53.90227771353556
1205,53.00887542993203,0.0,0.0,0.0,50.0,0.0,100.0
1206,55.90480779367382,0.0,0.0,0.0,-0.0,0.0,100.0
1207,57.797661697803846,0.0,0.0,0.0,-0.0,0.0,100.0
1208,74.42484529787542,0.0,0.0,0.0,0.0,0.0,100.0
1209,74.87961703959986,0.0,0.0,0.0,0.0,42.19544457292888,54.23261445466404
1210,75.35409831484314,0.0,0.0,0.0,0.0,50.0,0.0
1211,67.46182628310532,0.0,0.0,0.0,0.0,-0.0,-0.0
1212,63.469530718532,0.0,0.0,0.0,0.0,0.0,-0.0
1213,60.00040339618594,0.0,0.0,0.0,0.0,0.0,0.0
1214,49.69009776109558,0.0,0.0,0.0,-0.0,0.0,0.0
1215,50.079909885351995,0.0,0.0,0.0,0.0,0.0,-0.0
1216,49.33669704266091,0.0,0.0,0.0,0.0,0.0,-0.0
1217,45.31647233048413,50.0,0.0,46.09772228646444,50.0,0.0,46.09772228646444
1218,44.58043668487028,50.0,0.0,92.19544457292888,50.0,0.0,92.19544457292888
1219,54.132980451056056,0.0,0.0,92.19544457292888,0.0,0.0,92.19544457292888
1220,52.347358908661064,0.0,0.0,92.19544457292888,0.0,0.0,92.19544457292888
1221,56.40005419261812,0.0,0.0,92.19544457292888,0.0,35.00000000000001,54.23261445466404
1222,55.219438321209296,0.0,0.0,92.19544457292888,0.0,0.0,54.23261445466404
1223,57.06779751366719,0.0,0.0,92.19544457292888,0.0,50.0,0.0
1224,41.250510327244925,8.465228909328081,0.0,100.0,50.0,0.0,46.09772228646444
1225,42.661127663329744,0.0,0.0,100.0,8.465228909328081,0.0,53.90227771353556
1226,45.60576058307578,0.0,0.0,100.0,0.0,0.0,53.90227771353556
1227,42.63000496128146,0.0,0.0,100.0,50.0,0.0,100.0
1228,48.46140986746038,0.0,0.0,100.0,-0.0,0.0,100.0
1229,56.616629533498156,0.0,0.0,100.0,0.0,0.0,100.0
1230,60.13729477752693,0.0,0.0,100.0,0.0,35.00000000000001,62.03716988173516
1231,60.37478873800168,0.0,0.0,100.0,0.0,50.0,7.804555427071122
1232,57.74700115959958,0.0,0.0,100.0,0.0,0.0,7.804555427071122
1233,58.292080800742205,0.0,0.0,100.0,0.0,0.0,7.804555427071122
1234,56.93200677301496,0.0,0.0,100.0,0.0,0.0,7.804555427071122
1235,48.75242561404981,0.0,0.0,100.0,50.0,0.0,53.90227771353556
1236,47.33231620147245,0.0,0.0,100.0,50.0,0.0,100.0
1237,52.13598056420449,0.0,0.0,100.0,0.0,0.0,100.0
1238,60.39995141422751,0.0,0.0,100.0,0.0,-0.0,100.0
1239,76.10091619783597,0.0,0.0,100.0,0.0,-0.0,100.0
1240,90.38792519869,0.0,0.0,100.0,0.0,-0.0,100.0
1241,90.15556627338387,0.0,0.0,100.0,0.0,0.0,100.0
1242,101.89079709315125,0.0,50.0,45.767385545335955,0.0,50.0,45.76738554533596
1243,96.93743681706056,0.0,0.0,45.767385545335955,0.0,0.0,45.76738554533596
1244,97.93268043808854,0.0,42.19544457292887,0.0,0.0,42.19544457292888,-0.0
1245,91.84230235785307,0.0,0.0,0.0,0.0,0.0,-0.0
1246,83.47629211958348,0.0,0.0,0.0,0.0,0.0,0.0
1247,68.9589810069678,0.0,0.0,0.0,0.0,-0.0,0.0
1248,56.26118372653325,0.0,0.0,0.0,-0.0,0.0,0.0
1249,45.08766251543091,50.0,0.0,46.09772228646444,50.0,0.0,46.09772228646444
1250,49.1625228309957,50.0,0.0,92.19544457292888,50.0,0.0,92.19544457292888
1251,57.433929762158556,0.0,0.0,92.19544457292888,0.0,0.0,92.19544457292888
1252,54.69455782875099,0.0,0.0,92.19544457292888,8.465228909328081,0.0,100.0
1253,60.92909780938638,0.0,0.0,92.19544457292888,0.0,0.0,100.0
1254,63.15921397789512,0.0,0.0,92.19544457292888,0.0,0.0,100.0
1255,65.88862436008039,0.0,0.0,92.19544457292888,0.0,0.0,100.0
1256,73.61972580672243,0.0,0.0,92.19544457292888,0.0,-0.0,100.0
1257,72.28661017862403,0.0,0.0,92.19544457292888,0.0,0.0,100.0
1258,77.646456399835,0.0,0.0,92.19544457292888,0.0,-0.0,100.0
1259,69.61990495351081,0.0,0.0,92.19544457292888,0.0,0.0,100.0
1260,71.98486504179003,0.0,0.0,92.19544457292888,0.0,0.0,100.0
1261,72.33740831400438,0.0,0.0,92.19544457292888,0.0,0.0,100.0
1262,80.06300220572653,0.0,0.0,92.19544457292888,0.0,-0.0,100.0
1263,83.29453040398418,0.0,0.0,92.19544457292888,0.0,-0.0,100.0
1264,89.74605015575415,0.0,0.0,92.19544457292888,0.0,-0.0,100.0
1265,94.43369090268507,0.0,50.0,37.96283011826483,0.0,42.19544457292888,54.23261445466404
1266,91.99002409114388,0.0,0.0,37.96283011826483,0.0,0.0,54.23261445466404
1267,94.3410410054598,0.0,0.0,37.96283011826483,0.0,0.0,54.23261445466404
1268,93.36058337453949,0.0,0.0,37.96283011826483,0.0,0.0,54.23261445466404
1269,90.50373695276983,0.0,0.0,37.96283011826483,0.0,0.0,54.23261445466404
1270,92.95825179794186,0.0,0.0,37.96283011826483,0.0,0.0,54.23261445466404
1271,95.6435228450111,0.0,35.0,7.105427357601002e-15,0.0,50.0,-0.0
1272,79.82579393874296,0.0,0.0,7.105427357601002e-15,0.0,0.0,0.0
1273,77.51332250729372,0.0,0.0,7.105427357601002e-15,-0.0,0.0,0.0
1274,70.40630873541338,0.0,0.0,7.105427357601002e-15,8.465228909328081,0.0,7.804555427071122
1275,68.8705263481091,0.0,0.0,7.105427357601002e-15,50.0,0.0,53.90227771353556
1276,66.35779814173327,0.0,0.0,7.105427357601002e-15,50.0,0.0,100.0
1277,78.96714271528727,0.0,0.0,7.105427357601002e-15,0.0,0.0,100.0
1278,85.8343987137836,0.0,0.0,7.105427357601002e-15,0.0,-0.0,100.0
1279,89.12067605195524,0.0,0.0,7.105427357601002e-15,0.0,42.19544457292888,54.23261445466404
1280,97.41455489565719,0.0,0.0,7.105427357601002e-15,0.0,50.0,-0.0
1281,82.57040277215268,0.0,0.0,7.105427357601002e-15,0.0,0.0,0.0
1282,66.51333604646933,0.0,0.0,7.105427357601002e-15,0.0,0.0,-0.0
1283,66.35115986322239,0.0,0.0,7.105427357601002e-15,0.0,0.0,-0.0
1284,63.79750246930908,50.0,0.0,46.097722286464446,50.0,0.0,46.09772228646444
1285,65.60577881462588,0.0,0.0,46.097722286464446,8.465228909328081,0.0,53.90227771353556
1286,62.164287296956125,50.0,0.0,92.19544457292889,50.0,0.0,100.0
1287,69.06980081900925,0.0,0.0,92.19544457292889,-0.0,0.0,100.0
1288,87.88005065339343,0.0,0.0,92.19544457292889,0.0,0.0,100.0
1289,97.87598310802278,0.0,50.0,37.96283011826485,0.0,42.19544457292888,54.23261445466404
1290,100.70584451101858,0.0,35.000000000000014,0.0,0.0,50.0,0.0
1291,96.3469299480671,0.0,0.0,0.0,0.0,-0.0,-0.0
1292,89.46951043048855,0.0,0.0,0.0,0.0,0.0,0.0
1293,71.929355266942,0.0,0.0,0.0,0.0,-0.0,-0.0
1294,68.74065995707045,0.0,0.0,0.0,0.0,0.0,-0.0
1295,69.92101108205557,0.0,0.0,0.0,0.0,0.0,0.0
1296,49.42876005274096,0.0,0.0,0.0,0.0,-0.0,-0.0
1297,43.7064855036664,0.0,0.0,0.0,0.0,0.0,0.0
1298,36.19873282069446,0.0,0.0,0.0,-0.0,0.0,0.0
1299,31.790632816915846,0.0,0.0,0.0,50.0,0.0,46.09772228646444
1300,35.651667543053726,0.0,0.0,0.0,8.465228909328081,0.0,53.90227771353556
1301,30.189373358823797,0.0,0.0,0.0,50.0,0.0,100.0
1302,42.09310964313246,0.0,0.0,0.0,0.0,0.0,100.0
1303,54.00534675081252,0.0,0.0,0.0,0.0,42.19544457292888,54.23261445466404
1304,56.986908912687085,0.0,0.0,0.0,0.0,50.0,0.0
1305,43.469318186865124,0.0,0.0,0.0,-0.0,0.0,0.0
1306,35.9420946338243,0.0,0.0,0.0,0.0,0.0,-0.0
1307,40.476609590381806,0.0,0.0,0.0,0.0,-0.0,0.0
1308,24.251998458278855,50.0,0.0,46.09772228646444,50.0,0.0,46.09772228646444
1309,25.73735418592439,50.0,0.0,92.19544457292888,50.0,0.0,92.19544457292888
1310,26.091168802089335,0.0,0.0,92.19544457292888,8.465228909328081,0.0,100.0
1311,40.25508827965108,0.0,0.0,92.19544457292888,0.0,-0.0,100.0
1312,46.4940130604907,0.0,0.0,92.19544457292888,0.0,-0.0,100.0
1313,57.282547539756386,0.0,0.0,92.19544457292888,-0.0,0.0,100.0
1314,65.3335629175167,0.0,0.0,92.19544457292888,0.0,0.0,100.0
1315,76.14160809817014,0.0,50.0,37.96283011826483,0.0,50.0,45.76738554533596
1316,71.833557714401,0.0,35.0,7.105427357601002e-15,0.0,42.19544457292888,-0.0
1317,69.39493142808547,0.0,0.0,7.105427357601002e-15,0.0,0.0,0.0
1318,56.81149045586086,0.0,0.0,7.105427357601002e-15,-0.0,0.0,-0.0
1319,60.78364679490211,0.0,0.0,7.105427357601002e-15,0.0,0.0,0.0
1320,45.45980572216988,0.0,0.0,7.105427357601002e-15,0.0,0.0,-0.0
1321,40.58884775309304,0.0,0.0,7.105427357601002e-15,-0.0,0.0,0.0
1322,39.55861050702727,0.0,0.0,7.105427357601002e-15,8.465228909328081,0.0,7.804555427071122
1323,31.612087348852725,50.0,0.0,46.097722286464446,50.0,0.0,53.90227771353556
1324,36.45059919668405,50.0,0.0,92.19544457292889,50.0,0.0,100.0
1325,47.71366149195602,0.0,0.0,92.19544457292889,0.0,0.0,100.0
1326,56.535724784551014,0.0,0.0,92.19544457292889,0.0,-0.0,100.0
1327,54.479626269006445,0.0,0.0,92.19544457292889,0.0,0.0,100.0
1328,58.12573058240635,0.0,0.0,92.19544457292889,0.0,42.19544457292888,54.23261445466404
1329,62.24778400265763,0.0,0.0,92.19544457292889,0.0,50.0,-0.0
1330,48.46353974363302,0.0,0.0,92.19544457292889,0.0,0.0,0.0
1331,39.36677260339262,0.0,0.0,92.19544457292889,50.0,0.0,46.09772228646444
1332,43.32535761176937,0.0,0.0,92.19544457292889,50.0,0.0,92.19544457292888
1333,46.777115058052544,0.0,0.0,92.19544457292889,8.465228909328081,0.0,100.0
1334,54.30879559207495,0.0,0.0,92.19544457292889,0.0,0.0,100.0
1335,72.15847784359939,0.0,0.0,92.19544457292889,-0.0,0.0,100.0
1336,82.29481542571602,0.0,0.0,92.19544457292889,0.0,0.0,100.0
1337,91.79492667092643,0.0,0.0,92.19544457292889,0.0,-0.0,100.0
1338,109.05658170811978,0.0,50.0,37.96283011826485,0.0,50.0,45.76738554533596
1339,105.31023329146518,0.0,35.000000000000014,0.0,0.0,42.19544457292888,0.0
1340,95.54236150851173,0.0,0.0,0.0,0.0,0.0,-0.0
1341,91.61021109507274,0.0,0.0,0.0,0.0,0.0,-0.0
1342,87.94287994466393,0.0,0.0,0.0,0.0,0.0,-0.0
1343,80.13597281822521,0.0,0.0,0.0,-0.0,0.0,0.0
1344,61.865322350584606,50.0,0.0,46.09772228646444,50.0,0.0,46.09772228646444
1345,71.5522428583547,0.0,0.0,46.09772228646444,0.0,0.0,46.09772228646444
1346,70.11975293819908,0.0,0.0,46.09772228646444,8.465228909328081,0.0,53.90227771353556
1347,64.4494383993444,50.0,0.0,92.19544457292888,50.0,0.0,100.0
1348,70.60453042181749,0.0,0.0,92.19544457292888,0.0,0.0,100.0
1349,73.38468504052955,0.0,0.0,92.19544457292888,0.0,0.0,100.0
1350,77.27943758299836,0.0,0.0,92.19544457292888,0.0,0.0,100.0
1351,85.49899800608294,0.0,0.0,92.19544457292888,0.0,-0.0,100.0
1352,80.39424808274094,0.0,0.0,92.19544457292888,0.0,0.0,100.0
1353,80.70445334562439,0.0,0.0,92.19544457292888,0.0,0.0,100.0
1354,86.3861485412144,0.0,0.0,92.19544457292888,0.0,-0.0,100.0
1355,82.92037595923803,0.0,0.0,92.19544457292888,0.0,0.0,100.0
1356,76.72228432266895,0.0,0.0,92.19544457292888,0.0,0.0,100.0
1357,73.39466833519427,0.0,0.0,92.19544457292888,0.0,0.0,100.0
1358,74.4073188183358,0.0,0.0,92.19544457292888,0.0,0.0,100.0
1359,79.12559565669966,0.0,0.0,92.19544457292888,0.0,0.0,100.0
1360,84.08442319087916,0.0,0.0,92.19544457292888,0.0,0.0,100.0
1361,94.87164272222998,0.0,50.0,37.96283011826483,0.0,50.0,45.76738554533596
1362,87.46079358822537,0.0,0.0,37.96283011826483,0.0,0.0,45.76738554533596
1363,91.25105462732728,0.0,35.0,7.105427357601002e-15,0.0,42.19544457292888,-0.0
1364,84.8377005558018,0.0,0.0,7.105427357601002e-15,0.0,0.0,0.0
1365,81.4287323447814,0.0,0.0,7.105427357601002e-15,0.0,0.0,-0.0
1366,69.91212793290075,0.0,0.0,7.105427357601002e-15,-0.0,0.0,-0.0
1367,73.66193273072031,0.0,0.0,7.105427357601002e-15,0.0,0.0,0.0
1368,68.40601115813953,0.0,0.0,7.105427357601002e-15,0.0,0.0,-0.0
1369,70.17598357547298,0.0,0.0,7.105427357601002e-15,0.0,0.0,-0.0
1370,58.7179227475349,50.0,0.0,46.097722286464446,50.0,0.0,46.09772228646444
1371,62.49048096155474,0.0,0.0,46.097722286464446,8.465228909328081,0.0,53.90227771353556
1372,65.98158111132065,0.0,0.0,46.097722286464446,0.0,0.0,53.90227771353556
1373,60.87976340267819,50.0,0.0,92.19544457292889,50.0,0.0,100.0
1374,66.96959741199443,0.0,0.0,92.19544457292889,-0.0,0.0,100.0
1375,74.87483474205753,0.0,0.0,92.19544457292889,0.0,0.0,100.0
1376,80.73066354481907,0.0,0.0,92.19544457292889,0.0,0.0,100.0
1377,80.0511255447209,0.0,0.0,92.19544457292889,0.0,0.0,100.0
1378,76.86234167551463,0.0,0.0,92.19544457292889,0.0,0.0,100.0
1379,79.65174012377256,0.0,0.0,92.19544457292889,0.0,0.0,100.0
1380,82.51114925018119,0.0,50.0,37.96283011826485,0.0,50.0,45.76738554533596
1381,65.76964518969332,0.0,0.0,37.96283011826485,50.0,0.0,91.8651078318004
1382,67.86513021053828,0.0,0.0,37.96283011826485,0.0,0.0,91.8651078318004
1383,73.56528527225802,0.0,0.0,37.96283011826485,0.0,0.0,91.8651078318004
1384,71.38252986544282,0.0,0.0,37.96283011826485,0.0,0.0,91.8651078318004
1385,78.60068529056895,0.0,0.0,37.96283011826485,0.0,0.0,91.8651078318004
1386,88.8109757798461,0.0,35.000000000000014,0.0,0.0,50.0,37.63249337713636
1387,81.78284964956148,0.0,0.0,0.0,0.0,34.695444572928885,-0.0
1388,80.01809200244682,0.0,0.0,0.0,0.0,0.0,0.0
1389,69.86035248647309,0.0,0.0,0.0,0.0,-0.0,-0.0
1390,61.7142939398321,0.0,0.0,0.0,0.0,0.0,-0.0
1391,66.8971304073951,0.0,0.0,0.0,0.0,0.0,0.0
1392,52.31350871750337,0.0,0.0,0.0,8.465228909328081,0.0,7.804555427071122
1393,52.55483961581755,0.0,0.0,0.0,0.0,0.0,7.804555427071122
1394,40.45781621338267,50.0,0.0,46.09772228646444,50.0,0.0,53.90227771353556
1395,51.28246311427249,50.0,0.0,92.19544457292888,50.0,0.0,100.0
1396,56.70205007527392,0.0,0.0,92.19544457292888,0.0,0.0,100.0
1397,60.12143991898765,0.0,0.0,92.19544457292888,-0.0,0.0,100.0
1398,69.56728960531959,0.0,0.0,92.19544457292888,0.0,0.0,100.0
1399,67.5187534719874,0.0,0.0,92.19544457292888,0.0,0.0,100.0
1400,77.37179344361648,0.0,0.0,92.19544457292888,0.0,50.0,45.76738554533596
1401,74.18731691765943,0.0,0.0,92.19544457292888,0.0,42.19544457292888,0.0
1402,68.71416357005579,0.0,0.0,92.19544457292888,0.0,0.0,-0.0
1403,61.30570683652094,0.0,0.0,92.19544457292888,8.465228909328081,0.0,7.804555427071122
1404,55.60429923986399,0.0,0.0,92.19544457292888,50.0,0.0,53.90227771353556
1405,60.470299539911245,0.0,0.0,92.19544457292888,50.0,0.0,100.0
1406,66.11663521167033,0.0,0.0,92.19544457292888,0.0,0.0,100.0
1407,76.43812282751362,0.0,0.0,92.19544457292888,0.0,-0.0,100.0
1408,83.62807596188193,0.0,0.0,92.19544457292888,0.0,-0.0,100.0
1409,92.23240757042191,0.0,0.0,92.19544457292888,0.0,0.0,100.0
1410,92.2484830488646,0.0,50.0,37.96283011826483,0.0,0.0,100.0
1411,103.20219222890435,0.0,35.0,7.105427357601002e-15,0.0,50.0,45.76738554533596
1412,89.35716143517692,0.0,0.0,7.105427357601002e-15,0.0,0.0,45.76738554533596
1413,90.47117611647525,0.0,0.0,7.105427357601002e-15,0.0,0.0,45.76738554533596
1414,91.99831290678766,0.0,0.0,7.105427357601002e-15,0.0,0.0,45.76738554533596
1415,82.09730953108303,0.0,0.0,7.105427357601002e-15,0.0,0.0,45.76738554533596
1416,81.6187472755876,0.0,0.0,7.105427357601002e-15,0.0,0.0,45.76738554533596
1417,82.59521314868628,0.0,0.0,7.105427357601002e-15,0.0,0.0,45.76738554533596
1418,83.87812590714769,0.0,0.0,7.105427357601002e-15,0.0,0.0,45.76738554533596
1419,81.35762502197561,0.0,0.0,7.105427357601002e-15,8.823529411764698,0.0,53.90227771353556
1420,80.01224251501084,0.0,0.0,7.105427357601002e-15,50.0,0.0,100.0
1421,81.5353685116029,0.0,0.0,7.105427357601002e-15,0.0,0.0,100.0
1422,88.35758602824662,0.0,0.0,7.105427357601002e-15,0.0,0.0,100.0
1423,100.36030903509429,0.0,6.5508803411467564e-15,0.0,0.0,42.19544457292888,54.23261445466404
1424,102.24354145808854,0.0,0.0,0.0,0.0,50.0,-0.0
1425,93.96266016902135,0.0,0.0,0.0,0.0,0.0,0.0
1426,92.66308725344933,0.0,0.0,0.0,0.0,0.0,-0.0
1427,91.22889623114149,0.0,0.0,0.0,0.0,0.0,-0.0
1428,90.07745955145154,0.0,0.0,0.0,0.0,0.0,-0.0
1429,92.63752845006088,0.0,0.0,0.0,0.0,0.0,-0.0
1430,92.97372956211758,0.0,0.0,0.0,0.0,0.0,-0.0
1431,92.58687990474242,0.0,0.0,0.0,0.0,0.0,-0.0
1432,93.83898318196492,0.0,0.0,0.0,0.0,-0.0,-0.0
1433,89.85984992155596,0.0,0.0,0.0,0.0,0.0,-0.0
1434,93.66075267875402,0.0,0.0,0.0,0.0,0.0,-0.0
1435,91.78604820105329,0.0,0.0,0.0,0.0,0.0,-0.0
1436,85.00091312486904,0.0,0.0,0.0,0.0,0.0,0.0
1437,63.25058761594616,0.0,0.0,0.0,0.0,-0.0,-0.0
1438,52.435531481514985,50.0,0.0,46.09772228646444,0.0,0.0,-0.0
1439,56.353233728233995,50.0,0.0,92.19544457292888,0.0,0.0,0.0
1440,41.88902929954716,8.465228909328081,0.0,100.0,50.0,0.0,46.09772228646444
1441,42.353281691762255,0.0,0.0,100.0,8.465228909328081,0.0,53.90227771353556
1442,33.664304907103045,0.0,0.0,100.0,50.0,0.0,100.0
1443,42.66859872126776,0.0,0.0,100.0,0.0,0.0,100.0
1444,44.627484926758086,0.0,0.0,100.0,0.0,0.0,100.0
1445,51.55143847184638,0.0,0.0,100.0,0.0,0.0,100.0
1446,71.26632131706377,0.0,0.0,100.0,0.0,0.0,100.0
1447,85.18478521780546,0.0,0.0,100.0,0.0,35.00000000000001,62.03716988173516
1448,85.52284281177975,0.0,0.0,100.0,0.0,50.0,7.804555427071122
1449,80.24624283165384,0.0,0.0,100.0,0.0,0.0,7.804555427071122
1450,73.6505548099096,0.0,0.0,100.0,0.0,0.0,7.804555427071122
1451,71.38041498231682,0.0,0.0,100.0,0.0,0.0,7.804555427071122
1452,67.53825425144612,0.0,0.0,100.0,50.0,0.0,53.90227771353556
1453,65.51467676414937,0.0,0.0,100.0,50.0,0.0,100.0
1454,77.4446933474171,0.0,0.0,100.0,0.0,0.0,100.0
1455,82.70380742058455,0.0,0.0,100.0,-0.0,0.0,100.0
1456,102.11994501434845,0.0,0.0,100.0,0.0,0.0,100.0
1457,107.01387158366589,0.0,0.0,100.0,0.0,-0.0,100.0
1458,118.04425652093899,0.0,50.0,45.767385545335955,0.0,50.0,45.76738554533596
1459,116.76501438772908,0.0,42.19544457292887,0.0,0.0,42.19544457292888,-0.0
1460,115.82267237532952,0.0,0.0,0.0,0.0,0.0,0.0
1461,104.03125767317249,0.0,0.0,0.0,0.0,0.0,-0.0
1462,92.32222164353651,0.0,0.0,0.0,-0.0,0.0,0.0
1463,89.61218129796892,0.0,0.0,0.0,-0.0,0.0,0.0
1464,81.74604163545841,0.0,0.0,0.0,-0.0,0.0,0.0
1465,77.45917463637008,0.0,0.0,0.0,0.0,0.0,-0.0
1466,66.71086240276884,0.0,0.0,0.0,-0.0,0.0,0.0
1467,57.84236323719155,0.0,0.0,0.0,0.0,0.0,-0.0
1468,51.60611902226398,0.0,0.0,0.0,50.0,0.0,46.09772228646444
1469,46.689531208363306,50.0,0.0,46.09772228646444,50.0,0.0,92.19544457292888
1470,54.57943771995164,0.0,0.0,46.09772228646444,8.465228909328081,0.0,100.0
1471,67.59673890662916,0.0,0.0,46.09772228646444,0.0,42.19544457292888,54.23261445466404
1472,70.86622406293404,0.0,0.0,46.09772228646444,0.0,50.0,-0.0
1473,57.51930034040035,0.0,0.0,46.09772228646444,0.0,0.0,0.0
1474,53.369448037017506,0.0,0.0,46.09772228646444,8.465228909328081,0.0,7.804555427071122
1475,48.92055636929136,50.0,0.0,92.19544457292888,50.0,0.0,53.90227771353556
1476,58.86961089901726,0.0,0.0,92.19544457292888,0.0,0.0,53.90227771353556
1477,51.655765939614206,0.0,0.0,92.19544457292888,50.0,0.0,100.0
1478,54.40697714152677,0.0,0.0,92.19544457292888,0.0,0.0,100.0
1479,71.40426407790922,0.0,0.0,92.19544457292888,0.0,-0.0,100.0
1480,81.49500828807453,0.0,0.0,92.19544457292888,0.0,0.0,100.0
1481,90.53494291556589,0.0,0.0,92.19544457292888,0.0,0.0,100.0
1482,93.61221073834182,0.0,0.0,92.19544457292888,0.0,0.0,100.0
1483,94.0148046765332,0.0,50.0,37.96283011826483,0.0,50.0,45.76738554533596
1484,93.75929765613333,0.0,35.0,7.105427357601002e-15,0.0,42.19544457292888,-0.0
1485,83.1558220873533,0.0,0.0,7.105427357601002e-15,0.0,0.0,-0.0
1486,82.53744163487963,0.0,0.0,7.105427357601002e-15,0.0,0.0,0.0
1487,70.4813604445084,0.0,0.0,7.105427357601002e-15,0.0,0.0,-0.0
1488,60.41901336302166,0.0,0.0,7.105427357601002e-15,-0.0,0.0,0.0
1489,58.493338021438326,0.0,0.0,7.105427357601002e-15,0.0,0.0,-0.0
1490,52.853014891860724,0.0,0.0,7.105427357601002e-15,0.0,0.0,-0.0
1491,52.38050628990179,0.0,0.0,7.105427357601002e-15,-0.0,0.0,0.0
1492,50.97918071838474,0.0,0.0,7.105427357601002e-15,0.0,0.0,-0.0
1493,49.937177600702,0.0,0.0,7.105427357601002e-15,50.0,0.0,46.09772228646444
1494,55.03646007703091,0.0,0.0,7.105427357601002e-15,0.0,0.0,46.09772228646444
1495,55.7598055229892,0.0,0.0,7.105427357601002e-15,0.0,0.0,46.09772228646444
1496,61.76623356366639,0.0,0.0,7.105427357601002e-15,0.0,42.50000000000001,-0.0
1497,55.20862007609796,0.0,0.0,7.105427357601002e-15,0.0,0.0,-0.0
1498,56.197124950828595,0.0,0.0,7.105427357601002e-15,0.0,0.0,0.0
1499,45.93341712243745,0.0,0.0,7.105427357601002e-15,8.465228909328081,0.0,7.804555427071122
1500,41.46389193374194,50.0,0.0,46.097722286464446,50.0,0.0,53.90227771353556
1501,40.13441567260861,50.0,0.0,92.19544457292889,50.0,0.0,100.0
1502,53.18676196765378,0.0,0.0,92.19544457292889,0.0,0.0,100.0
1503,62.70996999997285,0.0,0.0,92.19544457292889,0.0,-0.0,100.0
1504,69.8133694745832,0.0,0.0,92.19544457292889,0.0,-0.0,100.0
1505,79.37416203462956,0.0,50.0,37.96283011826485,0.0,50.0,45.76738554533596
1506,71.0687161095311,0.0,0.0,37.96283011826485,0.0,0.0,45.76738554533596
1507,71.11014793924335,0.0,0.0,37.96283011826485,0.0,0.0,45.76738554533596
1508,79.28196573553444,0.0,35.000000000000014,0.0,0.0,42.19544457292888,0.0
1509,74.94437059992424,0.0,0.0,0.0,0.0,0.0,-0.0
1510,70.48604925544399,0.0,0.0,0.0,0.0,0.0,-0.0
1511,69.90004517443299,0.0,0.0,0.0,0.0,0.0,-0.0
1512,63.00110172585735,0.0,0.0,0.0,-0.0,0.0,0.0
1513,48.91262764809232,0.0,0.0,0.0,0.0,0.0,-0.0
1514,38.12767413172161,0.0,0.0,0.0,50.0,0.0,46.09772228646444
1515,40.04093720203797,0.0,0.0,0.0,8.465228909328081,0.0,53.90227771353556
1516,39.057229061334944,0.0,0.0,0.0,50.0,0.0,100.0
1517,52.01986855788006,0.0,0.0,0.0,0.0,0.0,100.0
1518,57.17437114692692,0.0,0.0,0.0,0.0,50.0,45.76738554533596
1519,53.169391710765,0.0,0.0,0.0,0.0,42.19544457292888,-0.0
1520,50.620638192204154,0.0,0.0,0.0,0.0,0.0,0.0
1521,36.101196467365234,0.0,0.0,0.0,0.0,0.0,-0.0
1522,33.319194031244024,0.0,0.0,0.0,8.465228909328081,0.0,7.804555427071122
1523,30.233353195476113,50.0,0.0,46.09772228646444,50.0,0.0,53.90227771353556
1524,27.721409933197805,50.0,0.0,92.19544457292888,50.0,0.0,100.0
1525,36.79177328195233,0.0,0.0,92.19544457292888,0.0,0.0,100.0
1526,49.39836984832692,0.0,0.0,92.19544457292888,0.0,-0.0,100.0
1527,56.45197626024564,0.0,0.0,92.19544457292888,0.0,-0.0,100.0
1528,53.44844600820699,0.0,0.0,92.19544457292888,0.0,0.0,100.0
1529,64.88869959505553,0.0,0.0,92.19544457292888,0.0,0.0,100.0
1530,72.31370252003555,0.0,0.0,92.19544457292888,0.0,0.0,100.0
1531,74.20064874784816,0.0,50.0,37.96283011826483,0.0,42.19544457292888,54.23261445466404
1532,76.55248962676234,0.0,35.0,7.105427357601002e-15,0.0,50.0,-0.0
1533,65.28514488355962,0.0,0.0,7.105427357601002e-15,0.0,0.0,-0.0
1534,72.22589766139363,0.0,0.0,7.105427357601002e-15,0.0,0.0,0.0
1535,63.21784621962405,0.0,0.0,7.105427357601002e-15,0.0,0.0,-0.0
1536,56.01496495403488,0.0,0.0,7.105427357601002e-15,-0.0,0.0,0.0
1537,44.15610562577732,50.0,0.0,46.097722286464446,50.0,0.0,46.09772228646444
1538,37.864231130945605,50.0,0.0,92.19544457292889,50.0,0.0,92.19544457292888
1539,46.9806778823357,0.0,0.0,92.19544457292889,8.465228909328081,0.0,100.0
1540,47.97336125454196,0.0,0.0,92.19544457292889,0.0,0.0,100.0
1541,57.67072622261742,0.0,0.0,92.19544457292889,-0.0,0.0,100.0
1542,65.43812826913356,0.0,0.0,92.19544457292889,0.0,0.0,100.0
1543,70.87601623722733,0.0,0.0,92.19544457292889,0.0,0.0,100.0
1544,81.4745192089536,0.0,50.0,37.96283011826485,0.0,50.0,45.76738554533596
1545,78.46263098024117,0.0,35.000000000000014,0.0,0.0,42.19544457292888,0.0
1546,63.997151819111195,0.0,0.0,0.0,-0.0,0.0,0.0
1547,55.22875634347299,0.0,0.0,0.0,8.823529411764698,0.0,8.134892168199599
1548,56.20825725675466,0.0,0.0,0.0,0.0,0.0,8.134892168199599
1549,59.38357242657266,0.0,0.0,0.0,0.0,0.0,8.134892168199599
1550,55.085104579964,0.0,0.0,0.0,50.0,0.0,54.23261445466404
1551,58.66545835872344,0.0,0.0,0.0,0.0,0.0,54.23261445466404
1552,64.0372646998093,0.0,0.0,0.0,0.0,0.0,54.23261445466404
1553,69.27822542445199,0.0,0.0,0.0,0.0,50.0,0.0
1554,65.75200791812159,0.0,0.0,0.0,0.0,-0.0,-0.0
1555,62.97338651055742,0.0,0.0,0.0,0.0,0.0,-0.0
1556,56.76177576714637,0.0,0.0,0.0,0.0,0.0,-0.0
1557,57.62872202264112,0.0,0.0,0.0,0.0,0.0,-0.0
1558,58.54571910147209,0.0,0.0,0.0,0.0,0.0,-0.0
1559,55.03857617448841,0.0,0.0,0.0,0.0,0.0,0.0
1560,42.1721951853907,0.0,0.0,0.0,0.0,0.0,-0.0
1561,41.40153962527002,0.0,0.0,0.0,-0.0,0.0,0.0
1562,35.94155026945597,0.0,0.0,0.0,0.0,0.0,-0.0
1563,30.554594076547524,50.0,0.0,46.09772228646444,50.0,0.0,46.09772228646444
1564,29.04296611160114,50.0,0.0,92.19544457292888,50.0,0.0,92.19544457292888
1565,32.049063985323755,0.0,0.0,92.19544457292888,8.465228909328081,0.0,100.0
1566,34.035730162823576,0.0,0.0,92.19544457292888,0.0,0.0,100.0
1567,43.29739542173736,0.0,0.0,92.19544457292888,0.0,0.0,100.0
1568,52.47655437330597,0.0,0.0,92.19544457292888,0.0,50.0,45.76738554533596
1569,44.21209638846224,0.0,0.0,92.19544457292888,0.0,0.0,45.76738554533596
1570,42.24767482500296,0.0,0.0,92.19544457292888,0.0,0.0,45.76738554533596
1571,38.3186637556924,0.0,0.0,92.19544457292888,50.0,0.0,91.8651078318004
1572,39.413164875650715,0.0,0.0,92.19544457292888,0.0,0.0,91.8651078318004
1573,41.601648664487975,0.0,0.0,92.19544457292888,0.0,0.0,91.8651078318004
1574,39.26084943670661,0.0,0.0,92.19544457292888,8.823529411764698,0.0,100.0
1575,41.06876506424105,0.0,0.0,92.19544457292888,0.0,0.0,100.0
1576,51.1216204887428,0.0,0.0,92.19544457292888,0.0,-0.0,100.0
1577,64.99963235544402,0.0,50.0,37.96283011826483,0.0,50.0,45.76738554533596
1578,57.18380352586124,0.0,0.0,37.96283011826483,0.0,0.0,45.76738554533596
1579,60.4053347312824,0.0,0.0,37.96283011826483,0.0,0.0,45.76738554533596
1580,64.93660656932641,0.0,35.0,7.105427357601002e-15,0.0,42.19544457292888,-0.0
1581,60.10536526683295,0.0,0.0,7.105427357601002e-15,0.0,0.0,0.0
1582,59.41256062004862,0.0,0.0,7.105427357601002e-15,0.0,-0.0,-0.0
1583,52.77548215372227,0.0,0.0,7.105427357601002e-15,0.0,0.0,0.0
1584,41.578537997448215,0.0,0.0,7.105427357601002e-15,0.0,-0.0,0.0
1585,31.167798659513267,0.0,0.0,7.105427357601002e-15,-0.0,0.0,0.0
1586,18.07261477083283,50.0,0.0,46.097722286464446,50.0,0.0,46.09772228646444
1587,25.518617098981053,0.0,0.0,46.097722286464446,8.465228909328081,0.0,53.90227771353556
1588,24.138431953959163,50.0,0.0,92.19544457292889,50.0,0.0,100.0
1589,28.49843914382907,0.0,0.0,92.19544457292889,0.0,0.0,100.0
1590,29.52507569031243,0.0,0.0,92.19544457292889,0.0,0.0,100.0
1591,30.478879092857426,0.0,0.0,92.19544457292889,0.0,0.0,100.0
1592,35.64988321276124,0.0,0.0,92.19544457292889,0.0,-0.0,100.0
1593,33.363791651602654,0.0,0.0,92.19544457292889,0.0,0.0,100.0
1594,34.1536255206905,0.0,0.0,92.19544457292889,0.0,0.0,100.0
1595,34.53027632755597,0.0,0.0,92.19544457292889,0.0,0.0,100.0
1596,35.795281788957446,0.0,0.0,92.19544457292889,0.0,-0.0,100.0
1597,39.63857438397287,0.0,0.0,92.19544457292889,0.0,-0.0,100.0
1598,54.11752689397948,0.0,0.0,92.19544457292889,0.0,-0.0,100.0
1599,55.88256712618599,0.0,0.0,92.19544457292889,0.0,-0.0,100.0
1600,64.36041596620848,0.0,0.0,92.19544457292889,0.0,-0.0,100.0
1601,77.8170171263572,0.0,0.0,92.19544457292889,0.0,0.0,100.0
1602,88.17288393105164,0.0,50.0,37.96283011826485,0.0,50.0,45.76738554533596
1603,79.34903784577969,0.0,35.000000000000014,0.0,0.0,42.19544457292888,-0.0
1604,74.1986559920471,0.0,0.0,0.0,0.0,0.0,-0.0
1605,76.98406932925366,0.0,0.0,0.0,0.0,0.0,-0.0
1606,74.79368322823721,0.0,0.0,0.0,0.0,0.0,0.0
1607,71.9438471843734,0.0,0.0,0.0,0.0,-0.0,0.0
1608,58.76852393293272,0.0,0.0,0.0,0.0,0.0,-0.0
1609,53.87265490913867,0.0,0.0,0.0,0.0,0.0,-0.0
1610,53.55369984503692,50.0,0.0,46.09772228646444,50.0,0.0,46.09772228646444
1611,51.76535119846616,50.0,0.0,92.19544457292888,50.0,0.0,92.19544457292888
1612,53.59995068272288,0.0,0.0,92.19544457292888,8.465228909328081,0.0,100.0
1613,58.688039999087096,0.0,0.0,92.19544457292888,0.0,0.0,100.0
1614,61.346495467697906,0.0,0.0,92.19544457292888,0.0,0.0,100.0
1615,70.59523731024822,0.0,0.0,92.19544457292888,0.0,0.0,100.0
1616,89.74196748065295,0.0,0.0,92.19544457292888,0.0,50.0,45.76738554533596
1617,77.63821765085511,0.0,0.0,92.19544457292888,0.0,0.0,45.76738554533596
1618,74.81069796407307,0.0,0.0,92.19544457292888,0.0,0.0,45.76738554533596
1619,65.46806154589312,0.0,0.0,92.19544457292888,50.0,0.0,91.8651078318004
1620,65.82377423748986,0.0,0.0,92.19544457292888,8.823529411764698,0.0,100.0
1621,66.35869165206216,0.0,0.0,92.19544457292888,0.0,0.0,100.0
1622,74.34611149707025,0.0,0.0,92.19544457292888,0.0,0.0,100.0
1623,86.93105978459012,0.0,0.0,92.19544457292888,0.0,-0.0,100.0
1624,94.44072958707335,0.0,0.0,92.19544457292888,0.0,0.0,100.0
1625,105.63780079907744,0.0,50.0,37.96283011826483,0.0,50.0,45.76738554533596
1626,94.05850146112094,0.0,0.0,37.96283011826483,0.0,0.0,45.76738554533596
1627,101.36042177102706,0.0,35.0,7.105427357601002e-15,0.0,42.19544457292888,-0.0
1628,98.33998288741606,0.0,0.0,7.105427357601002e-15,0.0,0.0,-0.0
1629,97.77326913679855,0.0,0.0,7.105427357601002e-15,0.0,0.0,0.0
1630,84.519941374993,0.0,0.0,7.105427357601002e-15,0.0,0.0,-0.0
1631,75.2974549481544,0.0,0.0,7.105427357601002e-15,-0.0,0.0,0.0
1632,63.87053754611702,0.0,0.0,7.105427357601002e-15,0.0,0.0,-0.0
1633,60.6092142013707,0.0,0.0,7.105427357601002e-15,0.0,0.0,-0.0
1634,59.7566895774097,0.0,0.0,7.105427357601002e-15,50.0,0.0,46.09772228646444
1635,64.85600777344047,0.0,0.0,7.105427357601002e-15,0.0,0.0,46.09772228646444
1636,56.234278696152884,0.0,0.0,7.105427357601002e-15,50.0,0.0,92.19544457292888
1637,66.04850542232234,0.0,0.0,7.105427357601002e-15,0.0,0.0,92.19544457292888
1638,71.92986989567335,0.0,0.0,7.105427357601002e-15,0.0,0.0,92.19544457292888
1639,76.33734686359257,0.0,0.0,7.105427357601002e-15,0.0,50.0,37.96283011826484
1640,70.93393946209476,0.0,0.0,7.105427357601002e-15,0.0,0.0,37.96283011826484
1641,72.78098592605497,0.0,0.0,7.105427357601002e-15,0.0,35.00000000000001,0.0
1642,55.258096554917344,0.0,0.0,7.105427357601002e-15,-0.0,0.0,0.0
1643,55.129117791640965,0.0,0.0,7.105427357601002e-15,0.0,0.0,-0.0
1644,44.87795499334928,50.0,0.0,46.097722286464446,50.0,0.0,46.09772228646444
1645,47.02176126732498,50.0,0.0,92.19544457292889,50.0,0.0,92.19544457292888
1646,51.61382102865125,0.0,0.0,92.19544457292889,8.465228909328081,0.0,100.0
1647,65.87086474062062,0.0,0.0,92.19544457292889,0.0,-0.0,100.0
1648,72.91912959410016,0.0,0.0,92.19544457292889,0.0,0.0,100.0
1649,75.68627113299812,0.0,0.0,92.19544457292889,0.0,0.0,100.0
1650,76.46066010799368,0.0,0.0,92.19544457292889,0.0,0.0,100.0
1651,83.33578610899687,0.0,50.0,37.96283011826485,0.0,50.0,45.76738554533596
1652,82.55398639512518,0.0,35.000000000000014,0.0,0.0,42.19544457292888,0.0
1653,75.12211902645359,0.0,0.0,0.0,0.0,-0.0,-0.0
1654,68.97648880974747,0.0,0.0,0.0,0.0,0.0,0.0
1655,56.86952167591167,0.0,0.0,0.0,0.0,-0.0,-0.0
1656,48.15864675617971,0.0,0.0,0.0,0.0,0.0,0.0
1657,36.49043721970967,50.0,0.0,46.09772228646444,50.0,0.0,46.09772228646444
1658,40.02482419741332,50.0,0.0,92.19544457292888,50.0,0.0,92.19544457292888
1659,41.346617670530954,0.0,0.0,92.19544457292888,8.465228909328081,0.0,100.0
1660,57.32503948278382,0.0,0.0,92.19544457292888,0.0,-0.0,100.0
1661,55.650708710027075,0.0,0.0,92.19544457292888,0.0,0.0,100.0
1662,61.70171593130816,0.0,0.0,92.19544457292888,0.0,-0.0,100.0
1663,77.88768703781663,0.0,0.0,92.19544457292888,0.0,0.0,100.0
1664,87.01178093397168,0.0,50.0,37.96283011826483,0.0,50.0,45.76738554533596
1665,81.05705532777891,0.0,0.0,37.96283011826483,0.0,0.0,45.76738554533596
1666,77.42287478823665,0.0,0.0,37.96283011826483,0.0,0.0,45.76738554533596
1667,72.07636705593139,0.0,0.0,37.96283011826483,0.0,0.0,45.76738554533596
1668,70.31149992858722,0.0,0.0,37.96283011826483,0.0,0.0,45.76738554533596
1669,66.41102941510742,0.0,0.0,37.96283011826483,50.0,0.0,91.8651078318004
1670,69.71306045579952,0.0,0.0,37.96283011826483,0.0,0.0,91.8651078318004
1671,67.39091333659447,0.0,0.0,37.96283011826483,8.823529411764698,0.0,100.0
1672,76.05095696022681,0.0,0.0,37.96283011826483,0.0,0.0,100.0
1673,84.8760872367865,0.0,0.0,37.96283011826483,0.0,42.19544457292888,54.23261445466404
1674,86.4967480622982,0.0,35.0,7.105427357601002e-15,0.0,50.0,0.0
1675,76.73553234036157,0.0,0.0,7.105427357601002e-15,0.0,0.0,-0.0
1676,78.93604357432565,0.0,0.0,7.105427357601002e-15,0.0,-0.0,-0.0
1677,75.90137452455181,0.0,0.0,7.105427357601002e-15,0.0,0.0,-0.0
1678,67.00467241793777,0.0,0.0,7.105427357601002e-15,0.0,0.0,0.0
1679,62.1217630540983,0.0,0.0,7.105427357601002e-15,8.823529411764698,0.0,8.134892168199599
1680,42.62668021101876,0.0,0.0,7.105427357601002e-15,50.0,0.0,54.23261445466404
1681,268.07715253757067,0.0,6.5508803411467564e-15,0.0,0.0,50.0,0.0
1682,31.934980742981296,50.0,0.0,46.09772228646444,50.0,0.0,46.09772228646444
1683,39.9124081840202,0.0,0.0,46.09772228646444,8.465228909328081,0.0,53.90227771353556
1684,39.35289216022369,0.0,0.0,46.09772228646444,50.0,0.0,100.0
1685,48.59839310845079,0.0,0.0,46.09772228646444,0.0,0.0,100.0
1686,52.78222638483489,0.0,0.0,46.09772228646444,-0.0,0.0,100.0
1687,61.11028843693733,0.0,0.0,46.09772228646444,0.0,0.0,100.0
1688,64.16236894476464,0.0,0.0,46.09772228646444,0.0,42.19544457292888,54.23261445466404
1689,68.55232682196194,0.0,0.0,46.09772228646444,0.0,50.0,-0.0
1690,61.68271770409993,0.0,0.0,46.09772228646444,0.0,0.0,0.0
1691,48.85681991780851,0.0,0.0,46.09772228646444,-0.0,0.0,0.0
1692,39.68194188265573,0.0,0.0,46.09772228646444,8.465228909328081,0.0,7.804555427071122
1693,38.996104403852186,0.0,0.0,46.09772228646444,50.0,0.0,53.90227771353556
1694,37.975687196513185,50.0,0.0,92.19544457292888,50.0,0.0,100.0
1695,49.07929722201408,0.0,0.0,92.19544457292888,-0.0,0.0,100.0
1696,55.807808162246076,0.0,0.0,92.19544457292888,0.0,0.0,100.0
1697,76.73639691997963,0.0,50.0,37.96283011826483,0.0,50.0,45.76738554533596
1698,70.66091101553896,0.0,0.0,37.96283011826483,0.0,0.0,45.76738554533596
1699,72.09014545322952,0.0,0.0,37.96283011826483,0.0,42.19544457292888,0.0
1700,62.998393828764286,0.0,0.0,37.96283011826483,0.0,0.0,-0.0
1701,56.44045342884241,0.0,0.0,37.96283011826483,-0.0,0.0,0.0
1702,53.774210545134935,0.0,0.0,37.96283011826483,-0.0,0.0,0.0
1703,38.63734571755646,0.0,0.0,37.96283011826483,8.465228909328081,0.0,7.804555427071122
1704,30.45981953235181,50.0,0.0,84.06055240472926,50.0,0.0,53.90227771353556
1705,40.263999472501844,0.0,0.0,84.06055240472926,0.0,0.0,53.90227771353556
1706,36.886578078123804,17.288758321092793,0.0,100.0,50.0,0.0,100.0
1707,39.1652644639165,0.0,0.0,100.0,0.0,0.0,100.0
1708,47.81612218119858,0.0,0.0,100.0,0.0,0.0,100.0
1709,52.00396150139592,0.0,0.0,100.0,0.0,-0.0,100.0
1710,55.69783522712466,0.0,0.0,100.0,0.0,0.0,100.0
1711,49.92696481090042,0.0,0.0,100.0,0.0,0.0,100.0
1712,58.12091880914376,0.0,0.0,100.0,0.0,50.0,45.76738554533596
1713,57.5397478924936,0.0,0.0,100.0,0.0,42.19544457292888,0.0
1714,48.867783371908885,0.0,0.0,100.0,0.0,0.0,-0.0
1715,46.348192942072544,0.0,0.0,100.0,8.465228909328081,0.0,7.804555427071122
1716,41.75193964016594,0.0,0.0,100.0,50.0,0.0,53.90227771353556
1717,40.92983482509891,0.0,0.0,100.0,50.0,0.0,100.0
1718,49.96881903349359,0.0,0.0,100.0,0.0,0.0,100.0
1719,50.55567482270227,0.0,0.0,100.0,0.0,0.0,100.0
1720,65.49541642300775,0.0,0.0,100.0,0.0,0.0,100.0
1721,64.94982463888758,0.0,0.0,100.0,0.0,0.0,100.0
1722,65.67090418282909,0.0,0.0,100.0,0.0,0.0,100.0
1723,76.93061071743516,0.0,50.0,45.767385545335955,0.0,42.19544457292888,54.23261445466404
1724,79.880017016469,0.0,42.19544457292887,0.0,0.0,50.0,-0.0
1725,75.30648420829891,0.0,0.0,0.0,0.0,0.0,0.0
1726,65.27456572750253,0.0,0.0,0.0,0.0,-0.0,-0.0
1727,59.153719136205645,0.0,0.0,0.0,0.0,0.0,0.0
1728,48.53793553248949,0.0,0.0,0.0,0.0,0.0,-0.0
1729,46.726643507989074,0.0,0.0,0.0,0.0,0.0,-0.0
1730,44.85864433903396,0.0,0.0,0.0,50.0,0.0,46.09772228646444
1731,44.940903715365074,0.0,0.0,0.0,8.465228909328081,0.0,53.90227771353556
1732,46.34245607322069,0.0,0.0,0.0,0.0,0.0,53.90227771353556
1733,43.61168155564478,50.0,0.0,46.09772228646444,50.0,0.0,100.0
1734,48.28944823234343,0.0,0.0,46.09772228646444,0.0,0.0,100.0
1735,60.62118935812508,0.0,0.0,46.09772228646444,0.0,50.0,45.76738554533596
1736,56.96178892212306,0.0,0.0,46.09772228646444,0.0,35.00000000000001,7.804555427071122
1737,56.04742368704236,0.0,0.0,46.09772228646444,0.0,0.0,7.804555427071122
1738,48.548498056261735,0.0,0.0,46.09772228646444,0.0,0.0,7.804555427071122
1739,45.968999480261225,0.0,0.0,46.09772228646444,50.0,0.0,53.90227771353556
1740,42.473945154556965,50.0,0.0,92.19544457292888,50.0,0.0,100.0
1741,52.62969880440667,0.0,0.0,92.19544457292888,0.0,0.0,100.0
1742,60.24279920380177,0.0,0.0,92.19544457292888,0.0,-0.0,100.0
1743,60.20529233074383,0.0,0.0,92.19544457292888,0.0,0.0,100.0
1744,72.35283260841587,0.0,0.0,92.19544457292888,0.0,0.0,100.0
1745,74.71962329809996,0.0,0.0,92.19544457292888,0.0,0.0,100.0
1746,75.17934564597806,0.0,50.0,37.96283011826483,0.0,42.19544457292888,54.23261445466404
1747,76.87571961407096,0.0,35.0,7.105427357601002e-15,0.0,50.0,0.0
1748,70.92418074830806,0.0,0.0,7.105427357601002e-15,0.0,0.0,-0.0
1749,71.39622069130138,0.0,0.0,7.105427357601002e-15,0.0,-0.0,-0.0
1750,62.57068282121281,0.0,0.0,7.105427357601002e-15,0.0,0.0,0.0
1751,56.15941909548457,0.0,0.0,7.105427357601002e-15,0.0,-0.0,0.0
1752,41.755153850086565,50.0,0.0,46.097722286464446,50.0,0.0,46.09772228646444
1753,37.135179557945854,50.0,0.0,92.19544457292889,50.0,0.0,92.19544457292888
1754,42.53188385369975,0.0,0.0,92.19544457292889,8.465228909328081,0.0,100.0
1755,46.416608708750616,0.0,0.0,92.19544457292889,0.0,0.0,100.0
1756,58.29123804254684,0.0,0.0,92.19544457292889,0.0,-0.0,100.0
1757,75.06723104473744,0.0,0.0,92.19544457292889,0.0,0.0,100.0
1758,74.55769691601085,0.0,0.0,92.19544457292889,0.0,0.0,100.0
1759,80.27619229388988,0.0,0.0,92.19544457292889,0.0,50.0,45.76738554533596
1760,76.19940353269779,0.0,0.0,92.19544457292889,0.0,42.19544457292888,-0.0
1761,70.60793991267454,0.0,0.0,92.19544457292889,0.0,0.0,0.0
1762,63.06016836680496,0.0,0.0,92.19544457292889,0.0,0.0,-0.0
1763,52.96551534806358,0.0,0.0,92.19544457292889,-0.0,0.0,0.0
1764,45.29782482720038,0.0,0.0,92.19544457292889,50.0,0.0,46.09772228646444
1765,46.32255826237975,0.0,0.0,92.19544457292889,8.465228909328081,0.0,53.90227771353556
1766,44.93053555325523,0.0,0.0,92.19544457292889,50.0,0.0,100.0
1767,57.88806414101992,0.0,0.0,92.19544457292889,0.0,0.0,100.0
1768,61.46999801324957,0.0,0.0,92.19544457292889,0.0,-0.0,100.0
1769,84.36621584254263,0.0,0.0,92.19544457292889,0.0,0.0,100.0
1770,84.79330931185979,0.0,50.0,37.96283011826485,0.0,50.0,45.76738554533596
1771,84.43872842496617,0.0,35.000000000000014,0.0,0.0,42.19544457292888,-0.0
1772,73.50019819233867,0.0,0.0,0.0,0.0,0.0,-0.0
1773,78.25183450695548,0.0,0.0,0.0,0.0,0.0,-0.0
1774,79.32918468343256,0.0,0.0,0.0,0.0,0.0,-0.0
1775,76.69827664633895,0.0,0.0,0.0,0.0,0.0,0.0
1776,56.956222980853866,0.0,0.0,0.0,0.0,0.0,-0.0
1777,55.465849447343736,0.0,0.0,0.0,8.465228909328081,0.0,7.804555427071122
1778,47.27432919278492,50.0,0.0,46.09772228646444,50.0,0.0,53.90227771353556
1779,55.3879449816512,0.0,0.0,46.09772228646444,50.0,0.0,100.0
1780,61.63560337310594,0.0,0.0,46.09772228646444,0.0,0.0,100.0
1781,66.21364056574126,0.0,0.0,46.09772228646444,0.0,0.0,100.0
1782,58.63700325070698,0.0,0.0,46.09772228646444,0.0,0.0,100.0
1783,59.753457570559036,0.0,0.0,46.09772228646444,-0.0,0.0,100.0
1784,67.46766187895493,0.0,0.0,46.09772228646444,0.0,0.0,100.0
1785,73.47877179005522,0.0,0.0,46.09772228646444,0.0,0.0,100.0
1786,75.281575622995,0.0,0.0,46.09772228646444,0.0,50.0,45.76738554533596
1787,61.32859735547187,0.0,0.0,46.09772228646444,8.823529411764698,0.0,53.90227771353556
1788,60.47759337246528,0.0,0.0,46.09772228646444,50.0,0.0,100.0
1789,66.7427419392673,0.0,0.0,46.09772228646444,0.0,0.0,100.0
1790,61.39031114479911,0.0,0.0,46.09772228646444,-0.0,0.0,100.0
1791,68.43818345338822,0.0,0.0,46.09772228646444,0.0,0.0,100.0
1792,77.7826360236831,0.0,42.5,0.0,0.0,42.19544457292888,54.23261445466404
1793,82.34857145000646,0.0,0.0,0.0,0.0,50.0,0.0
1794,75.22271252436138,0.0,0.0,0.0,0.0,-0.0,-0.0
1795,73.39848976058084,0.0,0.0,0.0,0.0,0.0,0.0
1796,68.61217407594282,0.0,0.0,0.0,0.0,-0.0,-0.0
1797,63.53250930457463,0.0,0.0,0.0,0.0,0.0,0.0
1798,56.45746228697638,0.0,0.0,0.0,0.0,-0.0,-0.0
1799,51.472329297740295,50.0,0.0,46.09772228646444,0.0,0.0,0.0
1800,40.811251148779334,0.0,0.0,46.09772228646444,-0.0,0.0,0.0
1801,41.8065830025228,0.0,0.0,46.09772228646444,0.0,0.0,-0.0
1802,39.133031288708786,0.0,0.0,46.09772228646444,8.465228909328081,0.0,7.804555427071122
1803,37.561221365253296,0.0,0.0,46.09772228646444,50.0,0.0,53.90227771353556
1804,41.203260213144944,0.0,0.0,46.09772228646444,0.0,0.0,53.90227771353556
1805,36.223770838671285,50.0,0.0,92.19544457292888,50.0,0.0,100.0
1806,46.92013310077306,0.0,0.0,92.19544457292888,0.0,0.0,100.0
1807,54.321043530318555,0.0,0.0,92.19544457292888,0.0,0.0,100.0
1808,58.87830706421977,0.0,0.0,92.19544457292888,0.0,42.19544457292888,54.23261445466404
1809,64.1467969737174,0.0,0.0,92.19544457292888,0.0,50.0,-0.0
1810,49.80857953941043,0.0,0.0,92.19544457292888,0.0,0.0,0.0
1811,35.666061206259855,8.465228909328081,0.0,100.0,50.0,0.0,46.09772228646444
1812,36.58713089625256,0.0,0.0,100.0,50.0,0.0,92.19544457292888
1813,39.01958775490758,0.0,0.0,100.0,8.465228909328081,0.0,100.0
1814,45.803212322524345,0.0,0.0,100.0,0.0,0.0,100.0
1815,51.52189296388842,0.0,0.0,100.0,0.0,-0.0,100.0
1816,64.28287933851888,0.0,0.0,100.0,0.0,0.0,100.0
1817,76.64501536933776,0.0,0.0,100.0,0.0,-0.0,100.0
1818,82.79571597118286,0.0,50.0,45.767385545335955,0.0,50.0,45.76738554533596
1819,80.76030103307102,0.0,42.19544457292887,0.0,0.0,42.19544457292888,0.0
1820,65.62973773751963,0.0,0.0,0.0,-0.0,0.0,-0.0
1821,65.81895306075003,0.0,0.0,0.0,0.0,0.0,-0.0
1822,68.39102326547325,0.0,0.0,0.0,0.0,0.0,-0.0
1823,68.49251131158987,0.0,0.0,0.0,0.0,0.0,0.0
1824,51.935270713977275,50.0,0.0,46.09772228646444,50.0,0.0,46.09772228646444
1825,53.36866993817015,0.0,0.0,46.09772228646444,50.0,0.0,92.19544457292888
1826,56.2352222936822,0.0,0.0,46.09772228646444,8.465228909328081,0.0,100.0
1827,64.20730651377268,0.0,0.0,46.09772228646444,0.0,0.0,100.0
1828,60.524337181872085,0.0,0.0,46.09772228646444,0.0,0.0,100.0
1829,63.415304412174635,0.0,0.0,46.09772228646444,0.0,0.0,100.0
1830,73.55860473780713,0.0,0.0,46.09772228646444,0.0,-0.0,100.0
1831,79.2804822216612,0.0,0.0,46.09772228646444,0.0,-0.0,100.0
1832,75.60217164614312,0.0,0.0,46.09772228646444,0.0,0.0,100.0
1833,76.6127225878738,0.0,0.0,46.09772228646444,0.0,0.0,100.0
1834,75.26268513375389,0.0,0.0,46.09772228646444,0.0,0.0,100.0
1835,70.55099109507236,0.0,0.0,46.09772228646444,0.0,0.0,100.0
1836,68.55748699361448,0.0,0.0,46.09772228646444,0.0,0.0,100.0
1837,67.20842738890268,0.0,0.0,46.09772228646444,-0.0,0.0,100.0
1838,79.0724499428525,0.0,0.0,46.09772228646444,0.0,0.0,100.0
1839,79.88382966572068,0.0,0.0,46.09772228646444,0.0,0.0,100.0
1840,83.63346138419331,0.0,0.0,46.09772228646444,0.0,0.0,100.0
1841,89.47521044953683,0.0,42.5,0.0,0.0,42.19544457292888,54.23261445466404
1842,96.8359909559885,0.0,0.0,0.0,0.0,50.0,-0.0
1843,86.94655947972149,0.0,0.0,0.0,0.0,0.0,-0.0
1844,75.73768630884062,0.0,0.0,0.0,0.0,0.0,0.0
1845,59.73049955247681,0.0,0.0,0.0,-0.0,0.0,0.0
1846,56.21951984501675,0.0,0.0,0.0,0.0,0.0,-0.0
1847,47.53811738711972,50.0,0.0,46.09772228646444,-0.0,0.0,0.0
1848,35.275464079265134,50.0,0.0,92.19544457292888,50.0,0.0,46.09772228646444
1849,37.89005968029314,0.0,0.0,92.19544457292888,0.0,0.0,46.09772228646444
1850,33.656109447052366,8.465228909328081,0.0,100.0,50.0,0.0,92.19544457292888
1851,36.020188892833616,0.0,0.0,100.0,8.465228909328081,0.0,100.0
1852,37.62349947312275,0.0,0.0,100.0,0.0,0.0,100.0
1853,47.17415847960466,0.0,0.0,100.0,0.0,-0.0,100.0
1854,57.038752839304955,0.0,0.0,100.0,0.0,0.0,100.0
1855,59.878228493676474,0.0,0.0,100.0,0.0,0.0,100.0
1856,62.87280411533676,0.0,0.0,100.0,0.0,0.0,100.0
1857,68.29825674169379,0.0,0.0,100.0,0.0,50.0,45.76738554533596
1858,66.5527380264515,0.0,0.0,100.0,0.0,35.00000000000001,7.804555427071122
1859,54.327202773365904,0.0,0.0,100.0,50.0,0.0,53.90227771353556
1860,55.94866503298891,0.0,0.0,100.0,0.0,0.0,53.90227771353556
1861,51.00279111119624,0.0,0.0,100.0,50.0,0.0,100.0
1862,63.72052412432126,0.0,0.0,100.0,0.0,0.0,100.0
1863,76.26964891312464,0.0,0.0,100.0,-0.0,0.0,100.0
1864,85.114978500794,0.0,0.0,100.0,0.0,0.0,100.0
1865,91.64997409689013,0.0,0.0,100.0,0.0,0.0,100.0
1866,92.86372276928459,0.0,50.0,45.767385545335955,0.0,42.19544457292888,54.23261445466404
1867,95.23964557524047,0.0,42.19544457292887,0.0,0.0,50.0,-0.0
1868,88.57614313886427,0.0,0.0,0.0,0.0,0.0,-0.0
1869,84.10921320130905,0.0,0.0,0.0,0.0,0.0,-0.0
1870,83.38564524715055,0.0,0.0,0.0,0.0,0.0,0.0
1871,75.72752938933874,0.0,0.0,0.0,0.0,-0.0,0.0
1872,60.07663571646745,0.0,0.0,0.0,0.0,-0.0,0.0
1873,50.62455325631637,0.0,0.0,0.0,0.0,0.0,-0.0
1874,43.10940086548556,0.0,0.0,0.0,8.465228909328081,0.0,7.804555427071122
1875,33.436258116867556,50.0,0.0,46.09772228646444,50.0,0.0,53.90227771353556
1876,40.89378033757402,50.0,0.0,92.19544457292888,50.0,0.0,100.0
1877,56.451569527646924,0.0,0.0,92.19544457292888,0.0,-0.0,100.0
1878,70.84646287741667,0.0,0.0,92.19544457292888,0.0,-0.0,100.0
1879,67.51253092044432,0.0,0.0,92.19544457292888,0.0,0.0,100.0
1880,74.84881919735862,0.0,0.0,92.19544457292888,0.0,42.19544457292888,54.23261445466404
1881,81.45706692968083,0.0,50.0,37.96283011826483,0.0,50.0,0.0
1882,74.04860976987932,0.0,0.0,37.96283011826483,0.0,-0.0,-0.0
1883,69.50213632224315,0.0,0.0,37.96283011826483,0.0,0.0,0.0
1884,55.336167449832054,0.0,0.0,37.96283011826483,50.0,0.0,46.09772228646444
1885,57.86863819404699,0.0,0.0,37.96283011826483,8.465228909328081,0.0,53.90227771353556
1886,56.453032279281715,0.0,0.0,37.96283011826483,50.0,0.0,100.0
1887,65.01266793585077,0.0,0.0,37.96283011826483,0.0,0.0,100.0
1888,64.5212849072256,0.0,0.0,37.96283011826483,0.0,0.0,100.0
1889,74.72174711856708,0.0,0.0,37.96283011826483,0.0,-0.0,100.0
1890,83.98960993733337,0.0,35.0,7.105427357601002e-15,0.0,50.0,45.76738554533596
1891,78.99172023355203,0.0,0.0,7.105427357601002e-15,0.0,42.19544457292888,-0.0
1892,69.33301793208639,0.0,0.0,7.105427357601002e-15,0.0,0.0,0.0
1893,53.1555613624952,0.0,0.0,7.105427357601002e-15,0.0,0.0,-0.0
1894,48.4926038429773,0.0,0.0,7.105427357601002e-15,-0.0,0.0,0.0
1895,43.34263544132039,0.0,0.0,7.105427357601002e-15,0.0,-0.0,0.0
1896,24.979062116585,0.0,0.0,7.105427357601002e-15,-0.0,0.0,-0.0
1897,27.21991098012657,0.0,0.0,7.105427357601002e-15,0.0,0.0,0.0
1898,24.83986976344837,0.0,0.0,7.105427357601002e-15,8.465228909328081,0.0,7.804555427071122
1899,20.676568287862636,50.0,0.0,46.097722286464446,50.0,0.0,53.90227771353556
1900,22.026860675136604,50.0,0.0,92.19544457292889,50.0,0.0,100.0
1901,34.942813822549965,0.0,0.0,92.19544457292889,0.0,-0.0,100.0
1902,46.427707851769036,0.0,0.0,92.19544457292889,-0.0,0.0,100.0
1903,53.15350387092441,0.0,0.0,92.19544457292889,0.0,0.0,100.0
1904,60.98509608455029,0.0,0.0,92.19544457292889,0.0,50.0,45.76738554533596
1905,54.42652236562651,0.0,0.0,92.19544457292889,0.0,0.0,45.76738554533596
1906,51.73584649619039,0.0,0.0,92.19544457292889,0.0,0.0,45.76738554533596
1907,49.11514224318121,0.0,0.0,92.19544457292889,8.823529411764698,0.0,53.90227771353556
1908,44.937508909382466,0.0,0.0,92.19544457292889,50.0,0.0,100.0
1909,49.17785096802538,0.0,0.0,92.19544457292889,0.0,0.0,100.0
1910,49.9712486065582,0.0,0.0,92.19544457292889,-0.0,0.0,100.0
1911,60.723039332836834,0.0,0.0,92.19544457292889,0.0,0.0,100.0
1912,72.17521776489866,0.0,50.0,37.96283011826485,0.0,42.19544457292888,54.23261445466404
1913,62.77153543345403,0.0,0.0,37.96283011826485,0.0,0.0,54.23261445466404
1914,73.84752578306265,0.0,35.000000000000014,0.0,0.0,50.0,0.0
1915,57.15580252084488,0.0,0.0,0.0,0.0,0.0,-0.0
1916,51.99959860503098,0.0,0.0,0.0,-0.0,0.0,-0.0
1917,54.61968940741149,0.0,0.0,0.0,0.0,0.0,0.0
1918,49.56711973304992,0.0,0.0,0.0,0.0,-0.0,0.0
1919,39.47130637460391,0.0,0.0,0.0,0.0,-0.0,0.0
1920,23.91313565834487,50.0,0.0,46.09772228646444,50.0,0.0,46.09772228646444
1921,29.390307451300913,0.0,0.0,46.09772228646444,0.0,0.0,46.09772228646444
1922,18.754048681522697,50.0,0.0,92.19544457292888,50.0,0.0,92.19544457292888
1923,27.173182614921267,0.0,0.0,92.19544457292888,8.465228909328081,0.0,100.0
1924,30.7833156139557,0.0,0.0,92.19544457292888,0.0,0.0,100.0
1925,30.59218535941135,0.0,0.0,92.19544457292888,0.0,0.0,100.0
1926,35.88009043504729,0.0,0.0,92.19544457292888,0.0,-0.0,100.0
1927,38.517367222639464,0.0,0.0,92.19544457292888,0.0,-0.0,100.0
1928,48.80583068805193,0.0,0.0,92.19544457292888,0.0,42.19544457292888,54.23261445466404
1929,53.5740705876882,0.0,0.0,92.19544457292888,0.0,50.0,0.0
1930,41.31390681128053,0.0,0.0,92.19544457292888,0.0,0.0,-0.0
1931,36.44481856510766,0.0,0.0,92.19544457292888,50.0,0.0,46.09772228646444
1932,31.054039161013897,0.0,0.0,92.19544457292888,50.0,0.0,92.19544457292888
1933,41.05492542954519,0.0,0.0,92.19544457292888,0.0,0.0,92.19544457292888
1934,39.32438133431319,0.0,0.0,92.19544457292888,8.465228909328081,0.0,100.0
1935,56.89393328900913,0.0,0.0,92.19544457292888,0.0,0.0,100.0
1936,65.41495036359277,0.0,0.0,92.19544457292888,0.0,-0.0,100.0
1937,66.17202819598945,0.0,50.0,37.96283011826483,0.0,42.19544457292888,54.23261445466404
1938,66.72129220705125,0.0,35.0,7.105427357601002e-15,0.0,50.0,-0.0
1939,62.91711194824801,0.0,0.0,7.105427357601002e-15,0.0,0.0,0.0
1940,53.706678254852285,0.0,0.0,7.105427357601002e-15,-0.0,0.0,0.0
1941,51.080871623595606,0.0,0.0,7.105427357601002e-15,0.0,-0.0,0.0
1942,41.28525474310351,0.0,0.0,7.105427357601002e-15,-0.0,0.0,0.0
1943,27.882590014425926,0.0,0.0,7.105427357601002e-15,0.0,-0.0,0.0
1944,17.120906274956965,0.0,0.0,7.105427357601002e-15,0.0,-0.0,0.0
1945,7.543804586605342,0.0,0.0,7.105427357601002e-15,0.0,0.0,-0.0
1946,4.97742367532544,0.0,0.0,7.105427357601002e-15,8.465228909328081,0.0,7.804555427071122
1947,3.22028754157925,50.0,0.0,46.097722286464446,50.0,0.0,53.90227771353556
1948,4.138260819704948,50.0,0.0,92.19544457292889,50.0,0.0,100.0
1949,23.50898105090864,0.0,0.0,92.19544457292889,0.0,-0.0,100.0
1950,32.845522966779725,0.0,0.0,92.19544457292889,0.0,0.0,100.0
1951,42.65466674002532,0.0,0.0,92.19544457292889,0.0,50.0,45.76738554533596
1952,38.09840350702932,0.0,0.0,92.19544457292889,0.0,35.00000000000001,7.804555427071122
1953,36.0445502565436,0.0,0.0,92.19544457292889,0.0,0.0,7.804555427071122
1954,35.73865120596835,0.0,0.0,92.19544457292889,0.0,0.0,7.804555427071122
1955,27.872554761028695,0.0,0.0,92.19544457292889,50.0,0.0,53.90227771353556
1956,32.8665619244833,0.0,0.0,92.19544457292889,0.0,0.0,53.90227771353556
1957,29.00237293677219,0.0,0.0,92.19544457292889,50.0,0.0,100.0
1958,34.02630168093501,0.0,0.0,92.19544457292889,0.0,0.0,100.0
1959,39.94666551400116,0.0,0.0,92.19544457292889,-0.0,0.0,100.0
1960,50.825612365654095,0.0,0.0,92.19544457292889,0.0,0.0,100.0
1961,55.544834387781826,0.0,0.0,92.19544457292889,0.0,0.0,100.0
1962,59.12623099762007,0.0,50.0,37.96283011826485,0.0,50.0,45.76738554533596
1963,59.00186844897172,0.0,35.000000000000014,0.0,0.0,42.19544457292888,0.0
1964,53.056346563454845,0.0,0.0,0.0,0.0,-0.0,-0.0
1965,52.62578335727003,0.0,0.0,0.0,0.0,0.0,-0.0
1966,50.778969687163325,0.0,0.0,0.0,0.0,0.0,-0.0
1967,48.168913786848876,0.0,0.0,0.0,0.0,0.0,0.0
1968,35.60645552007238,50.0,0.0,46.09772228646444,50.0,0.0,46.09772228646444
1969,38.93963888649544,0.0,0.0,46.09772228646444,0.0,0.0,46.09772228646444
1970,36.85836683611714,0.0,0.0,46.09772228646444,8.465228909328081,0.0,53.90227771353556
1971,36.02339076958738,50.0,0.0,92.19544457292888,50.0,0.0,100.0
1972,39.848614866139144,0.0,0.0,92.19544457292888,0.0,0.0,100.0
1973,54.86698824145411,0.0,0.0,92.19544457292888,0.0,-0.0,100.0
1974,54.16945685448503,0.0,0.0,92.19544457292888,0.0,0.0,100.0
1975,65.26397794848285,0.0,0.0,92.19544457292888,0.0,-0.0,100.0
1976,58.36976561792558,0.0,0.0,92.19544457292888,0.0,0.0,100.0
1977,59.58735981438315,0.0,0.0,92.19544457292888,0.0,0.0,100.0
1978,64.99454113413964,0.0,0.0,92.19544457292888,0.0,0.0,100.0
1979,63.256838850178866,0.0,0.0,92.19544457292888,0.0,0.0,100.0
1980,61.54111699956715,0.0,0.0,92.19544457292888,0.0,0.0,100.0
1981,59.05869552526351,0.0,0.0,92.19544457292888,0.0,0.0,100.0
1982,63.574173425235,0.0,0.0,92.19544457292888,0.0,0.0,100.0
1983,69.11538541262576,0.0,0.0,92.19544457292888,0.0,0.0,100.0
1984,72.58004330165886,0.0,0.0,92.19544457292888,0.0,0.0,100.0
1985,77.59606251367929,0.0,50.0,37.96283011826483,0.0,42.19544457292888,54.23261445466404
1986,82.10462834641079,0.0,35.0,7.105427357601002e-15,0.0,50.0,-0.0
1987,77.33590762446354,0.0,0.0,7.105427357601002e-15,0.0,0.0,0.0
1988,69.61991545267117,0.0,0.0,7.105427357601002e-15,0.0,-0.0,-0.0
1989,57.79772939630405,0.0,0.0,7.105427357601002e-15,0.0,0.0,0.0
1990,56.40087135515289,0.0,0.0,7.105427357601002e-15,0.0,0.0,-0.0
1991,56.855827469450475,0.0,0.0,7.105427357601002e-15,0.0,0.0,-0.0
1992,47.28350395382047,50.0,0.0,46.097722286464446,50.0,0.0,46.09772228646444
1993,50.66835422986009,0.0,0.0,46.097722286464446,8.465228909328081,0.0,53.90227771353556
1994,49.48778887365144,50.0,0.0,92.19544457292889,50.0,0.0,100.0
1995,51.54850139286093,0.0,0.0,92.19544457292889,0.0,0.0,100.0
1996,55.30465286928907,0.0,0.0,92.19544457292889,0.0,0.0,100.0
1997,59.32912653122797,0.0,0.0,92.19544457292889,-0.0,0.0,100.0
1998,62.7493738619294,0.0,0.0,92.19544457292889,-0.0,0.0,100.0
1999,81.14402765541995,0.0,0.0,92.19544457292889,0.0,50.0,45.76738554533596
2000,80.98552259445768,0.0,0.0,92.19544457292889,0.0,35.00000000000001,7.804555427071122
2001,75.64960523625551,0.0,0.0,92.19544457292889,0.0,0.0,7.804555427071122
2002,73.57621662649913,0.0,0.0,92.19544457292889,0.0,0.0,7.804555427071122
2003,69.89241108016373,0.0,0.0,92.19544457292889,0.0,0.0,7.804555427071122
2004,59.014229868477486,0.0,0.0,92.19544457292889,50.0,0.0,53.90227771353556
2005,65.97852740752305,0.0,0.0,92.19544457292889,50.0,0.0,100.0
2006,69.28618814920843,0.0,0.0,92.19544457292889,0.0,0.0,100.0
2007,69.67522349333318,0.0,0.0,92.19544457292889,0.0,0.0,100.0
2008,83.95907749888198,0.0,0.0,92.19544457292889,0.0,0.0,100.0
2009,93.15720067500129,0.0,0.0,92.19544457292889,0.0,0.0,100.0
2010,88.45260380647471,0.0,0.0,92.19544457292889,0.0,0.0,100.0
2011,97.20198442335868,0.0,50.0,37.96283011826485,0.0,50.0,45.76738554533596
2012,96.053972031429,0.0,35.000000000000014,0.0,0.0,42.19544457292888,0.0
2013,89.67449200247424,0.0,0.0,0.0,0.0,0.0,-0.0
2014,92.48409255329118,0.0,0.0,0.0,0.0,-0.0,-0.0
2015,88.10966694797257,0.0,0.0,0.0,0.0,0.0,0.0
2016,74.76471611508039,0.0,0.0,0.0,0.0,0.0,-0.0
2017,67.14838713089692,0.0,0.0,0.0,-0.0,0.0,0.0
2018,67.44872471935544,0.0,0.0,0.0,0.0,0.0,-0.0
2019,68.62762321490735,0.0,0.0,0.0,0.0,0.0,-0.0
2020,69.51247548306883,0.0,0.0,0.0,0.0,0.0,-0.0
2021,68.62990760950257,0.0,0.0,0.0,0.0,0.0,-0.0
2022,74.98673061195987,0.0,0.0,0.0,0.0,0.0,-0.0
2023,79.90184994065086,0.0,0.0,0.0,0.0,-0.0,0.0
2024,74.98812984445246,0.0,0.0,0.0,0.0,0.0,-0.0
2025,65.66937642138006,0.0,0.0,0.0,-0.0,0.0,0.0
2026,65.06579452721749,0.0,0.0,0.0,-0.0,0.0,0.0
2027,46.32468562142139,0.0,0.0,0.0,8.465228909328081,0.0,7.804555427071122
2028,46.07019522928455,50.0,0.0,46.09772228646444,50.0,0.0,53.90227771353556
2029,45.20110814852297,50.0,0.0,92.19544457292888,50.0,0.0,100.0
2030,57.78050183690245,0.0,0.0,92.19544457292888,0.0,0.0,100.0
2031,62.4285095277903,0.0,0.0,92.19544457292888,0.0,-0.0,100.0
2032,74.34471763019394,0.0,0.0,92.19544457292888,0.0,0.0,100.0
2033,78.63967602587816,0.0,0.0,92.19544457292888,0.0,0.0,100.0
2034,82.60448930592311,0.0,50.0,37.96283011826483,0.0,42.19544457292888,54.23261445466404
2035,86.07057380899124,0.0,35.0,7.105427357601002e-15,0.0,50.0,-0.0
2036,79.58997524733985,0.0,0.0,7.105427357601002e-15,0.0,0.0,-0.0
2037,79.98242547787078,0.0,0.0,7.105427357601002e-15,0.0,0.0,0.0
2038,69.30738926302753,0.0,0.0,7.105427357601002e-15,0.0,0.0,-0.0
2039,67.41533922748677,0.0,0.0,7.105427357601002e-15,0.0,0.0,-0.0
2040,60.85143836203639,0.0,0.0,7.105427357601002e-15,8.465228909328081,0.0,7.804555427071122
2041,61.540462052299,0.0,0.0,7.105427357601002e-15,0.0,0.0,7.804555427071122
2042,69.6016634275082,0.0,0.0,7.105427357601002e-15,0.0,0.0,7.804555427071122
2043,63.798858954458126,0.0,0.0,7.105427357601002e-15,0.0,0.0,7.804555427071122
2044,57.37980689034265,50.0,0.0,46.097722286464446,50.0,0.0,53.90227771353556
2045,56.2832710107795,50.0,0.0,92.19544457292889,50.0,0.0,100.0
2046,66.48391167624403,0.0,0.0,92.19544457292889,0.0,0.0,100.0
2047,75.15921188528705,0.0,0.0,92.19544457292889,0.0,0.0,100.0
2048,78.49771002433982,0.0,0.0,92.19544457292889,0.0,50.0,45.76738554533596
2049,70.83444224996967,0.0,0.0,92.19544457292889,0.0,0.0,45.76738554533596
2050,70.95290694851899,0.0,0.0,92.19544457292889,0.0,0.0,45.76738554533596
2051,59.34477406683159,0.0,0.0,92.19544457292889,50.0,0.0,91.8651078318004
2052,63.358241846075,0.0,0.0,92.19544457292889,8.823529411764698,0.0,100.0
2053,79.53791941396943,0.0,0.0,92.19544457292889,0.0,-0.0,100.0
2054,84.36217722574446,0.0,0.0,92.19544457292889,0.0,0.0,100.0
2055,92.93772915893305,0.0,50.0,37.96283011826485,0.0,42.19544457292888,54.23261445466404
2056,96.22785388168998,0.0,35.000000000000014,0.0,0.0,50.0,-0.0
2057,91.10842991934237,0.0,0.0,0.0,0.0,0.0,-0.0
2058,90.1975153165375,0.0,0.0,0.0,0.0,0.0,0.0
2059,83.03059812270615,0.0,0.0,0.0,0.0,-0.0,-0.0
2060,71.36352900702877,0.0,0.0,0.0,0.0,0.0,-0.0
2061,76.36489052181787,0.0,0.0,0.0,0.0,0.0,-0.0
2062,72.927251601906,0.0,0.0,0.0,0.0,0.0,-0.0
2063,71.23173295025518,0.0,0.0,0.0,0.0,0.0,0.0
2064,57.60746107168461,0.0,0.0,0.0,0.0,0.0,-0.0
2065,53.95878590043787,0.0,0.0,0.0,50.0,0.0,46.09772228646444
2066,57.35319491730823,0.0,0.0,0.0,0.0,0.0,46.09772228646444
2067,56.4900876749081,0.0,0.0,0.0,0.0,0.0,46.09772228646444
2068,61.12333099831214,0.0,0.0,0.0,0.0,0.0,46.09772228646444
2069,64.13685026922687,0.0,0.0,0.0,0.0,0.0,46.09772228646444
2070,68.23419747526519,0.0,0.0,0.0,0.0,42.50000000000001,-0.0
2071,66.3016222000898,0.0,0.0,0.0,0.0,0.0,-0.0
2072,58.86440809445237,0.0,0.0,0.0,0.0,0.0,-0.0
2073,57.41131127904779,0.0,0.0,0.0,0.0,0.0,0.0
2074,54.62947249306919,0.0,0.0,0.0,0.0,-0.0,0.0
2075,43.907758270720144,0.0,0.0,0.0,-0.0,0.0,0.0
2076,42.515167773908495,0.0,0.0,0.0,8.465228909328081,0.0,7.804555427071122
2077,44.83780366639392,0.0,0.0,0.0,0.0,0.0,7.804555427071122
2078,38.39104481976699,50.0,0.0,46.09772228646444,50.0,0.0,53.90227771353556
2079,42.17415131014906,50.0,0.0,92.19544457292888,50.0,0.0,100.0
2080,54.22222451603544,0.0,0.0,92.19544457292888,0.0,0.0,100.0
2081,64.338219033766,0.0,0.0,92.19544457292888,0.0,-0.0,100.0
2082,62.404814703846895,0.0,0.0,92.19544457292888,0.0,0.0,100.0
2083,64.204738159759,0.0,0.0,92.19544457292888,0.0,0.0,100.0
2084,67.53137345106784,0.0,0.0,92.19544457292888,0.0,42.19544457292888,54.23261445466404
2085,67.62106822602786,0.0,50.0,37.96283011826483,0.0,50.0,-0.0
2086,62.81440030058185,0.0,0.0,37.96283011826483,0.0,0.0,-0.0
2087,57.215194079869825,0.0,0.0,37.96283011826483,0.0,0.0,0.0
2088,42.88039096131775,50.0,0.0,84.06055240472926,50.0,0.0,46.09772228646444
2089,43.860045807790534,0.0,0.0,84.06055240472926,8.465228909328081,0.0,53.90227771353556
2090,43.779903431578994,17.288758321092793,0.0,100.0,50.0,0.0,100.0
2091,47.57436923699434,0.0,0.0,100.0,-0.0,0.0,100.0
2092,50.68278075627222,0.0,0.0,100.0,0.0,0.0,100.0
2093,60.06056666039845,0.0,0.0,100.0,-0.0,0.0,100.0
2094,66.86573496739251,0.0,0.0,100.0,0.0,0.0,100.0
2095,77.0896102298421,0.0,0.0,100.0,0.0,-0.0,100.0
2096,84.51044210200898,0.0,50.0,45.767385545335955,0.0,50.0,45.76738554533596
2097,78.14758672566639,0.0,0.0,45.767385545335955,0.0,42.19544457292888,0.0
2098,63.555003217439506,0.0,0.0,45.767385545335955,8.465228909328081,0.0,7.804555427071122
2099,67.72680010074109,0.0,0.0,45.767385545335955,0.0,0.0,7.804555427071122
2100,66.14901624328579,0.0,0.0,45.767385545335955,0.0,0.0,7.804555427071122
2101,56.97380197889148,0.0,0.0,45.767385545335955,50.0,0.0,53.90227771353556
2102,57.54888005745091,0.0,0.0,45.767385545335955,50.0,0.0,100.0
2103,69.17364314017799,0.0,0.0,45.767385545335955,0.0,0.0,100.0
2104,75.41858047203621,0.0,0.0,45.767385545335955,0.0,0.0,100.0
2105,78.99968747513492,0.0,0.0,45.767385545335955,0.0,0.0,100.0
2106,90.01673528403315,0.0,42.19544457292887,0.0,0.0,50.0,45.76738554533596
2107,83.11422111357177,0.0,0.0,0.0,0.0,42.19544457292888,-0.0
2108,75.00956197621045,0.0,0.0,0.0,0.0,0.0,0.0
2109,71.42711695010033,0.0,0.0,0.0,0.0,0.0,-0.0
2110,69.00656932522186,0.0,0.0,0.0,0.0,0.0,-0.0
2111,68.24670683981945,0.0,0.0,0.0,0.0,0.0,-0.0
2112,61.55774417324015,0.0,0.0,0.0,0.0,0.0,-0.0
2113,59.65577113656399,50.0,0.0,46.09772228646444,50.0,0.0,46.09772228646444
2114,60.0094891725698,0.0,0.0,46.09772228646444,0.0,0.0,46.09772228646444
2115,57.69936308761578,50.0,0.0,92.19544457292888,50.0,0.0,92.19544457292888
2116,59.667934763732646,0.0,0.0,92.19544457292888,8.465228909328081,0.0,100.0
2117,64.4600703806834,0.0,0.0,92.19544457292888,0.0,0.0,100.0
2118,71.59805672439344,0.0,0.0,92.19544457292888,0.0,0.0,100.0
2119,81.40018885804886,0.0,0.0,92.19544457292888,0.0,-0.0,100.0
2120,86.7615033467803,0.0,0.0,92.19544457292888,0.0,50.0,45.76738554533596
2121,84.89790835926733,0.0,0.0,92.19544457292888,0.0,35.00000000000001,7.804555427071122
2122,75.29365006913378,0.0,0.0,92.19544457292888,0.0,0.0,7.804555427071122
2123,70.46802964982314,0.0,0.0,92.19544457292888,0.0,0.0,7.804555427071122
2124,67.11893274034264,0.0,0.0,92.19544457292888,50.0,0.0,53.90227771353556
2125,68.36314585287035,0.0,0.0,92.19544457292888,50.0,0.0,100.0
2126,84.14591956485648,0.0,0.0,92.19544457292888,0.0,0.0,100.0
2127,86.6498457945173,0.0,0.0,92.19544457292888,0.0,-0.0,100.0
2128,95.44488010372046,0.0,0.0,92.19544457292888,0.0,-0.0,100.0
2129,106.2168938105417,0.0,0.0,92.19544457292888,0.0,0.0,100.0
2130,108.02681144010971,0.0,0.0,92.19544457292888,0.0,0.0,100.0
2131,118.39176901850047,0.0,50.0,37.96283011826483,0.0,50.0,45.76738554533596
2132,109.95192115139795,0.0,35.0,7.105427357601002e-15,0.0,42.19544457292888,-0.0
2133,104.36866429714354,0.0,0.0,7.105427357601002e-15,0.0,0.0,0.0
2134,92.9365668980291,0.0,0.0,7.105427357601002e-15,0.0,0.0,-0.0
2135,85.71868186250403,0.0,0.0,7.105427357601002e-15,-0.0,0.0,0.0
2136,74.07664833127579,0.0,0.0,7.105427357601002e-15,50.0,0.0,46.09772228646444
2137,74.79824741169112,0.0,0.0,7.105427357601002e-15,8.465228909328081,0.0,53.90227771353556
2138,73.0796896500308,50.0,0.0,46.097722286464446,50.0,0.0,100.0
2139,78.14008112684121,0.0,0.0,46.097722286464446,0.0,0.0,100.0
2140,77.70844907395454,0.0,0.0,46.097722286464446,-0.0,0.0,100.0
2141,78.72918121322914,0.0,0.0,46.097722286464446,-0.0,0.0,100.0
2142,98.48586258753018,0.0,0.0,46.097722286464446,0.0,-0.0,100.0
2143,104.19074741167633,0.0,42.50000000000001,0.0,0.0,50.0,45.76738554533596
2144,100.83232025530712,0.0,0.0,0.0,0.0,42.19544457292888,0.0
2145,93.85176979133927,0.0,0.0,0.0,0.0,-0.0,-0.0
2146,82.84142528105366,0.0,0.0,0.0,0.0,0.0,-0.0
2147,82.22866125871647,0.0,0.0,0.0,0.0,0.0,0.0
2148,76.14753968458274,0.0,0.0,0.0,50.0,0.0,46.09772228646444
2149,76.35260220343052,0.0,0.0,0.0,50.0,0.0,92.19544457292888
2150,79.05097979044196,0.0,0.0,0.0,0.0,0.0,92.19544457292888
2151,88.84098502883579,0.0,0.0,0.0,0.0,0.0,92.19544457292888
2152,90.49200177941347,0.0,0.0,0.0,0.0,0.0,92.19544457292888
2153,89.84329241692751,0.0,0.0,0.0,0.0,0.0,92.19544457292888
2154,93.57585481296874,0.0,0.0,0.0,0.0,35.00000000000001,54.23261445466404
2155,95.47176204879759,0.0,0.0,0.0,0.0,50.0,-0.0
2156,92.65905853098295,0.0,0.0,0.0,0.0,0.0,-0.0
2157,82.1382801404641,0.0,0.0,0.0,0.0,0.0,-0.0
2158,80.49305978151467,0.0,0.0,0.0,0.0,0.0,0.0
2159,72.0505887239903,50.0,0.0,46.09772228646444,0.0,-0.0,0.0
2160,57.19606312464386,0.0,0.0,46.09772228646444,8.465228909328081,0.0,7.804555427071122
2161,49.33728936689307,50.0,0.0,92.19544457292888,50.0,0.0,53.90227771353556
2162,54.92965278904913,0.0,0.0,92.19544457292888,50.0,0.0,100.0
2163,57.90998383474255,0.0,0.0,92.19544457292888,0.0,0.0,100.0
2164,62.84538185325678,0.0,0.0,92.19544457292888,0.0,0.0,100.0
2165,73.66743376448171,0.0,0.0,92.19544457292888,0.0,-0.0,100.0
2166,94.40139897271516,0.0,50.0,37.96283011826483,0.0,50.0,45.76738554533596
2167,88.8435679245354,0.0,0.0,37.96283011826483,0.0,42.19544457292888,0.0
2168,86.53225653775968,0.0,0.0,37.96283011826483,0.0,-0.0,-0.0
2169,81.05369858201237,0.0,0.0,37.96283011826483,0.0,0.0,0.0
2170,71.50844101924385,0.0,0.0,37.96283011826483,-0.0,0.0,0.0
2171,60.667811497509646,0.0,0.0,37.96283011826483,0.0,0.0,-0.0
2172,56.55973691407475,0.0,0.0,37.96283011826483,50.0,0.0,46.09772228646444
2173,50.842070590508214,50.0,0.0,84.06055240472926,50.0,0.0,92.19544457292888
2174,57.64576877935507,0.0,0.0,84.06055240472926,8.465228909328081,0.0,100.0
2175,65.30229736776268,0.0,0.0,84.06055240472926,-0.0,0.0,100.0
2176,76.02146585998307,0.0,0.0,84.06055240472926,0.0,0.0,100.0
2177,85.16620074925135,0.0,0.0,84.06055240472926,0.0,0.0,100.0
2178,91.33244752471626,0.0,0.0,84.06055240472926,0.0,42.19544457292888,54.23261445466404
2179,88.03758508878326,0.0,0.0,84.06055240472926,0.0,0.0,54.23261445466404
2180,95.61980583541785,0.0,50.0,29.82793795006522,0.0,50.0,-0.0
2181,90.61833804775321,0.0,0.0,29.82793795006522,0.0,0.0,0.0
2182,74.36728057481807,0.0,0.0,29.82793795006522,-0.0,0.0,0.0
2183,64.96241145510773,0.0,0.0,29.82793795006522,0.0,-0.0,0.0
2184,43.935195257599595,0.0,0.0,29.82793795006522,0.0,0.0,-0.0
2185,42.35807143618031,0.0,0.0,29.82793795006522,8.465228909328081,0.0,7.804555427071122
2186,40.647576553260315,50.0,0.0,75.92566023652967,50.0,0.0,53.90227771353556
2187,38.63890350254045,26.112287732857492,0.0,100.0,50.0,0.0,100.0
2188,52.752262597938866,0.0,0.0,100.0,0.0,-0.0,100.0
2189,60.49104144445218,0.0,0.0,100.0,0.0,0.0,100.0
2190,70.7372061993297,0.0,0.0,100.0,0.0,42.19544457292888,54.23261445466404
2191,71.23402899697817,0.0,0.0,100.0,0.0,50.0,-0.0
2192,68.80920732227277,0.0,0.0,100.0,0.0,0.0,-0.0
2193,68.25127126568012,0.0,0.0,100.0,0.0,0.0,0.0
2194,65.29724294282856,0.0,0.0,100.0,0.0,-0.0,0.0
2195,50.63944751951641,0.0,0.0,100.0,8.465228909328081,0.0,7.804555427071122
2196,47.939903461063075,0.0,0.0,100.0,50.0,0.0,53.90227771353556
2197,49.63744153636842,0.0,0.0,100.0,50.0,0.0,100.0
2198,53.50543347107878,0.0,0.0,100.0,0.0,0.0,100.0
2199,56.714499171843,0.0,0.0,100.0,0.0,0.0,100.0
2200,62.46465137199099,0.0,0.0,100.0,-0.0,0.0,100.0
2201,68.86091529919793,0.0,0.0,100.0,0.0,0.0,100.0
2202,73.43292091942537,0.0,0.0,100.0,0.0,0.0,100.0
2203,76.86062583544867,0.0,50.0,45.767385545335955,0.0,42.19544457292888,54.23261445466404
2204,79.55953893882796,0.0,42.19544457292887,0.0,0.0,50.0,0.0
2205,72.85430754835619,0.0,0.0,0.0,0.0,-0.0,-0.0
2206,65.67035942367772,0.0,0.0,0.0,0.0,0.0,-0.0
2207,64.8379321964558,0.0,0.0,0.0,0.0,0.0,0.0
2208,56.75246542325925,0.0,0.0,0.0,8.465228909328081,0.0,7.804555427071122
2209,51.73060349615944,50.0,0.0,46.09772228646444,50.0,0.0,53.90227771353556
2210,54.334261564348296,50.0,0.0,92.19544457292888,50.0,0.0,100.0
2211,59.26314785260169,0.0,0.0,92.19544457292888,0.0,0.0,100.0
2212,67.8738705646654,0.0,0.0,92.19544457292888,-0.0,0.0,100.0
2213,81.23988799321023,0.0,0.0,92.19544457292888,0.0,0.0,100.0
2214,81.17105950634915,0.0,0.0,92.19544457292888,0.0,0.0,100.0
2215,86.08268764098152,0.0,0.0,92.19544457292888,0.0,42.19544457292888,54.23261445466404
2216,88.10154080169906,0.0,50.0,37.96283011826483,0.0,50.0,0.0
2217,85.35484486218739,0.0,0.0,37.96283011826483,0.0,-0.0,-0.0
2218,76.5955631936548,0.0,0.0,37.96283011826483,0.0,0.0,0.0
2219,63.1295163528893,0.0,0.0,37.96283011826483,0.0,0.0,-0.0
2220,60.99464271076495,0.0,0.0,37.96283011826483,50.0,0.0,46.09772228646444
2221,57.409722759024866,0.0,0.0,37.96283011826483,50.0,0.0,92.19544457292888
2222,62.35107815788914,0.0,0.0,37.96283011826483,8.465228909328081,0.0,100.0
2223,65.00312829570561,0.0,0.0,37.96283011826483,0.0,0.0,100.0
2224,67.0509559099863,0.0,0.0,37.96283011826483,0.0,0.0,100.0
2225,75.36461354356689,0.0,0.0,37.96283011826483,0.0,0.0,100.0
2226,79.77951006304713,0.0,0.0,37.96283011826483,0.0,0.0,100.0
2227,82.59091793153578,0.0,0.0,37.96283011826483,0.0,0.0,100.0
2228,90.93760071577572,0.0,35.0,7.105427357601002e-15,0.0,50.0,45.76738554533596
2229,86.52301959309239,0.0,0.0,7.105427357601002e-15,0.0,42.19544457292888,-0.0
2230,83.49072686254587,0.0,0.0,7.105427357601002e-15,0.0,0.0,0.0
2231,72.98807856419985,0.0,0.0,7.105427357601002e-15,0.0,-0.0,0.0
2232,53.85371285021273,0.0,0.0,7.105427357601002e-15,0.0,0.0,-0.0
2233,60.142921706268616,0.0,0.0,7.105427357601002e-15,0.0,0.0,-0.0
2234,52.68935299575216,0.0,0.0,7.105427357601002e-15,8.465228909328081,0.0,7.804555427071122
2235,46.6121956572149,50.0,0.0,46.097722286464446,50.0,0.0,53.90227771353556
2236,48.85242015611886,50.0,0.0,92.19544457292889,50.0,0.0,100.0
2237,53.368223104770024,0.0,0.0,92.19544457292889,-0.0,0.0,100.0
2238,55.19127246173076,0.0,0.0,92.19544457292889,0.0,0.0,100.0
2239,60.29759177045865,0.0,0.0,92.19544457292889,0.0,0.0,100.0
2240,70.94986623713835,0.0,0.0,92.19544457292889,0.0,50.0,45.76738554533596
2241,65.59598566832264,0.0,0.0,92.19544457292889,0.0,42.19544457292888,0.0
2242,54.2243658331717,0.0,0.0,92.19544457292889,0.0,0.0,-0.0
2243,55.79101472716218,0.0,0.0,92.19544457292889,0.0,0.0,-0.0
2244,56.404424769467056,0.0,0.0,92.19544457292889,0.0,0.0,-0.0
2245,53.97687487727019,0.0,0.0,92.19544457292889,8.465228909328081,0.0,7.804555427071122
2246,50.00081113445608,0.0,0.0,92.19544457292889,50.0,0.0,53.90227771353556
2247,53.850942317961625,0.0,0.0,92.19544457292889,50.0,0.0,100.0
2248,62.48243038004599,0.0,0.0,92.19544457292889,0.0,0.0,100.0
2249,76.26128294066018,0.0,50.0,37.96283011826485,0.0,50.0,45.76738554533596
2250,74.07765999613957,0.0,0.0,37.96283011826485,0.0,0.0,45.76738554533596
2251,73.66579642906808,0.0,0.0,37.96283011826485,0.0,0.0,45.76738554533596
2252,74.37290824011808,0.0,35.000000000000014,0.0,0.0,42.19544457292888,0.0
2253,56.57861626077884,0.0,0.0,0.0,-0.0,0.0,-0.0
2254,58.81002798496709,0.0,0.0,0.0,0.0,0.0,0.0
2255,49.58154126407437,0.0,0.0,0.0,0.0,0.0,-0.0
2256,41.10663198455987,0.0,0.0,0.0,-0.0,0.0,0.0
2257,41.003067271145476,0.0,0.0,0.0,8.465228909328081,0.0,7.804555427071122
2258,46.02935158594758,0.0,0.0,0.0,0.0,0.0,7.804555427071122
2259,49.223470841137654,0.0,0.0,0.0,0.0,0.0,7.804555427071122
2260,38.407796063423554,50.0,0.0,46.09772228646444,50.0,0.0,53.90227771353556
2261,39.88671823324455,50.0,0.0,92.19544457292888,50.0,0.0,100.0
2262,48.44479445245084,0.0,0.0,92.19544457292888,-0.0,0.0,100.0
2263,54.66206294113795,0.0,0.0,92.19544457292888,0.0,0.0,100.0
2264,61.60229463660336,0.0,0.0,92.19544457292888,0.0,0.0,100.0
2265,65.72396284258605,0.0,0.0,92.19544457292888,0.0,50.0,45.76738554533596
2266,65.35442793374253,0.0,0.0,92.19544457292888,0.0,35.00000000000001,7.804555427071122
2267,59.72354507119179,0.0,0.0,92.19544457292888,0.0,0.0,7.804555427071122
2268,47.1795287608726,0.0,0.0,92.19544457292888,50.0,0.0,53.90227771353556
2269,46.35155161418646,0.0,0.0,92.19544457292888,50.0,0.0,100.0
2270,53.93933051956593,0.0,0.0,92.19544457292888,0.0,0.0,100.0
2271,55.592041320572704,0.0,0.0,92.19544457292888,0.0,0.0,100.0
2272,67.8658323758009,0.0,0.0,92.19544457292888,0.0,0.0,100.0
2273,79.82589642734264,0.0,50.0,37.96283011826483,0.0,42.19544457292888,54.23261445466404
2274,83.77389670273111,0.0,35.0,7.105427357601002e-15,0.0,50.0,-0.0
2275,66.24888546626016,0.0,0.0,7.105427357601002e-15,0.0,0.0,0.0
2276,56.769483975183896,0.0,0.0,7.105427357601002e-15,0.0,0.0,-0.0
2277,63.76645955844373,0.0,0.0,7.105427357601002e-15,0.0,-0.0,-0.0
2278,56.76700124998709,0.0,0.0,7.105427357601002e-15,0.0,0.0,0.0
2279,43.282431954143796,0.0,0.0,7.105427357601002e-15,8.465228909328081,0.0,7.804555427071122
2280,40.24784129456745,50.0,0.0,46.097722286464446,50.0,0.0,53.90227771353556
2281,38.92538431353359,50.0,0.0,92.19544457292889,50.0,0.0,100.0
2282,44.219442386372926,0.0,0.0,92.19544457292889,0.0,0.0,100.0
2283,46.04249345032314,0.0,0.0,92.19544457292889,0.0,0.0,100.0
2284,51.06256493060195,0.0,0.0,92.19544457292889,0.0,0.0,100.0
2285,57.90521615717236,0.0,0.0,92.19544457292889,0.0,-0.0,100.0
2286,68.18796253620653,0.0,0.0,92.19544457292889,0.0,-0.0,100.0
2287,86.52275025932933,0.0,0.0,92.19544457292889,0.0,-0.0,100.0
2288,93.78710624004368,0.0,0.0,92.19544457292889,0.0,-0.0,100.0
2289,82.46153127143451,0.0,0.0,92.19544457292889,0.0,0.0,100.0
2290,79.94683251409809,0.0,0.0,92.19544457292889,0.0,0.0,100.0
2291,80.67817571663794,0.0,0.0,92.19544457292889,0.0,0.0,100.0
2292,83.33227010502173,0.0,0.0,92.19544457292889,0.0,0.0,100.0
2293,79.95165681940085,0.0,0.0,92.19544457292889,0.0,0.0,100.0
2294,89.13659746815969,0.0,0.0,92.19544457292889,0.0,0.0,100.0
2295,99.24955633458119,0.0,0.0,92.19544457292889,0.0,0.0,100.0
2296,118.9258686514236,0.0,50.0,37.96283011826485,0.0,50.0,45.76738554533596
2297,117.93525729795667,0.0,35.000000000000014,0.0,0.0,42.19544457292888,-0.0
2298,115.5365839682196,0.0,0.0,0.0,0.0,0.0,-0.0
2299,110.79650568502547,0.0,0.0,0.0,0.0,0.0,-0.0
2300,102.30929684724344,0.0,0.0,0.0,0.0,0.0,0.0
2301,90.62163196934057,0.0,0.0,0.0,0.0,-0.0,0.0
2302,69.41927831051714,0.0,0.0,0.0,0.0,0.0,-0.0
2303,63.507728856866336,0.0,0.0,0.0,0.0,0.0,-0.0
2304,54.19384962222877,50.0,0.0,46.09772228646444,50.0,0.0,46.09772228646444
2305,49.039266112847606,50.0,0.0,92.19544457292888,50.0,0.0,92.19544457292888
2306,58.14220687088101,0.0,0.0,92.19544457292888,0.0,0.0,92.19544457292888
2307,57.47134485472385,0.0,0.0,92.19544457292888,8.465228909328081,0.0,100.0
2308,66.21283703401843,0.0,0.0,92.19544457292888,0.0,0.0,100.0
2309,71.3604792604176,0.0,0.0,92.19544457292888,0.0,-0.0,100.0
2310,81.3431353955558,0.0,0.0,92.19544457292888,0.0,0.0,100.0
2311,87.70124623380346,0.0,0.0,92.19544457292888,0.0,0.0,100.0
2312,97.06499564412631,0.0,0.0,92.19544457292888,0.0,-0.0,100.0
2313,94.4931116440896,0.0,0.0,92.19544457292888,0.0,0.0,100.0
2314,91.3480699192584,0.0,0.0,92.19544457292888,0.0,0.0,100.0
2315,86.96100722691877,0.0,0.0,92.19544457292888,0.0,0.0,100.0
2316,80.94346479638244,0.0,0.0,92.19544457292888,0.0,0.0,100.0
2317,82.31574206982029,0.0,0.0,92.19544457292888,0.0,0.0,100.0
2318,97.20530623035022,0.0,0.0,92.19544457292888,-0.0,0.0,100.0
2319,100.12334556055086,0.0,0.0,92.19544457292888,-0.0,0.0,100.0
2320,107.8923346928049,0.0,0.0,92.19544457292888,0.0,0.0,100.0
2321,118.77203216538308,0.0,0.0,92.19544457292888,0.0,0.0,100.0
2322,125.3726969359849,0.0,50.0,37.96283011826483,0.0,50.0,45.76738554533596
2323,121.64300524419463,0.0,35.0,7.105427357601002e-15,0.0,42.19544457292888,0.0
2324,101.92989289842271,0.0,0.0,7.105427357601002e-15,0.0,0.0,-0.0
2325,98.00766294294775,0.0,0.0,7.105427357601002e-15,-0.0,0.0,0.0
2326,79.23896381988258,0.0,0.0,7.105427357601002e-15,0.0,0.0,-0.0
2327,83.06643982868337,0.0,0.0,7.105427357601002e-15,0.0,0.0,-0.0
2328,71.186294234373,0.0,0.0,7.105427357601002e-15,-0.0,0.0,-0.0
2329,72.96820463865946,0.0,0.0,7.105427357601002e-15,0.0,0.0,0.0
2330,64.67026723785108,0.0,0.0,7.105427357601002e-15,0.0,0.0,-0.0
2331,54.89744262108361,50.0,0.0,46.097722286464446,50.0,0.0,46.09772228646444
2332,58.165466777164895,50.0,0.0,92.19544457292889,50.0,0.0,92.19544457292888
2333,62.294030583054465,0.0,0.0,92.19544457292889,8.465228909328081,0.0,100.0
2334,65.70795562071756,0.0,0.0,92.19544457292889,0.0,0.0,100.0
2335,72.16851343947368,0.0,0.0,92.19544457292889,0.0,0.0,100.0
2336,90.38979974007911,0.0,0.0,92.19544457292889,0.0,0.0,100.0
2337,92.60077951764754,0.0,0.0,92.19544457292889,0.0,0.0,100.0
2338,92.64124114005944,0.0,0.0,92.19544457292889,0.0,-0.0,100.0
2339,90.78401237462793,0.0,0.0,92.19544457292889,0.0,0.0,100.0
2340,94.20235636890074,0.0,0.0,92.19544457292889,0.0,-0.0,100.0
2341,91.3074198193599,0.0,0.0,92.19544457292889,0.0,0.0,100.0
2342,81.93229660237299,0.0,0.0,92.19544457292889,0.0,0.0,100.0
2343,86.44577110466379,0.0,0.0,92.19544457292889,0.0,0.0,100.0
2344,97.39806781539727,0.0,50.0,37.96283011826485,0.0,42.19544457292888,54.23261445466404
2345,96.8131489008662,0.0,0.0,37.96283011826485,0.0,0.0,54.23261445466404
2346,97.81932414342195,0.0,35.000000000000014,0.0,0.0,50.0,-0.0
2347,92.28696152710467,0.0,0.0,0.0,0.0,0.0,-0.0
2348,96.14535121151718,0.0,0.0,0.0,0.0,0.0,-0.0
2349,93.93710996472967,0.0,0.0,0.0,0.0,0.0,0.0
2350,91.26428415099944,0.0,0.0,0.0,0.0,-0.0,-0.0
2351,89.52401358695505,0.0,0.0,0.0,0.0,0.0,-0.0
2352,76.02257278017466,0.0,0.0,0.0,0.0,0.0,0.0
2353,73.03011473813133,0.0,0.0,0.0,0.0,-0.0,-0.0
2354,63.17063014693059,0.0,0.0,0.0,0.0,0.0,0.0
2355,50.02363853200434,50.0,0.0,46.09772228646444,50.0,0.0,46.09772228646444
2356,53.04849509888777,50.0,0.0,92.19544457292888,50.0,0.0,92.19544457292888
2357,59.527597109903695,0.0,0.0,92.19544457292888,8.465228909328081,0.0,100.0
2358,72.50343432825709,0.0,0.0,92.19544457292888,0.0,-0.0,100.0
2359,86.63104118837057,0.0,0.0,92.19544457292888,0.0,0.0,100.0
2360,97.18173216912551,0.0,0.0,92.19544457292888,0.0,42.50000000000001,53.90227771353556
2361,88.80429674086932,0.0,0.0,92.19544457292888,0.0,0.0,53.90227771353556
2362,81.4197945470676,0.0,0.0,92.19544457292888,0.0,0.0,53.90227771353556
2363,78.4043599999146,0.0,0.0,92.19544457292888,50.0,0.0,100.0
2364,88.53961185868582,0.0,0.0,92.19544457292888,0.0,0.0,100.0
2365,95.25532096879172,0.0,0.0,92.19544457292888,0.0,0.0,100.0
2366,103.04197674880264,0.0,0.0,92.19544457292888,0.0,0.0,100.0
2367,104.87661521612318,0.0,0.0,92.19544457292888,0.0,0.0,100.0
2368,105.12445424216324,0.0,0.0,92.19544457292888,0.0,-0.0,100.0
2369,113.63295187736546,0.0,50.0,37.96283011826483,0.0,50.0,45.76738554533596
2370,108.29401767108608,0.0,35.0,7.105427357601002e-15,0.0,42.19544457292888,-0.0
2371,104.46938669631504,0.0,0.0,7.105427357601002e-15,0.0,0.0,-0.0
2372,98.52165488838898,0.0,0.0,7.105427357601002e-15,0.0,0.0,-0.0
2373,100.77419377127543,0.0,0.0,7.105427357601002e-15,0.0,0.0,-0.0
2374,92.05427809223426,0.0,0.0,7.105427357601002e-15,0.0,0.0,0.0
2375,73.42007774828251,0.0,0.0,7.105427357601002e-15,0.0,0.0,-0.0
2376,64.10574858058283,0.0,0.0,7.105427357601002e-15,-0.0,0.0,0.0
2377,57.075872607536006,0.0,0.0,7.105427357601002e-15,0.0,0.0,-0.0
2378,55.16594200346529,0.0,0.0,7.105427357601002e-15,8.465228909328081,0.0,7.804555427071122
2379,54.16785702779538,0.0,0.0,7.105427357601002e-15,50.0,0.0,53.90227771353556
2380,54.55107901359912,0.0,0.0,7.105427357601002e-15,50.0,0.0,100.0
2381,63.48241402133078,0.0,0.0,7.105427357601002e-15,0.0,0.0,100.0
2382,61.07992801404768,0.0,0.0,7.105427357601002e-15,0.0,0.0,100.0
2383,64.57837262202487,0.0,0.0,7.105427357601002e-15,0.0,0.0,100.0
2384,71.91023059990712,0.0,6.5508803411467564e-15,0.0,0.0,50.0,45.76738554533596
2385,67.53982128806463,0.0,0.0,0.0,0.0,42.19544457292888,0.0
2386,54.83917554446212,0.0,0.0,0.0,50.0,0.0,46.09772228646444
2387,54.85250318306902,0.0,0.0,0.0,8.465228909328081,0.0,53.90227771353556
2388,59.00568904295014,0.0,0.0,0.0,0.0,0.0,53.90227771353556
2389,59.548423101773146,0.0,0.0,0.0,0.0,0.0,53.90227771353556
2390,53.07176103923693,0.0,0.0,0.0,50.0,0.0,100.0
2391,64.6698330471395,0.0,0.0,0.0,0.0,0.0,100.0
2392,63.66139535939823,0.0,0.0,0.0,0.0,0.0,100.0
2393,72.6390250748649,0.0,0.0,0.0,0.0,50.0,45.76738554533596
2394,71.54722129598018,0.0,0.0,0.0,0.0,42.19544457292888,0.0
2395,65.41088390801544,0.0,0.0,0.0,0.0,0.0,-0.0
2396,60.59331343478414,0.0,0.0,0.0,0.0,0.0,-0.0
2397,55.92132487616558,0.0,0.0,0.0,-0.0,0.0,0.0
2398,48.97306415341042,50.0,0.0,46.09772228646444,0.0,0.0,-0.0
2399,50.22369589720318,50.0,0.0,92.19544457292888,0.0,-0.0,0.0
2400,37.421268224667294,0.0,0.0,92.19544457292888,-0.0,0.0,0.0
2401,41.62839826458077,0.0,0.0,92.19544457292888,0.0,0.0,-0.0
2402,42.18901001286321,0.0,0.0,92.19544457292888,0.0,0.0,-0.0
2403,38.804506154840446,0.0,0.0,92.19544457292888,0.0,0.0,-0.0
2404,37.082682072035965,0.0,0.0,92.19544457292888,8.823529411764698,0.0,8.134892168199599
2405,33.91604400580806,0.0,0.0,92.19544457292888,50.0,0.0,54.23261445466404
2406,43.76082505889658,0.0,0.0,92.19544457292888,0.0,0.0,54.23261445466404
2407,49.45154911587661,0.0,0.0,92.19544457292888,0.0,50.0,-0.0
2408,41.10863493022505,0.0,0.0,92.19544457292888,0.0,0.0,0.0
2409,39.47937975777103,0.0,0.0,92.19544457292888,0.0,0.0,-0.0
2410,32.77601686902317,0.0,0.0,92.19544457292888,8.465228909328081,0.0,7.804555427071122
2411,39.43325377731456,0.0,0.0,92.19544457292888,0.0,0.0,7.804555427071122
2412,29.200580509785595,8.465228909328081,0.0,100.0,50.0,0.0,53.90227771353556
2413,24.29874195209518,0.0,0.0,100.0,50.0,0.0,100.0
2414,37.355289804448596,0.0,0.0,100.0,0.0,0.0,100.0
2415,53.7114609141686,0.0,0.0,100.0,0.0,-0.0,100.0
2416,58.556878321217404,0.0,0.0,100.0,0.0,-0.0,100.0
2417,62.74247876643371,0.0,50.0,45.767385545335955,0.0,42.19544457292888,54.23261445466404
2418,70.66326167780643,0.0,42.19544457292887,0.0,0.0,50.0,-0.0
2419,58.17328844972382,0.0,0.0,0.0,0.0,0.0,0.0
2420,46.092477465022135,0.0,0.0,0.0,-0.0,0.0,0.0
2421,41.97215445980674,0.0,0.0,0.0,8.465228909328081,0.0,7.804555427071122
2422,48.137625009114146,0.0,0.0,0.0,0.0,0.0,7.804555427071122
2423,43.816531173628725,0.0,0.0,0.0,0.0,0.0,7.804555427071122
2424,34.50317479142786,50.0,0.0,46.09772228646444,50.0,0.0,53.90227771353556
2425,39.773953043741336,50.0,0.0,92.19544457292888,50.0,0.0,100.0
2426,50.5150618055774,0.0,0.0,92.19544457292888,0.0,0.0,100.0
2427,47.17000209706505,0.0,0.0,92.19544457292888,0.0,0.0,100.0
2428,49.490833199137455,0.0,0.0,92.19544457292888,-0.0,0.0,100.0
2429,64.4761171605235,0.0,0.0,92.19544457292888,0.0,0.0,100.0
2430,62.05776423518799,0.0,0.0,92.19544457292888,0.0,0.0,100.0
2431,73.97814525187465,0.0,0.0,92.19544457292888,0.0,50.0,45.76738554533596
2432,71.24207633238565,0.0,0.0,92.19544457292888,0.0,42.19544457292888,-0.0
2433,70.86284287406863,0.0,0.0,92.19544457292888,0.0,0.0,0.0
2434,65.42700265179919,0.0,0.0,92.19544457292888,0.0,0.0,-0.0
2435,55.70012506558698,0.0,0.0,92.19544457292888,8.465228909328081,0.0,7.804555427071122
2436,48.20565821473028,0.0,0.0,92.19544457292888,50.0,0.0,53.90227771353556
2437,51.326147231101956,0.0,0.0,92.19544457292888,50.0,0.0,100.0
2438,61.726272955343255,0.0,0.0,92.19544457292888,0.0,0.0,100.0
2439,68.07887384515759,0.0,0.0,92.19544457292888,0.0,-0.0,100.0
2440,76.32976381840595,0.0,0.0,92.19544457292888,0.0,-0.0,100.0
2441,85.80032724138289,0.0,0.0,92.19544457292888,0.0,0.0,100.0
2442,83.25857358451992,0.0,0.0,92.19544457292888,0.0,0.0,100.0
2443,86.69130964290409,0.0,0.0,92.19544457292888,0.0,-0.0,100.0
2444,87.21459936732305,0.0,0.0,92.19544457292888,0.0,0.0,100.0
2445,95.87409556724126,0.0,50.0,37.96283011826483,0.0,50.0,45.76738554533596
2446,87.40394937170318,0.0,35.0,7.105427357601002e-15,0.0,42.19544457292888,-0.0
2447,80.01494678476597,0.0,0.0,7.105427357601002e-15,0.0,0.0,0.0
2448,71.66086917084205,0.0,0.0,7.105427357601002e-15,0.0,0.0,-0.0
2449,72.41405227461416,0.0,0.0,7.105427357601002e-15,0.0,0.0,-0.0
2450,66.17630821753303,0.0,0.0,7.105427357601002e-15,-0.0,0.0,0.0
2451,62.611926907324474,0.0,0.0,7.105427357601002e-15,50.0,0.0,46.09772228646444
2452,66.84343523936049,0.0,0.0,7.105427357601002e-15,0.0,0.0,46.09772228646444
2453,65.95425700630354,0.0,0.0,7.105427357601002e-15,8.823529411764698,0.0,54.23261445466404
2454,69.53920267200479,0.0,0.0,7.105427357601002e-15,0.0,0.0,54.23261445466404
2455,75.73954013841058,0.0,0.0,7.105427357601002e-15,0.0,0.0,54.23261445466404
2456,83.94976479694071,0.0,6.5508803411467564e-15,0.0,0.0,50.0,-0.0
2457,78.72856429572724,0.0,0.0,0.0,0.0,0.0,0.0
2458,63.9040851863662,0.0,0.0,0.0,-0.0,0.0,0.0
2459,49.019204142568086,0.0,0.0,0.0,8.823529411764698,0.0,8.134892168199599
2460,40.50609509617458,50.0,0.0,46.09772228646444,50.0,0.0,54.23261445466404
2461,211.54754571467026,0.0,42.5,0.0,0.0,50.0,0.0
2462,40.72550994024164,50.0,0.0,46.09772228646444,50.0,0.0,46.09772228646444
2463,42.827876328938544,0.0,0.0,46.09772228646444,50.0,0.0,92.19544457292888
2464,48.72181646385402,0.0,0.0,46.09772228646444,8.465228909328081,0.0,100.0
2465,52.86404620642032,0.0,0.0,46.09772228646444,-0.0,0.0,100.0
2466,55.713623644086866,0.0,0.0,46.09772228646444,0.0,0.0,100.0
2467,64.41769597510961,0.0,0.0,46.09772228646444,0.0,42.19544457292888,54.23261445466404
2468,65.74583143265238,0.0,0.0,46.09772228646444,0.0,50.0,-0.0
2469,61.78425236856165,0.0,0.0,46.09772228646444,0.0,0.0,-0.0
2470,55.40377291780764,0.0,0.0,46.09772228646444,0.0,0.0,0.0
2471,50.551453862660665,0.0,0.0,46.09772228646444,0.0,-0.0,-0.0
2472,41.980431508974775,0.0,0.0,46.09772228646444,0.0,0.0,-0.0
2473,43.66750441180776,0.0,0.0,46.09772228646444,0.0,0.0,0.0
2474,37.53683450445574,50.0,0.0,92.19544457292888,50.0,0.0,46.09772228646444
2475,38.5384526017215,0.0,0.0,92.19544457292888,0.0,0.0,46.09772228646444
2476,30.425344268831864,8.465228909328081,0.0,100.0,50.0,0.0,92.19544457292888
2477,37.98366199554347,0.0,0.0,100.0,8.465228909328081,0.0,100.0
2478,50.11616005190707,0.0,0.0,100.0,0.0,-0.0,100.0
2479,55.740088046448975,0.0,0.0,100.0,0.0,0.0,100.0
2480,69.96350732412441,0.0,0.0,100.0,0.0,50.0,45.76738554533596
2481,64.26975706146135,0.0,0.0,100.0,0.0,0.0,45.76738554533596
2482,61.85872532000688,0.0,0.0,100.0,0.0,0.0,45.76738554533596
2483,57.47149623087311,0.0,0.0,100.0,0.0,0.0,45.76738554533596
2484,54.69959997380172,0.0,0.0,100.0,50.0,0.0,91.8651078318004
2485,55.18399243082128,0.0,0.0,100.0,8.823529411764698,0.0,100.0
2486,60.40839112524098,0.0,0.0,100.0,0.0,0.0,100.0
2487,72.23715535890011,0.0,0.0,100.0,0.0,-0.0,100.0
2488,87.36810114509618,0.0,0.0,100.0,0.0,-0.0,100.0
2489,92.85695555919773,0.0,0.0,100.0,0.0,-0.0,100.0
2490,99.6140964270139,0.0,50.0,45.767385545335955,0.0,50.0,45.76738554533596
2491,93.89214127147264,0.0,42.19544457292887,0.0,0.0,42.19544457292888,0.0
2492,93.58173657991463,0.0,0.0,0.0,0.0,-0.0,-0.0
2493,83.25279946471275,0.0,0.0,0.0,0.0,0.0,-0.0
2494,83.79645317342674,0.0,0.0,0.0,0.0,0.0,-0.0
2495,91.35598753619777,0.0,0.0,0.0,0.0,0.0,0.0
2496,77.25055818841822,0.0,0.0,0.0,-0.0,0.0,0.0
2497,61.02045248741461,50.0,0.0,46.09772228646444,50.0,0.0,46.09772228646444
2498,55.565806625098844,50.0,0.0,92.19544457292888,50.0,0.0,92.19544457292888
2499,61.78992089602927,0.0,0.0,92.19544457292888,8.465228909328081,0.0,100.0
2500,66.14878239735205,0.0,0.0,92.19544457292888,0.0,0.0,100.0
2501,71.23244124419902,0.0,0.0,92.19544457292888,0.0,0.0,100.0
2502,82.22713598389231,0.0,0.0,92.19544457292888,0.0,-0.0,100.0
2503,89.64761214724645,0.0,0.0,92.19544457292888,0.0,-0.0,100.0
2504,98.03455716957274,0.0,0.0,92.19544457292888,0.0,0.0,100.0
2505,100.13911985095774,0.0,0.0,92.19544457292888,0.0,-0.0,100.0
2506,102.21131610617638,0.0,0.0,92.19544457292888,0.0,-0.0,100.0
2507,96.96805727622706,0.0,0.0,92.19544457292888,0.0,0.0,100.0
2508,96.76448281990962,0.0,0.0,92.19544457292888,0.0,0.0,100.0
2509,93.03358208552538,0.0,0.0,92.19544457292888,0.0,0.0,100.0
2510,91.52214942721565,0.0,0.0,92.19544457292888,0.0,0.0,100.0
2511,105.74083072148068,0.0,0.0,92.19544457292888,0.0,0.0,100.0
2512,111.97057727574688,0.0,0.0,92.19544457292888,0.0,0.0,100.0
2513,120.05346543706557,0.0,50.0,37.96283011826483,0.0,42.19544457292888,54.23261445466404
2514,120.96719974636034,0.0,35.0,7.105427357601002e-15,0.0,50.0,-0.0
2515,114.27764396627558,0.0,0.0,7.105427357601002e-15,0.0,0.0,-0.0
2516,108.28597749181628,0.0,0.0,7.105427357601002e-15,0.0,0.0,-0.0
2517,108.94314278699267,0.0,0.0,7.105427357601002e-15,0.0,0.0,-0.0
2518,104.61521150658777,0.0,0.0,7.105427357601002e-15,0.0,0.0,0.0
2519,89.04171179019139,0.0,0.0,7.105427357601002e-15,0.0,0.0,-0.0
2520,74.59746999603611,50.0,0.0,46.097722286464446,50.0,0.0,46.09772228646444
2521,80.42795096877782,0.0,0.0,46.097722286464446,0.0,0.0,46.09772228646444
2522,75.35626111303158,0.0,0.0,46.097722286464446,0.0,0.0,46.09772228646444
2523,63.418145254237885,50.0,0.0,92.19544457292889,50.0,0.0,92.19544457292888
2524,75.02473646988015,0.0,0.0,92.19544457292889,8.465228909328081,0.0,100.0
2525,81.82683277254522,0.0,0.0,92.19544457292889,0.0,0.0,100.0
2526,86.09420146639052,0.0,0.0,92.19544457292889,0.0,0.0,100.0
2527,88.5173562542396,0.0,0.0,92.19544457292889,0.0,0.0,100.0
2528,96.2445175514147,0.0,0.0,92.19544457292889,0.0,-0.0,100.0
2529,90.44559428135909,0.0,0.0,92.19544457292889,0.0,0.0,100.0
2530,91.1908627990823,0.0,0.0,92.19544457292889,0.0,0.0,100.0
2531,87.78283357716404,0.0,0.0,92.19544457292889,0.0,0.0,100.0
2532,84.63497478024,0.0,0.0,92.19544457292889,0.0,0.0,100.0
2533,84.30331748014858,0.0,0.0,92.19544457292889,0.0,0.0,100.0
2534,85.79236492888866,0.0,0.0,92.19544457292889,0.0,0.0,100.0
2535,96.80457869937482,0.0,0.0,92.19544457292889,0.0,0.0,100.0
2536,97.75603285896409,0.0,0.0,92.19544457292889,0.0,0.0,100.0
2537,93.55758054173228,0.0,0.0,92.19544457292889,0.0,0.0,100.0
2538,99.15735681482299,0.0,50.0,37.96283011826485,0.0,42.19544457292888,54.23261445466404
2539,100.80118613903264,0.0,35.000000000000014,0.0,0.0,50.0,-0.0
2540,98.40117443122807,0.0,0.0,0.0,0.0,0.0,-0.0
2541,94.14423889112535,0.0,0.0,0.0,0.0,0.0,-0.0
2542,86.10943291351715,0.0,0.0,0.0,0.0,0.0,-0.0
2543,85.66812384423898,0.0,0.0,0.0,0.0,0.0,0.0
2544,72.41017596004902,0.0,0.0,0.0,0.0,0.0,-0.0
2545,65.92296354113037,0.0,0.0,0.0,0.0,0.0,-0.0
2546,61.39962826522775,0.0,0.0,0.0,-0.0,0.0,0.0
2547,71.52441101782442,0.0,0.0,0.0,0.0,0.0,-0.0
2548,62.56889498012383,0.0,0.0,0.0,0.0,0.0,-0.0
2549,69.30085516417715,0.0,0.0,0.0,0.0,0.0,-0.0
2550,65.65763555019001,0.0,0.0,0.0,0.0,0.0,-0.0
2551,71.06104696942916,0.0,0.0,0.0,0.0,0.0,-0.0
2552,71.75954468076245,0.0,0.0,0.0,0.0,-0.0,-0.0
2553,59.31024744551049,0.0,0.0,0.0,0.0,0.0,0.0
2554,58.214963388470096,0.0,0.0,0.0,-0.0,0.0,0.0
2555,52.20784320880727,0.0,0.0,0.0,8.465228909328081,0.0,7.804555427071122
2556,38.83672321524271,50.0,0.0,46.09772228646444,50.0,0.0,53.90227771353556
2557,45.757227852438696,50.0,0.0,92.19544457292888,50.0,0.0,100.0
2558,58.99209020412414,0.0,0.0,92.19544457292888,0.0,0.0,100.0
2559,74.45898780044783,0.0,0.0,92.19544457292888,0.0,-0.0,100.0
2560,83.82000727759981,0.0,0.0,92.19544457292888,-0.0,0.0,100.0
2561,89.84066483871058,0.0,0.0,92.19544457292888,-0.0,0.0,100.0
2562,280.10888202241733,0.0,50.0,37.96283011826483,0.0,50.0,45.76738554533596
2563,107.03323173922786,0.0,0.0,37.96283011826483,0.0,0.0,45.76738554533596
2564,107.75911813840986,0.0,35.0,7.105427357601002e-15,0.0,42.19544457292888,0.0
2565,95.37937397510538,0.0,0.0,7.105427357601002e-15,0.0,-0.0,-0.0
2566,90.12230163973727,0.0,0.0,7.105427357601002e-15,0.0,0.0,-0.0
2567,87.46621133547505,0.0,0.0,7.105427357601002e-15,0.0,0.0,0.0
2568,64.37108325754761,50.0,0.0,46.097722286464446,50.0,0.0,46.09772228646444
2569,63.747411003714305,50.0,0.0,92.19544457292889,50.0,0.0,92.19544457292888
2570,73.60409942840923,0.0,0.0,92.19544457292889,8.465228909328081,0.0,100.0
2571,75.21967741240456,0.0,0.0,92.19544457292889,0.0,0.0,100.0
2572,83.63315679429,0.0,0.0,92.19544457292889,0.0,0.0,100.0
2573,87.04249378436184,0.0,0.0,92.19544457292889,0.0,0.0,100.0
2574,90.90105784388027,0.0,0.0,92.19544457292889,0.0,0.0,100.0
2575,97.10348859731437,0.0,0.0,92.19544457292889,0.0,42.50000000000001,53.90227771353556
2576,93.74670779098993,0.0,0.0,92.19544457292889,0.0,0.0,53.90227771353556
2577,85.8152654244211,0.0,0.0,92.19544457292889,0.0,0.0,53.90227771353556
2578,87.55707333600824,0.0,0.0,92.19544457292889,0.0,0.0,53.90227771353556
2579,88.98738713810297,0.0,0.0,92.19544457292889,0.0,0.0,53.90227771353556
2580,78.95235149819766,0.0,0.0,92.19544457292889,50.0,0.0,100.0
2581,83.5705529399599,0.0,0.0,92.19544457292889,0.0,0.0,100.0
2582,85.598602065309,0.0,0.0,92.19544457292889,0.0,0.0,100.0
2583,92.74327454911003,0.0,0.0,92.19544457292889,0.0,0.0,100.0
2584,101.2899146134221,0.0,0.0,92.19544457292889,0.0,-0.0,100.0
2585,111.21593693685583,0.0,0.0,92.19544457292889,0.0,0.0,100.0
2586,112.5668659146512,0.0,0.0,92.19544457292889,0.0,0.0,100.0
2587,117.48906222616509,0.0,50.0,37.96283011826485,0.0,50.0,45.76738554533596
2588,112.89790409169046,0.0,35.000000000000014,0.0,0.0,42.19544457292888,-0.0
2589,108.74422129273628,0.0,0.0,0.0,0.0,0.0,0.0
2590,96.79444446240892,0.0,0.0,0.0,0.0,0.0,-0.0
2591,103.09322921172006,0.0,0.0,0.0,0.0,0.0,-0.0
2592,91.36300519974631,0.0,0.0,0.0,0.0,0.0,-0.0
2593,90.05494101173188,0.0,0.0,0.0,-0.0,0.0,0.0
2594,76.59208768127537,0.0,0.0,0.0,0.0,0.0,-0.0
2595,69.93905650746635,0.0,0.0,0.0,50.0,0.0,46.09772228646444
2596,77.45317079284551,0.0,0.0,0.0,0.0,0.0,46.09772228646444
2597,81.89787686792714,0.0,0.0,0.0,0.0,0.0,46.09772228646444
2598,76.0191994365301,0.0,0.0,0.0,50.0,0.0,92.19544457292888
2599,86.9513715344811,0.0,0.0,0.0,0.0,0.0,92.19544457292888
2600,85.85224064784356,0.0,0.0,0.0,0.0,0.0,92.19544457292888
2601,91.57589026912176,0.0,0.0,0.0,0.0,35.304555427071136,53.90227771353556
2602,85.43788002060448,0.0,0.0,0.0,0.0,0.0,53.90227771353556
2603,80.60513720870156,0.0,0.0,0.0,0.0,0.0,53.90227771353556
2604,83.13410523148586,0.0,0.0,0.0,0.0,0.0,53.90227771353556
2605,77.17847037850458,0.0,0.0,0.0,0.0,0.0,53.90227771353556
2606,74.70354811870926,0.0,0.0,0.0,50.0,0.0,100.0
2607,79.71566117661833,0.0,0.0,0.0,0.0,0.0,100.0
2608,91.25762012489116,0.0,0.0,0.0,0.0,0.0,100.0
2609,89.14731207090676,0.0,0.0,0.0,0.0,0.0,100.0
2610,82.52424750401075,0.0,0.0,0.0,0.0,0.0,100.0
2611,154.1613407835728,0.0,0.0,0.0,0.0,50.0,45.76738554533596
2612,121.15703684838016,0.0,0.0,0.0,0.0,42.19544457292888,0.0
2613,71.97509549668905,0.0,0.0,0.0,-0.0,0.0,0.0
2614,57.15349014384917,50.0,0.0,46.09772228646444,0.0,0.0,-0.0
2615,50.81833567923979,50.0,0.0,92.19544457292888,-0.0,0.0,0.0
2616,40.38307147310341,8.465228909328081,0.0,100.0,50.0,0.0,46.09772228646444
2617,44.094094692115064,0.0,0.0,100.0,8.465228909328081,0.0,53.90227771353556
2618,38.68156088300279,0.0,0.0,100.0,50.0,0.0,100.0
2619,48.51224900727799,0.0,0.0,100.0,0.0,0.0,100.0
2620,47.05995543862935,0.0,0.0,100.0,0.0,0.0,100.0
2621,48.44924660594941,0.0,0.0,100.0,0.0,0.0,100.0
2622,64.06047152119771,0.0,0.0,100.0,0.0,-0.0,100.0
2623,71.34198444138917,0.0,0.0,100.0,0.0,0.0,100.0
2624,71.36822700110983,0.0,0.0,100.0,0.0,0.0,100.0
2625,69.56270200207788,0.0,0.0,100.0,0.0,0.0,100.0
2626,73.00068178239057,0.0,0.0,100.0,0.0,-0.0,100.0
2627,76.03895757318203,0.0,0.0,100.0,0.0,-0.0,100.0
2628,67.93377640038982,0.0,0.0,100.0,0.0,0.0,100.0
2629,67.82099159400629,0.0,0.0,100.0,0.0,0.0,100.0
2630,72.00440023830667,0.0,0.0,100.0,0.0,0.0,100.0
2631,72.87537009159423,0.0,0.0,100.0,0.0,0.0,100.0
2632,80.07463268375218,0.0,0.0,100.0,0.0,-0.0,100.0
2633,86.15214930971175,0.0,0.0,100.0,0.0,0.0,100.0
2634,95.19906438344744,0.0,50.0,45.767385545335955,0.0,42.19544457292888,54.23261445466404
2635,100.30879249135256,0.0,42.19544457292887,0.0,0.0,50.0,-0.0
2636,93.49373227733474,0.0,0.0,0.0,0.0,0.0,-0.0
2637,86.18560657464036,0.0,0.0,0.0,0.0,0.0,-0.0
2638,84.16427776293104,0.0,0.0,0.0,0.0,0.0,0.0
2639,76.31916398672786,0.0,0.0,0.0,0.0,0.0,-0.0
2640,67.25047862355692,0.0,0.0,0.0,-0.0,0.0,0.0
2641,63.34588240882797,0.0,0.0,0.0,0.0,0.0,-0.0
2642,55.399538257690324,0.0,0.0,0.0,50.0,0.0,46.09772228646444
2643,49.598207496747165,50.0,0.0,46.09772228646444,50.0,0.0,92.19544457292888
2644,59.78834800254832,0.0,0.0,46.09772228646444,8.465228909328081,0.0,100.0
2645,63.11969650100477,0.0,0.0,46.09772228646444,0.0,0.0,100.0
2646,78.1971186551267,0.0,0.0,46.09772228646444,0.0,-0.0,100.0
2647,80.43035276833994,0.0,0.0,46.09772228646444,0.0,-0.0,100.0
2648,84.41273231932618,0.0,0.0,46.09772228646444,0.0,35.00000000000001,62.03716988173516
2649,95.64182361952159,0.0,42.5,0.0,0.0,50.0,7.804555427071122
2650,83.86633750639663,0.0,0.0,0.0,0.0,0.0,7.804555427071122
2651,67.58759386049762,0.0,0.0,0.0,50.0,0.0,53.90227771353556
2652,71.68487317422293,0.0,0.0,0.0,0.0,0.0,53.90227771353556
2653,66.97669198557512,0.0,0.0,0.0,50.0,0.0,100.0
2654,70.6136755457519,0.0,0.0,0.0,0.0,0.0,100.0
2655,73.79072020133863,0.0,0.0,0.0,0.0,0.0,100.0
2656,82.70249462009497,0.0,0.0,0.0,0.0,0.0,100.0
2657,83.32569672882289,0.0,0.0,0.0,0.0,0.0,100.0
2658,85.32377312861502,0.0,0.0,0.0,0.0,42.19544457292888,54.23261445466404
2659,87.00729472098189,0.0,0.0,0.0,0.0,50.0,-0.0
2660,77.45479965620798,0.0,0.0,0.0,0.0,0.0,0.0
2661,68.67587402828016,0.0,0.0,0.0,-0.0,0.0,0.0
2662,62.403561911449955,0.0,0.0,0.0,-0.0,0.0,0.0
2663,51.55055340496189,50.0,0.0,46.09772228646444,0.0,-0.0,0.0
2664,38.77790759547458,0.0,0.0,46.09772228646444,0.0,0.0,-0.0
2665,38.14562085784844,0.0,0.0,46.09772228646444,0.0,0.0,-0.0
2666,35.223469321860314,50.0,0.0,92.19544457292888,50.0,0.0,46.09772228646444
2667,34.705374940817975,8.465228909328081,0.0,100.0,50.0,0.0,92.19544457292888
2668,37.944195870156534,0.0,0.0,100.0,8.465228909328081,0.0,100.0
2669,40.167584870452785,0.0,0.0,100.0,0.0,0.0,100.0
2670,51.745311992693246,0.0,0.0,100.0,0.0,-0.0,100.0
2671,66.68531072593076,0.0,0.0,100.0,0.0,0.0,100.0
2672,67.5428476667995,0.0,0.0,100.0,0.0,0.0,100.0
2673,69.54604861246149,0.0,0.0,100.0,0.0,-0.0,100.0
2674,64.22547836562353,0.0,0.0,100.0,0.0,0.0,100.0
2675,61.86795930244304,0.0,0.0,100.0,0.0,0.0,100.0
2676,67.92975290756056,0.0,0.0,100.0,0.0,0.0,100.0
2677,70.84828330517387,0.0,0.0,100.0,0.0,0.0,100.0
2678,64.55500255551179,0.0,0.0,100.0,-0.0,0.0,100.0
2679,73.90597381580851,0.0,0.0,100.0,0.0,0.0,100.0
2680,88.1149595064249,0.0,0.0,100.0,0.0,0.0,100.0
2681,92.34139695321011,0.0,0.0,100.0,0.0,0.0,100.0
2682,100.12895775317945,0.0,50.0,45.767385545335955,0.0,50.0,45.76738554533596
2683,94.43247072630737,0.0,42.19544457292887,0.0,0.0,42.19544457292888,0.0
2684,81.69832095826996,0.0,0.0,0.0,0.0,0.0,-0.0
2685,77.22802299931942,0.0,0.0,0.0,-0.0,0.0,0.0
2686,62.564283330348445,0.0,0.0,0.0,0.0,-0.0,-0.0
2687,58.23896503477277,0.0,0.0,0.0,0.0,0.0,-0.0
2688,54.36640620299302,0.0,0.0,0.0,0.0,0.0,0.0
2689,41.4079051187325,0.0,0.0,0.0,0.0,-0.0,0.0
2690,33.40136906438799,0.0,0.0,0.0,8.465228909328081,0.0,7.804555427071122
2691,28.83632556539189,50.0,0.0,46.09772228646444,50.0,0.0,53.90227771353556
2692,32.27652515946334,50.0,0.0,92.19544457292888,50.0,0.0,100.0
2693,36.520136185385155,0.0,0.0,92.19544457292888,0.0,0.0,100.0
2694,52.265827946066345,0.0,0.0,92.19544457292888,0.0,-0.0,100.0
2695,64.51782410639545,0.0,0.0,92.19544457292888,0.0,0.0,100.0
2696,70.8160159041816,0.0,0.0,92.19544457292888,0.0,42.50000000000001,53.90227771353556
2697,70.7061056878039,0.0,0.0,92.19544457292888,0.0,0.0,53.90227771353556
2698,68.77918928862235,0.0,0.0,92.19544457292888,0.0,0.0,53.90227771353556
2699,59.329058554281616,0.0,0.0,92.19544457292888,0.0,0.0,53.90227771353556
2700,61.684139238454705,0.0,0.0,92.19544457292888,0.0,0.0,53.90227771353556
2701,56.1572197756758,0.0,0.0,92.19544457292888,50.0,0.0,100.0
2702,65.3141222206416,0.0,0.0,92.19544457292888,0.0,0.0,100.0
2703,78.63496729474889,0.0,0.0,92.19544457292888,0.0,0.0,100.0
2704,86.86828319772968,0.0,0.0,92.19544457292888,0.0,0.0,100.0
2705,91.4378284783657,0.0,50.0,37.96283011826483,0.0,42.19544457292888,54.23261445466404
2706,96.01886997600351,0.0,35.0,7.105427357601002e-15,0.0,50.0,-0.0
2707,78.6879239732016,0.0,0.0,7.105427357601002e-15,0.0,0.0,-0.0
2708,76.96750079068968,0.0,0.0,7.105427357601002e-15,0.0,0.0,0.0
2709,71.45213775260922,0.0,0.0,7.105427357601002e-15,0.0,-0.0,-0.0
2710,66.60375681943279,0.0,0.0,7.105427357601002e-15,0.0,0.0,-0.0
2711,67.18014740402859,0.0,0.0,7.105427357601002e-15,0.0,0.0,0.0
2712,55.14813838139838,0.0,0.0,7.105427357601002e-15,0.0,0.0,-0.0
2713,46.36356565378064,0.0,0.0,7.105427357601002e-15,8.465228909328081,0.0,7.804555427071122
2714,44.24487274729437,50.0,0.0,46.097722286464446,50.0,0.0,53.90227771353556
2715,44.91429898291351,50.0,0.0,92.19544457292889,50.0,0.0,100.0
2716,48.12904631277669,0.0,0.0,92.19544457292889,0.0,0.0,100.0
2717,54.08571709332202,0.0,0.0,92.19544457292889,-0.0,0.0,100.0
2718,66.5352699336315,0.0,0.0,92.19544457292889,0.0,-0.0,100.0
2719,66.49495209320106,0.0,0.0,92.19544457292889,0.0,0.0,100.0
2720,70.88721059750618,0.0,0.0,92.19544457292889,0.0,42.19544457292888,54.23261445466404
2721,77.0656073926381,0.0,0.0,92.19544457292889,0.0,50.0,0.0
2722,62.958601359022865,0.0,0.0,92.19544457292889,0.0,0.0,-0.0
2723,59.67397441791594,0.0,0.0,92.19544457292889,0.0,0.0,-0.0
2724,54.068947706903344,0.0,0.0,92.19544457292889,8.465228909328081,0.0,7.804555427071122
2725,53.19050389336432,0.0,0.0,92.19544457292889,50.0,0.0,53.90227771353556
2726,52.99889529536188,0.0,0.0,92.19544457292889,50.0,0.0,100.0
2727,59.78706969085915,0.0,0.0,92.19544457292889,0.0,0.0,100.0
2728,78.40112848199516,0.0,50.0,37.96283011826485,0.0,50.0,45.76738554533596
2729,77.62051520412749,0.0,35.000000000000014,0.0,0.0,42.19544457292888,-0.0
2730,74.60329568799641,0.0,0.0,0.0,0.0,0.0,-0.0
2731,67.45622865644947,0.0,0.0,0.0,0.0,0.0,-0.0
2732,74.41656299747848,0.0,0.0,0.0,0.0,0.0,0.0
2733,67.17309890164071,0.0,0.0,0.0,0.0,0.0,-0.0
2734,62.783085672188164,0.0,0.0,0.0,0.0,0.0,-0.0
2735,57.544791595804945,0.0,0.0,0.0,-0.0,0.0,0.0
2736,41.45233749618051,50.0,0.0,46.09772228646444,50.0,0.0,46.09772228646444
2737,38.67275899015608,50.0,0.0,92.19544457292888,50.0,0.0,92.19544457292888
2738,51.428931104532325,0.0,0.0,92.19544457292888,8.465228909328081,0.0,100.0
2739,58.844387866272484,0.0,0.0,92.19544457292888,0.0,0.0,100.0
2740,55.69108401833067,0.0,0.0,92.19544457292888,0.0,0.0,100.0
2741,63.75170301773086,0.0,0.0,92.19544457292888,0.0,0.0,100.0
2742,65.18640191699257,0.0,0.0,92.19544457292888,0.0,-0.0,100.0
2743,61.45041720584365,0.0,0.0,92.19544457292888,0.0,0.0,100.0
2744,70.86197336494936,0.0,0.0,92.19544457292888,0.0,0.0,100.0
2745,76.32816026666224,0.0,0.0,92.19544457292888,0.0,-0.0,100.0
2746,77.57011338141322,0.0,0.0,92.19544457292888,0.0,-0.0,100.0
2747,69.61730742362909,0.0,0.0,92.19544457292888,0.0,0.0,100.0
2748,65.56884596102883,0.0,0.0,92.19544457292888,0.0,0.0,100.0
2749,69.99052743815216,0.0,0.0,92.19544457292888,0.0,0.0,100.0
2750,75.66858654738454,0.0,0.0,92.19544457292888,0.0,0.0,100.0
2751,79.5240569431988,0.0,0.0,92.19544457292888,0.0,-0.0,100.0
2752,77.62604080041146,0.0,0.0,92.19544457292888,0.0,0.0,100.0
2753,84.48423965291829,0.0,0.0,92.19544457292888,0.0,0.0,100.0
2754,93.31964883256008,0.0,50.0,37.96283011826483,0.0,50.0,45.76738554533596
2755,85.34275986138229,0.0,35.0,7.105427357601002e-15,0.0,42.19544457292888,-0.0
2756,84.97398038480463,0.0,0.0,7.105427357601002e-15,0.0,0.0,0.0
2757,81.30505768851978,0.0,0.0,7.105427357601002e-15,0.0,-0.0,-0.0
2758,80.12197782974134,0.0,0.0,7.105427357601002e-15,0.0,0.0,-0.0
2759,80.59443826608049,0.0,0.0,7.105427357601002e-15,0.0,0.0,0.0
2760,64.14802766681295,0.0,0.0,7.105427357601002e-15,0.0,-0.0,0.0
2761,52.06632425346327,0.0,0.0,7.105427357601002e-15,0.0,0.0,-0.0
2762,47.36328175028456,50.0,0.0,46.097722286464446,50.0,0.0,46.09772228646444
2763,52.31747239463343,0.0,0.0,46.097722286464446,0.0,0.0,46.09772228646444
2764,51.363823735529195,0.0,0.0,46.097722286464446,8.465228909328081,0.0,53.90227771353556
2765,52.3700914080832,0.0,0.0,46.097722286464446,0.0,0.0,53.90227771353556
2766,49.21435954714804,50.0,0.0,92.19544457292889,50.0,0.0,100.0
2767,66.08586157742185,0.0,0.0,92.19544457292889,0.0,-0.0,100.0
2768,74.08387438934294,0.0,0.0,92.19544457292889,0.0,0.0,100.0
2769,77.16233595469797,0.0,0.0,92.19544457292889,0.0,-0.0,100.0
2770,77.91092813936993,0.0,0.0,92.19544457292889,0.0,-0.0,100.0
2771,75.6887159339354,0.0,0.0,92.19544457292889,0.0,0.0,100.0
2772,70.75835666658567,0.0,0.0,92.19544457292889,0.0,0.0,100.0
2773,69.76641172300045,0.0,0.0,92.19544457292889,0.0,0.0,100.0
2774,70.95644730019792,0.0,0.0,92.19544457292889,0.0,0.0,100.0
2775,91.82140838096741,0.0,0.0,92.19544457292889,0.0,0.0,100.0
2776,100.96350206314426,0.0,0.0,92.19544457292889,0.0,0.0,100.0
2777,102.89417532573219,0.0,50.0,37.96283011826485,0.0,42.19544457292888,54.23261445466404
2778,106.97451857202884,0.0,35.000000000000014,0.0,0.0,50.0,-0.0
2779,99.000470911869,0.0,0.0,0.0,0.0,0.0,-0.0
2780,102.36897345952775,0.0,0.0,0.0,0.0,0.0,-0.0
2781,91.93606693246406,0.0,0.0,0.0,0.0,0.0,0.0
2782,88.58581581203553,0.0,0.0,0.0,0.0,0.0,-0.0
2783,89.49050011483533,0.0,0.0,0.0,0.0,-0.0,-0.0
2784,78.31267070062808,0.0,0.0,0.0,0.0,0.0,-0.0
2785,74.58148071565749,0.0,0.0,0.0,0.0,0.0,0.0
2786,71.18357033577811,0.0,0.0,0.0,-0.0,0.0,0.0
2787,69.15061305693733,0.0,0.0,0.0,8.465228909328081,0.0,7.804555427071122
2788,66.7436586284519,50.0,0.0,46.09772228646444,50.0,0.0,53.90227771353556
2789,67.94151810152036,50.0,0.0,92.19544457292888,50.0,0.0,100.0
2790,81.77310317424306,0.0,0.0,92.19544457292888,0.0,0.0,100.0
2791,85.96618640268622,0.0,0.0,92.19544457292888,0.0,-0.0,100.0
2792,83.60987034326803,0.0,0.0,92.19544457292888,0.0,0.0,100.0
2793,78.89981753232918,0.0,0.0,92.19544457292888,0.0,0.0,100.0
2794,80.24764771522642,0.0,0.0,92.19544457292888,0.0,0.0,100.0
2795,78.39412203551856,0.0,0.0,92.19544457292888,0.0,0.0,100.0
2796,77.68647649431492,0.0,0.0,92.19544457292888,0.0,0.0,100.0
2797,75.65925854231826,0.0,0.0,92.19544457292888,-0.0,0.0,100.0
2798,81.91242819927479,0.0,0.0,92.19544457292888,0.0,0.0,100.0
2799,83.92503037610246,0.0,0.0,92.19544457292888,0.0,0.0,100.0
2800,89.1739590640955,0.0,0.0,92.19544457292888,0.0,0.0,100.0
2801,99.87367515969956,0.0,50.0,37.96283011826483,0.0,42.19544457292888,54.23261445466404
2802,106.42885089458898,0.0,35.0,7.105427357601002e-15,0.0,50.0,-0.0
2803,98.65500320571746,0.0,0.0,7.105427357601002e-15,0.0,0.0,-0.0
2804,89.06923338809966,0.0,0.0,7.105427357601002e-15,0.0,0.0,-0.0
2805,83.8675492338061,0.0,0.0,7.105427357601002e-15,0.0,0.0,-0.0
2806,87.86019512203566,0.0,0.0,7.105427357601002e-15,0.0,0.0,0.0
2807,72.42081560841875,0.0,0.0,7.105427357601002e-15,0.0,0.0,-0.0
2808,61.937816706703046,0.0,0.0,7.105427357601002e-15,-0.0,0.0,0.0
2809,51.346917492616505,0.0,0.0,7.105427357601002e-15,0.0,0.0,-0.0
2810,46.14336742336663,0.0,0.0,7.105427357601002e-15,8.465228909328081,0.0,7.804555427071122
2811,44.29449509648248,50.0,0.0,46.097722286464446,50.0,0.0,53.90227771353556
2812,44.61079531522952,50.0,0.0,92.19544457292889,50.0,0.0,100.0
2813,47.004900732397374,0.0,0.0,92.19544457292889,0.0,0.0,100.0
2814,54.308623884794194,0.0,0.0,92.19544457292889,0.0,0.0,100.0
2815,58.2145889232462,0.0,0.0,92.19544457292889,0.0,0.0,100.0
2816,54.218006539693405,0.0,0.0,92.19544457292889,0.0,0.0,100.0
2817,58.84126316563623,0.0,0.0,92.19544457292889,0.0,0.0,100.0
2818,59.782243101519555,0.0,0.0,92.19544457292889,0.0,-0.0,100.0
2819,60.385244990559784,0.0,0.0,92.19544457292889,0.0,42.50000000000001,53.90227771353556
2820,49.47241501799818,0.0,0.0,92.19544457292889,50.0,0.0,100.0
2821,52.62166810994194,0.0,0.0,92.19544457292889,0.0,0.0,100.0
2822,61.16704717031357,0.0,0.0,92.19544457292889,0.0,-0.0,100.0
2823,62.60352773512419,0.0,0.0,92.19544457292889,0.0,-0.0,100.0
2824,70.92989915859407,0.0,0.0,92.19544457292889,0.0,-0.0,100.0
2825,77.02452851724914,0.0,0.0,92.19544457292889,0.0,-0.0,100.0
2826,90.61669163839292,0.0,0.0,92.19544457292889,0.0,0.0,100.0
2827,100.01398825003469,0.0,50.0,37.96283011826485,0.0,50.0,45.76738554533596
2828,85.87772988177414,0.0,0.0,37.96283011826485,0.0,0.0,45.76738554533596
2829,94.0341451814852,0.0,35.000000000000014,0.0,0.0,42.19544457292888,0.0
2830,82.73682684661324,0.0,0.0,0.0,0.0,0.0,-0.0
2831,83.61101147703332,0.0,0.0,0.0,0.0,-0.0,-0.0
2832,76.09565561228428,0.0,0.0,0.0,0.0,0.0,0.0
2833,66.53486055630152,0.0,0.0,0.0,8.465228909328081,0.0,7.804555427071122
2834,66.3940080877808,50.0,0.0,46.09772228646444,50.0,0.0,53.90227771353556
2835,64.43925841695557,50.0,0.0,92.19544457292888,50.0,0.0,100.0
2836,68.60631230104818,0.0,0.0,92.19544457292888,0.0,0.0,100.0
2837,73.40532927549873,0.0,0.0,92.19544457292888,0.0,0.0,100.0
2838,85.26924862462927,0.0,0.0,92.19544457292888,-0.0,0.0,100.0
2839,90.21176991136517,0.0,0.0,92.19544457292888,0.0,0.0,100.0
2840,90.93560718855659,0.0,0.0,92.19544457292888,0.0,0.0,100.0
2841,94.54411417877388,0.0,0.0,92.19544457292888,0.0,0.0,100.0
2842,91.85876117607536,0.0,0.0,92.19544457292888,0.0,0.0,100.0
2843,188.2584858675573,0.0,50.0,37.96283011826483,0.0,50.0,45.76738554533596
2844,142.43541711946114,0.0,35.0,7.105427357601002e-15,0.0,42.19544457292888,0.0
2845,112.53354349698103,0.0,0.0,7.105427357601002e-15,-0.0,0.0,0.0
2846,74.60954581237138,0.0,0.0,7.105427357601002e-15,50.0,0.0,46.09772228646444
2847,77.29493273420213,0.0,0.0,7.105427357601002e-15,50.0,0.0,92.19544457292888
2848,88.79309189533049,0.0,0.0,7.105427357601002e-15,0.0,0.0,92.19544457292888
2849,99.55536062455462,0.0,0.0,7.105427357601002e-15,0.0,0.0,92.19544457292888
2850,100.47266612309686,0.0,0.0,7.105427357601002e-15,0.0,0.0,92.19544457292888
2851,106.41609104835061,0.0,0.0,7.105427357601002e-15,0.0,35.00000000000001,54.23261445466404
2852,108.48021679924071,0.0,0.0,7.105427357601002e-15,0.0,50.0,-0.0
2853,102.5635410888408,0.0,0.0,7.105427357601002e-15,0.0,0.0,0.0
2854,91.13985478377373,0.0,0.0,7.105427357601002e-15,0.0,0.0,-0.0
2855,94.65468077200138,0.0,0.0,7.105427357601002e-15,0.0,-0.0,-0.0
2856,80.63771538472298,0.0,0.0,7.105427357601002e-15,0.0,0.0,0.0
2857,76.90647067380763,0.0,0.0,7.105427357601002e-15,-0.0,0.0,0.0
2858,71.4069469395228,0.0,0.0,7.105427357601002e-15,0.0,0.0,-0.0
2859,64.77381565364567,0.0,0.0,7.105427357601002e-15,50.0,0.0,46.09772228646444
2860,57.789445852774264,0.0,0.0,7.105427357601002e-15,50.0,0.0,92.19544457292888
2861,65.611805927317,0.0,0.0,7.105427357601002e-15,8.465228909328081,0.0,100.0
2862,67.1716665615934,0.0,0.0,7.105427357601002e-15,0.0,0.0,100.0
2863,89.88423077523618,0.0,6.5508803411467564e-15,0.0,0.0,50.0,45.76738554533596
2864,85.58253616511335,0.0,0.0,0.0,0.0,42.19544457292888,-0.0
2865,76.64856658787687,0.0,0.0,0.0,0.0,0.0,-0.0
2866,74.91896478364724,0.0,0.0,0.0,0.0,0.0,-0.0
2867,78.16047797572332,0.0,0.0,0.0,0.0,0.0,0.0
2868,74.74378837191463,0.0,0.0,0.0,0.0,0.0,-0.0
2869,77.50097193413185,0.0,0.0,0.0,0.0,-0.0,-0.0
2870,70.32300870472827,0.0,0.0,0.0,0.0,0.0,-0.0
2871,73.01809002957077,0.0,0.0,0.0,0.0,0.0,-0.0
2872,74.60802990569883,0.0,0.0,0.0,0.0,0.0,-0.0
2873,70.6435138328147,0.0,0.0,0.0,0.0,0.0,-0.0
2874,75.225815720297,0.0,0.0,0.0,0.0,0.0,0.0
2875,62.85714790336943,0.0,0.0,0.0,-0.0,0.0,0.0
2876,53.389534910943915,0.0,0.0,0.0,0.0,0.0,-0.0
2877,47.31140043488951,0.0,0.0,0.0,-0.0,0.0,0.0
2878,39.97995732462459,50.0,0.0,46.09772228646444,8.465228909328081,0.0,7.804555427071122
2879,40.84745081253183,50.0,0.0,92.19544457292888,0.0,0.0,7.804555427071122
2880,32.88231415833352,8.465228909328081,0.0,100.0,50.0,0.0,53.90227771353556
2881,36.95470906167202,0.0,0.0,100.0,50.0,0.0,100.0
2882,40.45750561905321,0.0,0.0,100.0,0.0,0.0,100.0
2883,47.31389956833348,0.0,0.0,100.0,0.0,0.0,100.0
2884,49.70598914054479,0.0,0.0,100.0,0.0,-0.0,100.0
2885,56.322900643431325,0.0,0.0,100.0,-0.0,0.0,100.0
2886,65.70146033098612,0.0,0.0,100.0,0.0,0.0,100.0
2887,72.47598008809254,0.0,0.0,100.0,0.0,42.19544457292888,54.23261445466404
2888,73.26874027933022,0.0,0.0,100.0,0.0,50.0,0.0
2889,70.34547506705626,0.0,0.0,100.0,0.0,-0.0,-0.0
2890,61.78627100019942,0.0,0.0,100.0,0.0,0.0,-0.0
2891,59.92040465621804,0.0,0.0,100.0,0.0,0.0,0.0
2892,56.999393980716164,0.0,0.0,100.0,-0.0,0.0,0.0
2893,54.29261818274105,0.0,0.0,100.0,50.0,0.0,46.09772228646444
2894,55.35244577442942,0.0,0.0,100.0,50.0,0.0,92.19544457292888
2895,56.239439817543726,0.0,0.0,100.0,8.465228909328081,0.0,100.0
2896,70.37629234663503,0.0,0.0,100.0,0.0,-0.0,100.0
2897,77.58430594781885,0.0,50.0,45.767385545335955,0.0,42.19544457292888,54.23261445466404
2898,76.25725703189148,0.0,0.0,45.767385545335955,0.0,0.0,54.23261445466404
2899,80.5937956582628,0.0,42.19544457292887,0.0,0.0,50.0,-0.0
2900,73.9855434438322,0.0,0.0,0.0,0.0,0.0,0.0
2901,61.58152074631769,0.0,0.0,0.0,-0.0,0.0,-0.0
2902,63.368613301131816,0.0,0.0,0.0,0.0,0.0,0.0
2903,57.34767738604852,0.0,0.0,0.0,0.0,-0.0,0.0
2904,44.21538768722448,0.0,0.0,0.0,8.465228909328081,0.0,7.804555427071122
2905,42.74839908517162,50.0,0.0,46.09772228646444,50.0,0.0,53.90227771353556
2906,47.962799086216236,0.0,0.0,46.09772228646444,0.0,0.0,53.90227771353556
2907,48.092030783736405,0.0,0.0,46.09772228646444,0.0,0.0,53.90227771353556
2908,43.84116752104354,50.0,0.0,92.19544457292888,50.0,0.0,100.0
2909,52.22019621351798,0.0,0.0,92.19544457292888,0.0,0.0,100.0
2910,56.42568988932124,0.0,0.0,92.19544457292888,0.0,-0.0,100.0
2911,73.50036243731395,0.0,0.0,92.19544457292888,0.0,-0.0,100.0
2912,76.39470418591553,0.0,0.0,92.19544457292888,0.0,50.0,45.76738554533596
2913,62.77273038107376,0.0,0.0,92.19544457292888,8.823529411764698,0.0,53.90227771353556
2914,61.24356070333663,0.0,0.0,92.19544457292888,50.0,0.0,100.0
2915,67.79479292454714,0.0,0.0,92.19544457292888,0.0,0.0,100.0
2916,73.46784817338857,0.0,0.0,92.19544457292888,0.0,0.0,100.0
2917,83.24364252762635,0.0,0.0,92.19544457292888,0.0,-0.0,100.0
2918,80.16580878013552,0.0,0.0,92.19544457292888,0.0,0.0,100.0
2919,90.86583177849948,0.0,0.0,92.19544457292888,0.0,0.0,100.0
2920,93.0511075651626,0.0,0.0,92.19544457292888,0.0,0.0,100.0
2921,99.3597045393251,0.0,50.0,37.96283011826483,0.0,50.0,45.76738554533596
2922,94.14366247861922,0.0,35.0,7.105427357601002e-15,0.0,42.19544457292888,-0.0
2923,89.1472013668199,0.0,0.0,7.105427357601002e-15,0.0,0.0,-0.0
2924,81.2605553426167,0.0,0.0,7.105427357601002e-15,0.0,0.0,0.0
2925,80.988714242045,0.0,0.0,7.105427357601002e-15,0.0,-0.0,-0.0
2926,80.10749986315744,0.0,0.0,7.105427357601002e-15,0.0,0.0,-0.0
2927,77.30768940985537,0.0,0.0,7.105427357601002e-15,0.0,0.0,0.0
2928,57.50002600608954,0.0,0.0,7.105427357601002e-15,0.0,0.0,-0.0
2929,53.09618253147787,0.0,0.0,7.105427357601002e-15,8.465228909328081,0.0,7.804555427071122
2930,47.146617392518905,50.0,0.0,46.097722286464446,50.0,0.0,53.90227771353556
2931,52.01007427912137,0.0,0.0,46.097722286464446,50.0,0.0,100.0
2932,60.5405186385679,0.0,0.0,46.097722286464446,0.0,0.0,100.0
2933,70.48589319778088,0.0,0.0,46.097722286464446,0.0,42.19544457292888,54.23261445466404
2934,71.8351962764103,0.0,0.0,46.097722286464446,0.0,50.0,0.0
2935,62.303141829367135,0.0,0.0,46.097722286464446,0.0,0.0,-0.0
2936,56.32514315483782,0.0,0.0,46.097722286464446,50.0,0.0,46.09772228646444
2937,64.32003004522169,0.0,0.0,46.097722286464446,0.0,0.0,46.09772228646444
2938,58.50240337955823,0.0,0.0,46.097722286464446,0.0,0.0,46.09772228646444
2939,50.43494914216274,50.0,0.0,92.19544457292889,50.0,0.0,92.19544457292888
2940,57.77706270158265,0.0,0.0,92.19544457292889,8.465228909328081,0.0,100.0
2941,65.61779707823057,0.0,0.0,92.19544457292889,0.0,0.0,100.0
2942,69.6050507296013,0.0,0.0,92.19544457292889,0.0,0.0,100.0
2943,74.4665754030312,0.0,0.0,92.19544457292889,0.0,-0.0,100.0
2944,81.12620871593415,0.0,0.0,92.19544457292889,0.0,-0.0,100.0
2945,88.34497679812677,0.0,0.0,92.19544457292889,0.0,0.0,100.0
2946,99.75653772333713,0.0,50.0,37.96283011826485,0.0,42.19544457292888,54.23261445466404
2947,100.20718850834368,0.0,35.000000000000014,0.0,0.0,50.0,-0.0
2948,99.20355996574133,0.0,0.0,0.0,0.0,0.0,-0.0
2949,99.07492507753688,0.0,0.0,0.0,0.0,0.0,-0.0
2950,86.00007171117001,0.0,0.0,0.0,0.0,0.0,0.0
2951,85.38755026655471,0.0,0.0,0.0,0.0,-0.0,0.0
2952,70.78108694720218,0.0,0.0,0.0,0.0,-0.0,0.0
2953,53.25665721198032,0.0,0.0,0.0,0.0,-0.0,0.0
2954,39.693764647246695,50.0,0.0,46.09772228646444,50.0,0.0,46.09772228646444
2955,34.7333219645721,50.0,0.0,92.19544457292888,50.0,0.0,92.19544457292888
2956,41.001233814374515,0.0,0.0,92.19544457292888,8.465228909328081,0.0,100.0
2957,47.22783162160377,0.0,0.0,92.19544457292888,0.0,0.0,100.0
2958,55.48921301470624,0.0,0.0,92.19544457292888,-0.0,0.0,100.0
2959,72.98072863965982,0.0,0.0,92.19544457292888,0.0,50.0,45.76738554533596
2960,68.9402085123449,0.0,0.0,92.19544457292888,0.0,35.00000000000001,7.804555427071122
2961,68.01913367345311,0.0,0.0,92.19544457292888,0.0,0.0,7.804555427071122
2962,65.80537177740732,0.0,0.0,92.19544457292888,0.0,0.0,7.804555427071122
2963,57.26967816967042,0.0,0.0,92.19544457292888,0.0,0.0,7.804555427071122
2964,55.22035253608415,0.0,0.0,92.19544457292888,50.0,0.0,53.90227771353556
2965,47.49473913749474,0.0,0.0,92.19544457292888,50.0,0.0,100.0
2966,60.46123835887449,0.0,0.0,92.19544457292888,0.0,0.0,100.0
2967,63.87338592204337,0.0,0.0,92.19544457292888,0.0,0.0,100.0
2968,83.22676602277437,0.0,0.0,92.19544457292888,0.0,0.0,100.0
2969,88.8599881342769,0.0,0.0,92.19544457292888,0.0,0.0,100.0
2970,97.08695777171368,0.0,50.0,37.96283011826483,0.0,50.0,45.76738554533596
2971,95.12109044033588,0.0,35.0,7.105427357601002e-15,0.0,42.19544457292888,-0.0
2972,90.33666849368595,0.0,0.0,7.105427357601002e-15,0.0,0.0,0.0
2973,81.22990353327864,0.0,0.0,7.105427357601002e-15,0.0,-0.0,-0.0
2974,76.58182639987997,0.0,0.0,7.105427357601002e-15,0.0,0.0,-0.0
2975,74.27292576428145,0.0,0.0,7.105427357601002e-15,0.0,0.0,0.0
2976,57.806765634204794,0.0,0.0,7.105427357601002e-15,8.465228909328081,0.0,7.804555427071122
2977,54.40618928697857,50.0,0.0,46.097722286464446,50.0,0.0,53.90227771353556
2978,49.10647053422791,50.0,0.0,92.19544457292889,50.0,0.0,100.0
2979,61.687874156264115,0.0,0.0,92.19544457292889,0.0,0.0,100.0
2980,62.51894759991653,0.0,0.0,92.19544457292889,0.0,0.0,100.0
2981,75.0045960981896,0.0,0.0,92.19544457292889,0.0,0.0,100.0
2982,79.09278044663968,0.0,0.0,92.19544457292889,0.0,0.0,100.0
2983,85.50992138786344,0.0,0.0,92.19544457292889,0.0,-0.0,100.0
2984,80.24220229211323,0.0,0.0,92.19544457292889,0.0,0.0,100.0
2985,76.16546211247604,0.0,0.0,92.19544457292889,0.0,0.0,100.0
2986,72.8242708973684,0.0,0.0,92.19544457292889,0.0,0.0,100.0
2987,76.53468306687454,0.0,0.0,92.19544457292889,0.0,0.0,100.0
2988,74.10559024526127,0.0,0.0,92.19544457292889,0.0,0.0,100.0
2989,81.37376734250897,0.0,0.0,92.19544457292889,0.0,0.0,100.0
2990,87.56886535961607,0.0,0.0,92.19544457292889,0.0,-0.0,100.0
2991,101.64752830370247,0.0,0.0,92.19544457292889,0.0,0.0,100.0
2992,106.67041462434946,0.0,0.0,92.19544457292889,0.0,0.0,100.0
2993,123.8701967808648,0.0,50.0,37.96283011826485,0.0,50.0,45.76738554533596
2994,121.1474270440843,0.0,35.000000000000014,0.0,0.0,42.19544457292888,0.0
2995,113.45465020864287,0.0,0.0,0.0,0.0,0.0,-0.0
2996,100.80901168351312,0.0,0.0,0.0,-0.0,0.0,-0.0
2997,106.94961801015921,0.0,0.0,0.0,0.0,0.0,-0.0
2998,104.22434232887841,0.0,0.0,0.0,0.0,0.0,0.0
2999,96.25559614573605,0.0,0.0,0.0,0.0,0.0,-0.0
3000,89.323782368888,0.0,0.0,0.0,0.0,0.0,-0.0
3001,88.02948107193771,0.0,0.0,0.0,0.0,0.0,-0.0
3002,94.37726029119499,0.0,0.0,0.0,0.0,0.0,-0.0
3003,82.40212171850752,0.0,0.0,0.0,0.0,0.0,-0.0
3004,80.71366523377718,0.0,0.0,0.0,0.0,0.0,-0.0
3005,80.79206546349407,0.0,0.0,0.0,0.0,0.0,-0.0
3006,74.6668577087413,50.0,0.0,46.09772228646444,50.0,0.0,46.09772228646444
3007,85.82166045315377,0.0,0.0,46.09772228646444,0.0,0.0,46.09772228646444
3008,86.31088226463729,0.0,0.0,46.09772228646444,0.0,0.0,46.09772228646444
3009,88.30586196976013,0.0,0.0,46.09772228646444,0.0,0.0,46.09772228646444
3010,95.87494571482819,0.0,0.0,46.09772228646444,0.0,0.0,46.09772228646444
3011,87.19069589769373,0.0,0.0,46.09772228646444,0.0,0.0,46.09772228646444
3012,80.42515543193518,0.0,0.0,46.09772228646444,8.465228909328081,0.0,53.90227771353556
3013,80.26155608710282,0.0,0.0,46.09772228646444,50.0,0.0,100.0
3014,88.44592028365805,0.0,0.0,46.09772228646444,0.0,0.0,100.0
3015,90.39117510217972,0.0,0.0,46.09772228646444,0.0,0.0,100.0
3016,93.112731323892,0.0,0.0,46.09772228646444,0.0,0.0,100.0
3017,103.99765580568425,0.0,42.5,0.0,0.0,42.19544457292888,54.23261445466404
3018,107.51752203917914,0.0,0.0,0.0,0.0,50.0,0.0
3019,93.81652272066626,0.0,0.0,0.0,0.0,-0.0,-0.0
3020,82.55937953334436,0.0,0.0,0.0,0.0,0.0,-0.0
3021,85.50486982873338,0.0,0.0,0.0,0.0,0.0,-0.0
3022,82.09159416859455,0.0,0.0,0.0,0.0,0.0,0.0
3023,73.42839051036032,50.0,0.0,46.09772228646444,-0.0,0.0,0.0
3024,60.40173920856883,0.0,0.0,46.09772228646444,0.0,0.0,-0.0
3025,57.567085830903856,0.0,0.0,46.09772228646444,0.0,0.0,-0.0
3026,59.43237708221383,0.0,0.0,46.09772228646444,0.0,0.0,-0.0
3027,51.12073665854612,50.0,0.0,92.19544457292888,50.0,0.0,46.09772228646444
3028,48.612644386353765,8.465228909328081,0.0,100.0,50.0,0.0,92.19544457292888
3029,55.143745443061576,0.0,0.0,100.0,8.465228909328081,0.0,100.0
3030,61.24832621736357,0.0,0.0,100.0,0.0,0.0,100.0
3031,70.72294470184296,0.0,0.0,100.0,0.0,-0.0,100.0
3032,67.06946056611547,0.0,0.0,100.0,0.0,0.0,100.0
3033,68.40378299069363,0.0,0.0,100.0,0.0,0.0,100.0
3034,70.4904869269549,0.0,0.0,100.0,0.0,0.0,100.0
3035,68.33041383328384,0.0,0.0,100.0,0.0,0.0,100.0
3036,66.06085049565915,0.0,0.0,100.0,0.0,0.0,100.0
3037,65.79456127345269,0.0,0.0,100.0,0.0,0.0,100.0
3038,65.04240829937969,0.0,0.0,100.0,0.0,0.0,100.0
3039,71.4638558975092,0.0,0.0,100.0,0.0,0.0,100.0
3040,86.00363203464073,0.0,0.0,100.0,0.0,-0.0,100.0
3041,90.95254119049861,0.0,50.0,45.767385545335955,0.0,50.0,45.76738554533596
3042,88.47435279760698,0.0,42.19544457292887,0.0,0.0,42.19544457292888,0.0
3043,84.74023763052892,0.0,0.0,0.0,0.0,0.0,-0.0
3044,82.00814735706501,0.0,0.0,0.0,0.0,0.0,-0.0
3045,74.68385583013065,0.0,0.0,0.0,0.0,0.0,-0.0
3046,72.54071871980084,0.0,0.0,0.0,0.0,0.0,-0.0
3047,71.66154902505066,0.0,0.0,0.0,-0.0,0.0,0.0
3048,64.59407144167535,0.0,0.0,0.0,-0.0,0.0,0.0
3049,69.2017685435759,0.0,0.0,0.0,0.0,0.0,-0.0
3050,71.62514809394254,0.0,0.0,0.0,0.0,-0.0,0.0
3051,64.73118366330475,0.0,0.0,0.0,0.0,0.0,-0.0
3052,60.858088672273524,0.0,0.0,0.0,0.0,0.0,-0.0
3053,64.55278163525969,0.0,0.0,0.0,0.0,0.0,-0.0
3054,68.01931042305503,0.0,0.0,0.0,0.0,0.0,-0.0
3055,67.58008258932047,0.0,0.0,0.0,0.0,0.0,-0.0
3056,68.49529892955849,0.0,0.0,0.0,0.0,0.0,-0.0
3057,65.14865462248146,0.0,0.0,0.0,0.0,0.0,-0.0
3058,57.78062071109591,0.0,0.0,0.0,8.465228909328081,0.0,7.804555427071122
3059,52.15944340044069,50.0,0.0,46.09772228646444,50.0,0.0,53.90227771353556
3060,56.8190679533413,50.0,0.0,92.19544457292888,50.0,0.0,100.0
3061,58.869081462792316,0.0,0.0,92.19544457292888,0.0,0.0,100.0
3062,76.82297073306718,0.0,0.0,92.19544457292888,0.0,-0.0,100.0
3063,83.69466343019705,0.0,0.0,92.19544457292888,0.0,0.0,100.0
3064,88.79338505487988,0.0,0.0,92.19544457292888,0.0,0.0,100.0
3065,94.21045037512226,0.0,0.0,92.19544457292888,0.0,0.0,100.0
3066,97.7925466162396,0.0,0.0,92.19544457292888,0.0,0.0,100.0
3067,98.46082266541455,0.0,50.0,37.96283011826483,0.0,42.19544457292888,54.23261445466404
3068,105.01692417154126,0.0,35.0,7.105427357601002e-15,0.0,50.0,0.0
3069,93.37203881063922,0.0,0.0,7.105427357601002e-15,0.0,-0.0,-0.0
3070,91.88287323990154,0.0,0.0,7.105427357601002e-15,0.0,0.0,-0.0
3071,87.82002955890182,0.0,0.0,7.105427357601002e-15,0.0,0.0,0.0
3072,66.01022085912372,0.0,0.0,7.105427357601002e-15,-0.0,0.0,-0.0
3073,66.92097295877915,0.0,0.0,7.105427357601002e-15,0.0,0.0,-0.0
3074,71.01011877837904,0.0,0.0,7.105427357601002e-15,0.0,0.0,0.0
3075,64.58612617844642,0.0,0.0,7.105427357601002e-15,0.0,0.0,-0.0
3076,65.64421368154322,0.0,0.0,7.105427357601002e-15,0.0,0.0,-0.0
3077,59.90724194832083,0.0,0.0,7.105427357601002e-15,0.0,0.0,-0.0
3078,59.280215149189516,0.0,0.0,7.105427357601002e-15,50.0,0.0,46.09772228646444
3079,71.52137913617493,0.0,0.0,7.105427357601002e-15,0.0,0.0,46.09772228646444
3080,72.00501232030943,0.0,0.0,7.105427357601002e-15,0.0,42.50000000000001,0.0
3081,64.90654428167157,0.0,0.0,7.105427357601002e-15,0.0,0.0,-0.0
3082,62.51386321905477,0.0,0.0,7.105427357601002e-15,0.0,0.0,-0.0
3083,55.40126652128454,0.0,0.0,7.105427357601002e-15,8.465228909328081,0.0,7.804555427071122
3084,50.74675554560559,50.0,0.0,46.097722286464446,50.0,0.0,53.90227771353556
3085,56.222676399977935,0.0,0.0,46.097722286464446,0.0,0.0,53.90227771353556
3086,54.39056265751988,50.0,0.0,92.19544457292889,50.0,0.0,100.0
3087,57.02738226745766,0.0,0.0,92.19544457292889,-0.0,0.0,100.0
3088,66.5689516928196,0.0,0.0,92.19544457292889,-0.0,0.0,100.0
3089,78.96187250972989,0.0,0.0,92.19544457292889,0.0,0.0,100.0
3090,89.08678786750635,0.0,50.0,37.96283011826485,0.0,50.0,45.76738554533596
3091,84.35625959640652,0.0,0.0,37.96283011826485,0.0,0.0,45.76738554533596
3092,85.70386435854223,0.0,35.000000000000014,0.0,0.0,42.19544457292888,0.0
3093,75.84393842690449,0.0,0.0,0.0,0.0,0.0,-0.0
3094,80.98877847295677,0.0,0.0,0.0,0.0,0.0,-0.0
3095,70.36462297279172,0.0,0.0,0.0,-0.0,0.0,0.0
3096,65.8116408104648,0.0,0.0,0.0,0.0,0.0,-0.0
3097,58.887769524745444,50.0,0.0,46.09772228646444,50.0,0.0,46.09772228646444
3098,67.6803315188467,0.0,0.0,46.09772228646444,0.0,0.0,46.09772228646444
3099,69.47280719284355,0.0,0.0,46.09772228646444,0.0,0.0,46.09772228646444
3100,64.62543898152117,0.0,0.0,46.09772228646444,50.0,0.0,92.19544457292888
3101,65.582012154359,0.0,0.0,46.09772228646444,8.465228909328081,0.0,100.0
3102,75.74930974676926,0.0,0.0,46.09772228646444,0.0,0.0,100.0
3103,86.7806732589269,0.0,0.0,46.09772228646444,0.0,42.19544457292888,54.23261445466404
3104,88.29621441241135,0.0,0.0,46.09772228646444,0.0,50.0,-0.0
3105,86.31994312432411,0.0,0.0,46.09772228646444,0.0,0.0,-0.0
3106,85.23016682352937,0.0,0.0,46.09772228646444,0.0,0.0,0.0
3107,80.01200707685368,0.0,0.0,46.09772228646444,0.0,0.0,-0.0
3108,68.98693295091142,0.0,0.0,46.09772228646444,50.0,0.0,46.09772228646444
3109,64.55719022315289,50.0,0.0,92.19544457292888,50.0,0.0,92.19544457292888
3110,69.78268110542977,0.0,0.0,92.19544457292888,8.465228909328081,0.0,100.0
3111,82.92975379226169,0.0,0.0,92.19544457292888,0.0,0.0,100.0
3112,98.5691087293358,0.0,0.0,92.19544457292888,0.0,-0.0,100.0
3113,107.51767573363523,0.0,0.0,92.19544457292888,0.0,-0.0,100.0
3114,110.27112337712462,0.0,50.0,37.96283011826483,0.0,42.19544457292888,54.23261445466404
3115,111.72808577769598,0.0,35.0,7.105427357601002e-15,0.0,50.0,-0.0
3116,102.20010058203923,0.0,0.0,7.105427357601002e-15,0.0,0.0,-0.0
3117,94.5729692663063,0.0,0.0,7.105427357601002e-15,0.0,0.0,0.0
3118,83.73626162404892,0.0,0.0,7.105427357601002e-15,-0.0,0.0,0.0
3119,72.27370116846805,0.0,0.0,7.105427357601002e-15,0.0,0.0,-0.0
3120,62.105424246110005,0.0,0.0,7.105427357601002e-15,8.465228909328081,0.0,7.804555427071122
3121,60.09051597643634,50.0,0.0,46.097722286464446,50.0,0.0,53.90227771353556
3122,61.50210515009006,50.0,0.0,92.19544457292889,50.0,0.0,100.0
3123,63.50929886296345,0.0,0.0,92.19544457292889,0.0,0.0,100.0
3124,66.03182818040855,0.0,0.0,92.19544457292889,0.0,0.0,100.0
3125,72.81662546204018,0.0,0.0,92.19544457292889,0.0,0.0,100.0
3126,77.91007339839263,0.0,0.0,92.19544457292889,0.0,0.0,100.0
3127,85.26073801351612,0.0,0.0,92.19544457292889,0.0,50.0,45.76738554533596
3128,83.28541585011595,0.0,0.0,92.19544457292889,0.0,0.0,45.76738554533596
3129,83.47271649991703,0.0,0.0,92.19544457292889,0.0,42.19544457292888,-0.0
3130,82.1018377854835,0.0,0.0,92.19544457292889,0.0,0.0,-0.0
3131,72.71016351370461,0.0,0.0,92.19544457292889,0.0,0.0,-0.0
3132,69.63208092582026,0.0,0.0,92.19544457292889,0.0,0.0,0.0
3133,66.19549543250308,0.0,0.0,92.19544457292889,50.0,0.0,46.09772228646444
3134,67.10916690590592,0.0,0.0,92.19544457292889,50.0,0.0,92.19544457292888
3135,67.58448841390297,0.0,0.0,92.19544457292889,8.465228909328081,0.0,100.0
3136,82.4485970098788,0.0,0.0,92.19544457292889,-0.0,0.0,100.0
3137,94.18005903985477,0.0,0.0,92.19544457292889,0.0,0.0,100.0
3138,99.30961494792805,0.0,0.0,92.19544457292889,0.0,-0.0,100.0
3139,108.31729184347651,0.0,50.0,37.96283011826485,0.0,42.19544457292888,54.23261445466404
3140,101.67139453789778,0.0,0.0,37.96283011826485,0.0,0.0,54.23261445466404
3141,111.60137974000412,0.0,35.000000000000014,0.0,0.0,50.0,-0.0
3142,102.76884849508882,0.0,0.0,0.0,0.0,0.0,-0.0
3143,98.15049181773047,0.0,0.0,0.0,0.0,0.0,0.0
3144,82.01915750600749,0.0,0.0,0.0,0.0,0.0,-0.0
3145,79.53818663595712,0.0,0.0,0.0,50.0,0.0,46.09772228646444
3146,80.30499394872155,0.0,0.0,0.0,0.0,0.0,46.09772228646444
3147,77.27181576999713,0.0,0.0,0.0,50.0,0.0,92.19544457292888
3148,87.19957198628039,0.0,0.0,0.0,0.0,0.0,92.19544457292888
3149,90.65071788672911,0.0,0.0,0.0,0.0,0.0,92.19544457292888
3150,96.12903554408712,0.0,0.0,0.0,0.0,27.80455542707114,62.03716988173516
3151,94.84288800473487,0.0,0.0,0.0,0.0,0.0,62.03716988173516
3152,98.44444371679539,0.0,0.0,0.0,0.0,50.0,7.804555427071122
3153,94.72428497112878,0.0,0.0,0.0,0.0,0.0,7.804555427071122
3154,85.48792284092626,0.0,0.0,0.0,0.0,0.0,7.804555427071122
3155,75.25493079957029,50.0,0.0,46.09772228646444,50.0,0.0,53.90227771353556
3156,86.39561270944712,0.0,0.0,46.09772228646444,0.0,0.0,53.90227771353556
3157,83.6824512593347,0.0,0.0,46.09772228646444,0.0,0.0,53.90227771353556
3158,78.16696806226683,0.0,0.0,46.09772228646444,50.0,0.0,100.0
3159,80.15984790806951,0.0,0.0,46.09772228646444,0.0,0.0,100.0
3160,86.83541933644761,0.0,0.0,46.09772228646444,0.0,0.0,100.0
3161,95.38326991036135,0.0,0.0,46.09772228646444,0.0,0.0,100.0
3162,100.51807967438549,0.0,42.5,0.0,0.0,42.19544457292888,54.23261445466404
3163,102.30942401452953,0.0,0.0,0.0,0.0,50.0,-0.0
3164,93.60823644074267,0.0,0.0,0.0,0.0,0.0,0.0
3165,89.34068765628564,0.0,0.0,0.0,0.0,-0.0,-0.0
3166,78.61079304953876,0.0,0.0,0.0,0.0,0.0,0.0
3167,70.9926906893615,50.0,0.0,46.09772228646444,0.0,-0.0,0.0
3168,54.0385706291859,0.0,0.0,46.09772228646444,-0.0,0.0,0.0
3169,45.07221449427498,0.0,0.0,46.09772228646444,50.0,0.0,46.09772228646444
3170,49.68123980301027,0.0,0.0,46.09772228646444,50.0,0.0,92.19544457292888
3171,53.35874770239006,0.0,0.0,46.09772228646444,8.465228909328081,0.0,100.0
3172,60.67968439947664,0.0,0.0,46.09772228646444,0.0,0.0,100.0
3173,65.02072266658524,0.0,0.0,46.09772228646444,0.0,-0.0,100.0
3174,75.20606268560624,0.0,0.0,46.09772228646444,0.0,0.0,100.0
3175,70.80153370493153,0.0,0.0,46.09772228646444,0.0,0.0,100.0
3176,78.65142742869963,0.0,42.5,0.0,0.0,50.0,45.76738554533596
3177,78.12705368411937,0.0,0.0,0.0,0.0,35.00000000000001,7.804555427071122
3178,76.92990521261804,0.0,0.0,0.0,0.0,0.0,7.804555427071122
3179,73.69950188296856,0.0,0.0,0.0,0.0,0.0,7.804555427071122
3180,64.83333902297588,0.0,0.0,0.0,0.0,0.0,7.804555427071122
3181,56.947254210682736,0.0,0.0,0.0,50.0,0.0,53.90227771353556
3182,57.53403269255443,0.0,0.0,0.0,50.0,0.0,100.0
3183,68.02164576661572,0.0,0.0,0.0,0.0,0.0,100.0
3184,79.6867082561867,0.0,0.0,0.0,0.0,50.0,45.76738554533596
3185,78.24036095612908,0.0,0.0,0.0,0.0,42.19544457292888,-0.0
3186,76.21346150115625,0.0,0.0,0.0,0.0,0.0,-0.0
3187,72.128475896847,0.0,0.0,0.0,0.0,0.0,-0.0
3188,67.27241328692415,0.0,0.0,0.0,0.0,0.0,0.0
3189,55.61634923005542,0.0,0.0,0.0,-0.0,0.0,0.0
3190,44.41282234411325,50.0,0.0,46.09772228646444,0.0,0.0,-0.0
3191,38.247510063178424,50.0,0.0,92.19544457292888,-0.0,0.0,0.0
3192,29.27107400895551,0.0,0.0,92.19544457292888,0.0,0.0,-0.0
3193,22.205149952208146,8.465228909328081,0.0,100.0,50.0,0.0,46.09772228646444
3194,22.03913360803469,0.0,0.0,100.0,50.0,0.0,92.19544457292888
3195,29.82447560543374,0.0,0.0,100.0,0.0,0.0,92.19544457292888
3196,26.379034619138025,0.0,0.0,100.0,8.465228909328081,0.0,100.0
3197,31.940948085380413,0.0,0.0,100.0,0.0,0.0,100.0
3198,45.970990889862726,0.0,0.0,100.0,0.0,-0.0,100.0
3199,51.145707872401815,0.0,0.0,100.0,0.0,-0.0,100.0
3200,52.56762388463889,0.0,0.0,100.0,0.0,-0.0,100.0
3201,59.42460331952114,0.0,0.0,100.0,0.0,-0.0,100.0
3202,54.496924390200746,0.0,0.0,100.0,0.0,0.0,100.0
3203,56.93358911609582,0.0,0.0,100.0,0.0,0.0,100.0
3204,57.112982714771064,0.0,0.0,100.0,0.0,0.0,100.0
3205,56.15949779923993,0.0,0.0,100.0,0.0,0.0,100.0
3206,63.359953844262556,0.0,0.0,100.0,0.0,-0.0,100.0
3207,72.06605011109791,0.0,0.0,100.0,-0.0,0.0,100.0
3208,85.24713500688165,0.0,0.0,100.0,0.0,0.0,100.0
3209,87.89153776786455,0.0,0.0,100.0,0.0,-0.0,100.0
3210,90.76347994038565,0.0,50.0,45.767385545335955,0.0,50.0,45.76738554533596
3211,89.22670298798329,0.0,42.19544457292887,0.0,0.0,42.19544457292888,-0.0
3212,88.92626595671152,0.0,0.0,0.0,0.0,0.0,-0.0
3213,77.49895694985537,0.0,0.0,0.0,0.0,0.0,-0.0
3214,78.06889296400713,0.0,0.0,0.0,0.0,0.0,-0.0
3215,76.4642777637591,0.0,0.0,0.0,0.0,0.0,0.0
3216,56.9041001277739,0.0,0.0,0.0,50.0,0.0,46.09772228646444
3217,60.90441352090212,0.0,0.0,0.0,50.0,0.0,92.19544457292888
3218,70.76038365830884,0.0,0.0,0.0,0.0,0.0,92.19544457292888
3219,74.5796782456791,0.0,0.0,0.0,0.0,0.0,92.19544457292888
3220,82.78580183688489,0.0,0.0,0.0,0.0,35.00000000000001,54.23261445466404
3221,85.72220203186846,0.0,0.0,0.0,0.0,50.0,0.0
3222,80.94421169617311,0.0,0.0,0.0,0.0,-0.0,-0.0
3223,75.6537507838185,0.0,0.0,0.0,0.0,0.0,-0.0
3224,79.79569811869331,0.0,0.0,0.0,0.0,0.0,-0.0
3225,74.95546156482098,0.0,0.0,0.0,0.0,0.0,0.0
3226,65.51691017064617,0.0,0.0,0.0,-0.0,0.0,0.0
3227,60.7072465625495,0.0,0.0,0.0,8.465228909328081,0.0,7.804555427071122
3228,61.63002528477821,0.0,0.0,0.0,0.0,0.0,7.804555427071122
3229,54.233241260308844,50.0,0.0,46.09772228646444,50.0,0.0,53.90227771353556
3230,56.471041715922766,50.0,0.0,92.19544457292888,50.0,0.0,100.0
3231,72.23562282339213,0.0,0.0,92.19544457292888,0.0,0.0,100.0
3232,73.87504815902264,0.0,0.0,92.19544457292888,0.0,-0.0,100.0
3233,85.17194442125984,0.0,0.0,92.19544457292888,0.0,0.0,100.0
3234,85.35520353895791,0.0,0.0,92.19544457292888,0.0,-0.0,100.0
3235,87.56424923366288,0.0,0.0,92.19544457292888,0.0,0.0,100.0
3236,89.5509827445621,0.0,50.0,37.96283011826483,0.0,50.0,45.76738554533596
3237,87.79235526647773,0.0,35.0,7.105427357601002e-15,0.0,42.19544457292888,-0.0
3238,86.99729045375094,0.0,0.0,7.105427357601002e-15,0.0,0.0,-0.0
3239,75.82447276109109,0.0,0.0,7.105427357601002e-15,0.0,0.0,0.0
3240,69.68049679236434,0.0,0.0,7.105427357601002e-15,0.0,0.0,-0.0
3241,61.38732276501401,0.0,0.0,7.105427357601002e-15,8.465228909328081,0.0,7.804555427071122
3242,60.3470424753683,50.0,0.0,46.097722286464446,50.0,0.0,53.90227771353556
3243,60.857604847422095,50.0,0.0,92.19544457292889,50.0,0.0,100.0
3244,64.91264179753425,0.0,0.0,92.19544457292889,-0.0,0.0,100.0
3245,70.57324811498594,0.0,0.0,92.19544457292889,0.0,0.0,100.0
3246,71.42875149973261,0.0,0.0,92.19544457292889,0.0,0.0,100.0
3247,69.57034181590598,0.0,0.0,92.19544457292889,0.0,0.0,100.0
3248,77.56351132189127,0.0,0.0,92.19544457292889,0.0,0.0,100.0
3249,77.16866239664802,0.0,0.0,92.19544457292889,0.0,0.0,100.0
3250,78.91586309615462,0.0,0.0,92.19544457292889,0.0,42.50000000000001,53.90227771353556
3251,73.20035364243925,0.0,0.0,92.19544457292889,0.0,0.0,53.90227771353556
3252,62.072026266715866,0.0,0.0,92.19544457292889,50.0,0.0,100.0
3253,67.94597192131556,0.0,0.0,92.19544457292889,0.0,0.0,100.0
3254,69.58710613576001,0.0,0.0,92.19544457292889,0.0,0.0,100.0
3255,77.94471267039546,0.0,0.0,92.19544457292889,0.0,0.0,100.0
3256,81.50901550208093,0.0,0.0,92.19544457292889,0.0,0.0,100.0
3257,96.49333709046678,0.0,50.0,37.96283011826485,0.0,50.0,45.76738554533596
3258,93.67240441348623,0.0,35.000000000000014,0.0,0.0,42.19544457292888,-0.0
3259,90.39993071584288,0.0,0.0,0.0,0.0,0.0,-0.0
3260,86.72965469079807,0.0,0.0,0.0,0.0,0.0,0.0
3261,75.09857429935013,0.0,0.0,0.0,0.0,0.0,-0.0
3262,72.07302265421335,0.0,0.0,0.0,0.0,0.0,-0.0
3263,77.21879710633375,0.0,0.0,0.0,0.0,-0.0,0.0
3264,62.14757654082125,0.0,0.0,0.0,0.0,-0.0,-0.0
3265,61.28246916750265,0.0,0.0,0.0,0.0,0.0,0.0
3266,43.70067856381476,0.0,0.0,0.0,50.0,0.0,46.09772228646444
3267,43.825253598083705,0.0,0.0,0.0,50.0,0.0,92.19544457292888
3268,44.76781024551942,0.0,0.0,0.0,8.465228909328081,0.0,100.0
3269,45.584280397784056,0.0,0.0,0.0,-0.0,0.0,100.0
3270,58.902888826163775,0.0,0.0,0.0,0.0,-0.0,100.0
3271,63.61384936155018,0.0,0.0,0.0,0.0,0.0,100.0
3272,66.2797118828077,0.0,0.0,0.0,0.0,50.0,45.76738554533596
3273,63.63449692780179,0.0,0.0,0.0,0.0,42.19544457292888,0.0
3274,49.532700117495935,0.0,0.0,0.0,0.0,-0.0,0.0
3275,40.04103360478995,0.0,0.0,0.0,8.465228909328081,0.0,7.804555427071122
3276,44.414073389274726,0.0,0.0,0.0,0.0,0.0,7.804555427071122
3277,34.69392370632007,50.0,0.0,46.09772228646444,50.0,0.0,53.90227771353556
3278,36.651265467138884,50.0,0.0,92.19544457292888,50.0,0.0,100.0
3279,43.399580726511616,0.0,0.0,92.19544457292888,0.0,0.0,100.0
3280,62.70571558072934,0.0,0.0,92.19544457292888,0.0,-0.0,100.0
3281,74.2839459671613,0.0,0.0,92.19544457292888,0.0,-0.0,100.0
3282,74.88538625864417,0.0,0.0,92.19544457292888,0.0,0.0,100.0
3283,82.05262790433348,0.0,50.0,37.96283011826483,0.0,50.0,45.76738554533596
3284,74.34459471256046,0.0,0.0,37.96283011826483,0.0,0.0,45.76738554533596
3285,75.19944553899563,0.0,35.0,7.105427357601002e-15,0.0,42.19544457292888,-0.0
3286,62.8746462910771,0.0,0.0,7.105427357601002e-15,0.0,0.0,-0.0
3287,65.7477094192019,0.0,0.0,7.105427357601002e-15,0.0,0.0,0.0
3288,52.00062726394927,0.0,0.0,7.105427357601002e-15,0.0,0.0,-0.0
3289,44.06648225654458,0.0,0.0,7.105427357601002e-15,0.0,0.0,-0.0
3290,41.70349542247087,50.0,0.0,46.097722286464446,50.0,0.0,46.09772228646444
3291,43.71736278346842,0.0,0.0,46.097722286464446,8.465228909328081,0.0,53.90227771353556
3292,43.66862744670299,50.0,0.0,92.19544457292889,50.0,0.0,100.0
3293,52.116017405110256,0.0,0.0,92.19544457292889,0.0,0.0,100.0
3294,55.790301614831215,0.0,0.0,92.19544457292889,0.0,-0.0,100.0
3295,65.94109460662108,0.0,0.0,92.19544457292889,0.0,0.0,100.0
3296,71.84076125471432,0.0,0.0,92.19544457292889,0.0,-0.0,100.0
3297,70.51795160726165,0.0,0.0,92.19544457292889,0.0,0.0,100.0
3298,64.01478027269151,0.0,0.0,92.19544457292889,0.0,0.0,100.0
3299,60.496357545478105,0.0,0.0,92.19544457292889,0.0,0.0,100.0
3300,61.07562944743542,0.0,0.0,92.19544457292889,0.0,0.0,100.0
3301,73.05048695798241,0.0,0.0,92.19544457292889,0.0,-0.0,100.0
3302,81.51263321770294,0.0,0.0,92.19544457292889,0.0,-0.0,100.0
3303,92.46275092936418,0.0,0.0,92.19544457292889,0.0,-0.0,100.0
3304,115.4860448199959,0.0,0.0,92.19544457292889,0.0,0.0,100.0
3305,121.71620142547599,0.0,0.0,92.19544457292889,0.0,0.0,100.0
3306,124.49019976859168,0.0,50.0,37.96283011826485,0.0,42.19544457292888,54.23261445466404
3307,124.63433797566847,0.0,35.000000000000014,0.0,0.0,50.0,-0.0
3308,112.25620066456611,0.0,0.0,0.0,0.0,0.0,0.0
3309,102.27617312376066,0.0,0.0,0.0,0.0,0.0,-0.0
3310,92.6105131927535,0.0,0.0,0.0,-0.0,0.0,0.0
3311,90.9123451031198,0.0,0.0,0.0,0.0,0.0,-0.0
3312,76.55369022944716,0.0,0.0,0.0,8.465228909328081,0.0,7.804555427071122
3313,73.1950676649158,0.0,0.0,0.0,50.0,0.0,53.90227771353556
3314,75.82272720795052,0.0,0.0,0.0,50.0,0.0,100.0
3315,78.49958825944867,0.0,0.0,0.0,0.0,0.0,100.0
3316,77.67383686314929,0.0,0.0,0.0,0.0,0.0,100.0
3317,76.83911879951859,0.0,0.0,0.0,0.0,0.0,100.0
3318,88.10964778890383,0.0,0.0,0.0,0.0,0.0,100.0
3319,96.68084314602004,0.0,0.0,0.0,0.0,42.50000000000001,53.90227771353556
3320,89.00839481183246,0.0,0.0,0.0,0.0,0.0,53.90227771353556
3321,85.01074278449404,0.0,0.0,0.0,0.0,0.0,53.90227771353556
3322,80.75854987073639,0.0,0.0,0.0,0.0,0.0,53.90227771353556
3323,79.43443349112633,0.0,0.0,0.0,50.0,0.0,100.0
3324,80.57251233264343,0.0,0.0,0.0,0.0,0.0,100.0
3325,81.30669129324109,0.0,0.0,0.0,0.0,0.0,100.0
3326,87.20167133040091,0.0,0.0,0.0,0.0,0.0,100.0
3327,92.70991887270253,0.0,0.0,0.0,0.0,0.0,100.0
3328,95.02167381085923,0.0,0.0,0.0,0.0,0.0,100.0
3329,98.51193246907454,0.0,0.0,0.0,0.0,42.19544457292888,54.23261445466404
3330,100.46516319822656,0.0,0.0,0.0,0.0,50.0,-0.0
3331,98.34836036420938,0.0,0.0,0.0,0.0,0.0,-0.0
3332,83.12033327626276,0.0,0.0,0.0,0.0,0.0,0.0
3333,75.58079644777138,0.0,0.0,0.0,0.0,0.0,-0.0
3334,71.01035182626157,50.0,0.0,46.09772228646444,-0.0,0.0,0.0
3335,65.82278400892582,50.0,0.0,92.19544457292888,0.0,-0.0,0.0
3336,52.946275434220595,0.0,0.0,92.19544457292888,0.0,0.0,-0.0
3337,53.281932678647784,0.0,0.0,92.19544457292888,0.0,0.0,-0.0
3338,45.487812406068585,0.0,0.0,92.19544457292888,8.465228909328081,0.0,7.804555427071122
3339,36.738230828103454,8.465228909328081,0.0,100.0,50.0,0.0,53.90227771353556
3340,38.01911290628011,0.0,0.0,100.0,50.0,0.0,100.0
3341,48.04610140250466,0.0,0.0,100.0,0.0,0.0,100.0
3342,64.51363738974992,0.0,0.0,100.0,0.0,-0.0,100.0
3343,74.89983734681948,0.0,0.0,100.0,0.0,50.0,45.76738554533596
3344,69.61992626891788,0.0,0.0,100.0,0.0,0.0,45.76738554533596
3345,67.52073622972135,0.0,0.0,100.0,0.0,0.0,45.76738554533596
3346,65.08144786242786,0.0,0.0,100.0,0.0,0.0,45.76738554533596
3347,61.626301832355026,0.0,0.0,100.0,8.823529411764698,0.0,53.90227771353556
3348,62.06060736729704,0.0,0.0,100.0,0.0,0.0,53.90227771353556
3349,57.577926988296376,0.0,0.0,100.0,50.0,0.0,100.0
3350,62.39088990738244,0.0,0.0,100.0,0.0,0.0,100.0
3351,71.7189692070993,0.0,0.0,100.0,0.0,0.0,100.0
3352,83.85241989833946,0.0,0.0,100.0,0.0,0.0,100.0
3353,85.18587683435027,0.0,50.0,45.767385545335955,0.0,42.19544457292888,54.23261445466404
3354,86.13574743975009,0.0,42.19544457292887,0.0,0.0,50.0,0.0
3355,70.41338942231755,0.0,0.0,0.0,0.0,-0.0,-0.0
3356,64.23309530777414,0.0,0.0,0.0,0.0,0.0,0.0
3357,57.411977757690515,0.0,0.0,0.0,0.0,0.0,-0.0
3358,48.28734865102551,0.0,0.0,0.0,-0.0,0.0,0.0
3359,47.262407853593395,0.0,0.0,0.0,0.0,-0.0,0.0
3360,36.82775848960285,0.0,0.0,0.0,0.0,-0.0,0.0
3361,23.26267563877427,50.0,0.0,46.09772228646444,50.0,0.0,46.09772228646444
3362,24.839558004112725,0.0,0.0,46.09772228646444,8.465228909328081,0.0,53.90227771353556
3363,21.487044963686294,50.0,0.0,92.19544457292888,50.0,0.0,100.0
3364,28.497989106843782,0.0,0.0,92.19544457292888,0.0,0.0,100.0
3365,27.986250795258552,0.0,0.0,92.19544457292888,0.0,0.0,100.0
3366,36.84176982279092,0.0,0.0,92.19544457292888,-0.0,0.0,100.0
3367,43.44425622348557,0.0,0.0,92.19544457292888,0.0,0.0,100.0
3368,50.26602477633948,0.0,0.0,92.19544457292888,0.0,42.19544457292888,54.23261445466404
3369,51.58223219274098,0.0,0.0,92.19544457292888,0.0,50.0,0.0
3370,47.52343956965461,0.0,0.0,92.19544457292888,0.0,-0.0,0.0
3371,35.95889529121667,0.0,0.0,92.19544457292888,0.0,0.0,-0.0
3372,27.22743747652258,0.0,0.0,92.19544457292888,50.0,0.0,46.09772228646444
3373,27.189635879856986,0.0,0.0,92.19544457292888,50.0,0.0,92.19544457292888
3374,33.87899428893419,0.0,0.0,92.19544457292888,8.465228909328081,0.0,100.0
3375,39.68832648667083,0.0,0.0,92.19544457292888,0.0,0.0,100.0
3376,53.12155075696006,0.0,0.0,92.19544457292888,0.0,-0.0,100.0
3377,59.655557739280425,0.0,50.0,37.96283011826483,0.0,42.19544457292888,54.23261445466404
3378,59.110995060359116,0.0,0.0,37.96283011826483,0.0,0.0,54.23261445466404
3379,58.75696110035075,0.0,0.0,37.96283011826483,0.0,0.0,54.23261445466404
3380,58.11116903137364,0.0,0.0,37.96283011826483,0.0,0.0,54.23261445466404
3381,56.42034381689601,0.0,0.0,37.96283011826483,0.0,0.0,54.23261445466404
3382,63.30888727667373,0.0,35.0,7.105427357601002e-15,0.0,50.0,-0.0
3383,56.567462886019605,0.0,0.0,7.105427357601002e-15,0.0,0.0,0.0
3384,45.338501632098875,0.0,0.0,7.105427357601002e-15,-0.0,0.0,-0.0
3385,45.90447107976681,0.0,0.0,7.105427357601002e-15,0.0,0.0,0.0
3386,44.469098680266676,0.0,0.0,7.105427357601002e-15,0.0,0.0,-0.0
3387,41.996753005530756,0.0,0.0,7.105427357601002e-15,0.0,0.0,-0.0
3388,36.27726530010873,0.0,0.0,7.105427357601002e-15,-0.0,0.0,0.0
3389,39.4226730617447,0.0,0.0,7.105427357601002e-15,0.0,0.0,-0.0
3390,41.35006118742254,0.0,0.0,7.105427357601002e-15,0.0,0.0,-0.0
3391,39.675487298464816,0.0,0.0,7.105427357601002e-15,0.0,0.0,-0.0
3392,40.73661952428024,0.0,0.0,7.105427357601002e-15,0.0,0.0,-0.0
3393,36.32269284328828,0.0,0.0,7.105427357601002e-15,0.0,0.0,-0.0
3394,38.02259463314007,0.0,0.0,7.105427357601002e-15,0.0,0.0,-0.0
3395,38.92611655796269,0.0,0.0,7.105427357601002e-15,0.0,0.0,-0.0
3396,33.125424854603516,50.0,0.0,46.097722286464446,50.0,0.0,46.09772228646444
3397,34.425394901491885,0.0,0.0,46.097722286464446,8.465228909328081,0.0,53.90227771353556
3398,30.39727610394025,50.0,0.0,92.19544457292889,50.0,0.0,100.0
3399,37.09423114914176,0.0,0.0,92.19544457292889,0.0,0.0,100.0
3400,49.47774740542152,0.0,0.0,92.19544457292889,0.0,-0.0,100.0
3401,62.357913087649095,0.0,0.0,92.19544457292889,0.0,0.0,100.0
3402,62.996484794585214,0.0,50.0,37.96283011826485,0.0,42.19544457292888,54.23261445466404
3403,69.66577044884477,0.0,35.000000000000014,0.0,0.0,50.0,0.0
3404,58.62328301066547,0.0,0.0,0.0,0.0,0.0,-0.0
3405,48.24523039891488,0.0,0.0,0.0,-0.0,0.0,-0.0
3406,49.3189624000873,0.0,0.0,0.0,0.0,0.0,-0.0
3407,56.49695050229383,0.0,0.0,0.0,0.0,0.0,0.0
3408,48.39128625091005,0.0,0.0,0.0,0.0,0.0,-0.0
3409,46.162732018723226,0.0,0.0,0.0,-0.0,0.0,0.0
3410,32.7633057185337,0.0,0.0,0.0,0.0,0.0,-0.0
3411,22.798835510626212,50.0,0.0,46.09772228646444,50.0,0.0,46.09772228646444
3412,27.75185854014265,50.0,0.0,92.19544457292888,50.0,0.0,92.19544457292888
3413,32.3769172009262,0.0,0.0,92.19544457292888,8.465228909328081,0.0,100.0
3414,34.656006784276684,0.0,0.0,92.19544457292888,0.0,0.0,100.0
3415,43.340252916300955,0.0,0.0,92.19544457292888,0.0,-0.0,100.0
3416,49.13598387125985,0.0,0.0,92.19544457292888,0.0,-0.0,100.0
3417,55.04539660543142,0.0,0.0,92.19544457292888,0.0,-0.0,100.0
3418,52.881582170581126,0.0,0.0,92.19544457292888,0.0,0.0,100.0
3419,56.12084395015616,0.0,0.0,92.19544457292888,0.0,-0.0,100.0
3420,54.04585094759575,0.0,0.0,92.19544457292888,0.0,0.0,100.0
3421,54.573704034166525,0.0,0.0,92.19544457292888,0.0,0.0,100.0
3422,65.10851371764275,0.0,0.0,92.19544457292888,0.0,-0.0,100.0
3423,66.5395708275935,0.0,0.0,92.19544457292888,0.0,-0.0,100.0
3424,89.99974714709035,0.0,0.0,92.19544457292888,0.0,0.0,100.0
3425,97.36752058573225,0.0,0.0,92.19544457292888,0.0,0.0,100.0
3426,101.39669157022156,0.0,0.0,92.19544457292888,0.0,0.0,100.0
3427,102.2887878402563,0.0,0.0,92.19544457292888,0.0,0.0,100.0
3428,107.46013028036927,0.0,50.0,37.96283011826483,0.0,50.0,45.76738554533596
3429,104.64005778288112,0.0,35.0,7.105427357601002e-15,0.0,42.19544457292888,-0.0
3430,88.75322958472616,0.0,0.0,7.105427357601002e-15,0.0,0.0,-0.0
3431,91.50156800720819,0.0,0.0,7.105427357601002e-15,0.0,0.0,0.0
3432,76.18175032099792,0.0,0.0,7.105427357601002e-15,0.0,0.0,-0.0
3433,72.68014731010786,0.0,0.0,7.105427357601002e-15,-0.0,0.0,0.0
3434,62.329528621972656,50.0,0.0,46.097722286464446,50.0,0.0,46.09772228646444
3435,64.1651616042278,0.0,0.0,46.097722286464446,8.465228909328081,0.0,53.90227771353556
3436,61.721399128425304,50.0,0.0,92.19544457292889,50.0,0.0,100.0
3437,66.31901993669324,0.0,0.0,92.19544457292889,0.0,0.0,100.0
3438,70.57200078721353,0.0,0.0,92.19544457292889,0.0,0.0,100.0
3439,86.78968858399944,0.0,0.0,92.19544457292889,0.0,0.0,100.0
3440,99.59592099338875,0.0,0.0,92.19544457292889,0.0,50.0,45.76738554533596
3441,96.78237360261022,0.0,0.0,92.19544457292889,0.0,0.0,45.76738554533596
3442,91.08885074893037,0.0,0.0,92.19544457292889,0.0,0.0,45.76738554533596
3443,82.65246204436775,0.0,0.0,92.19544457292889,0.0,0.0,45.76738554533596
3444,84.62666512548833,0.0,0.0,92.19544457292889,0.0,0.0,45.76738554533596
3445,81.68624033332394,0.0,0.0,92.19544457292889,50.0,0.0,91.8651078318004
3446,82.01653775945249,0.0,0.0,92.19544457292889,8.823529411764698,0.0,100.0
3447,92.94317865665269,0.0,0.0,92.19544457292889,0.0,0.0,100.0
3448,95.98297837176466,0.0,0.0,92.19544457292889,0.0,0.0,100.0
3449,100.63044064917202,0.0,0.0,92.19544457292889,0.0,0.0,100.0
3450,93.62312243998569,0.0,0.0,92.19544457292889,0.0,0.0,100.0
3451,96.08325543611625,0.0,0.0,92.19544457292889,0.0,0.0,100.0
3452,102.07053035771597,0.0,50.0,37.96283011826485,0.0,50.0,45.76738554533596
3453,99.26262664062631,0.0,0.0,37.96283011826485,0.0,0.0,45.76738554533596
3454,100.64680908417223,0.0,35.000000000000014,0.0,0.0,42.19544457292888,-0.0
3455,90.1304801789992,0.0,0.0,0.0,0.0,0.0,0.0
3456,78.0882088180073,0.0,0.0,0.0,-0.0,0.0,0.0
3457,68.66688893519361,0.0,0.0,0.0,0.0,0.0,-0.0
3458,64.40045097144356,0.0,0.0,0.0,8.465228909328081,0.0,7.804555427071122
3459,67.43381680324575,0.0,0.0,0.0,0.0,0.0,7.804555427071122
3460,68.88747715495658,0.0,0.0,0.0,0.0,0.0,7.804555427071122
3461,64.62718347796384,0.0,0.0,0.0,0.0,0.0,7.804555427071122
3462,63.336936511915496,50.0,0.0,46.09772228646444,50.0,0.0,53.90227771353556
3463,61.91328209660233,50.0,0.0,92.19544457292888,50.0,0.0,100.0
3464,68.38580258641342,0.0,0.0,92.19544457292888,0.0,0.0,100.0
3465,79.00861158608865,0.0,0.0,92.19544457292888,0.0,-0.0,100.0
3466,81.78976381312037,0.0,0.0,92.19544457292888,0.0,42.50000000000001,53.90227771353556
3467,65.67682434836249,0.0,0.0,92.19544457292888,50.0,0.0,100.0
3468,70.65708331280194,0.0,0.0,92.19544457292888,0.0,0.0,100.0
3469,75.72363873700317,0.0,0.0,92.19544457292888,0.0,0.0,100.0
3470,70.31933659299897,0.0,0.0,92.19544457292888,0.0,0.0,100.0
3471,75.07339793561815,0.0,0.0,92.19544457292888,-0.0,0.0,100.0
3472,88.43944949227622,0.0,0.0,92.19544457292888,0.0,0.0,100.0
3473,96.88771343525343,0.0,50.0,37.96283011826483,0.0,50.0,45.76738554533596
3474,91.65828627728754,0.0,0.0,37.96283011826483,0.0,0.0,45.76738554533596
3475,93.75181694432212,0.0,35.0,7.105427357601002e-15,0.0,42.19544457292888,0.0
3476,77.4829283088629,0.0,0.0,7.105427357601002e-15,0.0,0.0,-0.0
3477,71.32683322837369,0.0,0.0,7.105427357601002e-15,-0.0,0.0,-0.0
3478,73.02506698802866,0.0,0.0,7.105427357601002e-15,0.0,0.0,0.0
3479,69.33509867468399,0.0,0.0,7.105427357601002e-15,0.0,0.0,-0.0
3480,54.808540850569926,50.0,0.0,46.097722286464446,50.0,0.0,46.09772228646444
3481,57.211980045093604,50.0,0.0,92.19544457292889,50.0,0.0,92.19544457292888
3482,60.418505731774644,0.0,0.0,92.19544457292889,8.465228909328081,0.0,100.0
3483,66.70857264188145,0.0,0.0,92.19544457292889,0.0,0.0,100.0
3484,72.46549629008159,0.0,0.0,92.19544457292889,-0.0,0.0,100.0
3485,81.65393816891549,0.0,0.0,92.19544457292889,0.0,0.0,100.0
3486,90.35034174740986,0.0,0.0,92.19544457292889,0.0,0.0,100.0
3487,95.95749113277445,0.0,0.0,92.19544457292889,0.0,42.19544457292888,54.23261445466404
3488,97.66600619890586,0.0,0.0,92.19544457292889,0.0,50.0,0.0
3489,93.43645152649677,0.0,0.0,92.19544457292889,0.0,-0.0,0.0
3490,80.97396980416822,0.0,0.0,92.19544457292889,0.0,0.0,-0.0
3491,70.09592018687616,0.0,0.0,92.19544457292889,8.465228909328081,0.0,7.804555427071122
3492,65.37774965339962,0.0,0.0,92.19544457292889,50.0,0.0,53.90227771353556
3493,67.01803968628882,0.0,0.0,92.19544457292889,50.0,0.0,100.0
3494,78.69027646051981,0.0,0.0,92.19544457292889,0.0,0.0,100.0
3495,84.25424145166735,0.0,0.0,92.19544457292889,-0.0,0.0,100.0
3496,96.42547608122194,0.0,0.0,92.19544457292889,0.0,0.0,100.0
3497,107.18363983026359,0.0,50.0,37.96283011826485,0.0,42.19544457292888,54.23261445466404
3498,107.1090835935175,0.0,0.0,37.96283011826485,0.0,0.0,54.23261445466404
3499,107.95551876749178,0.0,35.000000000000014,0.0,0.0,50.0,0.0
3500,101.03820154425131,0.0,0.0,0.0,0.0,0.0,-0.0
3501,101.61273035520426,0.0,0.0,0.0,0.0,-0.0,-0.0
3502,98.2778979591093,0.0,0.0,0.0,0.0,0.0,-0.0
3503,86.04513848650537,0.0,0.0,0.0,0.0,0.0,0.0
3504,73.89786978814156,0.0,0.0,0.0,-0.0,0.0,0.0
3505,79.0428218066308,0.0,0.0,0.0,0.0,0.0,-0.0
3506,74.25412868821348,0.0,0.0,0.0,0.0,0.0,-0.0
3507,74.76373823134202,0.0,0.0,0.0,0.0,0.0,-0.0
3508,78.10997471144279,0.0,0.0,0.0,0.0,0.0,-0.0
3509,75.22609339661498,0.0,0.0,0.0,0.0,0.0,-0.0
3510,83.18248198779978,0.0,0.0,0.0,0.0,0.0,-0.0
3511,80.20071994880409,0.0,0.0,0.0,0.0,0.0,-0.0
3512,79.15776076982463,0.0,0.0,0.0,0.0,0.0,-0.0
3513,83.5377292808504,0.0,0.0,0.0,0.0,0.0,-0.0
3514,80.4478369354698,0.0,0.0,0.0,0.0,0.0,-0.0
3515,73.18883263923317,0.0,0.0,0.0,8.465228909328081,0.0,7.804555427071122
3516,72.24530893932206,0.0,0.0,0.0,50.0,0.0,53.90227771353556
3517,71.7120377853005,50.0,0.0,46.09772228646444,50.0,0.0,100.0
3518,75.17693717601725,0.0,0.0,46.09772228646444,-0.0,0.0,100.0
3519,84.84678926377855,0.0,0.0,46.09772228646444,0.0,0.0,100.0
3520,87.4539406339724,0.0,0.0,46.09772228646444,0.0,0.0,100.0
3521,93.17058366173191,0.0,42.5,0.0,0.0,42.19544457292888,54.23261445466404
3522,93.70248895457745,0.0,0.0,0.0,0.0,50.0,-0.0
3523,83.5628040036348,0.0,0.0,0.0,0.0,0.0,0.0
3524,74.75183795779921,0.0,0.0,0.0,0.0,0.0,-0.0
3525,78.65123207915553,0.0,0.0,0.0,0.0,-0.0,-0.0
3526,75.65735192352037,0.0,0.0,0.0,0.0,0.0,0.0
3527,64.38905839666393,50.0,0.0,46.09772228646444,0.0,-0.0,0.0
3528,44.50566105102582,50.0,0.0,92.19544457292888,50.0,0.0,46.09772228646444
3529,42.17351038415917,8.465228909328081,0.0,100.0,50.0,0.0,92.19544457292888
3530,49.73331224490475,0.0,0.0,100.0,0.0,0.0,92.19544457292888
3531,48.59238061433463,0.0,0.0,100.0,8.465228909328081,0.0,100.0
3532,58.08763285186775,0.0,0.0,100.0,0.0,0.0,100.0
3533,64.342472361416,0.0,0.0,100.0,0.0,-0.0,100.0
3534,72.89811632771881,0.0,0.0,100.0,0.0,0.0,100.0
3535,71.0073122482445,0.0,0.0,100.0,0.0,0.0,100.0
3536,79.25116730163835,0.0,0.0,100.0,0.0,42.50000000000001,53.90227771353556
3537,75.86552779655518,0.0,0.0,100.0,0.0,0.0,53.90227771353556
3538,76.13589946066075,0.0,0.0,100.0,0.0,0.0,53.90227771353556
3539,66.39698351671709,0.0,0.0,100.0,0.0,0.0,53.90227771353556
3540,64.48108429545067,0.0,0.0,100.0,50.0,0.0,100.0
3541,66.79665359902965,0.0,0.0,100.0,0.0,0.0,100.0
3542,69.71384179961436,0.0,0.0,100.0,0.0,0.0,100.0
3543,78.40592270561898,0.0,0.0,100.0,0.0,0.0,100.0
3544,84.03147772774122,0.0,0.0,100.0,0.0,0.0,100.0
3545,86.21312660119023,0.0,0.0,100.0,0.0,-0.0,100.0
3546,97.81447484927979,0.0,50.0,45.767385545335955,0.0,42.19544457292888,54.23261445466404
3547,101.85645028152382,0.0,42.19544457292887,0.0,0.0,50.0,0.0
3548,92.55121132645272,0.0,0.0,0.0,0.0,0.0,-0.0
3549,89.6169606670793,0.0,0.0,0.0,0.0,0.0,-0.0
3550,79.59993893627473,0.0,0.0,0.0,-0.0,0.0,0.0
3551,68.79992150102656,0.0,0.0,0.0,0.0,-0.0,-0.0
3552,62.74361041742188,0.0,0.0,0.0,0.0,0.0,0.0
3553,50.287967057623,50.0,0.0,46.09772228646444,50.0,0.0,46.09772228646444
3554,53.750366260059124,0.0,0.0,46.09772228646444,0.0,0.0,46.09772228646444
3555,51.94535260062453,50.0,0.0,92.19544457292888,50.0,0.0,92.19544457292888
3556,52.83712807852092,0.0,0.0,92.19544457292888,8.465228909328081,0.0,100.0
3557,59.803767914495666,0.0,0.0,92.19544457292888,0.0,0.0,100.0
3558,69.30453066213347,0.0,0.0,92.19544457292888,0.0,0.0,100.0
3559,70.48482083619422,0.0,0.0,92.19544457292888,0.0,0.0,100.0
3560,77.55897752399353,0.0,0.0,92.19544457292888,0.0,42.50000000000001,53.90227771353556
3561,76.7659164163773,0.0,0.0,92.19544457292888,0.0,0.0,53.90227771353556
3562,65.313449078362,0.0,0.0,92.19544457292888,0.0,0.0,53.90227771353556
3563,59.92984215432578,0.0,0.0,92.19544457292888,50.0,0.0,100.0
3564,65.12224170950827,0.0,0.0,92.19544457292888,0.0,0.0,100.0
3565,74.6749793507273,0.0,0.0,92.19544457292888,0.0,0.0,100.0
3566,81.79389287794969,0.0,0.0,92.19544457292888,0.0,0.0,100.0
3567,80.80808220617928,0.0,0.0,92.19544457292888,-0.0,0.0,100.0
3568,90.41699714282569,0.0,0.0,92.19544457292888,0.0,0.0,100.0
3569,100.36929567309596,0.0,0.0,92.19544457292888,0.0,-0.0,100.0
3570,106.07016654367877,0.0,50.0,37.96283011826483,0.0,42.19544457292888,54.23261445466404
3571,108.04097292163848,0.0,35.0,7.105427357601002e-15,0.0,50.0,0.0
3572,104.45459780218519,0.0,0.0,7.105427357601002e-15,0.0,0.0,-0.0
3573,97.10288161279348,0.0,0.0,7.105427357601002e-15,0.0,0.0,-0.0
3574,87.26312828444456,0.0,0.0,7.105427357601002e-15,-0.0,0.0,0.0
3575,71.96549183646822,0.0,0.0,7.105427357601002e-15,0.0,0.0,-0.0
3576,61.85384076693447,0.0,0.0,7.105427357601002e-15,-0.0,0.0,0.0
3577,59.86076871206992,0.0,0.0,7.105427357601002e-15,8.465228909328081,0.0,7.804555427071122
3578,60.57416740128804,0.0,0.0,7.105427357601002e-15,0.0,0.0,7.804555427071122
3579,52.29085106230218,50.0,0.0,46.097722286464446,50.0,0.0,53.90227771353556
3580,57.867812263748476,50.0,0.0,92.19544457292889,50.0,0.0,100.0
3581,73.50351709831733,0.0,0.0,92.19544457292889,0.0,0.0,100.0
3582,79.21168091047863,0.0,0.0,92.19544457292889,0.0,0.0,100.0
3583,83.8546630328365,0.0,0.0,92.19544457292889,0.0,0.0,100.0
3584,87.67810366623364,0.0,0.0,92.19544457292889,0.0,42.19544457292888,54.23261445466404
3585,96.68042377471753,0.0,0.0,92.19544457292889,0.0,50.0,0.0
3586,85.01260705625151,0.0,0.0,92.19544457292889,0.0,0.0,-0.0
3587,80.20351107722863,0.0,0.0,92.19544457292889,0.0,0.0,-0.0
3588,71.88023505498228,0.0,0.0,92.19544457292889,50.0,0.0,46.09772228646444
3589,68.69632584029195,0.0,0.0,92.19544457292889,50.0,0.0,92.19544457292888
3590,72.04547517059859,0.0,0.0,92.19544457292889,8.465228909328081,0.0,100.0
3591,85.7479628406801,0.0,0.0,92.19544457292889,0.0,0.0,100.0
3592,102.19349707001962,0.0,0.0,92.19544457292889,0.0,0.0,100.0
3593,109.04760492997167,0.0,0.0,92.19544457292889,0.0,0.0,100.0
3594,108.03493772140665,0.0,0.0,92.19544457292889,0.0,0.0,100.0
3595,119.25120143976508,0.0,50.0,37.96283011826485,0.0,50.0,45.76738554533596
3596,110.47456259827848,0.0,35.000000000000014,0.0,0.0,42.19544457292888,0.0
3597,99.92836938376922,0.0,0.0,0.0,0.0,0.0,-0.0
3598,83.46053895488625,0.0,0.0,0.0,-0.0,0.0,-0.0
3599,86.56524568923109,0.0,0.0,0.0,0.0,0.0,0.0
3600,78.81593412185882,0.0,0.0,0.0,50.0,0.0,46.09772228646444
3601,87.82534487392837,0.0,0.0,0.0,0.0,0.0,46.09772228646444
3602,75.7323547782709,0.0,0.0,0.0,50.0,0.0,92.19544457292888
3603,81.68860414025737,0.0,0.0,0.0,8.465228909328081,0.0,100.0
3604,81.89888742063789,0.0,0.0,0.0,0.0,0.0,100.0
3605,88.86581479042653,0.0,0.0,0.0,0.0,0.0,100.0
3606,83.92755628032654,0.0,0.0,0.0,0.0,0.0,100.0
3607,96.63045703024092,0.0,0.0,0.0,0.0,0.0,100.0
3608,102.12204228768644,0.0,0.0,0.0,0.0,50.0,45.76738554533596
3609,98.64920817233032,0.0,0.0,0.0,0.0,42.19544457292888,-0.0
3610,96.01191509552892,0.0,0.0,0.0,0.0,0.0,0.0
3611,85.05000872416137,0.0,0.0,0.0,0.0,0.0,-0.0
3612,77.57444073033275,0.0,0.0,0.0,8.465228909328081,0.0,7.804555427071122
3613,74.42304667969893,0.0,0.0,0.0,50.0,0.0,53.90227771353556
3614,67.42543540110418,50.0,0.0,46.09772228646444,50.0,0.0,100.0
3615,78.80381994314172,0.0,0.0,46.09772228646444,0.0,0.0,100.0
3616,92.4184814640127,0.0,0.0,46.09772228646444,0.0,0.0,100.0
3617,93.68354087526723,0.0,0.0,46.09772228646444,0.0,0.0,100.0
3618,97.80956603513073,0.0,0.0,46.09772228646444,0.0,50.0,45.76738554533596
3619,94.62219625298721,0.0,0.0,46.09772228646444,0.0,42.19544457292888,-0.0
3620,91.84978923926698,0.0,0.0,46.09772228646444,0.0,0.0,-0.0
3621,82.39002672900148,0.0,0.0,46.09772228646444,0.0,0.0,0.0
3622,72.14092038592707,50.0,0.0,92.19544457292888,0.0,0.0,-0.0
3623,74.20250675522836,0.0,0.0,92.19544457292888,0.0,0.0,-0.0
3624,61.703761631679455,8.465228909328081,0.0,100.0,50.0,0.0,46.09772228646444
3625,69.82025410156612,0.0,0.0,100.0,0.0,0.0,46.09772228646444
3626,66.9747290574033,0.0,0.0,100.0,8.465228909328081,0.0,53.90227771353556
3627,60.47443168539202,0.0,0.0,100.0,50.0,0.0,100.0
3628,68.63820736927141,0.0,0.0,100.0,-0.0,0.0,100.0
3629,75.63553545331487,0.0,0.0,100.0,0.0,0.0,100.0
3630,84.75012291990318,0.0,0.0,100.0,0.0,-0.0,100.0
3631,95.86518488096374,0.0,50.0,45.767385545335955,0.0,50.0,45.76738554533596
3632,93.49794380112812,0.0,42.19544457292887,0.0,0.0,42.19544457292888,-0.0
3633,90.18602906416898,0.0,0.0,0.0,0.0,0.0,0.0
3634,83.69238056516065,0.0,0.0,0.0,0.0,0.0,-0.0
3635,70.7655574862672,0.0,0.0,0.0,50.0,0.0,46.09772228646444
3636,66.09849798010966,0.0,0.0,0.0,50.0,0.0,92.19544457292888
3637,73.70683202900479,0.0,0.0,0.0,8.465228909328081,0.0,100.0
3638,78.25829965937479,0.0,0.0,0.0,0.0,0.0,100.0
3639,76.68121036077608,0.0,0.0,0.0,0.0,0.0,100.0
3640,75.34418595816322,0.0,0.0,0.0,0.0,0.0,100.0
3641,90.9034786791731,0.0,0.0,0.0,0.0,42.19544457292888,54.23261445466404
3642,92.82613735964392,0.0,0.0,0.0,0.0,50.0,-0.0
3643,87.9122412072638,0.0,0.0,0.0,0.0,0.0,-0.0
3644,82.33061932359365,0.0,0.0,0.0,0.0,0.0,0.0
3645,68.911276734919,0.0,0.0,0.0,0.0,0.0,-0.0
3646,72.35893832219669,0.0,0.0,0.0,0.0,0.0,-0.0
3647,66.45597031642399,0.0,0.0,0.0,-0.0,0.0,0.0
3648,62.410212046531456,50.0,0.0,46.09772228646444,50.0,0.0,46.09772228646444
3649,59.63620593507033,50.0,0.0,92.19544457292888,50.0,0.0,92.19544457292888
3650,65.16220555715334,0.0,0.0,92.19544457292888,8.465228909328081,0.0,100.0
3651,65.3030964143255,0.0,0.0,92.19544457292888,0.0,0.0,100.0
3652,71.04932706891712,0.0,0.0,92.19544457292888,0.0,0.0,100.0
3653,78.3514320261699,0.0,0.0,92.19544457292888,0.0,0.0,100.0
3654,86.6926273638496,0.0,0.0,92.19544457292888,0.0,-0.0,100.0
3655,93.02733738234554,0.0,0.0,92.19544457292888,0.0,0.0,100.0
3656,93.18263554242243,0.0,0.0,92.19544457292888,0.0,0.0,100.0
3657,101.12915292793603,0.0,50.0,37.96283011826483,0.0,50.0,45.76738554533596
3658,89.76959079430058,0.0,0.0,37.96283011826483,0.0,0.0,45.76738554533596
3659,83.50977493414493,0.0,0.0,37.96283011826483,0.0,0.0,45.76738554533596
3660,79.41851725890868,0.0,0.0,37.96283011826483,0.0,0.0,45.76738554533596
3661,80.8911869869607,0.0,0.0,37.96283011826483,0.0,0.0,45.76738554533596
3662,81.2363688721981,0.0,0.0,37.96283011826483,0.0,0.0,45.76738554533596
3663,88.57036636652781,0.0,0.0,37.96283011826483,0.0,0.0,45.76738554533596
3664,93.97013780902441,0.0,35.0,7.105427357601002e-15,0.0,42.19544457292888,0.0
3665,90.27547697219575,0.0,0.0,7.105427357601002e-15,0.0,0.0,-0.0
3666,92.79452791150575,0.0,0.0,7.105427357601002e-15,0.0,-0.0,-0.0
3667,85.39064926742907,0.0,0.0,7.105427357601002e-15,0.0,0.0,0.0
3668,71.9659797927111,0.0,0.0,7.105427357601002e-15,-0.0,0.0,0.0
3669,68.20198108138956,0.0,0.0,7.105427357601002e-15,0.0,0.0,-0.0
3670,66.55917490147567,0.0,0.0,7.105427357601002e-15,0.0,0.0,-0.0
3671,66.14981954055537,0.0,0.0,7.105427357601002e-15,0.0,0.0,-0.0
3672,57.725753064899976,0.0,0.0,7.105427357601002e-15,-0.0,0.0,0.0
3673,44.389757332427614,0.0,0.0,7.105427357601002e-15,8.465228909328081,0.0,7.804555427071122
3674,35.711221636091324,50.0,0.0,46.097722286464446,50.0,0.0,53.90227771353556
3675,47.50348444508134,0.0,0.0,46.097722286464446,0.0,0.0,53.90227771353556
3676,44.13225817116266,50.0,0.0,92.19544457292889,50.0,0.0,100.0
3677,52.85775721351297,0.0,0.0,92.19544457292889,0.0,0.0,100.0
3678,55.904720378593936,0.0,0.0,92.19544457292889,0.0,0.0,100.0
3679,63.073083862450744,0.0,0.0,92.19544457292889,0.0,-0.0,100.0
3680,63.27273186265069,0.0,0.0,92.19544457292889,0.0,42.19544457292888,54.23261445466404
3681,66.01607757090449,0.0,0.0,92.19544457292889,0.0,50.0,-0.0
3682,63.0304071523157,0.0,0.0,92.19544457292889,0.0,0.0,-0.0
3683,56.28674427737825,0.0,0.0,92.19544457292889,0.0,0.0,0.0
3684,48.37939492951381,0.0,0.0,92.19544457292889,50.0,0.0,46.09772228646444
3685,51.43933277508989,0.0,0.0,92.19544457292889,8.465228909328081,0.0,53.90227771353556
3686,49.68554988390311,0.0,0.0,92.19544457292889,50.0,0.0,100.0
3687,60.00589985327683,0.0,0.0,92.19544457292889,0.0,0.0,100.0
3688,82.9223075025865,0.0,0.0,92.19544457292889,-0.0,0.0,100.0
3689,96.18290806659022,0.0,0.0,92.19544457292889,0.0,0.0,100.0
3690,102.15727747732588,0.0,50.0,37.96283011826485,0.0,50.0,45.76738554533596
3691,99.6334618099022,0.0,35.000000000000014,0.0,0.0,42.19544457292888,0.0
3692,84.0165636394483,0.0,0.0,0.0,0.0,0.0,-0.0
3693,71.32339269837885,0.0,0.0,0.0,-0.0,0.0,-0.0
3694,73.81848297464806,0.0,0.0,0.0,0.0,0.0,0.0
3695,65.62418183597839,0.0,0.0,0.0,0.0,-0.0,0.0
3696,50.2742127596557,0.0,0.0,0.0,0.0,-0.0,0.0
3697,47.2152445489879,0.0,0.0,0.0,0.0,0.0,-0.0
3698,39.96913599124461,0.0,0.0,0.0,-0.0,0.0,0.0
3699,33.84045928108894,50.0,0.0,46.09772228646444,50.0,0.0,46.09772228646444
3700,36.976000674595575,50.0,0.0,92.19544457292888,50.0,0.0,92.19544457292888
3701,37.975181357240416,0.0,0.0,92.19544457292888,8.465228909328081,0.0,100.0
3702,41.84089244192006,0.0,0.0,92.19544457292888,0.0,0.0,100.0
3703,45.32929231124727,0.0,0.0,92.19544457292888,0.0,0.0,100.0
3704,53.21560396638182,0.0,0.0,92.19544457292888,0.0,-0.0,100.0
3705,52.348066618723266,0.0,0.0,92.19544457292888,0.0,0.0,100.0
3706,48.65309355289003,0.0,0.0,92.19544457292888,0.0,0.0,100.0
3707,48.736525388151634,0.0,0.0,92.19544457292888,0.0,0.0,100.0
3708,46.39017126994193,0.0,0.0,92.19544457292888,0.0,0.0,100.0
3709,46.596147077262636,0.0,0.0,92.19544457292888,0.0,0.0,100.0
3710,54.463033463783084,0.0,0.0,92.19544457292888,0.0,-0.0,100.0
3711,65.74901457256817,0.0,0.0,92.19544457292888,0.0,0.0,100.0
3712,72.98011737093071,0.0,0.0,92.19544457292888,0.0,0.0,100.0
3713,80.00378967878041,0.0,50.0,37.96283011826483,0.0,50.0,45.76738554533596
3714,78.9408333271506,0.0,35.0,7.105427357601002e-15,0.0,42.19544457292888,0.0
3715,73.8953343711615,0.0,0.0,7.105427357601002e-15,0.0,0.0,-0.0
3716,75.10224646794998,0.0,0.0,7.105427357601002e-15,0.0,-0.0,-0.0
3717,72.79740583618934,0.0,0.0,7.105427357601002e-15,0.0,0.0,-0.0
3718,70.63072582984901,0.0,0.0,7.105427357601002e-15,0.0,0.0,-0.0
3719,68.56386383571594,0.0,0.0,7.105427357601002e-15,0.0,0.0,0.0
3720,57.09342316629743,50.0,0.0,46.097722286464446,50.0,0.0,46.09772228646444
3721,58.26435719091885,50.0,0.0,92.19544457292889,50.0,0.0,92.19544457292888
3722,61.1739177943121,0.0,0.0,92.19544457292889,8.465228909328081,0.0,100.0
3723,65.21386451750894,0.0,0.0,92.19544457292889,0.0,0.0,100.0
3724,65.71972938087896,0.0,0.0,92.19544457292889,0.0,0.0,100.0
3725,77.09500242574737,0.0,0.0,92.19544457292889,0.0,-0.0,100.0
3726,83.35886286860067,0.0,0.0,92.19544457292889,0.0,-0.0,100.0
3727,91.50803465884725,0.0,0.0,92.19544457292889,0.0,-0.0,100.0
3728,94.60944286141407,0.0,0.0,92.19544457292889,0.0,-0.0,100.0
3729,93.27259578551552,0.0,0.0,92.19544457292889,0.0,0.0,100.0
3730,83.4437929092123,0.0,0.0,92.19544457292889,0.0,0.0,100.0
3731,81.49214946844744,0.0,0.0,92.19544457292889,-0.0,0.0,100.0
3732,93.11946056148872,0.0,0.0,92.19544457292889,0.0,0.0,100.0
3733,89.28976248711241,0.0,0.0,92.19544457292889,0.0,0.0,100.0
3734,91.7576216970954,0.0,0.0,92.19544457292889,0.0,0.0,100.0
3735,94.11729159490514,0.0,0.0,92.19544457292889,0.0,0.0,100.0
3736,97.3455684052991,0.0,0.0,92.19544457292889,0.0,0.0,100.0
3737,110.592961249311,0.0,50.0,37.96283011826485,0.0,50.0,45.76738554533596
3738,107.83432269592365,0.0,35.000000000000014,0.0,0.0,42.19544457292888,0.0
3739,102.74812617116646,0.0,0.0,0.0,0.0,0.0,-0.0
3740,88.82955709161499,0.0,0.0,0.0,-0.0,0.0,0.0
3741,78.88112233410169,0.0,0.0,0.0,-0.0,0.0,0.0
3742,64.35782276788335,0.0,0.0,0.0,-0.0,0.0,-0.0
3743,64.69165543107292,0.0,0.0,0.0,0.0,0.0,-0.0
3744,68.65584709512558,0.0,0.0,0.0,0.0,0.0,0.0
3745,63.11260056048179,0.0,0.0,0.0,0.0,0.0,-0.0
3746,51.348276094086216,50.0,0.0,46.09772228646444,50.0,0.0,46.09772228646444
3747,56.06339007061496,0.0,0.0,46.09772228646444,8.465228909328081,0.0,53.90227771353556
3748,53.811731781089094,0.0,0.0,46.09772228646444,50.0,0.0,100.0
3749,65.59805274948761,0.0,0.0,46.09772228646444,0.0,0.0,100.0
3750,69.91649090568794,0.0,0.0,46.09772228646444,0.0,0.0,100.0
3751,72.1207852440858,0.0,0.0,46.09772228646444,0.0,0.0,100.0
3752,74.14598719656661,0.0,0.0,46.09772228646444,0.0,42.19544457292888,54.23261445466404
3753,77.15313458951769,0.0,0.0,46.09772228646444,0.0,50.0,0.0
3754,71.32911378013496,0.0,0.0,46.09772228646444,0.0,0.0,-0.0
3755,63.696655797788964,0.0,0.0,46.09772228646444,0.0,0.0,-0.0
3756,59.915935927753836,0.0,0.0,46.09772228646444,8.465228909328081,0.0,7.804555427071122
3757,53.642671597498236,50.0,0.0,92.19544457292888,50.0,0.0,53.90227771353556
3758,60.57726550198196,0.0,0.0,92.19544457292888,0.0,0.0,53.90227771353556
3759,57.90259480218816,0.0,0.0,92.19544457292888,50.0,0.0,100.0
3760,64.0884153316162,0.0,0.0,92.19544457292888,0.0,0.0,100.0
3761,75.5122411750707,0.0,0.0,92.19544457292888,0.0,-0.0,100.0
3762,80.75276278088236,0.0,0.0,92.19544457292888,0.0,0.0,100.0
3763,83.55188900469341,0.0,50.0,37.96283011826483,0.0,50.0,45.76738554533596
3764,79.4464970431961,0.0,0.0,37.96283011826483,0.0,0.0,45.76738554533596
3765,80.80226026971692,0.0,35.0,7.105427357601002e-15,0.0,42.19544457292888,0.0
3766,80.61692035180472,0.0,0.0,7.105427357601002e-15,0.0,-0.0,-0.0
3767,78.7101703738968,0.0,0.0,7.105427357601002e-15,0.0,0.0,-0.0
3768,71.32614047235697,0.0,0.0,7.105427357601002e-15,0.0,0.0,-0.0
3769,71.72668484871836,0.0,0.0,7.105427357601002e-15,0.0,0.0,0.0
3770,66.06642336874344,0.0,0.0,7.105427357601002e-15,8.465228909328081,0.0,7.804555427071122
3771,57.33623413100702,0.0,0.0,7.105427357601002e-15,50.0,0.0,53.90227771353556
3772,61.29919150320204,0.0,0.0,7.105427357601002e-15,50.0,0.0,100.0
3773,68.38103564397046,0.0,0.0,7.105427357601002e-15,0.0,0.0,100.0
3774,80.03950579719138,0.0,0.0,7.105427357601002e-15,0.0,50.0,45.76738554533596
3775,79.80979329593266,0.0,0.0,7.105427357601002e-15,0.0,42.19544457292888,-0.0
3776,77.25171537510184,0.0,0.0,7.105427357601002e-15,0.0,0.0,-0.0
3777,78.38761243420649,0.0,0.0,7.105427357601002e-15,0.0,0.0,-0.0
3778,73.33040081693623,0.0,0.0,7.105427357601002e-15,0.0,0.0,0.0
3779,57.90814331405431,0.0,0.0,7.105427357601002e-15,-0.0,0.0,0.0
3780,57.718230597331114,0.0,0.0,7.105427357601002e-15,8.465228909328081,0.0,7.804555427071122
3781,48.416671649172834,50.0,0.0,46.097722286464446,50.0,0.0,53.90227771353556
3782,48.36063070186051,50.0,0.0,92.19544457292889,50.0,0.0,100.0
3783,63.86345142895341,0.0,0.0,92.19544457292889,0.0,0.0,100.0
3784,82.08171030832352,0.0,0.0,92.19544457292889,0.0,0.0,100.0
3785,81.29331035336008,0.0,0.0,92.19544457292889,0.0,0.0,100.0
3786,82.62183275890028,0.0,50.0,37.96283011826485,0.0,42.19544457292888,54.23261445466404
3787,82.26843945986772,0.0,0.0,37.96283011826485,0.0,0.0,54.23261445466404
3788,88.41380551588443,0.0,35.000000000000014,0.0,0.0,50.0,-0.0
3789,79.95263739849906,0.0,0.0,0.0,0.0,0.0,-0.0
3790,72.1223114870113,0.0,0.0,0.0,0.0,0.0,-0.0
3791,76.91687222214641,0.0,0.0,0.0,0.0,0.0,0.0
3792,62.504497566812944,0.0,0.0,0.0,0.0,0.0,-0.0
3793,63.41144501118598,0.0,0.0,0.0,0.0,-0.0,-0.0
3794,52.66758953431554,0.0,0.0,0.0,0.0,0.0,0.0
3795,51.39197675595575,0.0,0.0,0.0,8.465228909328081,0.0,7.804555427071122
3796,44.36097912834997,0.0,0.0,0.0,50.0,0.0,53.90227771353556
3797,43.904812632403065,50.0,0.0,46.09772228646444,50.0,0.0,100.0
3798,56.01701101356687,0.0,0.0,46.09772228646444,0.0,0.0,100.0
3799,62.46427298285218,0.0,0.0,46.09772228646444,0.0,35.00000000000001,62.03716988173516
3800,64.43739833848542,0.0,0.0,46.09772228646444,0.0,50.0,7.804555427071122
3801,59.88679477874853,0.0,0.0,46.09772228646444,0.0,0.0,7.804555427071122
3802,55.39495452150254,0.0,0.0,46.09772228646444,0.0,0.0,7.804555427071122
3803,53.34566676797317,0.0,0.0,46.09772228646444,0.0,0.0,7.804555427071122
3804,56.840884027097715,0.0,0.0,46.09772228646444,0.0,0.0,7.804555427071122
3805,43.35514534161378,50.0,0.0,92.19544457292888,50.0,0.0,53.90227771353556
3806,44.30294344422649,0.0,0.0,92.19544457292888,50.0,0.0,100.0
3807,53.55087249695089,0.0,0.0,92.19544457292888,0.0,0.0,100.0
3808,61.96199306048948,0.0,0.0,92.19544457292888,-0.0,0.0,100.0
3809,71.58725125960639,0.0,0.0,92.19544457292888,0.0,0.0,100.0
3810,76.92685312664398,0.0,50.0,37.96283011826483,0.0,50.0,45.76738554533596
3811,75.08938617663402,0.0,35.0,7.105427357601002e-15,0.0,42.19544457292888,0.0
3812,69.07874054926515,0.0,0.0,7.105427357601002e-15,0.0,-0.0,-0.0
3813,63.42822332386519,0.0,0.0,7.105427357601002e-15,0.0,0.0,-0.0
3814,65.7781735186831,0.0,0.0,7.105427357601002e-15,0.0,0.0,-0.0
3815,58.504510398915656,0.0,0.0,7.105427357601002e-15,0.0,0.0,0.0
3816,47.18896624298316,50.0,0.0,46.097722286464446,50.0,0.0,46.09772228646444
3817,46.28085131431924,50.0,0.0,92.19544457292889,50.0,0.0,92.19544457292888
3818,53.52800678714168,0.0,0.0,92.19544457292889,0.0,0.0,92.19544457292888
3819,51.47794738702801,0.0,0.0,92.19544457292889,8.465228909328081,0.0,100.0
3820,58.84172118094732,0.0,0.0,92.19544457292889,0.0,0.0,100.0
3821,69.8802715442696,0.0,0.0,92.19544457292889,0.0,0.0,100.0
3822,75.0780545962574,0.0,0.0,92.19544457292889,0.0,0.0,100.0
3823,79.21126356289565,0.0,0.0,92.19544457292889,0.0,35.00000000000001,62.03716988173516
3824,79.87365100180182,0.0,0.0,92.19544457292889,0.0,50.0,7.804555427071122
3825,76.87642418587703,0.0,0.0,92.19544457292889,0.0,0.0,7.804555427071122
3826,77.02228935909604,0.0,0.0,92.19544457292889,0.0,0.0,7.804555427071122
3827,72.96538394859866,0.0,0.0,92.19544457292889,0.0,0.0,7.804555427071122
3828,70.87717668407088,0.0,0.0,92.19544457292889,0.0,0.0,7.804555427071122
3829,64.58829350475727,0.0,0.0,92.19544457292889,50.0,0.0,53.90227771353556
3830,63.197096528015884,0.0,0.0,92.19544457292889,50.0,0.0,100.0
3831,81.94189230368993,0.0,0.0,92.19544457292889,0.0,-0.0,100.0
3832,87.78939203042788,0.0,0.0,92.19544457292889,0.0,-0.0,100.0
3833,88.99777999722144,0.0,0.0,92.19544457292889,0.0,-0.0,100.0
3834,99.43116604598299,0.0,50.0,37.96283011826485,0.0,50.0,45.76738554533596
3835,99.13259589124587,0.0,35.000000000000014,0.0,0.0,42.19544457292888,0.0
3836,97.39625415596547,0.0,0.0,0.0,0.0,-0.0,-0.0
3837,90.2129226895598,0.0,0.0,0.0,0.0,0.0,-0.0
3838,82.48323550975311,0.0,0.0,0.0,0.0,0.0,0.0
3839,77.05001132290175,0.0,0.0,0.0,-0.0,0.0,0.0
3840,57.08393163831961,0.0,0.0,0.0,-0.0,0.0,0.0
3841,53.9417113762047,50.0,0.0,46.09772228646444,50.0,0.0,46.09772228646444
3842,53.66055415381061,50.0,0.0,92.19544457292888,50.0,0.0,92.19544457292888
3843,63.42979690763714,0.0,0.0,92.19544457292888,0.0,0.0,92.19544457292888
3844,65.09674023697917,0.0,0.0,92.19544457292888,0.0,0.0,92.19544457292888
3845,56.05230372098478,0.0,0.0,92.19544457292888,8.465228909328081,0.0,100.0
3846,62.12091293685211,0.0,0.0,92.19544457292888,-0.0,0.0,100.0
3847,83.45213464496364,0.0,0.0,92.19544457292888,0.0,0.0,100.0
3848,90.3712662413976,0.0,50.0,37.96283011826483,0.0,50.0,45.76738554533596
3849,83.5338563298901,0.0,35.0,7.105427357601002e-15,0.0,42.19544457292888,-0.0
3850,81.73318068850361,0.0,0.0,7.105427357601002e-15,0.0,0.0,-0.0
3851,71.97132971650177,0.0,0.0,7.105427357601002e-15,0.0,0.0,0.0
3852,61.21764176143925,0.0,0.0,7.105427357601002e-15,8.823529411764698,0.0,8.134892168199599
3853,59.92592151062471,0.0,0.0,7.105427357601002e-15,50.0,0.0,54.23261445466404
3854,64.70899327482081,0.0,0.0,7.105427357601002e-15,0.0,0.0,54.23261445466404
3855,61.254583994827414,0.0,0.0,7.105427357601002e-15,0.0,0.0,54.23261445466404
3856,63.31129723585534,0.0,0.0,7.105427357601002e-15,0.0,0.0,54.23261445466404
3857,70.67363388542577,0.0,0.0,7.105427357601002e-15,0.0,0.0,54.23261445466404
3858,72.36533301389161,0.0,0.0,7.105427357601002e-15,0.0,0.0,54.23261445466404
3859,74.71821531010534,0.0,0.0,7.105427357601002e-15,0.0,50.0,0.0
3860,64.9524242754585,0.0,0.0,7.105427357601002e-15,0.0,-0.0,-0.0
3861,64.88926458118246,0.0,0.0,7.105427357601002e-15,0.0,0.0,-0.0
3862,54.300878723845415,0.0,0.0,7.105427357601002e-15,0.0,0.0,-0.0
3863,60.949095005329184,0.0,0.0,7.105427357601002e-15,0.0,0.0,0.0
3864,40.35897341712669,0.0,0.0,7.105427357601002e-15,8.465228909328081,0.0,7.804555427071122
3865,32.945677286301915,50.0,0.0,46.097722286464446,50.0,0.0,53.90227771353556
3866,34.9065801135912,50.0,0.0,92.19544457292889,50.0,0.0,100.0
3867,45.05810601753054,0.0,0.0,92.19544457292889,0.0,0.0,100.0
3868,49.36266800474081,0.0,0.0,92.19544457292889,0.0,0.0,100.0
3869,57.43197919932412,0.0,0.0,92.19544457292889,0.0,-0.0,100.0
3870,64.01048559383322,0.0,0.0,92.19544457292889,0.0,-0.0,100.0
3871,64.48752512294192,0.0,0.0,92.19544457292889,0.0,42.19544457292888,54.23261445466404
3872,65.3682272257932,0.0,0.0,92.19544457292889,0.0,50.0,-0.0
3873,58.20043097150625,0.0,0.0,92.19544457292889,0.0,0.0,0.0
3874,48.015771579857685,0.0,0.0,92.19544457292889,-0.0,0.0,0.0
3875,47.07341918415647,0.0,0.0,92.19544457292889,0.0,0.0,-0.0
3876,39.455536975043785,0.0,0.0,92.19544457292889,50.0,0.0,46.09772228646444
3877,43.46955311797479,0.0,0.0,92.19544457292889,8.465228909328081,0.0,53.90227771353556
3878,41.82343195858984,0.0,0.0,92.19544457292889,50.0,0.0,100.0
3879,52.0124016513396,0.0,0.0,92.19544457292889,-0.0,0.0,100.0
3880,58.39490053679532,0.0,0.0,92.19544457292889,0.0,0.0,100.0
3881,73.80550677637085,0.0,0.0,92.19544457292889,0.0,0.0,100.0
3882,79.28772183163993,0.0,50.0,37.96283011826485,0.0,42.19544457292888,54.23261445466404
3883,85.7467688866868,0.0,35.000000000000014,0.0,0.0,50.0,-0.0
3884,77.67845519365488,0.0,0.0,0.0,0.0,0.0,0.0
3885,73.04200593481386,0.0,0.0,0.0,0.0,-0.0,-0.0
3886,62.95686014014599,0.0,0.0,0.0,0.0,0.0,0.0
3887,57.646010319655964,0.0,0.0,0.0,-0.0,0.0,0.0
3888,45.29871742186425,0.0,0.0,0.0,0.0,0.0,-0.0
3889,39.531768764013655,0.0,0.0,0.0,-0.0,0.0,0.0
3890,32.017909590148165,0.0,0.0,0.0,0.0,-0.0,0.0
3891,25.458457620019132,0.0,0.0,0.0,8.465228909328081,0.0,7.804555427071122
3892,16.63164190201313,50.0,0.0,46.09772228646444,50.0,0.0,53.90227771353556
3893,18.250155944028844,50.0,0.0,92.19544457292888,50.0,0.0,100.0
3894,31.122062555178427,0.0,0.0,92.19544457292888,0.0,0.0,100.0
3895,30.919183383746727,0.0,0.0,92.19544457292888,0.0,0.0,100.0
3896,29.488596377961063,0.0,0.0,92.19544457292888,-0.0,0.0,100.0
3897,41.52721803893957,0.0,0.0,92.19544457292888,0.0,-0.0,100.0
3898,36.125226165840914,0.0,0.0,92.19544457292888,0.0,0.0,100.0
3899,35.63079867033894,0.0,0.0,92.19544457292888,0.0,0.0,100.0
3900,38.581336206999076,0.0,0.0,92.19544457292888,0.0,0.0,100.0
3901,44.54726408435199,0.0,0.0,92.19544457292888,0.0,-0.0,100.0
3902,41.607611471360464,0.0,0.0,92.19544457292888,0.0,0.0,100.0
3903,48.91183285056308,0.0,0.0,92.19544457292888,0.0,-0.0,100.0
3904,49.31437854302217,0.0,0.0,92.19544457292888,0.0,-0.0,100.0
3905,71.12438672105893,0.0,50.0,37.96283011826483,0.0,50.0,45.76738554533596
3906,66.25541790270573,0.0,35.0,7.105427357601002e-15,0.0,42.19544457292888,-0.0
3907,61.13196063717086,0.0,0.0,7.105427357601002e-15,0.0,0.0,0.0
3908,53.34250980156293,0.0,0.0,7.105427357601002e-15,0.0,0.0,-0.0
3909,41.99083545381005,0.0,0.0,7.105427357601002e-15,50.0,0.0,46.09772228646444
3910,47.069773318518,0.0,0.0,7.105427357601002e-15,8.823529411764698,0.0,54.23261445466404
3911,58.548747300703596,0.0,0.0,7.105427357601002e-15,0.0,50.0,0.0
3912,44.958702198209366,0.0,0.0,7.105427357601002e-15,-0.0,0.0,0.0
3913,35.94714758826791,0.0,0.0,7.105427357601002e-15,0.0,-0.0,0.0
3914,23.084310483241566,50.0,0.0,46.097722286464446,50.0,0.0,46.09772228646444
3915,23.62662577434856,50.0,0.0,92.19544457292889,50.0,0.0,92.19544457292888
3916,26.0658022537706,0.0,0.0,92.19544457292889,8.465228909328081,0.0,100.0
3917,29.20453112369272,0.0,0.0,92.19544457292889,0.0,0.0,100.0
3918,39.021207061541624,0.0,0.0,92.19544457292889,0.0,-0.0,100.0
3919,49.19108626369092,0.0,0.0,92.19544457292889,0.0,0.0,100.0
3920,55.69174011496108,0.0,0.0,92.19544457292889,0.0,50.0,45.76738554533596
3921,54.17649705805687,0.0,0.0,92.19544457292889,0.0,0.0,45.76738554533596
3922,45.26761747003137,0.0,0.0,92.19544457292889,8.823529411764698,0.0,53.90227771353556
3923,45.983839614245454,0.0,0.0,92.19544457292889,0.0,0.0,53.90227771353556
3924,44.693980451178305,0.0,0.0,92.19544457292889,50.0,0.0,100.0
3925,51.443532683011306,0.0,0.0,92.19544457292889,0.0,0.0,100.0
3926,60.70480371556193,0.0,0.0,92.19544457292889,0.0,-0.0,100.0
3927,60.027872536137494,0.0,0.0,92.19544457292889,0.0,0.0,100.0
3928,60.60874309351284,0.0,0.0,92.19544457292889,0.0,0.0,100.0
3929,63.9614517531831,0.0,0.0,92.19544457292889,0.0,0.0,100.0
3930,62.59205726390772,0.0,0.0,92.19544457292889,0.0,0.0,100.0
3931,67.66035801793527,0.0,50.0,37.96283011826485,0.0,-0.0,100.0
3932,67.03678529833184,0.0,0.0,37.96283011826485,0.0,0.0,100.0
3933,68.93518487611634,0.0,35.000000000000014,0.0,0.0,-0.0,100.0
3934,66.73470752625038,0.0,0.0,0.0,0.0,0.0,100.0
3935,64.56292068720035,0.0,0.0,0.0,0.0,0.0,100.0
3936,59.7369465288312,0.0,0.0,0.0,0.0,0.0,100.0
3937,59.46285127028013,50.0,0.0,46.09772228646444,0.0,0.0,100.0
3938,57.51398193100344,50.0,0.0,92.19544457292888,0.0,0.0,100.0
3939,64.95916150201863,0.0,0.0,92.19544457292888,0.0,0.0,100.0
3940,66.67190248659371,0.0,0.0,92.19544457292888,0.0,0.0,100.0
3941,68.67342920698633,0.0,0.0,92.19544457292888,-0.0,0.0,100.0
3942,69.70434596844187,0.0,0.0,92.19544457292888,0.0,0.0,100.0
3943,79.26617749183823,0.0,0.0,92.19544457292888,0.0,0.0,100.0
3944,88.53801956247246,0.0,0.0,92.19544457292888,0.0,50.0,45.76738554533596
3945,86.01976163494771,0.0,0.0,92.19544457292888,0.0,0.0,45.76738554533596
3946,87.97509319710295,0.0,0.0,92.19544457292888,0.0,42.19544457292888,0.0
3947,70.99108994800606,0.0,0.0,92.19544457292888,-0.0,0.0,0.0
3948,67.45186777164491,0.0,0.0,92.19544457292888,8.465228909328081,0.0,7.804555427071122
3949,67.38809005127796,0.0,0.0,92.19544457292888,50.0,0.0,53.90227771353556
3950,67.1096347108709,0.0,0.0,92.19544457292888,50.0,0.0,100.0
3951,86.88326829545774,0.0,0.0,92.19544457292888,0.0,0.0,100.0
3952,92.97414683211272,0.0,0.0,92.19544457292888,0.0,0.0,100.0
3953,95.81240492063651,0.0,50.0,37.96283011826483,0.0,42.19544457292888,54.23261445466404
3954,98.00644031328507,0.0,35.0,7.105427357601002e-15,0.0,50.0,0.0
3955,85.2493020088487,0.0,0.0,7.105427357601002e-15,0.0,-0.0,-0.0
3956,77.19508168259618,0.0,0.0,7.105427357601002e-15,0.0,0.0,-0.0
3957,77.69391689769137,0.0,0.0,7.105427357601002e-15,0.0,0.0,0.0
3958,69.19665769831697,0.0,0.0,7.105427357601002e-15,0.0,0.0,-0.0
3959,61.133838500656914,0.0,0.0,7.105427357601002e-15,0.0,0.0,-0.0
3960,57.16892271521478,0.0,0.0,7.105427357601002e-15,-0.0,0.0,0.0
3961,61.87532807937723,0.0,0.0,7.105427357601002e-15,0.0,0.0,-0.0
3962,62.21441527739708,0.0,0.0,7.105427357601002e-15,0.0,-0.0,0.0
3963,58.66142532360131,0.0,0.0,7.105427357601002e-15,0.0,0.0,-0.0
3964,58.89591080607755,0.0,0.0,7.105427357601002e-15,0.0,0.0,-0.0
3965,58.73168544089518,0.0,0.0,7.105427357601002e-15,0.0,0.0,-0.0
3966,59.64500875342708,0.0,0.0,7.105427357601002e-15,0.0,0.0,-0.0
3967,60.35035985750341,0.0,0.0,7.105427357601002e-15,0.0,0.0,-0.0
3968,60.837811033260536,0.0,0.0,7.105427357601002e-15,0.0,-0.0,-0.0
3969,54.98433400454445,0.0,0.0,7.105427357601002e-15,0.0,0.0,0.0
3970,43.473408556203495,0.0,0.0,7.105427357601002e-15,8.465228909328081,0.0,7.804555427071122
3971,41.86882901466422,50.0,0.0,46.097722286464446,50.0,0.0,53.90227771353556
3972,42.109045664661146,50.0,0.0,92.19544457292889,50.0,0.0,100.0
3973,53.520861790248105,0.0,0.0,92.19544457292889,0.0,-0.0,100.0
3974,54.605056591707836,0.0,0.0,92.19544457292889,0.0,-0.0,100.0
3975,63.83385106925958,0.0,0.0,92.19544457292889,0.0,-0.0,100.0
3976,73.73741456367901,0.0,0.0,92.19544457292889,0.0,-0.0,100.0
3977,78.86484022996927,0.0,0.0,92.19544457292889,0.0,0.0,100.0
3978,86.28098608865683,0.0,0.0,92.19544457292889,0.0,0.0,100.0
3979,89.68249294063858,0.0,50.0,37.96283011826485,0.0,50.0,45.76738554533596
3980,87.2758179074853,0.0,35.000000000000014,0.0,0.0,42.19544457292888,-0.0
3981,80.20475969600122,0.0,0.0,0.0,0.0,0.0,0.0
3982,73.01197114183388,0.0,0.0,0.0,0.0,0.0,-0.0
3983,61.69917038792773,0.0,0.0,0.0,-0.0,0.0,0.0
3984,46.05691592771379,0.0,0.0,0.0,0.0,0.0,-0.0
3985,40.80428121424447,0.0,0.0,0.0,8.465228909328081,0.0,7.804555427071122
3986,33.69840463690111,50.0,0.0,46.09772228646444,50.0,0.0,53.90227771353556
3987,37.206842635137356,50.0,0.0,92.19544457292888,50.0,0.0,100.0
3988,46.948965956816735,0.0,0.0,92.19544457292888,0.0,0.0,100.0
3989,47.109242866180864,0.0,0.0,92.19544457292888,0.0,0.0,100.0
3990,55.924429423069405,0.0,0.0,92.19544457292888,0.0,0.0,100.0
3991,56.96550339520554,0.0,0.0,92.19544457292888,0.0,-0.0,100.0
3992,59.42904610278825,0.0,0.0,92.19544457292888,0.0,42.50000000000001,53.90227771353556
3993,55.57537920714592,0.0,0.0,92.19544457292888,0.0,0.0,53.90227771353556
3994,55.93092958793261,0.0,0.0,92.19544457292888,0.0,0.0,53.90227771353556
3995,48.45198632923518,0.0,0.0,92.19544457292888,50.0,0.0,100.0
3996,52.47232276111194,0.0,0.0,92.19544457292888,0.0,0.0,100.0
3997,52.401068677967245,0.0,0.0,92.19544457292888,0.0,0.0,100.0
3998,53.672288586027335,0.0,0.0,92.19544457292888,0.0,0.0,100.0
3999,54.449308478178736,0.0,0.0,92.19544457292888,0.0,0.0,100.0
4000,64.72941828754225,0.0,0.0,92.19544457292888,-0.0,0.0,100.0
4001,76.85225147297719,0.0,0.0,92.19544457292888,0.0,0.0,100.0
4002,81.82877366126874,0.0,0.0,92.19544457292888,0.0,-0.0,100.0
4003,93.614010082905,0.0,50.0,37.96283011826483,0.0,42.19544457292888,54.23261445466404
4004,96.97554122908258,0.0,35.0,7.105427357601002e-15,0.0,50.0,-0.0
4005,88.89161944029797,0.0,0.0,7.105427357601002e-15,0.0,0.0,-0.0
4006,81.26458111641945,0.0,0.0,7.105427357601002e-15,0.0,0.0,-0.0
4007,79.43881301497265,0.0,0.0,7.105427357601002e-15,0.0,0.0,0.0
4008,62.28952764778637,50.0,0.0,46.097722286464446,50.0,0.0,46.09772228646444
4009,65.65507412269957,0.0,0.0,46.097722286464446,0.0,0.0,46.09772228646444
4010,64.85603564072368,0.0,0.0,46.097722286464446,50.0,0.0,92.19544457292888
4011,65.018593506613,0.0,0.0,46.097722286464446,8.465228909328081,0.0,100.0
4012,69.87162740624264,0.0,0.0,46.097722286464446,0.0,0.0,100.0
4013,82.78261244323998,0.0,0.0,46.097722286464446,0.0,-0.0,100.0
4014,88.30362282228486,0.0,0.0,46.097722286464446,0.0,-0.0,100.0
4015,91.98214651710063,0.0,0.0,46.097722286464446,0.0,0.0,100.0
4016,101.79447085898079,0.0,42.50000000000001,0.0,0.0,42.19544457292888,54.23261445466404
4017,103.88173708005303,0.0,0.0,0.0,0.0,50.0,-0.0
4018,95.53849543092578,0.0,0.0,0.0,0.0,0.0,0.0
4019,88.85084515776045,0.0,0.0,0.0,0.0,-0.0,-0.0
4020,85.35172993977463,0.0,0.0,0.0,0.0,0.0,-0.0
4021,86.15595576869974,0.0,0.0,0.0,0.0,0.0,-0.0
4022,81.00708036756133,0.0,0.0,0.0,0.0,0.0,-0.0
4023,78.14350447608749,0.0,0.0,0.0,0.0,0.0,-0.0
4024,80.3732796579699,0.0,0.0,0.0,0.0,0.0,-0.0
4025,81.0930605918164,0.0,0.0,0.0,0.0,0.0,-0.0
4026,80.70722310839344,0.0,0.0,0.0,0.0,0.0,-0.0
4027,83.75391018771103,0.0,0.0,0.0,0.0,0.0,-0.0
4028,79.06200747765479,0.0,0.0,0.0,0.0,0.0,-0.0
4029,75.09317375372689,0.0,0.0,0.0,0.0,0.0,0.0
4030,63.516500987047664,0.0,0.0,0.0,0.0,0.0,-0.0
4031,57.8994748220691,50.0,0.0,46.09772228646444,-0.0,0.0,0.0
4032,50.20466245128848,0.0,0.0,46.09772228646444,8.465228909328081,0.0,7.804555427071122
4033,51.334226649982746,0.0,0.0,46.09772228646444,0.0,0.0,7.804555427071122
4034,45.635292803287406,50.0,0.0,92.19544457292888,50.0,0.0,53.90227771353556
4035,46.71802549735007,8.465228909328081,0.0,100.0,50.0,0.0,100.0
4036,61.25902001908776,0.0,0.0,100.0,0.0,0.0,100.0
4037,65.24359764068589,0.0,0.0,100.0,0.0,0.0,100.0
4038,67.3272514891076,0.0,0.0,100.0,0.0,0.0,100.0
4039,72.2450319322124,0.0,0.0,100.0,0.0,0.0,100.0
4040,75.74665603108257,0.0,0.0,100.0,0.0,50.0,45.76738554533596
4041,73.63455498249792,0.0,0.0,100.0,0.0,42.19544457292888,0.0
4042,69.15279025907702,0.0,0.0,100.0,0.0,-0.0,0.0
4043,56.47658502302313,0.0,0.0,100.0,0.0,0.0,-0.0
4044,49.036476664506495,0.0,0.0,100.0,50.0,0.0,46.09772228646444
4045,49.75303148985607,0.0,0.0,100.0,50.0,0.0,92.19544457292888
4046,53.88670075467266,0.0,0.0,100.0,8.465228909328081,0.0,100.0
4047,58.426777665344055,0.0,0.0,100.0,0.0,0.0,100.0
4048,66.04237775562532,0.0,0.0,100.0,0.0,-0.0,100.0
4049,73.47861947348818,0.0,0.0,100.0,0.0,-0.0,100.0
4050,82.09667116167348,0.0,50.0,45.767385545335955,0.0,50.0,45.76738554533596
4051,81.00257656175677,0.0,42.19544457292887,0.0,0.0,42.19544457292888,-0.0
4052,79.64120186257355,0.0,0.0,0.0,0.0,0.0,0.0
4053,71.56995657433416,0.0,0.0,0.0,0.0,0.0,-0.0
4054,70.13772033113347,0.0,0.0,0.0,0.0,0.0,-0.0
4055,68.62965146828164,0.0,0.0,0.0,0.0,0.0,-0.0
4056,61.66215222692746,0.0,0.0,0.0,50.0,0.0,46.09772228646444
4057,62.58419871592108,0.0,0.0,0.0,8.465228909328081,0.0,53.90227771353556
4058,63.26471894516017,0.0,0.0,0.0,0.0,0.0,53.90227771353556
4059,61.59480580587703,0.0,0.0,0.0,50.0,0.0,100.0
4060,64.27354435906695,0.0,0.0,0.0,-0.0,0.0,100.0
4061,73.97812037255605,0.0,0.0,0.0,0.0,0.0,100.0
4062,75.63280308815557,0.0,0.0,0.0,0.0,0.0,100.0
4063,77.42711751999089,0.0,0.0,0.0,0.0,0.0,100.0
4064,81.03098379710708,0.0,0.0,0.0,0.0,42.19544457292888,54.23261445466404
4065,81.63802255632861,0.0,0.0,0.0,0.0,50.0,0.0
4066,72.19586287263914,0.0,0.0,0.0,0.0,0.0,-0.0
4067,66.8191904749475,0.0,0.0,0.0,0.0,0.0,-0.0
4068,63.38086106225097,0.0,0.0,0.0,-0.0,0.0,0.0
4069,51.65889022584387,0.0,0.0,0.0,50.0,0.0,46.09772228646444
4070,55.350826979661605,0.0,0.0,0.0,50.0,0.0,92.19544457292888
4071,62.029887354522266,0.0,0.0,0.0,8.465228909328081,0.0,100.0
4072,69.46721775600898,0.0,0.0,0.0,0.0,0.0,100.0
4073,84.09854327923989,0.0,0.0,0.0,0.0,50.0,45.76738554533596
4074,80.34143602931013,0.0,0.0,0.0,0.0,42.19544457292888,-0.0
4075,75.38922446643858,0.0,0.0,0.0,0.0,0.0,0.0
4076,57.886706654507506,0.0,0.0,0.0,0.0,0.0,-0.0
4077,51.78080850080185,0.0,0.0,0.0,-0.0,0.0,0.0
4078,46.510192335631416,50.0,0.0,46.09772228646444,0.0,0.0,-0.0
4079,41.90279696573587,50.0,0.0,92.19544457292888,0.0,0.0,-0.0
4080,38.270043661744296,8.465228909328081,0.0,100.0,50.0,0.0,46.09772228646444
4081,41.75586212253527,0.0,0.0,100.0,0.0,0.0,46.09772228646444
4082,41.18867365390216,0.0,0.0,100.0,8.465228909328081,0.0,53.90227771353556
4083,39.67738786461193,0.0,0.0,100.0,50.0,0.0,100.0
4084,48.296810189239906,0.0,0.0,100.0,0.0,0.0,100.0
4085,53.24167392988544,0.0,0.0,100.0,0.0,0.0,100.0
4086,55.53751504634911,0.0,0.0,100.0,0.0,0.0,100.0
4087,52.855851137987635,0.0,0.0,100.0,-0.0,0.0,100.0
4088,54.87745998860083,0.0,0.0,100.0,-0.0,0.0,100.0
4089,59.312514631449666,0.0,0.0,100.0,0.0,0.0,100.0
4090,68.59831658056514,0.0,0.0,100.0,0.0,42.50000000000001,53.90227771353556
4091,64.24151115759437,0.0,0.0,100.0,0.0,0.0,53.90227771353556
4092,57.30404561879597,0.0,0.0,100.0,0.0,0.0,53.90227771353556
4093,51.7045679309039,0.0,0.0,100.0,50.0,0.0,100.0
4094,59.6365977274461,0.0,0.0,100.0,0.0,0.0,100.0
4095,57.154085088776014,0.0,0.0,100.0,0.0,0.0,100.0
4096,68.86560990344718,0.0,0.0,100.0,0.0,-0.0,100.0
4097,80.25194133989129,0.0,0.0,100.0,0.0,0.0,100.0
4098,85.86975686999222,0.0,50.0,45.767385545335955,0.0,50.0,45.76738554533596
4099,83.83020619003281,0.0,42.19544457292887,0.0,0.0,42.19544457292888,-0.0
4100,83.16886523409599,0.0,0.0,0.0,0.0,0.0,0.0
4101,78.75200789208463,0.0,0.0,0.0,0.0,-0.0,-0.0
4102,69.35491019002774,0.0,0.0,0.0,0.0,0.0,-0.0
4103,76.01630322395351,0.0,0.0,0.0,0.0,0.0,0.0
4104,61.7985749955771,0.0,0.0,0.0,8.465228909328081,0.0,7.804555427071122
4105,63.05299488595181,0.0,0.0,0.0,0.0,0.0,7.804555427071122
4106,47.15793092176585,50.0,0.0,46.09772228646444,50.0,0.0,53.90227771353556
4107,54.25791248715021,50.0,0.0,92.19544457292888,50.0,0.0,100.0
4108,64.21795288610026,0.0,0.0,92.19544457292888,0.0,0.0,100.0
4109,68.24148498277496,0.0,0.0,92.19544457292888,-0.0,0.0,100.0
4110,76.98606617538111,0.0,0.0,92.19544457292888,0.0,0.0,100.0
4111,85.20696215734887,0.0,0.0,92.19544457292888,0.0,50.0,45.76738554533596
4112,83.69415776491223,0.0,0.0,92.19544457292888,0.0,0.0,45.76738554533596
4113,84.82659286000474,0.0,0.0,92.19544457292888,0.0,35.00000000000001,7.804555427071122
4114,75.23040856519253,0.0,0.0,92.19544457292888,0.0,0.0,7.804555427071122
4115,66.6891762592833,0.0,0.0,92.19544457292888,50.0,0.0,53.90227771353556
4116,69.97577845868753,0.0,0.0,92.19544457292888,50.0,0.0,100.0
4117,75.30384675221788,0.0,0.0,92.19544457292888,0.0,0.0,100.0
4118,74.54511344584388,0.0,0.0,92.19544457292888,0.0,0.0,100.0
4119,76.61518052715171,0.0,0.0,92.19544457292888,0.0,0.0,100.0
4120,80.28944381270063,0.0,0.0,92.19544457292888,0.0,0.0,100.0
4121,90.3510914870649,0.0,50.0,37.96283011826483,0.0,50.0,45.76738554533596
4122,87.31201746888988,0.0,0.0,37.96283011826483,0.0,0.0,45.76738554533596
4123,88.33435595437294,0.0,0.0,37.96283011826483,0.0,0.0,45.76738554533596
4124,88.33568763009174,0.0,35.0,7.105427357601002e-15,0.0,42.19544457292888,-0.0
4125,82.10580759056299,0.0,0.0,7.105427357601002e-15,0.0,0.0,-0.0
4126,82.29220637411059,0.0,0.0,7.105427357601002e-15,0.0,0.0,0.0
4127,76.13232848897366,0.0,0.0,7.105427357601002e-15,0.0,-0.0,0.0
4128,62.66392914811205,0.0,0.0,7.105427357601002e-15,0.0,0.0,-0.0
4129,54.21195555334693,50.0,0.0,46.097722286464446,50.0,0.0,46.09772228646444
4130,57.876823505843916,0.0,0.0,46.097722286464446,0.0,0.0,46.09772228646444
4131,52.936435813743515,50.0,0.0,92.19544457292889,50.0,0.0,92.19544457292888
4132,56.8411313650317,0.0,0.0,92.19544457292889,8.465228909328081,0.0,100.0
4133,60.86160087739739,0.0,0.0,92.19544457292889,0.0,0.0,100.0
4134,61.29612583973504,0.0,0.0,92.19544457292889,-0.0,0.0,100.0
4135,64.27186655700639,0.0,0.0,92.19544457292889,0.0,0.0,100.0
4136,75.47030128234347,0.0,0.0,92.19544457292889,0.0,42.50000000000001,53.90227771353556
4137,75.3194694182019,0.0,0.0,92.19544457292889,0.0,0.0,53.90227771353556
4138,65.33346008830634,0.0,0.0,92.19544457292889,0.0,0.0,53.90227771353556
4139,62.56196757863067,0.0,0.0,92.19544457292889,0.0,0.0,53.90227771353556
4140,59.156295967646216,0.0,0.0,92.19544457292889,50.0,0.0,100.0
4141,78.93246336149654,0.0,0.0,92.19544457292889,0.0,-0.0,100.0
4142,83.35483019844601,0.0,0.0,92.19544457292889,-0.0,0.0,100.0
4143,86.70540175369939,0.0,0.0,92.19544457292889,0.0,0.0,100.0
4144,100.9838333086035,0.0,0.0,92.19544457292889,0.0,-0.0,100.0
4145,95.33818523510419,0.0,0.0,92.19544457292889,0.0,0.0,100.0
4146,97.94375634037945,0.0,0.0,92.19544457292889,0.0,0.0,100.0
4147,107.17615161654896,0.0,50.0,37.96283011826485,0.0,50.0,45.76738554533596
4148,101.01759509513732,0.0,35.000000000000014,0.0,0.0,42.19544457292888,-0.0
4149,84.78876622677777,0.0,0.0,0.0,0.0,0.0,0.0
4150,77.04104397559387,0.0,0.0,0.0,0.0,0.0,-0.0
4151,80.94855842781425,0.0,0.0,0.0,0.0,-0.0,-0.0
4152,70.36353042677035,0.0,0.0,0.0,0.0,0.0,0.0
4153,62.09523240501222,0.0,0.0,0.0,-0.0,0.0,0.0
4154,55.80554374223853,0.0,0.0,0.0,50.0,0.0,46.09772228646444
4155,52.15801299946834,50.0,0.0,46.09772228646444,50.0,0.0,92.19544457292888
4156,56.18393362669133,0.0,0.0,46.09772228646444,8.465228909328081,0.0,100.0
4157,68.00601006978778,0.0,0.0,46.09772228646444,0.0,0.0,100.0
4158,79.48333776020573,0.0,0.0,46.09772228646444,0.0,-0.0,100.0
4159,86.95317187607026,0.0,42.5,0.0,0.0,50.0,45.76738554533596
4160,81.52066520743735,0.0,0.0,0.0,0.0,42.19544457292888,-0.0
4161,72.50331073746017,0.0,0.0,0.0,0.0,0.0,-0.0
4162,71.21172630281356,0.0,0.0,0.0,0.0,0.0,0.0
4163,58.919967208001125,0.0,0.0,0.0,0.0,0.0,-0.0
4164,55.35045418270656,50.0,0.0,46.09772228646444,50.0,0.0,46.09772228646444
4165,58.087631952108346,0.0,0.0,46.09772228646444,8.465228909328081,0.0,53.90227771353556
4166,56.248413042884636,0.0,0.0,46.09772228646444,50.0,0.0,100.0
4167,58.091959704696386,0.0,0.0,46.09772228646444,0.0,0.0,100.0
4168,66.18858001032365,0.0,0.0,46.09772228646444,-0.0,0.0,100.0
4169,76.04835143568829,0.0,0.0,46.09772228646444,0.0,0.0,100.0
4170,85.42025245309937,0.0,0.0,46.09772228646444,0.0,42.19544457292888,54.23261445466404
4171,87.96134769130703,0.0,42.5,0.0,0.0,50.0,-0.0
4172,84.28810880072422,0.0,0.0,0.0,0.0,0.0,-0.0
4173,74.74307600544631,0.0,0.0,0.0,0.0,0.0,0.0
4174,64.0363408479757,0.0,0.0,0.0,-0.0,0.0,0.0
4175,58.109534823682424,0.0,0.0,0.0,0.0,0.0,-0.0
4176,49.423696530577296,0.0,0.0,0.0,-0.0,0.0,0.0
4177,49.19102503980289,0.0,0.0,0.0,0.0,0.0,-0.0
4178,36.088526447416356,50.0,0.0,46.09772228646444,50.0,0.0,46.09772228646444
4179,32.67689983761054,50.0,0.0,92.19544457292888,50.0,0.0,92.19544457292888
4180,42.80210712350973,0.0,0.0,92.19544457292888,8.465228909328081,0.0,100.0
4181,48.70342458610497,0.0,0.0,92.19544457292888,0.0,0.0,100.0
4182,48.04657059533728,0.0,0.0,92.19544457292888,0.0,0.0,100.0
4183,68.32311174575656,0.0,0.0,92.19544457292888,0.0,0.0,100.0
4184,71.45272623948213,0.0,0.0,92.19544457292888,0.0,0.0,100.0
4185,72.60793279528927,0.0,0.0,92.19544457292888,0.0,42.50000000000001,53.90227771353556
4186,70.57300174787801,0.0,0.0,92.19544457292888,0.0,0.0,53.90227771353556
4187,63.70746296943564,0.0,0.0,92.19544457292888,0.0,0.0,53.90227771353556
4188,57.01785112789314,0.0,0.0,92.19544457292888,50.0,0.0,100.0
4189,69.62635909024463,0.0,0.0,92.19544457292888,0.0,0.0,100.0
4190,78.6961349030531,0.0,0.0,92.19544457292888,0.0,-0.0,100.0
4191,89.01019987042369,0.0,0.0,92.19544457292888,0.0,0.0,100.0
4192,98.47520857319455,0.0,0.0,92.19544457292888,0.0,0.0,100.0
4193,97.62516062797232,0.0,0.0,92.19544457292888,0.0,0.0,100.0
4194,106.56686377325794,0.0,50.0,37.96283011826483,0.0,50.0,45.76738554533596
4195,99.54593965215105,0.0,35.0,7.105427357601002e-15,0.0,42.19544457292888,-0.0
4196,96.15682248187642,0.0,0.0,7.105427357601002e-15,0.0,0.0,0.0
4197,80.80906282502073,0.0,0.0,7.105427357601002e-15,0.0,-0.0,0.0
4198,64.31264345466553,0.0,0.0,7.105427357601002e-15,0.0,-0.0,0.0
4199,62.92554033527296,0.0,0.0,7.105427357601002e-15,0.0,-0.0,0.0
4200,47.17380994183343,0.0,0.0,7.105427357601002e-15,8.465228909328081,0.0,7.804555427071122
4201,34.318027916629426,50.0,0.0,46.097722286464446,50.0,0.0,53.90227771353556
4202,36.85381729617799,50.0,0.0,92.19544457292889,50.0,0.0,100.0
4203,49.36646176896565,0.0,0.0,92.19544457292889,0.0,0.0,100.0
4204,59.25774179836969,0.0,0.0,92.19544457292889,0.0,-0.0,100.0
4205,62.073955528466485,0.0,0.0,92.19544457292889,0.0,-0.0,100.0
4206,68.25650992592129,0.0,0.0,92.19544457292889,0.0,-0.0,100.0
4207,78.94267354006847,0.0,0.0,92.19544457292889,0.0,0.0,100.0
4208,87.60670453604385,0.0,0.0,92.19544457292889,0.0,-0.0,100.0
4209,83.54707948984377,0.0,0.0,92.19544457292889,0.0,0.0,100.0
4210,78.68230371857784,0.0,0.0,92.19544457292889,0.0,0.0,100.0
4211,74.88372379341897,0.0,0.0,92.19544457292889,0.0,0.0,100.0
4212,74.40386740162896,0.0,0.0,92.19544457292889,0.0,0.0,100.0
4213,73.30729129452563,0.0,0.0,92.19544457292889,0.0,0.0,100.0
4214,75.92289606123731,0.0,0.0,92.19544457292889,0.0,0.0,100.0
4215,89.5133771492955,0.0,0.0,92.19544457292889,0.0,-0.0,100.0
4216,102.4234208651367,0.0,0.0,92.19544457292889,0.0,-0.0,100.0
4217,109.42126079890656,0.0,0.0,92.19544457292889,0.0,0.0,100.0
4218,119.9069402619267,0.0,50.0,37.96283011826485,0.0,42.19544457292888,54.23261445466404
4219,114.39728833098897,0.0,0.0,37.96283011826485,0.0,0.0,54.23261445466404
4220,117.26259658743456,0.0,0.0,37.96283011826485,0.0,0.0,54.23261445466404
4221,112.33238329216269,0.0,0.0,37.96283011826485,0.0,0.0,54.23261445466404
4222,122.68708223751344,0.0,35.000000000000014,0.0,0.0,50.0,-0.0
4223,108.61264399751153,0.0,0.0,0.0,0.0,0.0,0.0
4224,90.09302791178071,0.0,0.0,0.0,0.0,0.0,-0.0
4225,87.26211423606868,0.0,0.0,0.0,50.0,0.0,46.09772228646444
4226,85.03853216683484,50.0,0.0,46.09772228646444,50.0,0.0,92.19544457292888
4227,93.00264319650651,0.0,0.0,46.09772228646444,0.0,0.0,92.19544457292888
4228,88.3025674385072,0.0,0.0,46.09772228646444,8.465228909328081,0.0,100.0
4229,95.33271946737123,0.0,0.0,46.09772228646444,0.0,0.0,100.0
4230,105.36576390832596,0.0,0.0,46.09772228646444,0.0,0.0,100.0
4231,112.26191213869481,0.0,0.0,46.09772228646444,0.0,-0.0,100.0
4232,106.96981625009745,0.0,0.0,46.09772228646444,0.0,0.0,100.0
4233,111.09007770778278,0.0,0.0,46.09772228646444,0.0,0.0,100.0
4234,110.73288675592106,0.0,0.0,46.09772228646444,0.0,0.0,100.0
4235,106.17484652460355,0.0,0.0,46.09772228646444,0.0,0.0,100.0
4236,101.42574844609037,0.0,0.0,46.09772228646444,0.0,0.0,100.0
4237,100.27804574695844,0.0,0.0,46.09772228646444,0.0,0.0,100.0
4238,101.09826592029918,0.0,0.0,46.09772228646444,0.0,0.0,100.0
4239,108.73583469366811,0.0,0.0,46.09772228646444,0.0,0.0,100.0
4240,113.72307192144285,0.0,42.5,0.0,0.0,50.0,45.76738554533596
4241,112.58079250765175,0.0,0.0,0.0,0.0,42.19544457292888,0.0
4242,107.60715316083814,0.0,0.0,0.0,0.0,-0.0,-0.0
4243,101.00923755963976,0.0,0.0,0.0,0.0,0.0,-0.0
4244,97.17402299049692,0.0,0.0,0.0,0.0,0.0,-0.0
4245,90.6183606751562,0.0,0.0,0.0,0.0,0.0,0.0
4246,85.79535850769031,0.0,0.0,0.0,0.0,0.0,-0.0
4247,83.80092237923236,50.0,0.0,46.09772228646444,-0.0,0.0,0.0
4248,67.48331920952504,0.0,0.0,46.09772228646444,0.0,0.0,-0.0
4249,72.10587655727858,0.0,0.0,46.09772228646444,0.0,0.0,-0.0
4250,67.36181547380843,0.0,0.0,46.09772228646444,-0.0,0.0,0.0
4251,63.54206742619618,0.0,0.0,46.09772228646444,8.465228909328081,0.0,7.804555427071122
4252,67.38071991444609,0.0,0.0,46.09772228646444,0.0,0.0,7.804555427071122
4253,60.90215254173545,50.0,0.0,92.19544457292888,50.0,0.0,53.90227771353556
4254,62.776003502885814,8.465228909328081,0.0,100.0,50.0,0.0,100.0
4255,74.3867210792542,0.0,0.0,100.0,0.0,0.0,100.0
4256,67.66492379085705,0.0,0.0,100.0,0.0,0.0,100.0
4257,73.13703683721968,0.0,0.0,100.0,0.0,0.0,100.0
4258,77.17628794339065,0.0,0.0,100.0,0.0,-0.0,100.0
4259,69.80527340613523,0.0,0.0,100.0,0.0,0.0,100.0
4260,68.26495125270263,0.0,0.0,100.0,0.0,0.0,100.0
4261,74.51569325451139,0.0,0.0,100.0,0.0,0.0,100.0
4262,75.13379618786287,0.0,0.0,100.0,0.0,0.0,100.0
4263,85.96714731566898,0.0,0.0,100.0,0.0,0.0,100.0
4264,88.79947603237761,0.0,0.0,100.0,0.0,-0.0,100.0
4265,91.56654106137341,0.0,50.0,45.767385545335955,0.0,42.19544457292888,54.23261445466404
4266,89.53987406579509,0.0,0.0,45.767385545335955,0.0,0.0,54.23261445466404
4267,90.31776338738396,0.0,0.0,45.767385545335955,0.0,0.0,54.23261445466404
4268,92.43151183624883,0.0,42.19544457292887,0.0,0.0,50.0,-0.0
4269,85.36717383122595,0.0,0.0,0.0,0.0,0.0,0.0
4270,72.76174943444849,0.0,0.0,0.0,0.0,-0.0,-0.0
4271,63.03547422940259,0.0,0.0,0.0,0.0,0.0,0.0
4272,53.8958415810133,50.0,0.0,46.09772228646444,50.0,0.0,46.09772228646444
4273,61.61896909867428,0.0,0.0,46.09772228646444,0.0,0.0,46.09772228646444
4274,61.29932311958976,0.0,0.0,46.09772228646444,0.0,0.0,46.09772228646444
4275,58.19017938626031,0.0,0.0,46.09772228646444,50.0,0.0,92.19544457292888
4276,63.99111098985348,0.0,0.0,46.09772228646444,0.0,0.0,92.19544457292888
4277,66.55032790382309,0.0,0.0,46.09772228646444,0.0,0.0,92.19544457292888
4278,70.26793649078982,0.0,0.0,46.09772228646444,0.0,0.0,92.19544457292888
4279,70.64933361893638,0.0,0.0,46.09772228646444,0.0,0.0,92.19544457292888
4280,81.51012964325963,0.0,0.0,46.09772228646444,0.0,50.0,37.96283011826484
4281,65.83155062133356,0.0,0.0,46.09772228646444,0.0,0.0,37.96283011826484
4282,66.49568768025674,0.0,0.0,46.09772228646444,0.0,0.0,37.96283011826484
4283,59.40712536288052,0.0,0.0,46.09772228646444,17.28875832109278,0.0,53.90227771353556
4284,54.784820068863446,50.0,0.0,92.19544457292888,50.0,0.0,100.0
4285,65.19932630142746,0.0,0.0,92.19544457292888,0.0,0.0,100.0
4286,65.15577628339932,0.0,0.0,92.19544457292888,0.0,0.0,100.0
4287,68.22433319398995,0.0,0.0,92.19544457292888,0.0,0.0,100.0
4288,75.36152302898577,0.0,0.0,92.19544457292888,0.0,0.0,100.0
4289,84.03940776853577,0.0,50.0,37.96283011826483,0.0,42.19544457292888,54.23261445466404
4290,84.54341952109684,0.0,35.0,7.105427357601002e-15,0.0,50.0,0.0
4291,75.15525922001927,0.0,0.0,7.105427357601002e-15,0.0,-0.0,-0.0
4292,67.27602569747629,0.0,0.0,7.105427357601002e-15,0.0,0.0,-0.0
4293,70.1583064900606,0.0,0.0,7.105427357601002e-15,0.0,0.0,-0.0
4294,66.09668986363407,0.0,0.0,7.105427357601002e-15,0.0,0.0,-0.0
4295,65.30616170934775,0.0,0.0,7.105427357601002e-15,0.0,0.0,0.0
4296,52.38811404297289,50.0,0.0,46.097722286464446,50.0,0.0,46.09772228646444
4297,46.45444352336544,50.0,0.0,92.19544457292889,50.0,0.0,92.19544457292888
4298,54.333281440514654,0.0,0.0,92.19544457292889,0.0,0.0,92.19544457292888
4299,52.83946664791678,0.0,0.0,92.19544457292889,0.0,0.0,92.19544457292888
4300,52.389155551809935,0.0,0.0,92.19544457292889,8.465228909328081,0.0,100.0
4301,63.16454463431428,0.0,0.0,92.19544457292889,0.0,0.0,100.0
4302,65.24367368822669,0.0,0.0,92.19544457292889,0.0,0.0,100.0
4303,68.00241521713245,0.0,0.0,92.19544457292889,0.0,0.0,100.0
4304,71.37161824032897,0.0,0.0,92.19544457292889,0.0,0.0,100.0
4305,70.42055669233385,0.0,0.0,92.19544457292889,0.0,0.0,100.0
4306,67.78015510786369,0.0,0.0,92.19544457292889,0.0,0.0,100.0
4307,74.6500348829786,0.0,0.0,92.19544457292889,0.0,42.50000000000001,53.90227771353556
4308,72.99075075287608,0.0,0.0,92.19544457292889,0.0,0.0,53.90227771353556
4309,59.652782030361784,0.0,0.0,92.19544457292889,50.0,0.0,100.0
4310,65.74758802863745,0.0,0.0,92.19544457292889,0.0,0.0,100.0
4311,72.72047937518427,0.0,0.0,92.19544457292889,-0.0,0.0,100.0
4312,80.47660169458095,0.0,0.0,92.19544457292889,0.0,0.0,100.0
4313,87.84740511392295,0.0,0.0,92.19544457292889,0.0,0.0,100.0
4314,90.33829328597936,0.0,50.0,37.96283011826485,0.0,50.0,45.76738554533596
4315,88.88237505867835,0.0,35.000000000000014,0.0,0.0,42.19544457292888,0.0
4316,88.10669099682494,0.0,0.0,0.0,0.0,-0.0,-0.0
4317,79.3978912968335,0.0,0.0,0.0,0.0,0.0,0.0
4318,69.01975862363824,0.0,0.0,0.0,0.0,0.0,-0.0
4319,82.15981824140374,0.0,0.0,0.0,0.0,-0.0,0.0
4320,65.47834703377961,0.0,0.0,0.0,-0.0,0.0,0.0
4321,62.74093238734506,0.0,0.0,0.0,-0.0,0.0,0.0
4322,51.94552028556653,0.0,0.0,0.0,8.465228909328081,0.0,7.804555427071122
4323,52.30641907615353,0.0,0.0,0.0,0.0,0.0,7.804555427071122
4324,49.20188035653679,50.0,0.0,46.09772228646444,50.0,0.0,53.90227771353556
4325,51.75393087805719,50.0,0.0,92.19544457292888,50.0,0.0,100.0
4326,64.40969359920068,0.0,0.0,92.19544457292888,-0.0,0.0,100.0
4327,73.09803665161976,0.0,0.0,92.19544457292888,0.0,0.0,100.0
4328,79.15496369029832,0.0,0.0,92.19544457292888,0.0,42.50000000000001,53.90227771353556
4329,67.87703904991525,0.0,0.0,92.19544457292888,0.0,0.0,53.90227771353556
4330,74.1024623092184,0.0,0.0,92.19544457292888,0.0,0.0,53.90227771353556
4331,62.4386418423762,0.0,0.0,92.19544457292888,50.0,0.0,100.0
4332,68.25293131399708,0.0,0.0,92.19544457292888,-0.0,0.0,100.0
4333,73.96808710742629,0.0,0.0,92.19544457292888,-0.0,0.0,100.0
4334,80.36993111586425,0.0,0.0,92.19544457292888,0.0,0.0,100.0
4335,81.33539046618017,0.0,0.0,92.19544457292888,0.0,0.0,100.0
4336,89.0401634663265,0.0,0.0,92.19544457292888,0.0,0.0,100.0
4337,91.82592179256193,0.0,50.0,37.96283011826483,0.0,42.19544457292888,54.23261445466404
4338,94.33586943921092,0.0,35.0,7.105427357601002e-15,0.0,50.0,0.0
4339,91.49520208725161,0.0,0.0,7.105427357601002e-15,0.0,-0.0,0.0
4340,75.93945505836766,0.0,0.0,7.105427357601002e-15,-0.0,0.0,-0.0
4341,77.29445526874548,0.0,0.0,7.105427357601002e-15,0.0,0.0,0.0
4342,71.84026578265079,0.0,0.0,7.105427357601002e-15,-0.0,0.0,0.0
4343,65.4715871768049,0.0,0.0,7.105427357601002e-15,0.0,-0.0,0.0
4344,50.89714945925875,0.0,0.0,7.105427357601002e-15,0.0,0.0,-0.0
4345,50.67406628240007,0.0,0.0,7.105427357601002e-15,0.0,0.0,-0.0
4346,44.09414065768733,0.0,0.0,7.105427357601002e-15,0.0,0.0,-0.0
4347,31.99985106597522,50.0,0.0,46.097722286464446,50.0,0.0,46.09772228646444
4348,37.79025939355873,0.0,0.0,46.097722286464446,50.0,0.0,92.19544457292888
4349,46.486849161740054,0.0,0.0,46.097722286464446,0.0,0.0,92.19544457292888
4350,52.69181231413916,0.0,0.0,46.097722286464446,0.0,0.0,92.19544457292888
4351,53.349478023313424,0.0,0.0,46.097722286464446,0.0,35.00000000000001,54.23261445466404
4352,58.250440048844496,0.0,0.0,46.097722286464446,0.0,50.0,-0.0
4353,50.22705326700098,0.0,0.0,46.097722286464446,0.0,0.0,0.0
4354,42.02353374418098,0.0,0.0,46.097722286464446,0.0,0.0,-0.0
4355,35.192141479124025,50.0,0.0,92.19544457292889,50.0,0.0,46.09772228646444
4356,39.28449888927612,0.0,0.0,92.19544457292889,50.0,0.0,92.19544457292888
4357,39.55943562425817,0.0,0.0,92.19544457292889,8.465228909328081,0.0,100.0
4358,42.903333149347475,0.0,0.0,92.19544457292889,0.0,0.0,100.0
4359,62.13201247691012,0.0,0.0,92.19544457292889,0.0,-0.0,100.0
4360,72.38183841428227,0.0,0.0,92.19544457292889,0.0,0.0,100.0
4361,80.87150868557927,0.0,0.0,92.19544457292889,0.0,35.00000000000001,62.03716988173516
4362,82.00996557332459,0.0,0.0,92.19544457292889,0.0,50.0,7.804555427071122
4363,78.18799426427503,0.0,0.0,92.19544457292889,0.0,0.0,7.804555427071122
4364,62.817410188168246,0.0,0.0,92.19544457292889,50.0,0.0,53.90227771353556
4365,64.31482385897537,0.0,0.0,92.19544457292889,50.0,0.0,100.0
4366,182.8692808714398,0.0,50.0,37.96283011826485,0.0,50.0,45.76738554533596
4367,133.21678404147912,0.0,35.000000000000014,0.0,0.0,42.19544457292888,0.0
4368,93.17317805677934,0.0,0.0,0.0,-0.0,0.0,0.0
4369,49.14438778307569,0.0,0.0,0.0,0.0,-0.0,0.0
4370,39.04394250449269,0.0,0.0,0.0,8.465228909328081,0.0,7.804555427071122
4371,36.48753602233148,0.0,0.0,0.0,50.0,0.0,53.90227771353556
4372,33.452488314633825,50.0,0.0,46.09772228646444,50.0,0.0,100.0
4373,49.362645478649114,0.0,0.0,46.09772228646444,0.0,0.0,100.0
4374,61.26600436820017,0.0,0.0,46.09772228646444,0.0,50.0,45.76738554533596
4375,55.479261960620406,0.0,0.0,46.09772228646444,0.0,0.0,45.76738554533596
4376,51.40565576944252,0.0,0.0,46.09772228646444,0.0,0.0,45.76738554533596
4377,51.22265463081271,0.0,0.0,46.09772228646444,0.0,0.0,45.76738554533596
4378,45.99581212109062,0.0,0.0,46.09772228646444,0.0,0.0,45.76738554533596
4379,35.71123548411544,50.0,0.0,92.19544457292888,50.0,0.0,91.8651078318004
4380,45.81918826106731,0.0,0.0,92.19544457292888,8.823529411764698,0.0,100.0
4381,49.317353047472245,0.0,0.0,92.19544457292888,0.0,0.0,100.0
4382,57.00416180633803,0.0,0.0,92.19544457292888,0.0,-0.0,100.0
4383,60.61838792908735,0.0,0.0,92.19544457292888,0.0,-0.0,100.0
4384,73.01569978248729,0.0,0.0,92.19544457292888,0.0,-0.0,100.0
4385,77.5009804581563,0.0,0.0,92.19544457292888,0.0,0.0,100.0
4386,79.36719360621537,0.0,0.0,92.19544457292888,0.0,42.19544457292888,54.23261445466404
4387,82.38398514574021,0.0,50.0,37.96283011826483,0.0,50.0,-0.0
4388,69.7644505657862,0.0,0.0,37.96283011826483,0.0,0.0,-0.0
4389,74.19641651187283,0.0,0.0,37.96283011826483,0.0,0.0,0.0
4390,70.4238099745464,0.0,0.0,37.96283011826483,0.0,0.0,-0.0
4391,73.87296089986296,0.0,0.0,37.96283011826483,0.0,-0.0,0.0
4392,55.83541127224768,0.0,0.0,37.96283011826483,0.0,-0.0,-0.0
4393,48.19302260724254,0.0,0.0,37.96283011826483,0.0,0.0,0.0
4394,40.32438389998725,50.0,0.0,84.06055240472926,50.0,0.0,46.09772228646444
4395,42.29292883636649,17.288758321092793,0.0,100.0,50.0,0.0,92.19544457292888
4396,45.43505057407548,0.0,0.0,100.0,8.465228909328081,0.0,100.0
4397,48.14894950918405,0.0,0.0,100.0,0.0,0.0,100.0
4398,49.7498496103828,0.0,0.0,100.0,-0.0,0.0,100.0
4399,49.975348852364206,0.0,0.0,100.0,-0.0,0.0,100.0
4400,54.3735636382368,0.0,0.0,100.0,0.0,0.0,100.0
4401,162.48243056181587,0.0,50.0,45.767385545335955,0.0,50.0,45.76738554533596
4402,114.08276495852137,0.0,42.19544457292887,0.0,0.0,42.19544457292888,0.0
4403,51.20059194667283,0.0,0.0,0.0,50.0,0.0,46.09772228646444
4404,48.99785945179517,0.0,0.0,0.0,50.0,0.0,92.19544457292888
4405,57.523890508589425,0.0,0.0,0.0,8.465228909328081,0.0,100.0
4406,59.05083217736959,0.0,0.0,0.0,0.0,0.0,100.0
4407,67.66390980396133,0.0,0.0,0.0,0.0,0.0,100.0
4408,75.25518161785686,0.0,0.0,0.0,0.0,0.0,100.0
4409,72.32795863892456,0.0,0.0,0.0,0.0,0.0,100.0
4410,83.99639656326876,0.0,0.0,0.0,0.0,50.0,45.76738554533596
4411,82.5621422632974,0.0,0.0,0.0,0.0,0.0,45.76738554533596
4412,82.99403271533953,0.0,0.0,0.0,0.0,42.19544457292888,0.0
4413,73.51396879749069,0.0,0.0,0.0,0.0,-0.0,-0.0
4414,67.88276105907289,0.0,0.0,0.0,0.0,0.0,0.0
4415,59.70960952517919,0.0,0.0,0.0,0.0,0.0,-0.0
4416,55.44711156726734,0.0,0.0,0.0,8.465228909328081,0.0,7.804555427071122
4417,54.6240049732695,0.0,0.0,0.0,50.0,0.0,53.90227771353556
4418,54.68228820410603,0.0,0.0,0.0,50.0,0.0,100.0
4419,61.66736592709714,0.0,0.0,0.0,0.0,0.0,100.0
4420,69.3533738553956,0.0,0.0,0.0,0.0,0.0,100.0
4421,77.03704749892623,0.0,0.0,0.0,0.0,50.0,45.76738554533596
4422,74.22922040305731,0.0,0.0,0.0,0.0,0.0,45.76738554533596
4423,75.758811161766,0.0,0.0,0.0,0.0,0.0,45.76738554533596
4424,72.96854297895963,0.0,0.0,0.0,0.0,0.0,45.76738554533596
4425,75.89766181802412,0.0,0.0,0.0,0.0,42.19544457292888,-0.0
4426,72.3572006152848,0.0,0.0,0.0,0.0,0.0,0.0
4427,59.73180360069966,0.0,0.0,0.0,0.0,0.0,-0.0
4428,56.303928290268274,0.0,0.0,0.0,0.0,0.0,-0.0
4429,49.07915020112568,50.0,0.0,46.09772228646444,50.0,0.0,46.09772228646444
4430,53.879973713336774,0.0,0.0,46.09772228646444,8.465228909328081,0.0,53.90227771353556
4431,52.43004739190885,50.0,0.0,92.19544457292888,50.0,0.0,100.0
4432,64.37752818973354,0.0,0.0,92.19544457292888,-0.0,0.0,100.0
4433,73.68184636344756,0.0,0.0,92.19544457292888,0.0,0.0,100.0
4434,87.88659873740887,0.0,50.0,37.96283011826483,0.0,42.19544457292888,54.23261445466404
4435,91.56722720529066,0.0,35.0,7.105427357601002e-15,0.0,50.0,0.0
4436,84.89240767167826,0.0,0.0,7.105427357601002e-15,0.0,0.0,-0.0
4437,83.90550911865222,0.0,0.0,7.105427357601002e-15,0.0,0.0,-0.0
4438,70.71442860963754,0.0,0.0,7.105427357601002e-15,-0.0,0.0,0.0
4439,61.80299066878397,0.0,0.0,7.105427357601002e-15,0.0,0.0,-0.0
4440,52.417781396316215,0.0,0.0,7.105427357601002e-15,-0.0,0.0,0.0
4441,38.2387500090474,0.0,0.0,7.105427357601002e-15,0.0,0.0,-0.0
4442,37.30274864831935,0.0,0.0,7.105427357601002e-15,0.0,0.0,-0.0
4443,32.509830922265756,50.0,0.0,46.097722286464446,50.0,0.0,46.09772228646444
4444,36.579965646324894,50.0,0.0,92.19544457292889,50.0,0.0,92.19544457292888
4445,36.58471098752629,0.0,0.0,92.19544457292889,8.465228909328081,0.0,100.0
4446,46.963674294721955,0.0,0.0,92.19544457292889,-0.0,0.0,100.0
4447,54.4707169990682,0.0,0.0,92.19544457292889,0.0,0.0,100.0
4448,66.50045316937393,0.0,0.0,92.19544457292889,0.0,50.0,45.76738554533596
4449,65.95028336677436,0.0,0.0,92.19544457292889,0.0,42.19544457292888,0.0
4450,57.98975444096541,0.0,0.0,92.19544457292889,0.0,0.0,-0.0
4451,52.73186206737246,0.0,0.0,92.19544457292889,8.465228909328081,0.0,7.804555427071122
4452,43.47377535991034,0.0,0.0,92.19544457292889,50.0,0.0,53.90227771353556
4453,47.66263148787779,0.0,0.0,92.19544457292889,50.0,0.0,100.0
4454,56.10623094270015,0.0,0.0,92.19544457292889,0.0,0.0,100.0
4455,77.17446230280999,0.0,0.0,92.19544457292889,0.0,-0.0,100.0
4456,80.9374628203775,0.0,0.0,92.19544457292889,0.0,0.0,100.0
4457,85.44812129839232,0.0,50.0,37.96283011826485,0.0,42.19544457292888,54.23261445466404
4458,85.11001445441472,0.0,0.0,37.96283011826485,0.0,0.0,54.23261445466404
4459,85.50220900750742,0.0,35.000000000000014,0.0,0.0,50.0,-0.0
4460,83.70759218539041,0.0,0.0,0.0,0.0,0.0,0.0
4461,78.0166076364695,0.0,0.0,0.0,0.0,0.0,-0.0
4462,78.92913862661868,0.0,0.0,0.0,0.0,-0.0,-0.0
4463,71.30180948408622,0.0,0.0,0.0,0.0,0.0,0.0
4464,64.79586213745661,0.0,0.0,0.0,-0.0,0.0,0.0
4465,64.52058603474183,0.0,0.0,0.0,8.465228909328081,0.0,7.804555427071122
4466,61.75166672977885,50.0,0.0,46.09772228646444,50.0,0.0,53.90227771353556
4467,59.00437673010282,50.0,0.0,92.19544457292888,50.0,0.0,100.0
4468,73.87690438825376,0.0,0.0,92.19544457292888,0.0,0.0,100.0
4469,72.51838171398902,0.0,0.0,92.19544457292888,0.0,0.0,100.0
4470,79.50758743402271,0.0,0.0,92.19544457292888,0.0,0.0,100.0
4471,80.34133093641901,0.0,0.0,92.19544457292888,0.0,0.0,100.0
4472,92.54967263599329,0.0,0.0,92.19544457292888,0.0,0.0,100.0
4473,94.88631624423397,0.0,0.0,92.19544457292888,0.0,42.50000000000001,53.90227771353556
4474,85.25219594627734,0.0,0.0,92.19544457292888,0.0,0.0,53.90227771353556
4475,82.1267651307078,0.0,0.0,92.19544457292888,0.0,0.0,53.90227771353556
4476,79.4746873441086,0.0,0.0,92.19544457292888,0.0,0.0,53.90227771353556
4477,75.8882839815202,0.0,0.0,92.19544457292888,50.0,0.0,100.0
4478,83.14068633934035,0.0,0.0,92.19544457292888,-0.0,0.0,100.0
4479,90.74193499396591,0.0,0.0,92.19544457292888,0.0,0.0,100.0
4480,98.09381593439369,0.0,0.0,92.19544457292888,0.0,0.0,100.0
4481,102.56005967223797,0.0,0.0,92.19544457292888,0.0,0.0,100.0
4482,106.47602904393024,0.0,50.0,37.96283011826483,0.0,50.0,45.76738554533596
4483,105.36077928479608,0.0,35.0,7.105427357601002e-15,0.0,42.19544457292888,0.0
4484,100.30248508388212,0.0,0.0,7.105427357601002e-15,0.0,-0.0,-0.0
4485,90.13485767399953,0.0,0.0,7.105427357601002e-15,0.0,0.0,-0.0
4486,93.479441692726,0.0,0.0,7.105427357601002e-15,0.0,0.0,0.0
4487,82.37691740246976,0.0,0.0,7.105427357601002e-15,-0.0,0.0,0.0
4488,71.96837890240107,0.0,0.0,7.105427357601002e-15,0.0,0.0,-0.0
4489,66.43210176463162,0.0,0.0,7.105427357601002e-15,0.0,0.0,-0.0
4490,73.26349332134225,0.0,0.0,7.105427357601002e-15,0.0,0.0,-0.0
4491,66.41581389673213,0.0,0.0,7.105427357601002e-15,0.0,0.0,-0.0
4492,63.34186315468152,0.0,0.0,7.105427357601002e-15,0.0,0.0,-0.0
4493,61.93301680407609,0.0,0.0,7.105427357601002e-15,-0.0,0.0,-0.0
4494,69.85655019925534,0.0,0.0,7.105427357601002e-15,0.0,0.0,-0.0
4495,67.9885477529634,0.0,0.0,7.105427357601002e-15,0.0,0.0,-0.0
4496,68.67052735271194,0.0,0.0,7.105427357601002e-15,0.0,0.0,0.0
4497,56.08255002310454,0.0,0.0,7.105427357601002e-15,0.0,0.0,-0.0
4498,54.41195397306339,0.0,0.0,7.105427357601002e-15,-0.0,0.0,0.0
4499,48.0290871184537,0.0,0.0,7.105427357601002e-15,0.0,0.0,-0.0
4500,38.33269662412732,50.0,0.0,46.097722286464446,50.0,0.0,46.09772228646444
4501,46.6442304727559,0.0,0.0,46.097722286464446,8.465228909328081,0.0,53.90227771353556
4502,44.72786570786125,50.0,0.0,92.19544457292889,50.0,0.0,100.0
4503,57.45208655392868,0.0,0.0,92.19544457292889,0.0,-0.0,100.0
4504,62.25863866905359,0.0,0.0,92.19544457292889,0.0,-0.0,100.0
4505,78.45172169205604,0.0,0.0,92.19544457292889,0.0,0.0,100.0
4506,85.92754466705767,0.0,50.0,37.96283011826485,0.0,50.0,45.76738554533596
4507,79.54753580817327,0.0,35.000000000000014,0.0,0.0,42.19544457292888,-0.0
4508,71.05626749921174,0.0,0.0,0.0,0.0,0.0,0.0
4509,69.93808257484474,0.0,0.0,0.0,0.0,-0.0,-0.0
4510,64.03863068290819,0.0,0.0,0.0,0.0,0.0,-0.0
4511,59.99009311818778,0.0,0.0,0.0,0.0,0.0,0.0
4512,55.90588097534817,0.0,0.0,0.0,0.0,0.0,-0.0
4513,49.2178264612308,50.0,0.0,46.09772228646444,50.0,0.0,46.09772228646444
4514,48.16489443069035,50.0,0.0,92.19544457292888,50.0,0.0,92.19544457292888
4515,53.41921674269793,0.0,0.0,92.19544457292888,8.465228909328081,0.0,100.0
4516,59.81410491300251,0.0,0.0,92.19544457292888,0.0,0.0,100.0
4517,63.125970107099334,0.0,0.0,92.19544457292888,0.0,0.0,100.0
4518,67.59199187963385,0.0,0.0,92.19544457292888,0.0,50.0,45.76738554533596
4519,63.88212489107595,0.0,0.0,92.19544457292888,0.0,0.0,45.76738554533596
4520,61.69464546697519,0.0,0.0,92.19544457292888,0.0,0.0,45.76738554533596
4521,63.21884705065764,0.0,0.0,92.19544457292888,0.0,0.0,45.76738554533596
4522,58.93235923666322,0.0,0.0,92.19544457292888,0.0,0.0,45.76738554533596
4523,55.373742642557225,0.0,0.0,92.19544457292888,8.823529411764698,0.0,53.90227771353556
4524,59.02670992853561,0.0,0.0,92.19544457292888,0.0,0.0,53.90227771353556
4525,53.28506396313373,0.0,0.0,92.19544457292888,50.0,0.0,100.0
4526,56.76381296529833,0.0,0.0,92.19544457292888,0.0,0.0,100.0
4527,65.24005777066449,0.0,0.0,92.19544457292888,0.0,0.0,100.0
4528,69.4453569198073,0.0,0.0,92.19544457292888,0.0,-0.0,100.0
4529,84.16391762217916,0.0,0.0,92.19544457292888,0.0,0.0,100.0
4530,92.08602534720006,0.0,0.0,92.19544457292888,0.0,0.0,100.0
4531,92.38412702610029,0.0,50.0,37.96283011826483,0.0,42.19544457292888,54.23261445466404
4532,97.84234319925815,0.0,35.0,7.105427357601002e-15,0.0,50.0,0.0
4533,83.14088993079818,0.0,0.0,7.105427357601002e-15,0.0,-0.0,-0.0
4534,77.65181265998979,0.0,0.0,7.105427357601002e-15,0.0,0.0,-0.0
4535,75.52852356474311,0.0,0.0,7.105427357601002e-15,0.0,0.0,0.0
4536,58.25156264129873,0.0,0.0,7.105427357601002e-15,0.0,0.0,-0.0
4537,57.15930078576732,0.0,0.0,7.105427357601002e-15,0.0,0.0,-0.0
4538,48.9224387180883,50.0,0.0,46.097722286464446,50.0,0.0,46.09772228646444
4539,52.66755759396173,0.0,0.0,46.097722286464446,50.0,0.0,92.19544457292888
4540,60.48676523900971,0.0,0.0,46.097722286464446,0.0,0.0,92.19544457292888
4541,66.12388428622552,0.0,0.0,46.097722286464446,0.0,0.0,92.19544457292888
4542,61.763656857158,0.0,0.0,46.097722286464446,0.0,0.0,92.19544457292888
4543,62.737035672737704,0.0,0.0,46.097722286464446,0.0,0.0,92.19544457292888
4544,69.55069041734328,0.0,0.0,46.097722286464446,0.0,50.0,37.96283011826484
4545,68.85130542290509,0.0,0.0,46.097722286464446,0.0,35.00000000000001,0.0
4546,50.083720872865726,0.0,0.0,46.097722286464446,50.0,0.0,46.09772228646444
4547,53.61222033520562,0.0,0.0,46.097722286464446,0.0,0.0,46.09772228646444
4548,52.43301772564411,0.0,0.0,46.097722286464446,8.465228909328081,0.0,53.90227771353556
4549,49.21126512330136,50.0,0.0,92.19544457292889,50.0,0.0,100.0
4550,59.766796487349616,0.0,0.0,92.19544457292889,0.0,0.0,100.0
4551,63.2534371588123,0.0,0.0,92.19544457292889,0.0,0.0,100.0
4552,67.69412586368068,0.0,0.0,92.19544457292889,0.0,-0.0,100.0
4553,76.64184434923845,0.0,0.0,92.19544457292889,-0.0,0.0,100.0
4554,89.92659168669022,0.0,0.0,92.19544457292889,0.0,0.0,100.0
4555,97.7206470699914,0.0,50.0,37.96283011826485,0.0,50.0,45.76738554533596
4556,94.8887626975228,0.0,35.000000000000014,0.0,0.0,42.19544457292888,0.0
4557,91.19587312822551,0.0,0.0,0.0,0.0,0.0,-0.0
4558,89.49841079015785,0.0,0.0,0.0,0.0,0.0,-0.0
4559,77.55836329147981,0.0,0.0,0.0,-0.0,0.0,0.0
4560,68.70203300023266,0.0,0.0,0.0,0.0,0.0,-0.0
4561,61.1346518129943,0.0,0.0,0.0,0.0,0.0,-0.0
4562,60.43747150148779,0.0,0.0,0.0,8.465228909328081,0.0,7.804555427071122
4563,58.26982571625753,50.0,0.0,46.09772228646444,50.0,0.0,53.90227771353556
4564,62.60741782655252,0.0,0.0,46.09772228646444,0.0,0.0,53.90227771353556
4565,67.23722328103233,0.0,0.0,46.09772228646444,0.0,0.0,53.90227771353556
4566,56.08221692069434,50.0,0.0,92.19544457292888,50.0,0.0,100.0
4567,63.7829725123005,0.0,0.0,92.19544457292888,0.0,0.0,100.0
4568,70.94411821391243,0.0,0.0,92.19544457292888,0.0,0.0,100.0
4569,72.47623951127505,0.0,0.0,92.19544457292888,0.0,0.0,100.0
4570,67.68957659776945,0.0,0.0,92.19544457292888,0.0,0.0,100.0
4571,72.09395907508346,0.0,0.0,92.19544457292888,0.0,0.0,100.0
4572,70.48956748580417,0.0,0.0,92.19544457292888,0.0,0.0,100.0
4573,72.82568745451177,0.0,0.0,92.19544457292888,0.0,0.0,100.0
4574,81.88258677438071,0.0,0.0,92.19544457292888,0.0,0.0,100.0
4575,89.4312747436353,0.0,50.0,37.96283011826483,0.0,42.19544457292888,54.23261445466404
4576,90.756014632687,0.0,35.0,7.105427357601002e-15,0.0,50.0,-0.0
4577,82.5922961042042,0.0,0.0,7.105427357601002e-15,0.0,0.0,-0.0
4578,83.01088307310145,0.0,0.0,7.105427357601002e-15,0.0,0.0,-0.0
4579,86.57908751591708,0.0,0.0,7.105427357601002e-15,0.0,0.0,-0.0
4580,80.6623770432335,0.0,0.0,7.105427357601002e-15,0.0,0.0,-0.0
4581,79.89982632188071,0.0,0.0,7.105427357601002e-15,0.0,0.0,-0.0
4582,75.51432833538387,0.0,0.0,7.105427357601002e-15,0.0,0.0,-0.0
4583,78.62086062178732,0.0,0.0,7.105427357601002e-15,0.0,0.0,0.0
4584,64.51833528726756,0.0,0.0,7.105427357601002e-15,0.0,0.0,-0.0
4585,63.87401704941328,0.0,0.0,7.105427357601002e-15,8.465228909328081,0.0,7.804555427071122
4586,64.00212283273862,0.0,0.0,7.105427357601002e-15,0.0,0.0,7.804555427071122
4587,71.07701044897647,0.0,0.0,7.105427357601002e-15,0.0,0.0,7.804555427071122
4588,62.31091272035083,50.0,0.0,46.097722286464446,50.0,0.0,53.90227771353556
4589,63.79214149021787,50.0,0.0,92.19544457292889,50.0,0.0,100.0
4590,74.4640213333449,0.0,0.0,92.19544457292889,0.0,0.0,100.0
4591,88.30466781840634,0.0,0.0,92.19544457292889,0.0,-0.0,100.0
4592,91.41523845394583,0.0,0.0,92.19544457292889,0.0,-0.0,100.0
4593,87.34954691312626,0.0,0.0,92.19544457292889,0.0,0.0,100.0
4594,86.17575967633844,0.0,0.0,92.19544457292889,0.0,0.0,100.0
4595,84.93965383091682,0.0,0.0,92.19544457292889,0.0,0.0,100.0
4596,78.68114369211071,0.0,0.0,92.19544457292889,0.0,0.0,100.0
4597,79.81238251125973,0.0,0.0,92.19544457292889,0.0,0.0,100.0
4598,89.09347422786027,0.0,0.0,92.19544457292889,0.0,0.0,100.0
4599,104.50460860278208,0.0,0.0,92.19544457292889,0.0,0.0,100.0
4600,113.72227337197003,0.0,0.0,92.19544457292889,0.0,0.0,100.0
4601,117.48970514548967,0.0,50.0,37.96283011826485,0.0,42.19544457292888,54.23261445466404
4602,117.61773792918147,0.0,35.000000000000014,0.0,0.0,50.0,-0.0
4603,117.47090893000987,0.0,0.0,0.0,0.0,0.0,-0.0
4604,110.5431410404303,0.0,0.0,0.0,0.0,0.0,0.0
4605,104.17607471636134,0.0,0.0,0.0,0.0,-0.0,-0.0
4606,91.33353367779715,0.0,0.0,0.0,0.0,0.0,-0.0
4607,93.30307675777895,0.0,0.0,0.0,0.0,0.0,0.0
4608,73.45206110290574,0.0,0.0,0.0,0.0,0.0,-0.0
4609,67.18921720026476,0.0,0.0,0.0,50.0,0.0,46.09772228646444
4610,64.82307805201674,50.0,0.0,46.09772228646444,50.0,0.0,92.19544457292888
4611,74.52801156672467,0.0,0.0,46.09772228646444,0.0,0.0,92.19544457292888
4612,72.56483752241864,0.0,0.0,46.09772228646444,0.0,0.0,92.19544457292888
4613,72.13518046539077,0.0,0.0,46.09772228646444,0.0,0.0,92.19544457292888
4614,74.48500076040719,0.0,0.0,46.09772228646444,0.0,0.0,92.19544457292888
4615,88.94557757151861,0.0,0.0,46.09772228646444,0.0,50.0,37.96283011826484
4616,75.21977819176013,0.0,0.0,46.09772228646444,0.0,0.0,37.96283011826484
4617,68.46356000810545,0.0,0.0,46.09772228646444,0.0,0.0,37.96283011826484
4618,79.56415866186228,0.0,0.0,46.09772228646444,0.0,0.0,37.96283011826484
4619,77.29590958295611,0.0,0.0,46.09772228646444,0.0,0.0,37.96283011826484
4620,67.50590227405154,0.0,0.0,46.09772228646444,17.28875832109278,0.0,53.90227771353556
4621,67.42804508061724,0.0,0.0,46.09772228646444,50.0,0.0,100.0
4622,71.5160622746234,0.0,0.0,46.09772228646444,-0.0,0.0,100.0
4623,82.5016669355093,0.0,0.0,46.09772228646444,0.0,0.0,100.0
4624,99.40248606947267,0.0,0.0,46.09772228646444,0.0,0.0,100.0
4625,106.13817220605455,0.0,42.5,0.0,0.0,42.19544457292888,54.23261445466404
4626,104.4461477618412,0.0,0.0,0.0,0.0,0.0,54.23261445466404
4627,106.5504713921953,0.0,0.0,0.0,0.0,50.0,-0.0
4628,97.23754711884308,0.0,0.0,0.0,0.0,0.0,0.0
4629,85.14202136633037,0.0,0.0,0.0,0.0,-0.0,0.0
4630,69.86585498817784,0.0,0.0,0.0,0.0,0.0,-0.0
4631,57.703453219427516,50.0,0.0,46.09772228646444,-0.0,0.0,0.0
4632,41.8629769705649,0.0,0.0,46.09772228646444,0.0,-0.0,0.0
4633,33.868085337986244,0.0,0.0,46.09772228646444,-0.0,0.0,-0.0
4634,35.187069045285085,0.0,0.0,46.09772228646444,0.0,0.0,0.0
4635,29.567565354078184,0.0,0.0,46.09772228646444,0.0,0.0,-0.0
4636,16.011016531272347,50.0,0.0,92.19544457292888,50.0,0.0,46.09772228646444
4637,17.744468265120577,8.465228909328081,0.0,100.0,50.0,0.0,92.19544457292888
4638,24.607856958025327,0.0,0.0,100.0,8.465228909328081,0.0,100.0
4639,30.35531294915736,0.0,0.0,100.0,0.0,0.0,100.0
4640,44.84907761655958,0.0,0.0,100.0,0.0,-0.0,100.0
4641,42.51123696677185,0.0,0.0,100.0,0.0,0.0,100.0
4642,45.38125099584674,0.0,0.0,100.0,0.0,-0.0,100.0
4643,42.322464289443005,0.0,0.0,100.0,0.0,0.0,100.0
4644,41.005706607718324,0.0,0.0,100.0,0.0,0.0,100.0
4645,38.55132140255605,0.0,0.0,100.0,0.0,0.0,100.0
4646,44.11078817534933,0.0,0.0,100.0,0.0,0.0,100.0
4647,48.29007084326418,0.0,0.0,100.0,0.0,-0.0,100.0
4648,58.574632397021986,0.0,0.0,100.0,0.0,0.0,100.0
4649,64.93600033257168,0.0,0.0,100.0,0.0,0.0,100.0
4650,64.10752081288703,0.0,0.0,100.0,0.0,0.0,100.0
4651,70.36369590122587,0.0,50.0,45.767385545335955,0.0,50.0,45.76738554533596
4652,69.95279226255992,0.0,42.19544457292887,0.0,0.0,42.19544457292888,0.0
4653,63.122634314425746,0.0,0.0,0.0,0.0,0.0,-0.0
4654,59.97763251962074,0.0,0.0,0.0,0.0,0.0,-0.0
4655,56.704029737503596,0.0,0.0,0.0,-0.0,0.0,0.0
4656,41.09720845352076,0.0,0.0,0.0,0.0,0.0,-0.0
4657,40.0253224416916,0.0,0.0,0.0,-0.0,0.0,0.0
4658,35.74414781421103,0.0,0.0,0.0,0.0,0.0,-0.0
4659,31.482437161456332,0.0,0.0,0.0,8.465228909328081,0.0,7.804555427071122
4660,26.14721729776734,50.0,0.0,46.09772228646444,50.0,0.0,53.90227771353556
4661,30.889628289908035,50.0,0.0,92.19544457292888,50.0,0.0,100.0
4662,42.48069667113201,0.0,0.0,92.19544457292888,0.0,-0.0,100.0
4663,46.39703542349313,0.0,0.0,92.19544457292888,0.0,-0.0,100.0
4664,154.41243483343473,0.0,50.0,37.96283011826483,0.0,50.0,45.76738554533596
4665,69.57621459542393,0.0,0.0,37.96283011826483,0.0,0.0,45.76738554533596
4666,72.74509198438697,0.0,0.0,37.96283011826483,0.0,0.0,45.76738554533596
4667,72.11225806849312,0.0,0.0,37.96283011826483,0.0,0.0,45.76738554533596
4668,78.98469920670112,0.0,0.0,37.96283011826483,0.0,0.0,45.76738554533596
4669,73.94797023618037,0.0,0.0,37.96283011826483,0.0,0.0,45.76738554533596
4670,63.09193730902361,0.0,0.0,37.96283011826483,50.0,0.0,91.8651078318004
4671,67.60197164390783,0.0,0.0,37.96283011826483,8.823529411764698,0.0,100.0
4672,78.57320907472868,0.0,0.0,37.96283011826483,0.0,0.0,100.0
4673,85.56740008349453,0.0,0.0,37.96283011826483,0.0,0.0,100.0
4674,89.90211857536728,0.0,0.0,37.96283011826483,0.0,0.0,100.0
4675,96.03328497785111,0.0,35.0,7.105427357601002e-15,0.0,50.0,45.76738554533596
4676,93.45085617786418,0.0,0.0,7.105427357601002e-15,0.0,42.19544457292888,-0.0
4677,91.71670957561517,0.0,0.0,7.105427357601002e-15,0.0,0.0,0.0
4678,80.45934529733657,0.0,0.0,7.105427357601002e-15,0.0,-0.0,-0.0
4679,70.08597263446335,0.0,0.0,7.105427357601002e-15,0.0,0.0,-0.0
4680,67.12488236479122,0.0,0.0,7.105427357601002e-15,0.0,0.0,0.0
4681,64.26814999330927,0.0,0.0,7.105427357601002e-15,0.0,0.0,-0.0
4682,58.15656744194419,0.0,0.0,7.105427357601002e-15,0.0,0.0,-0.0
4683,53.993391698510905,0.0,0.0,7.105427357601002e-15,-0.0,0.0,0.0
4684,52.32489339199829,0.0,0.0,7.105427357601002e-15,0.0,0.0,-0.0
4685,53.17704450578199,0.0,0.0,7.105427357601002e-15,0.0,0.0,-0.0
4686,52.92090512878482,0.0,0.0,7.105427357601002e-15,0.0,0.0,-0.0
4687,51.6225424781929,50.0,0.0,46.097722286464446,50.0,0.0,46.09772228646444
4688,55.09135511761765,0.0,0.0,46.097722286464446,0.0,0.0,46.09772228646444
4689,52.09873544457868,0.0,0.0,46.097722286464446,8.465228909328081,0.0,53.90227771353556
4690,55.49398411016061,0.0,0.0,46.097722286464446,0.0,0.0,53.90227771353556
4691,53.39306831139611,0.0,0.0,46.097722286464446,0.0,0.0,53.90227771353556
4692,52.93793855965314,0.0,0.0,46.097722286464446,0.0,0.0,53.90227771353556
4693,50.09606530521048,50.0,0.0,92.19544457292889,50.0,0.0,100.0
4694,54.44732458220903,0.0,0.0,92.19544457292889,0.0,0.0,100.0
4695,64.04490178751813,0.0,0.0,92.19544457292889,0.0,-0.0,100.0
4696,76.15179386047646,0.0,0.0,92.19544457292889,0.0,0.0,100.0
4697,81.97784261984634,0.0,0.0,92.19544457292889,0.0,0.0,100.0
4698,91.00185934745305,0.0,50.0,37.96283011826485,0.0,50.0,45.76738554533596
4699,89.82948137633983,0.0,0.0,37.96283011826485,0.0,0.0,45.76738554533596
4700,89.97168033876974,0.0,35.000000000000014,0.0,0.0,42.19544457292888,-0.0
4701,81.41026367546186,0.0,0.0,0.0,0.0,0.0,0.0
4702,66.12424190375741,0.0,0.0,0.0,0.0,0.0,-0.0
4703,64.32664172019268,0.0,0.0,0.0,0.0,0.0,-0.0
4704,56.90915703976262,0.0,0.0,0.0,8.465228909328081,0.0,7.804555427071122
4705,57.428055949290545,0.0,0.0,0.0,0.0,0.0,7.804555427071122
4706,57.579267598086545,0.0,0.0,0.0,0.0,0.0,7.804555427071122
4707,54.9598307446993,50.0,0.0,46.09772228646444,50.0,0.0,53.90227771353556
4708,52.35192229578222,50.0,0.0,92.19544457292888,50.0,0.0,100.0
4709,60.13582633727505,0.0,0.0,92.19544457292888,-0.0,0.0,100.0
4710,68.76055202632652,0.0,0.0,92.19544457292888,0.0,0.0,100.0
4711,71.44158307099075,0.0,0.0,92.19544457292888,0.0,0.0,100.0
4712,80.59832478361128,0.0,50.0,37.96283011826483,0.0,50.0,45.76738554533596
4713,74.09801434237318,0.0,0.0,37.96283011826483,0.0,0.0,45.76738554533596
4714,66.54456243733166,0.0,0.0,37.96283011826483,9.181829914201314,0.0,54.23261445466404
4715,71.00327033894045,0.0,0.0,37.96283011826483,0.0,0.0,54.23261445466404
4716,72.54532885223928,0.0,0.0,37.96283011826483,0.0,0.0,54.23261445466404
4717,70.35101238500152,0.0,0.0,37.96283011826483,0.0,0.0,54.23261445466404
4718,75.42940082084515,0.0,0.0,37.96283011826483,0.0,0.0,54.23261445466404
4719,82.31917358316471,0.0,35.0,7.105427357601002e-15,0.0,50.0,0.0
4720,74.01554244565426,0.0,0.0,7.105427357601002e-15,0.0,0.0,-0.0
4721,75.53260838488322,0.0,0.0,7.105427357601002e-15,0.0,0.0,-0.0
4722,78.82518049972796,0.0,0.0,7.105427357601002e-15,0.0,-0.0,-0.0
4723,76.56074912212426,0.0,0.0,7.105427357601002e-15,0.0,0.0,-0.0
4724,74.69650795834042,0.0,0.0,7.105427357601002e-15,0.0,0.0,-0.0
4725,76.18706909201862,0.0,0.0,7.105427357601002e-15,0.0,0.0,-0.0
4726,69.49357611460334,0.0,0.0,7.105427357601002e-15,0.0,0.0,0.0
4727,60.150200052447545,0.0,0.0,7.105427357601002e-15,0.0,0.0,-0.0
4728,50.84335027160267,0.0,0.0,7.105427357601002e-15,-0.0,0.0,0.0
4729,46.85634602917805,0.0,0.0,7.105427357601002e-15,8.465228909328081,0.0,7.804555427071122
4730,44.62006002955609,50.0,0.0,46.097722286464446,50.0,0.0,53.90227771353556
4731,43.285036601219126,50.0,0.0,92.19544457292889,50.0,0.0,100.0
4732,58.31994999607424,0.0,0.0,92.19544457292889,0.0,-0.0,100.0
4733,50.29787304481569,0.0,0.0,92.19544457292889,0.0,0.0,100.0
4734,55.17914797448156,0.0,0.0,92.19544457292889,0.0,0.0,100.0
4735,61.94343968160903,0.0,0.0,92.19544457292889,0.0,0.0,100.0
4736,61.41442540032159,0.0,0.0,92.19544457292889,0.0,0.0,100.0
4737,66.15770981954759,0.0,0.0,92.19544457292889,0.0,-0.0,100.0
4738,66.88207657002674,0.0,0.0,92.19544457292889,0.0,-0.0,100.0
4739,62.052481842117274,0.0,0.0,92.19544457292889,0.0,0.0,100.0
4740,57.999943180751,0.0,0.0,92.19544457292889,0.0,0.0,100.0
4741,58.249819233001425,0.0,0.0,92.19544457292889,0.0,0.0,100.0
4742,62.07887665714255,0.0,0.0,92.19544457292889,0.0,0.0,100.0
4743,68.68752973216701,0.0,0.0,92.19544457292889,0.0,-0.0,100.0
4744,75.47315308251456,0.0,0.0,92.19544457292889,0.0,0.0,100.0
4745,83.25497617634076,0.0,50.0,37.96283011826485,0.0,42.19544457292888,54.23261445466404
4746,90.39069345748051,0.0,35.000000000000014,0.0,0.0,50.0,-0.0
4747,82.45378091732937,0.0,0.0,0.0,0.0,0.0,-0.0
4748,73.0098468165555,0.0,0.0,0.0,0.0,0.0,0.0
4749,58.79790565249464,0.0,0.0,0.0,-0.0,0.0,-0.0
4750,59.942232450607065,0.0,0.0,0.0,0.0,0.0,0.0
4751,58.509086654474295,0.0,0.0,0.0,0.0,0.0,-0.0
4752,50.3176075942969,0.0,0.0,0.0,0.0,0.0,-0.0
4753,40.30422207629406,50.0,0.0,46.09772228646444,50.0,0.0,46.09772228646444
4754,49.234909303499634,0.0,0.0,46.09772228646444,8.465228909328081,0.0,53.90227771353556
4755,45.80984764015936,50.0,0.0,92.19544457292888,50.0,0.0,100.0
4756,49.25042424614544,0.0,0.0,92.19544457292888,0.0,0.0,100.0
4757,58.931550795351285,0.0,0.0,92.19544457292888,0.0,0.0,100.0
4758,59.87274770407814,0.0,0.0,92.19544457292888,0.0,0.0,100.0
4759,63.30052510073235,0.0,0.0,92.19544457292888,0.0,-0.0,100.0
4760,67.95145788087075,0.0,0.0,92.19544457292888,0.0,-0.0,100.0
4761,82.97152470240589,0.0,0.0,92.19544457292888,0.0,-0.0,100.0
4762,79.61812418939878,0.0,0.0,92.19544457292888,0.0,0.0,100.0
4763,82.93096262019233,0.0,0.0,92.19544457292888,0.0,0.0,100.0
4764,85.4324458534165,0.0,0.0,92.19544457292888,0.0,0.0,100.0
4765,86.26470199421092,0.0,0.0,92.19544457292888,0.0,-0.0,100.0
4766,83.12839306235557,0.0,0.0,92.19544457292888,0.0,0.0,100.0
4767,94.41802892118103,0.0,0.0,92.19544457292888,0.0,0.0,100.0
4768,92.06825301163067,0.0,0.0,92.19544457292888,0.0,0.0,100.0
4769,106.021785560739,0.0,50.0,37.96283011826483,0.0,42.19544457292888,54.23261445466404
4770,108.40735497669603,0.0,35.0,7.105427357601002e-15,0.0,50.0,0.0
4771,91.30939412425593,0.0,0.0,7.105427357601002e-15,0.0,0.0,-0.0
4772,85.10715695606979,0.0,0.0,7.105427357601002e-15,-0.0,0.0,0.0
4773,83.20147970878091,0.0,0.0,7.105427357601002e-15,0.0,-0.0,-0.0
4774,76.44672144898634,0.0,0.0,7.105427357601002e-15,0.0,0.0,-0.0
4775,76.33149282589224,0.0,0.0,7.105427357601002e-15,0.0,0.0,0.0
4776,59.349229042810634,0.0,0.0,7.105427357601002e-15,0.0,-0.0,-0.0
4777,49.337809176836494,0.0,0.0,7.105427357601002e-15,0.0,0.0,0.0
4778,47.38081297889879,50.0,0.0,46.097722286464446,50.0,0.0,46.09772228646444
4779,47.61709970479758,0.0,0.0,46.097722286464446,50.0,0.0,92.19544457292888
4780,48.08088653598112,0.0,0.0,46.097722286464446,8.465228909328081,0.0,100.0
4781,59.900714086250304,0.0,0.0,46.097722286464446,0.0,-0.0,100.0
4782,61.521471841773305,0.0,0.0,46.097722286464446,0.0,0.0,100.0
4783,69.55278974024797,0.0,0.0,46.097722286464446,0.0,42.19544457292888,54.23261445466404
4784,73.12319275351784,0.0,0.0,46.097722286464446,0.0,50.0,-0.0
4785,63.47733980780009,0.0,0.0,46.097722286464446,0.0,0.0,0.0
4786,52.675151066025464,0.0,0.0,46.097722286464446,8.465228909328081,0.0,7.804555427071122
4787,49.23923674197053,0.0,0.0,46.097722286464446,50.0,0.0,53.90227771353556
4788,58.53299711028387,0.0,0.0,46.097722286464446,0.0,0.0,53.90227771353556
4789,62.54464067153683,0.0,0.0,46.097722286464446,0.0,0.0,53.90227771353556
4790,57.13692154455529,0.0,0.0,46.097722286464446,0.0,0.0,53.90227771353556
4791,47.43958854955914,50.0,0.0,92.19544457292889,50.0,0.0,100.0
4792,60.88459730846878,0.0,0.0,92.19544457292889,0.0,0.0,100.0
4793,67.84291669898516,0.0,0.0,92.19544457292889,0.0,-0.0,100.0
4794,78.26883491668033,0.0,50.0,37.96283011826485,0.0,50.0,45.76738554533596
4795,73.16354401496847,0.0,35.000000000000014,0.0,0.0,42.19544457292888,0.0
4796,72.12119786587587,0.0,0.0,0.0,0.0,0.0,-0.0
4797,72.24670858192862,0.0,0.0,0.0,0.0,-0.0,-0.0
4798,65.15613944823103,0.0,0.0,0.0,0.0,0.0,0.0
4799,59.611701878458064,0.0,0.0,0.0,-0.0,0.0,0.0
4800,48.697500909892796,50.0,0.0,46.09772228646444,50.0,0.0,46.09772228646444
4801,49.65258361030114,0.0,0.0,46.09772228646444,8.465228909328081,0.0,53.90227771353556
4802,47.986092021799905,50.0,0.0,92.19544457292888,50.0,0.0,100.0
4803,53.360351507063754,0.0,0.0,92.19544457292888,0.0,0.0,100.0
4804,52.76886484295143,0.0,0.0,92.19544457292888,0.0,0.0,100.0
4805,50.18081908361867,0.0,0.0,92.19544457292888,-0.0,0.0,100.0
4806,68.08007405222637,0.0,0.0,92.19544457292888,0.0,0.0,100.0
4807,70.57160039360568,0.0,0.0,92.19544457292888,0.0,50.0,45.76738554533596
4808,70.56532630602617,0.0,0.0,92.19544457292888,0.0,42.19544457292888,0.0
4809,69.31133281472174,0.0,0.0,92.19544457292888,0.0,0.0,-0.0
4810,65.6957567107017,0.0,0.0,92.19544457292888,0.0,0.0,-0.0
4811,59.09102634024302,0.0,0.0,92.19544457292888,0.0,0.0,-0.0
4812,56.65341606268808,0.0,0.0,92.19544457292888,50.0,0.0,46.09772228646444
4813,57.40135196421232,0.0,0.0,92.19544457292888,8.465228909328081,0.0,53.90227771353556
4814,62.831877327190035,0.0,0.0,92.19544457292888,0.0,0.0,53.90227771353556
4815,56.84892598222238,0.0,0.0,92.19544457292888,50.0,0.0,100.0
4816,75.90125936070135,0.0,0.0,92.19544457292888,0.0,0.0,100.0
4817,81.4524175289653,0.0,50.0,37.96283011826483,0.0,42.19544457292888,54.23261445466404
4818,87.77408475906336,0.0,35.0,7.105427357601002e-15,0.0,50.0,-0.0
4819,79.22029130464855,0.0,0.0,7.105427357601002e-15,0.0,0.0,0.0
4820,73.2070189337372,0.0,0.0,7.105427357601002e-15,0.0,-0.0,-0.0
4821,64.8994017582848,0.0,0.0,7.105427357601002e-15,0.0,0.0,-0.0
4822,68.90441135129316,0.0,0.0,7.105427357601002e-15,0.0,0.0,-0.0
4823,62.20034918746404,0.0,0.0,7.105427357601002e-15,0.0,0.0,0.0
4824,55.12249402785268,0.0,6.5508803411467564e-15,0.0,-0.0,0.0,0.0
4825,49.03366984862966,0.0,0.0,0.0,0.0,0.0,-0.0
4826,45.00302964897261,0.0,0.0,0.0,0.0,0.0,-0.0
4827,43.893513045917565,0.0,0.0,0.0,-0.0,0.0,-0.0
4828,53.613831004921025,0.0,0.0,0.0,0.0,0.0,-0.0
4829,47.87439678882201,0.0,0.0,0.0,0.0,0.0,-0.0
4830,47.83711935090758,0.0,0.0,0.0,0.0,0.0,-0.0
4831,44.46217443457526,0.0,0.0,0.0,0.0,0.0,0.0
4832,43.55927709568266,0.0,0.0,0.0,-0.0,0.0,0.0
4833,40.228855279494425,0.0,0.0,0.0,0.0,-0.0,0.0
4834,29.545321990022405,0.0,0.0,0.0,0.0,0.0,-0.0
4835,23.740821650919546,0.0,0.0,0.0,8.465228909328081,0.0,7.804555427071122
4836,12.969433513149633,50.0,0.0,46.09772228646444,50.0,0.0,53.90227771353556
4837,11.613422398021967,50.0,0.0,92.19544457292888,50.0,0.0,100.0
4838,26.118848379355626,0.0,0.0,92.19544457292888,-0.0,0.0,100.0
4839,38.07528961645186,0.0,0.0,92.19544457292888,0.0,-0.0,100.0
4840,49.22189823076936,0.0,0.0,92.19544457292888,0.0,0.0,100.0
4841,52.06881214868316,0.0,0.0,92.19544457292888,0.0,50.0,45.76738554533596
4842,48.95235810059796,0.0,0.0,92.19544457292888,0.0,0.0,45.76738554533596
4843,44.62439310856665,0.0,0.0,92.19544457292888,0.0,0.0,45.76738554533596
4844,43.558660491304224,0.0,0.0,92.19544457292888,0.0,0.0,45.76738554533596
4845,45.947379752293266,0.0,0.0,92.19544457292888,0.0,0.0,45.76738554533596
4846,48.253331085198255,0.0,0.0,92.19544457292888,0.0,0.0,45.76738554533596
4847,49.78844277258193,0.0,0.0,92.19544457292888,0.0,42.19544457292888,0.0
4848,35.41547791354253,0.0,0.0,92.19544457292888,0.0,0.0,-0.0
4849,34.51701651081727,0.0,0.0,92.19544457292888,8.465228909328081,0.0,7.804555427071122
4850,32.29714556438799,8.465228909328081,0.0,100.0,50.0,0.0,53.90227771353556
4851,32.38455247705944,0.0,0.0,100.0,50.0,0.0,100.0
4852,47.11109771444507,0.0,0.0,100.0,0.0,0.0,100.0
4853,42.562556816277535,0.0,0.0,100.0,-0.0,0.0,100.0
4854,48.86909444274088,0.0,0.0,100.0,0.0,0.0,100.0
4855,62.79154879539392,0.0,0.0,100.0,0.0,50.0,45.76738554533596
4856,58.43280681544344,0.0,0.0,100.0,0.0,42.19544457292888,0.0
4857,54.91005971286536,0.0,0.0,100.0,0.0,-0.0,-0.0
4858,49.09537125176564,0.0,0.0,100.0,0.0,0.0,0.0
4859,44.63433635311581,0.0,0.0,100.0,8.465228909328081,0.0,7.804555427071122
4860,34.59909987998077,0.0,0.0,100.0,50.0,0.0,53.90227771353556
4861,40.49387509992223,0.0,0.0,100.0,50.0,0.0,100.0
4862,49.895534982929554,0.0,0.0,100.0,0.0,0.0,100.0
4863,60.645054625810396,0.0,0.0,100.0,0.0,-0.0,100.0
4864,64.28080345887615,0.0,0.0,100.0,0.0,0.0,100.0
4865,71.98939089354718,0.0,0.0,100.0,0.0,0.0,100.0
4866,70.8804393967132,0.0,0.0,100.0,0.0,0.0,100.0
4867,69.34394508866846,0.0,0.0,100.0,0.0,0.0,100.0
4868,78.50597372026633,0.0,50.0,45.767385545335955,0.0,50.0,45.76738554533596
4869,74.02499677736591,0.0,42.19544457292887,0.0,0.0,42.19544457292888,-0.0
4870,62.730709871216746,0.0,0.0,0.0,0.0,0.0,0.0
4871,60.70349452964223,0.0,0.0,0.0,0.0,-0.0,0.0
4872,42.13358594784879,0.0,0.0,0.0,0.0,-0.0,0.0
4873,34.00168520549607,0.0,0.0,0.0,8.465228909328081,0.0,7.804555427071122
4874,27.861670774452378,50.0,0.0,46.09772228646444,50.0,0.0,53.90227771353556
4875,26.94458000851386,50.0,0.0,92.19544457292888,50.0,0.0,100.0
4876,36.02824922350206,0.0,0.0,92.19544457292888,-0.0,0.0,100.0
4877,45.18311335476773,0.0,0.0,92.19544457292888,0.0,-0.0,100.0
4878,55.46030603377705,0.0,0.0,92.19544457292888,0.0,0.0,100.0
4879,56.17971541677553,0.0,0.0,92.19544457292888,0.0,0.0,100.0
4880,57.402035208009806,0.0,0.0,92.19544457292888,0.0,-0.0,100.0
4881,58.993212902811166,0.0,0.0,92.19544457292888,0.0,50.0,45.76738554533596
4882,52.32623976945126,0.0,0.0,92.19544457292888,0.0,0.0,45.76738554533596
4883,47.31996778161588,0.0,0.0,92.19544457292888,50.0,0.0,91.8651078318004
4884,48.28854613809225,0.0,0.0,92.19544457292888,0.0,0.0,91.8651078318004
4885,47.964289810208975,0.0,0.0,92.19544457292888,8.823529411764698,0.0,100.0
4886,54.38441627618364,0.0,0.0,92.19544457292888,0.0,0.0,100.0
4887,70.76121204257934,0.0,0.0,92.19544457292888,-0.0,0.0,100.0
4888,77.4800808835599,0.0,0.0,92.19544457292888,0.0,0.0,100.0
4889,90.20927111550517,0.0,50.0,37.96283011826483,0.0,42.19544457292888,54.23261445466404
4890,95.75728528984479,0.0,35.0,7.105427357601002e-15,0.0,50.0,-0.0
4891,86.1144782098813,0.0,0.0,7.105427357601002e-15,0.0,0.0,-0.0
4892,76.11288959699897,0.0,0.0,7.105427357601002e-15,0.0,0.0,0.0
4893,66.70029202967979,0.0,0.0,7.105427357601002e-15,-0.0,0.0,0.0
4894,57.78516210440621,0.0,0.0,7.105427357601002e-15,0.0,-0.0,-0.0
4895,54.64042486810349,0.0,0.0,7.105427357601002e-15,0.0,0.0,0.0
4896,47.34066636872368,0.0,0.0,7.105427357601002e-15,8.465228909328081,0.0,7.804555427071122
4897,52.31616304551388,0.0,0.0,7.105427357601002e-15,0.0,0.0,7.804555427071122
4898,52.22370301217515,0.0,0.0,7.105427357601002e-15,0.0,0.0,7.804555427071122
4899,49.471924257191034,0.0,0.0,7.105427357601002e-15,0.0,0.0,7.804555427071122
4900,40.260386337823526,50.0,0.0,46.097722286464446,50.0,0.0,53.90227771353556
4901,46.30489276121783,50.0,0.0,92.19544457292889,50.0,0.0,100.0
4902,53.763213744705546,0.0,0.0,92.19544457292889,0.0,0.0,100.0
4903,61.66009830459664,0.0,0.0,92.19544457292889,0.0,-0.0,100.0
4904,77.03293997150874,0.0,0.0,92.19544457292889,0.0,0.0,100.0
4905,82.47907472525203,0.0,0.0,92.19544457292889,0.0,50.0,45.76738554533596
4906,81.82425692522025,0.0,0.0,92.19544457292889,0.0,42.19544457292888,0.0
4907,70.84522485696444,0.0,0.0,92.19544457292889,0.0,0.0,-0.0
4908,64.80046500329286,0.0,0.0,92.19544457292889,8.465228909328081,0.0,7.804555427071122
4909,64.63441916901994,0.0,0.0,92.19544457292889,50.0,0.0,53.90227771353556
4910,64.2962190109657,0.0,0.0,92.19544457292889,50.0,0.0,100.0
4911,73.92217795156326,0.0,0.0,92.19544457292889,-0.0,0.0,100.0
4912,83.31219641448487,0.0,0.0,92.19544457292889,0.0,0.0,100.0
4913,83.1319271663543,0.0,0.0,92.19544457292889,0.0,0.0,100.0
4914,92.71669866671846,0.0,50.0,37.96283011826485,0.0,50.0,45.76738554533596
4915,91.93447338361537,0.0,35.000000000000014,0.0,0.0,42.19544457292888,0.0
4916,78.04824748657,0.0,0.0,0.0,0.0,0.0,-0.0
4917,72.79288971352008,0.0,0.0,0.0,0.0,0.0,-0.0
4918,69.66904251266476,0.0,0.0,0.0,-0.0,0.0,-0.0
4919,71.47996583722669,0.0,0.0,0.0,0.0,0.0,0.0
4920,57.68057928351624,0.0,0.0,0.0,-0.0,0.0,-0.0
4921,59.53087167078066,0.0,0.0,0.0,0.0,0.0,-0.0
4922,58.231626429795156,0.0,0.0,0.0,0.0,0.0,0.0
4923,50.2476906270755,50.0,0.0,46.09772228646444,50.0,0.0,46.09772228646444
4924,44.64687981577713,50.0,0.0,92.19544457292888,50.0,0.0,92.19544457292888
4925,56.14823584935098,0.0,0.0,92.19544457292888,8.465228909328081,0.0,100.0
4926,69.30448301700598,0.0,0.0,92.19544457292888,0.0,-0.0,100.0
4927,76.80566500423626,0.0,0.0,92.19544457292888,0.0,-0.0,100.0
4928,87.68465449779721,0.0,0.0,92.19544457292888,0.0,0.0,100.0
4929,91.3199838277358,0.0,0.0,92.19544457292888,0.0,-0.0,100.0
4930,89.44422080678129,0.0,0.0,92.19544457292888,0.0,0.0,100.0
4931,78.172902474767,0.0,0.0,92.19544457292888,0.0,0.0,100.0
4932,83.9228960510202,0.0,0.0,92.19544457292888,0.0,0.0,100.0
4933,85.79397110341999,0.0,0.0,92.19544457292888,0.0,0.0,100.0
4934,86.01143047197878,0.0,0.0,92.19544457292888,0.0,0.0,100.0
4935,87.58070863640307,0.0,0.0,92.19544457292888,0.0,0.0,100.0
4936,95.39564942560153,0.0,50.0,37.96283011826483,0.0,42.19544457292888,54.23261445466404
4937,91.10398909682655,0.0,0.0,37.96283011826483,0.0,0.0,54.23261445466404
4938,97.35656706681733,0.0,35.0,7.105427357601002e-15,0.0,50.0,-0.0
4939,90.41900533694096,0.0,0.0,7.105427357601002e-15,0.0,0.0,0.0
4940,88.19467544901212,0.0,0.0,7.105427357601002e-15,0.0,-0.0,-0.0
4941,79.59180944420652,0.0,0.0,7.105427357601002e-15,0.0,0.0,0.0
4942,72.95710483598788,0.0,0.0,7.105427357601002e-15,0.0,0.0,-0.0
4943,65.00806119819615,0.0,0.0,7.105427357601002e-15,8.465228909328081,0.0,7.804555427071122
4944,52.66342583811496,50.0,0.0,46.097722286464446,50.0,0.0,53.90227771353556
4945,60.727931765920296,0.0,0.0,46.097722286464446,50.0,0.0,100.0
4946,65.92745403933067,0.0,0.0,46.097722286464446,0.0,0.0,100.0
4947,66.54876576807754,0.0,0.0,46.097722286464446,0.0,0.0,100.0
4948,67.36967311475061,0.0,0.0,46.097722286464446,0.0,0.0,100.0
4949,75.6358469138909,0.0,0.0,46.097722286464446,0.0,0.0,100.0
4950,86.96744743819724,0.0,0.0,46.097722286464446,0.0,-0.0,100.0
4951,86.80390522447078,0.0,0.0,46.097722286464446,0.0,0.0,100.0
4952,88.28072596304689,0.0,0.0,46.097722286464446,0.0,42.50000000000001,53.90227771353556
4953,76.03922550073848,0.0,0.0,46.097722286464446,0.0,0.0,53.90227771353556
4954,77.72662294860521,0.0,0.0,46.097722286464446,0.0,0.0,53.90227771353556
4955,83.70397106134402,0.0,0.0,46.097722286464446,0.0,0.0,53.90227771353556
4956,79.95673079835302,0.0,0.0,46.097722286464446,0.0,0.0,53.90227771353556
4957,67.48805468059076,0.0,0.0,46.097722286464446,50.0,0.0,100.0
4958,74.54946888239932,0.0,0.0,46.097722286464446,0.0,0.0,100.0
4959,75.68138878140128,0.0,0.0,46.097722286464446,0.0,0.0,100.0
4960,79.32804583224416,0.0,0.0,46.097722286464446,0.0,0.0,100.0
4961,88.878450883433,0.0,42.50000000000001,0.0,0.0,42.19544457292888,54.23261445466404
4962,92.84978889530753,0.0,0.0,0.0,0.0,50.0,-0.0
4963,88.81027674474922,0.0,0.0,0.0,0.0,0.0,-0.0
4964,81.09542592339204,0.0,0.0,0.0,0.0,0.0,-0.0
4965,76.58601379219238,0.0,0.0,0.0,0.0,0.0,0.0
4966,69.37898623904265,0.0,0.0,0.0,-0.0,0.0,0.0
4967,59.76050156141313,50.0,0.0,46.09772228646444,-0.0,0.0,0.0
4968,46.86709754745411,0.0,0.0,46.09772228646444,0.0,0.0,-0.0
4969,46.84250002186707,0.0,0.0,46.09772228646444,0.0,0.0,-0.0
4970,44.48603265980592,0.0,0.0,46.09772228646444,-0.0,0.0,0.0
4971,36.99151944917713,50.0,0.0,92.19544457292888,50.0,0.0,46.09772228646444
4972,45.60819414794044,0.0,0.0,92.19544457292888,0.0,0.0,46.09772228646444
4973,35.79990941759229,8.465228909328081,0.0,100.0,50.0,0.0,92.19544457292888
4974,41.44935973387307,0.0,0.0,100.0,8.465228909328081,0.0,100.0
4975,45.85258370006579,0.0,0.0,100.0,0.0,0.0,100.0
4976,51.641651153242165,0.0,0.0,100.0,0.0,0.0,100.0
4977,55.2579915072086,0.0,0.0,100.0,0.0,0.0,100.0
4978,58.52412634359085,0.0,0.0,100.0,0.0,-0.0,100.0
4979,50.66580148091416,0.0,0.0,100.0,0.0,0.0,100.0
4980,52.182172356362585,0.0,0.0,100.0,0.0,0.0,100.0
4981,54.561144942064224,0.0,0.0,100.0,0.0,0.0,100.0
4982,49.829712969580875,0.0,0.0,100.0,0.0,0.0,100.0
4983,68.24107638075176,0.0,0.0,100.0,0.0,-0.0,100.0
4984,68.18091559097677,0.0,0.0,100.0,-0.0,0.0,100.0
4985,77.42842026411357,0.0,0.0,100.0,0.0,0.0,100.0
4986,83.0032425752047,0.0,0.0,100.0,0.0,-0.0,100.0
4987,83.90282196582635,0.0,0.0,100.0,0.0,0.0,100.0
4988,77.40868838030869,0.0,0.0,100.0,-0.0,0.0,100.0
4989,232.6327442037891,0.0,50.0,45.767385545335955,0.0,50.0,45.76738554533596
4990,159.93450403667646,0.0,42.19544457292887,0.0,0.0,42.19544457292888,0.0
4991,119.8392981168954,0.0,0.0,0.0,-0.0,0.0,0.0
4992,45.841373777398005,0.0,0.0,0.0,8.465228909328081,0.0,7.804555427071122
4993,40.30080742529298,50.0,0.0,46.09772228646444,50.0,0.0,53.90227771353556
4994,41.77264890647737,50.0,0.0,92.19544457292888,50.0,0.0,100.0
4995,48.1820687526715,0.0,0.0,92.19544457292888,0.0,0.0,100.0
4996,48.63169014600449,0.0,0.0,92.19544457292888,0.0,0.0,100.0
4997,57.95385211358165,0.0,0.0,92.19544457292888,0.0,0.0,100.0
4998,64.6703387402649,0.0,0.0,92.19544457292888,0.0,-0.0,100.0
4999,65.83305363021573,0.0,0.0,92.19544457292888,0.0,35.00000000000001,62.03716988173516
5000,67.88986549751222,0.0,0.0,92.19544457292888,0.0,50.0,7.804555427071122
5001,65.55127743338949,0.0,0.0,92.19544457292888,0.0,0.0,7.804555427071122
5002,58.01657986109251,0.0,0.0,92.19544457292888,0.0,0.0,7.804555427071122
5003,56.471203895647164,0.0,0.0,92.19544457292888,0.0,0.0,7.804555427071122
5004,55.61652076703264,0.0,0.0,92.19544457292888,0.0,0.0,7.804555427071122
5005,47.9123427481042,0.0,0.0,92.19544457292888,50.0,0.0,53.90227771353556
5006,44.00964452985912,0.0,0.0,92.19544457292888,50.0,0.0,100.0
5007,54.74030616175318,0.0,0.0,92.19544457292888,-0.0,0.0,100.0
5008,59.121890979854236,0.0,0.0,92.19544457292888,0.0,0.0,100.0
5009,68.40281385417359,0.0,0.0,92.19544457292888,0.0,-0.0,100.0
5010,76.80490063252313,0.0,50.0,37.96283011826483,0.0,50.0,45.76738554533596
5011,69.66311276030538,0.0,35.0,7.105427357601002e-15,0.0,42.19544457292888,-0.0
5012,59.19367531692163,0.0,0.0,7.105427357601002e-15,0.0,0.0,-0.0
5013,64.84417043066681,0.0,0.0,7.105427357601002e-15,0.0,0.0,0.0
5014,62.70348097474303,0.0,0.0,7.105427357601002e-15,0.0,-0.0,-0.0
5015,57.38063981504953,0.0,0.0,7.105427357601002e-15,0.0,0.0,0.0
5016,41.3581504406443,0.0,0.0,7.105427357601002e-15,0.0,0.0,-0.0
5017,37.07153985117444,0.0,0.0,7.105427357601002e-15,0.0,0.0,-0.0
5018,29.879315720800015,50.0,0.0,46.097722286464446,50.0,0.0,46.09772228646444
5019,36.11337052845993,0.0,0.0,46.097722286464446,8.465228909328081,0.0,53.90227771353556
5020,35.08391963387679,0.0,0.0,46.097722286464446,50.0,0.0,100.0
5021,47.142858630461205,0.0,0.0,46.097722286464446,0.0,-0.0,100.0
5022,52.19313704969815,0.0,0.0,46.097722286464446,0.0,0.0,100.0
5023,53.463243207355305,0.0,0.0,46.097722286464446,0.0,42.19544457292888,54.23261445466404
5024,55.52186863511626,0.0,0.0,46.097722286464446,0.0,50.0,0.0
5025,41.32513545876931,0.0,0.0,46.097722286464446,0.0,0.0,-0.0
5026,38.77480088164177,0.0,0.0,46.097722286464446,8.465228909328081,0.0,7.804555427071122
5027,35.38024668083227,0.0,0.0,46.097722286464446,50.0,0.0,53.90227771353556
5028,39.35291641696651,0.0,0.0,46.097722286464446,0.0,0.0,53.90227771353556
5029,31.24240496086623,50.0,0.0,92.19544457292889,50.0,0.0,100.0
5030,44.06361003522998,0.0,0.0,92.19544457292889,-0.0,0.0,100.0
5031,56.96775588407668,0.0,0.0,92.19544457292889,0.0,-0.0,100.0
5032,72.55259693171607,0.0,0.0,92.19544457292889,0.0,0.0,100.0
5033,78.87502293857123,0.0,0.0,92.19544457292889,0.0,0.0,100.0
5034,87.77300294355558,0.0,50.0,37.96283011826485,0.0,50.0,45.76738554533596
5035,78.70700581175302,0.0,0.0,37.96283011826485,0.0,0.0,45.76738554533596
5036,79.24449289830463,0.0,35.000000000000014,0.0,0.0,42.19544457292888,0.0
5037,69.94040724872227,0.0,0.0,0.0,0.0,-0.0,0.0
5038,56.40115064682466,0.0,0.0,0.0,0.0,0.0,-0.0
5039,47.67403502352404,0.0,0.0,0.0,-0.0,0.0,0.0
5040,37.54663476049867,0.0,0.0,0.0,0.0,0.0,-0.0
5041,31.819666870832947,0.0,0.0,0.0,8.465228909328081,0.0,7.804555427071122
5042,33.63788548693424,0.0,0.0,0.0,0.0,0.0,7.804555427071122
5043,24.785974052113744,50.0,0.0,46.09772228646444,50.0,0.0,53.90227771353556
5044,17.179172748204095,50.0,0.0,92.19544457292888,50.0,0.0,100.0
5045,32.11465841381417,0.0,0.0,92.19544457292888,0.0,0.0,100.0
5046,45.466411619742594,0.0,0.0,92.19544457292888,0.0,-0.0,100.0
5047,47.208315597015705,0.0,0.0,92.19544457292888,0.0,-0.0,100.0
5048,52.064221290540075,0.0,0.0,92.19544457292888,0.0,-0.0,100.0
5049,58.16701777240141,0.0,0.0,92.19544457292888,0.0,-0.0,100.0
5050,57.323372539056834,0.0,0.0,92.19544457292888,0.0,0.0,100.0
5051,54.2885580441662,0.0,0.0,92.19544457292888,0.0,0.0,100.0
5052,58.33036676925586,0.0,0.0,92.19544457292888,0.0,-0.0,100.0
5053,55.15230502703576,0.0,0.0,92.19544457292888,0.0,0.0,100.0
5054,59.96148407934274,0.0,0.0,92.19544457292888,0.0,-0.0,100.0
5055,67.06182574178573,0.0,0.0,92.19544457292888,0.0,-0.0,100.0
5056,73.50318068756354,0.0,0.0,92.19544457292888,0.0,0.0,100.0
5057,77.90035016793877,0.0,0.0,92.19544457292888,0.0,0.0,100.0
5058,81.69577335121208,0.0,50.0,37.96283011826483,0.0,50.0,45.76738554533596
5059,81.36665185874365,0.0,35.0,7.105427357601002e-15,0.0,42.19544457292888,-0.0
5060,72.01655184920614,0.0,0.0,7.105427357601002e-15,0.0,0.0,-0.0
5061,71.90583447430832,0.0,0.0,7.105427357601002e-15,0.0,0.0,0.0
5062,61.93176226610349,0.0,0.0,7.105427357601002e-15,0.0,0.0,-0.0
5063,57.772339676251484,0.0,0.0,7.105427357601002e-15,-0.0,0.0,0.0
5064,45.23310270185028,0.0,0.0,7.105427357601002e-15,0.0,0.0,-0.0
5065,45.43286523140569,0.0,0.0,7.105427357601002e-15,0.0,0.0,-0.0
5066,32.506617874941796,50.0,0.0,46.097722286464446,50.0,0.0,46.09772228646444
5067,38.58486204565485,0.0,0.0,46.097722286464446,8.465228909328081,0.0,53.90227771353556
5068,37.91873372024996,50.0,0.0,92.19544457292889,50.0,0.0,100.0
5069,50.46041954644073,0.0,0.0,92.19544457292889,0.0,-0.0,100.0
5070,54.83543287087542,0.0,0.0,92.19544457292889,0.0,-0.0,100.0
5071,61.37715313030245,0.0,0.0,92.19544457292889,0.0,-0.0,100.0
5072,75.71271726829463,0.0,0.0,92.19544457292889,0.0,-0.0,100.0
5073,72.9092275723519,0.0,0.0,92.19544457292889,0.0,0.0,100.0
5074,75.46798762411673,0.0,0.0,92.19544457292889,0.0,0.0,100.0
5075,70.47184793944255,0.0,0.0,92.19544457292889,0.0,0.0,100.0
5076,69.56136604178138,0.0,0.0,92.19544457292889,0.0,0.0,100.0
5077,69.94467020949115,0.0,0.0,92.19544457292889,0.0,0.0,100.0
5078,78.1361243501092,0.0,0.0,92.19544457292889,0.0,-0.0,100.0
5079,80.20111163216106,0.0,0.0,92.19544457292889,0.0,0.0,100.0
5080,81.74494452174594,0.0,0.0,92.19544457292889,0.0,0.0,100.0
5081,84.15574298029799,0.0,0.0,92.19544457292889,0.0,0.0,100.0
5082,87.62964346437018,0.0,50.0,37.96283011826485,0.0,50.0,45.76738554533596
5083,85.45173716496768,0.0,0.0,37.96283011826485,0.0,0.0,45.76738554533596
5084,85.46811961199472,0.0,0.0,37.96283011826485,0.0,0.0,45.76738554533596
5085,87.11468149945367,0.0,35.000000000000014,0.0,0.0,42.19544457292888,-0.0
5086,76.00295355228482,0.0,0.0,0.0,0.0,0.0,0.0
5087,67.95175720710206,0.0,0.0,0.0,0.0,0.0,-0.0
5088,48.37378971712664,50.0,0.0,46.09772228646444,50.0,0.0,46.09772228646444
5089,57.53548230008571,0.0,0.0,46.09772228646444,0.0,0.0,46.09772228646444
5090,57.032292579836195,0.0,0.0,46.09772228646444,8.465228909328081,0.0,53.90227771353556
5091,59.010019925853825,0.0,0.0,46.09772228646444,0.0,0.0,53.90227771353556
5092,53.16430555363014,50.0,0.0,92.19544457292888,50.0,0.0,100.0
5093,57.846340431505794,0.0,0.0,92.19544457292888,0.0,0.0,100.0
5094,67.09818068867142,0.0,0.0,92.19544457292888,0.0,0.0,100.0
5095,71.59866728536147,0.0,0.0,92.19544457292888,0.0,0.0,100.0
5096,80.55817557789305,0.0,0.0,92.19544457292888,0.0,-0.0,100.0
5097,91.63170784813119,0.0,0.0,92.19544457292888,0.0,50.0,45.76738554533596
5098,80.76376196449182,0.0,0.0,92.19544457292888,0.0,0.0,45.76738554533596
5099,69.53421138081261,0.0,0.0,92.19544457292888,8.823529411764698,0.0,53.90227771353556
5100,61.58159029802732,0.0,0.0,92.19544457292888,50.0,0.0,100.0
5101,71.01270078484679,0.0,0.0,92.19544457292888,0.0,0.0,100.0
5102,80.19382293132574,0.0,0.0,92.19544457292888,0.0,0.0,100.0
5103,85.12950369261308,0.0,0.0,92.19544457292888,0.0,0.0,100.0
5104,91.91705220847439,0.0,0.0,92.19544457292888,0.0,-0.0,100.0
5105,92.58612169351346,0.0,0.0,92.19544457292888,0.0,0.0,100.0
5106,99.7744860718995,0.0,50.0,37.96283011826483,0.0,50.0,45.76738554533596
5107,95.81075986486206,0.0,35.0,7.105427357601002e-15,0.0,42.19544457292888,-0.0
5108,89.71328282180309,0.0,0.0,7.105427357601002e-15,0.0,0.0,-0.0
5109,87.21377686291893,0.0,0.0,7.105427357601002e-15,0.0,0.0,-0.0
5110,80.42775545882502,0.0,0.0,7.105427357601002e-15,0.0,0.0,0.0
5111,74.78910436029021,0.0,0.0,7.105427357601002e-15,0.0,0.0,-0.0
5112,62.655816264956286,50.0,0.0,46.097722286464446,50.0,0.0,46.09772228646444
5113,63.95376018351499,0.0,0.0,46.097722286464446,50.0,0.0,92.19544457292888
5114,70.34922929199931,0.0,0.0,46.097722286464446,8.465228909328081,0.0,100.0
5115,71.90944790167448,0.0,0.0,46.097722286464446,0.0,0.0,100.0
5116,76.8856507788685,0.0,0.0,46.097722286464446,0.0,0.0,100.0
5117,78.6958223628329,0.0,0.0,46.097722286464446,0.0,0.0,100.0
5118,79.69019931344907,0.0,0.0,46.097722286464446,0.0,0.0,100.0
5119,88.23337608851327,0.0,0.0,46.097722286464446,0.0,42.19544457292888,54.23261445466404
5120,90.97072481956644,0.0,0.0,46.097722286464446,0.0,50.0,0.0
5121,80.72378713751989,0.0,0.0,46.097722286464446,0.0,0.0,-0.0
5122,74.07839792735231,0.0,0.0,46.097722286464446,0.0,0.0,-0.0
5123,68.51579587018185,0.0,0.0,46.097722286464446,50.0,0.0,46.09772228646444
5124,62.65969604244441,50.0,0.0,92.19544457292889,50.0,0.0,92.19544457292888
5125,71.32539898832358,0.0,0.0,92.19544457292889,8.465228909328081,0.0,100.0
5126,77.3892292288407,0.0,0.0,92.19544457292889,-0.0,0.0,100.0
5127,90.83311956406706,0.0,0.0,92.19544457292889,0.0,0.0,100.0
5128,98.44065767445139,0.0,0.0,92.19544457292889,0.0,-0.0,100.0
5129,103.5590797939621,0.0,50.0,37.96283011826485,0.0,50.0,45.76738554533596
5130,99.87803495037059,0.0,35.000000000000014,0.0,0.0,42.19544457292888,-0.0
5131,98.06161504262599,0.0,0.0,0.0,0.0,0.0,-0.0
5132,93.29754141945213,0.0,0.0,0.0,0.0,0.0,0.0
5133,79.66174596014511,0.0,0.0,0.0,-0.0,0.0,0.0
5134,71.50869794947977,0.0,0.0,0.0,0.0,0.0,-0.0
5135,66.05323483654401,0.0,0.0,0.0,-0.0,0.0,0.0
5136,56.791110817387604,0.0,0.0,0.0,0.0,0.0,-0.0
5137,56.691878484573415,0.0,0.0,0.0,0.0,0.0,-0.0
5138,51.37902515450865,0.0,0.0,0.0,8.465228909328081,0.0,7.804555427071122
5139,53.72061761112255,0.0,0.0,0.0,0.0,0.0,7.804555427071122
5140,54.641320418757644,0.0,0.0,0.0,0.0,0.0,7.804555427071122
5141,43.436103984584264,50.0,0.0,46.09772228646444,50.0,0.0,53.90227771353556
5142,48.30198688526356,0.0,0.0,46.09772228646444,50.0,0.0,100.0
5143,61.53679283593162,0.0,0.0,46.09772228646444,0.0,0.0,100.0
5144,56.084629114173026,0.0,0.0,46.09772228646444,0.0,0.0,100.0
5145,56.89840778044008,0.0,0.0,46.09772228646444,0.0,0.0,100.0
5146,62.563241628913346,0.0,0.0,46.09772228646444,0.0,42.50000000000001,53.90227771353556
5147,54.13683868171671,0.0,0.0,46.09772228646444,0.0,0.0,53.90227771353556
5148,52.17849885412307,0.0,0.0,46.09772228646444,0.0,0.0,53.90227771353556
5149,46.30865640439108,50.0,0.0,92.19544457292888,50.0,0.0,100.0
5150,60.5593989148906,0.0,0.0,92.19544457292888,0.0,0.0,100.0
5151,67.25473502679428,0.0,0.0,92.19544457292888,0.0,-0.0,100.0
5152,75.43826067375429,0.0,0.0,92.19544457292888,0.0,0.0,100.0
5153,89.28288202826027,0.0,50.0,37.96283011826483,0.0,42.19544457292888,54.23261445466404
5154,95.46197118450293,0.0,35.0,7.105427357601002e-15,0.0,50.0,-0.0
5155,89.0951855978852,0.0,0.0,7.105427357601002e-15,0.0,0.0,-0.0
5156,81.37176900937175,0.0,0.0,7.105427357601002e-15,0.0,0.0,0.0
5157,78.87165501788718,0.0,0.0,7.105427357601002e-15,0.0,-0.0,-0.0
5158,70.31259910878217,0.0,0.0,7.105427357601002e-15,0.0,0.0,0.0
5159,55.080059484075825,0.0,0.0,7.105427357601002e-15,0.0,-0.0,0.0
5160,44.073961731533146,0.0,0.0,7.105427357601002e-15,-0.0,0.0,0.0
5161,34.24992032805021,50.0,0.0,46.097722286464446,50.0,0.0,46.09772228646444
5162,42.707015155133796,0.0,0.0,46.097722286464446,0.0,0.0,46.09772228646444
5163,44.09255755541778,0.0,0.0,46.097722286464446,0.0,0.0,46.09772228646444
5164,41.758336166557896,0.0,0.0,46.097722286464446,8.465228909328081,0.0,53.90227771353556
5165,43.459775407358265,0.0,0.0,46.097722286464446,0.0,0.0,53.90227771353556
5166,40.59805739375643,50.0,0.0,92.19544457292889,50.0,0.0,100.0
5167,42.429180158211665,0.0,0.0,92.19544457292889,0.0,0.0,100.0
5168,53.24979666270815,0.0,0.0,92.19544457292889,-0.0,0.0,100.0
5169,65.93120996075776,0.0,0.0,92.19544457292889,0.0,-0.0,100.0
5170,66.19482779028239,0.0,0.0,92.19544457292889,0.0,42.50000000000001,53.90227771353556
5171,61.17319316012505,0.0,0.0,92.19544457292889,0.0,0.0,53.90227771353556
5172,56.29953023820197,0.0,0.0,92.19544457292889,0.0,0.0,53.90227771353556
5173,52.03197287474763,0.0,0.0,92.19544457292889,50.0,0.0,100.0
5174,68.23240781718934,0.0,0.0,92.19544457292889,0.0,-0.0,100.0
5175,73.77247984964792,0.0,0.0,92.19544457292889,0.0,-0.0,100.0
5176,92.84669106487058,0.0,0.0,92.19544457292889,0.0,-0.0,100.0
5177,105.60138488261725,0.0,50.0,37.96283011826485,0.0,50.0,45.76738554533596
5178,97.34407478182848,0.0,35.000000000000014,0.0,0.0,42.19544457292888,0.0
5179,91.9893512774673,0.0,0.0,0.0,0.0,0.0,-0.0
5180,83.92915266250941,0.0,0.0,0.0,0.0,0.0,-0.0
5181,78.0759577195798,0.0,0.0,0.0,-0.0,0.0,0.0
5182,72.6775165185684,0.0,0.0,0.0,-0.0,0.0,-0.0
5183,85.39176132948077,0.0,0.0,0.0,0.0,0.0,0.0
5184,66.48035702143648,0.0,0.0,0.0,0.0,0.0,-0.0
5185,64.37634025355139,0.0,0.0,0.0,8.465228909328081,0.0,7.804555427071122
5186,65.07519652519481,0.0,0.0,0.0,0.0,0.0,7.804555427071122
5187,63.802147290446285,0.0,0.0,0.0,50.0,0.0,53.90227771353556
5188,65.5741626613464,0.0,0.0,0.0,0.0,0.0,53.90227771353556
5189,63.58544427699492,0.0,0.0,0.0,50.0,0.0,100.0
5190,70.19166190179165,0.0,0.0,0.0,0.0,0.0,100.0
5191,78.66299918439607,0.0,0.0,0.0,0.0,-0.0,100.0
5192,82.9781048614461,0.0,0.0,0.0,0.0,-0.0,100.0
5193,84.2911762158987,0.0,0.0,0.0,0.0,0.0,100.0
5194,86.95195920719277,0.0,0.0,0.0,0.0,0.0,100.0
5195,86.03308966371169,0.0,0.0,0.0,0.0,0.0,100.0
5196,82.06283144435206,0.0,0.0,0.0,0.0,0.0,100.0
5197,74.67908252974843,0.0,0.0,0.0,0.0,0.0,100.0
5198,74.55224279078534,0.0,0.0,0.0,0.0,0.0,100.0
5199,79.4484737249325,0.0,0.0,0.0,0.0,0.0,100.0
5200,87.84892340654301,0.0,0.0,0.0,0.0,-0.0,100.0
5201,90.68326230756222,0.0,0.0,0.0,0.0,50.0,45.76738554533596
5202,87.97265917679316,0.0,0.0,0.0,0.0,42.19544457292888,-0.0
5203,80.4484372293239,0.0,0.0,0.0,0.0,0.0,0.0
5204,67.85207767612735,0.0,0.0,0.0,-0.0,0.0,0.0
5205,62.351589488997845,0.0,0.0,0.0,0.0,-0.0,0.0
5206,50.38104436601904,50.0,0.0,46.09772228646444,0.0,-0.0,0.0
5207,42.78531830081717,50.0,0.0,92.19544457292888,0.0,-0.0,0.0
5208,30.827690228890155,0.0,0.0,92.19544457292888,8.465228909328081,0.0,7.804555427071122
5209,22.790743622639006,8.465228909328081,0.0,100.0,50.0,0.0,53.90227771353556
5210,25.306364094770778,0.0,0.0,100.0,50.0,0.0,100.0
5211,31.09585016671592,0.0,0.0,100.0,0.0,0.0,100.0
5212,31.692996035333657,0.0,0.0,100.0,0.0,0.0,100.0
5213,35.588163874764334,0.0,0.0,100.0,0.0,0.0,100.0
5214,46.664367195178535,0.0,0.0,100.0,0.0,-0.0,100.0
5215,50.160584067029156,0.0,0.0,100.0,0.0,-0.0,100.0
5216,50.506531150605355,0.0,0.0,100.0,0.0,-0.0,100.0
5217,57.69960719187911,0.0,0.0,100.0,0.0,0.0,100.0
5218,59.448446969395704,0.0,0.0,100.0,0.0,0.0,100.0
5219,58.74754987611209,0.0,0.0,100.0,0.0,0.0,100.0
5220,61.522632184254036,0.0,0.0,100.0,0.0,-0.0,100.0
5221,51.249036159995285,0.0,0.0,100.0,0.0,0.0,100.0
5222,63.625574417036944,0.0,0.0,100.0,0.0,-0.0,100.0
5223,72.7056184559716,0.0,0.0,100.0,-0.0,0.0,100.0
5224,85.78317782240777,0.0,0.0,100.0,0.0,0.0,100.0
5225,93.53266761562381,0.0,0.0,100.0,0.0,-0.0,100.0
5226,96.0239782180049,0.0,50.0,45.767385545335955,0.0,42.19544457292888,54.23261445466404
5227,92.91679946461531,0.0,0.0,45.767385545335955,0.0,0.0,54.23261445466404
5228,206.15778664364888,0.0,42.19544457292887,0.0,0.0,50.0,-0.0
5229,82.86566116495771,0.0,0.0,0.0,0.0,0.0,-0.0
5230,82.21303914802672,0.0,0.0,0.0,0.0,0.0,0.0
5231,69.00729319200283,0.0,0.0,0.0,0.0,-0.0,0.0
5232,54.270810064012025,50.0,0.0,46.09772228646444,50.0,0.0,46.09772228646444
5233,63.06970253840117,0.0,0.0,46.09772228646444,0.0,0.0,46.09772228646444
5234,57.03232150545979,0.0,0.0,46.09772228646444,0.0,0.0,46.09772228646444
5235,55.05837344492285,0.0,0.0,46.09772228646444,8.465228909328081,0.0,53.90227771353556
5236,52.025983543014334,50.0,0.0,92.19544457292888,50.0,0.0,100.0
5237,58.646978712096015,0.0,0.0,92.19544457292888,0.0,0.0,100.0
5238,60.988450288163335,0.0,0.0,92.19544457292888,0.0,0.0,100.0
5239,66.31647382139205,0.0,0.0,92.19544457292888,0.0,0.0,100.0
5240,74.42453163536905,0.0,0.0,92.19544457292888,0.0,-0.0,100.0
5241,69.39981720677945,0.0,0.0,92.19544457292888,0.0,0.0,100.0
5242,69.7454698262169,0.0,0.0,92.19544457292888,0.0,0.0,100.0
5243,69.4860322413621,0.0,0.0,92.19544457292888,0.0,0.0,100.0
5244,72.16694147539889,0.0,0.0,92.19544457292888,0.0,0.0,100.0
5245,72.743030715874,0.0,0.0,92.19544457292888,0.0,0.0,100.0
5246,93.88834879723497,0.0,0.0,92.19544457292888,0.0,-0.0,100.0
5247,104.34227844742564,0.0,0.0,92.19544457292888,0.0,-0.0,100.0
5248,111.27461763670874,0.0,0.0,92.19544457292888,0.0,0.0,100.0
5249,110.16527538126269,0.0,0.0,92.19544457292888,0.0,0.0,100.0
5250,110.60622867317224,0.0,0.0,92.19544457292888,0.0,0.0,100.0
5251,115.76438017658657,0.0,0.0,92.19544457292888,0.0,0.0,100.0
5252,119.0032429630952,0.0,50.0,37.96283011826483,0.0,42.19544457292888,54.23261445466404
5253,119.08945630262451,0.0,35.0,7.105427357601002e-15,0.0,50.0,-0.0
5254,115.2652887870233,0.0,0.0,7.105427357601002e-15,0.0,0.0,0.0
5255,101.40000451848613,0.0,0.0,7.105427357601002e-15,0.0,0.0,-0.0
5256,89.8921252789188,0.0,0.0,7.105427357601002e-15,-0.0,0.0,0.0
5257,77.9451781662769,0.0,0.0,7.105427357601002e-15,0.0,0.0,-0.0
5258,66.05448744729881,0.0,0.0,7.105427357601002e-15,50.0,0.0,46.09772228646444
5259,66.03201018314789,0.0,0.0,7.105427357601002e-15,50.0,0.0,92.19544457292888
5260,69.90838961928154,0.0,0.0,7.105427357601002e-15,8.465228909328081,0.0,100.0
5261,78.30962717341556,0.0,0.0,7.105427357601002e-15,0.0,0.0,100.0
5262,85.96010633278951,0.0,0.0,7.105427357601002e-15,0.0,0.0,100.0
5263,93.35983872569516,0.0,6.5508803411467564e-15,0.0,0.0,50.0,45.76738554533596
5264,89.35528900619846,0.0,0.0,0.0,0.0,42.19544457292888,0.0
5265,86.47659481251247,0.0,0.0,0.0,0.0,-0.0,0.0
5266,72.91498563457156,0.0,0.0,0.0,0.0,-0.0,0.0
5267,56.87704291680713,50.0,0.0,46.09772228646444,50.0,0.0,46.09772228646444
5268,58.774902733366346,0.0,0.0,46.09772228646444,8.465228909328081,0.0,53.90227771353556
5269,55.440235241594394,50.0,0.0,92.19544457292888,50.0,0.0,100.0
5270,64.85507982194082,0.0,0.0,92.19544457292888,0.0,0.0,100.0
5271,77.78248099263732,0.0,0.0,92.19544457292888,0.0,0.0,100.0
5272,81.5137327713644,0.0,0.0,92.19544457292888,0.0,-0.0,100.0
5273,90.70075217832286,0.0,50.0,37.96283011826483,0.0,50.0,45.76738554533596
5274,89.49900789538565,0.0,0.0,37.96283011826483,0.0,42.19544457292888,-0.0
5275,78.24306877373627,0.0,0.0,37.96283011826483,0.0,0.0,-0.0
5276,75.57179125394772,0.0,0.0,37.96283011826483,0.0,0.0,0.0
5277,68.19474708080514,0.0,0.0,37.96283011826483,0.0,0.0,-0.0
5278,61.44863551159824,0.0,0.0,37.96283011826483,0.0,0.0,-0.0
5279,69.39011852149397,0.0,0.0,37.96283011826483,0.0,-0.0,0.0
5280,49.211377328630164,0.0,0.0,37.96283011826483,8.465228909328081,0.0,7.804555427071122
5281,49.24899063609449,0.0,0.0,37.96283011826483,0.0,0.0,7.804555427071122
5282,42.22016574117813,50.0,0.0,84.06055240472926,50.0,0.0,53.90227771353556
5283,47.66532759078173,17.288758321092793,0.0,100.0,50.0,0.0,100.0
5284,51.68298306032209,0.0,0.0,100.0,0.0,0.0,100.0
5285,58.56894598522703,0.0,0.0,100.0,0.0,0.0,100.0
5286,59.76883401477917,0.0,0.0,100.0,0.0,0.0,100.0
5287,61.998455386864705,0.0,0.0,100.0,0.0,-0.0,100.0
5288,70.86147642564075,0.0,0.0,100.0,0.0,0.0,100.0
5289,79.68657741076383,0.0,0.0,100.0,0.0,-0.0,100.0
5290,77.56505485367678,0.0,0.0,100.0,0.0,0.0,100.0
5291,67.26107319193764,0.0,0.0,100.0,0.0,0.0,100.0
5292,66.17075770726653,0.0,0.0,100.0,0.0,0.0,100.0
5293,79.7746815021592,0.0,0.0,100.0,0.0,-0.0,100.0
5294,83.12902631013047,0.0,0.0,100.0,0.0,-0.0,100.0
5295,96.63009454253732,0.0,0.0,100.0,0.0,-0.0,100.0
5296,98.28220907833659,0.0,0.0,100.0,0.0,0.0,100.0
5297,102.73340845821784,0.0,0.0,100.0,0.0,0.0,100.0
5298,107.67318559535403,0.0,50.0,45.767385545335955,0.0,50.0,45.76738554533596
5299,107.3918226521003,0.0,42.19544457292887,0.0,0.0,42.19544457292888,0.0
5300,97.64104912638956,0.0,0.0,0.0,0.0,0.0,-0.0
5301,86.74627093703222,0.0,0.0,0.0,0.0,0.0,-0.0
5302,86.46484885390215,0.0,0.0,0.0,0.0,0.0,-0.0
5303,88.2192581845505,0.0,0.0,0.0,0.0,0.0,-0.0
5304,83.33733449165771,0.0,0.0,0.0,0.0,0.0,-0.0
5305,88.63132742524267,0.0,0.0,0.0,0.0,0.0,-0.0
5306,84.86067397521062,0.0,0.0,0.0,0.0,0.0,-0.0
5307,80.40076411301773,50.0,0.0,46.09772228646444,50.0,0.0,46.09772228646444
5308,87.7523402077091,0.0,0.0,46.09772228646444,0.0,0.0,46.09772228646444
5309,93.76858847625036,0.0,0.0,46.09772228646444,0.0,0.0,46.09772228646444
5310,92.12189229311642,0.0,0.0,46.09772228646444,0.0,0.0,46.09772228646444
5311,90.45077165705841,0.0,0.0,46.09772228646444,0.0,0.0,46.09772228646444
5312,94.78560729262726,0.0,0.0,46.09772228646444,0.0,0.0,46.09772228646444
5313,91.10200035506277,0.0,0.0,46.09772228646444,0.0,0.0,46.09772228646444
5314,85.33726333134642,0.0,0.0,46.09772228646444,0.0,0.0,46.09772228646444
5315,85.28511350393102,0.0,0.0,46.09772228646444,0.0,0.0,46.09772228646444
5316,85.15353741973672,0.0,0.0,46.09772228646444,0.0,0.0,46.09772228646444
5317,91.29695935863865,0.0,0.0,46.09772228646444,0.0,0.0,46.09772228646444
5318,82.60035928336644,50.0,0.0,92.19544457292888,8.823529411764698,0.0,54.23261445466404
5319,89.49464136083242,0.0,0.0,92.19544457292888,0.0,0.0,54.23261445466404
5320,99.5745132705571,0.0,50.0,37.96283011826483,0.0,50.0,0.0
5321,95.7640409082397,0.0,35.0,7.105427357601002e-15,0.0,-0.0,-0.0
5322,94.21698595072891,0.0,0.0,7.105427357601002e-15,0.0,0.0,0.0
5323,88.13686389256725,0.0,0.0,7.105427357601002e-15,0.0,0.0,-0.0
5324,84.16468995526242,0.0,0.0,7.105427357601002e-15,0.0,0.0,-0.0
5325,87.68618154577527,0.0,0.0,7.105427357601002e-15,0.0,0.0,-0.0
5326,93.02294367558179,0.0,0.0,7.105427357601002e-15,0.0,-0.0,-0.0
5327,83.25338488312532,0.0,0.0,7.105427357601002e-15,0.0,0.0,0.0
5328,73.32317699588353,0.0,0.0,7.105427357601002e-15,-0.0,0.0,0.0
5329,72.5200022705435,0.0,0.0,7.105427357601002e-15,8.465228909328081,0.0,7.804555427071122
5330,71.3492330506707,50.0,0.0,46.097722286464446,50.0,0.0,53.90227771353556
5331,71.80866509215785,50.0,0.0,92.19544457292889,50.0,0.0,100.0
5332,74.04478221361444,0.0,0.0,92.19544457292889,0.0,0.0,100.0
5333,86.44885194596439,0.0,0.0,92.19544457292889,0.0,0.0,100.0
5334,96.81820575429796,0.0,0.0,92.19544457292889,0.0,-0.0,100.0
5335,94.6490113322149,0.0,0.0,92.19544457292889,0.0,0.0,100.0
5336,100.33982882953032,0.0,50.0,37.96283011826485,0.0,42.19544457292888,54.23261445466404
5337,102.12271947467308,0.0,35.000000000000014,0.0,0.0,50.0,-0.0
5338,97.40911334739464,0.0,0.0,0.0,0.0,0.0,-0.0
5339,96.77547530063455,0.0,0.0,0.0,0.0,0.0,0.0
5340,92.6418249729145,0.0,0.0,0.0,0.0,0.0,-0.0
5341,92.0118949449461,0.0,0.0,0.0,0.0,0.0,-0.0
5342,94.55194628147808,0.0,0.0,0.0,0.0,0.0,-0.0
5343,88.0558283174709,0.0,0.0,0.0,0.0,0.0,-0.0
5344,93.98063316578077,0.0,0.0,0.0,0.0,0.0,-0.0
5345,95.31054586360369,0.0,0.0,0.0,0.0,0.0,-0.0
5346,90.87396518158639,0.0,0.0,0.0,0.0,0.0,-0.0
5347,97.55433863998687,0.0,0.0,0.0,0.0,-0.0,-0.0
5348,95.52965550773553,0.0,0.0,0.0,0.0,0.0,-0.0
5349,89.08150690880052,0.0,0.0,0.0,0.0,0.0,0.0
5350,80.08295947965985,0.0,0.0,0.0,-0.0,0.0,0.0
5351,77.39141375925865,0.0,0.0,0.0,-0.0,0.0,0.0
5352,70.45768734183852,0.0,0.0,0.0,0.0,0.0,-0.0
5353,62.24772401426096,0.0,0.0,0.0,0.0,0.0,-0.0
5354,59.688877872756905,0.0,0.0,0.0,8.465228909328081,0.0,7.804555427071122
5355,63.60281430520325,0.0,0.0,0.0,0.0,0.0,7.804555427071122
5356,54.13578026223641,50.0,0.0,46.09772228646444,50.0,0.0,53.90227771353556
5357,58.43475578327468,50.0,0.0,92.19544457292888,50.0,0.0,100.0
5358,62.48049843677421,0.0,0.0,92.19544457292888,0.0,0.0,100.0
5359,67.98141428264321,0.0,0.0,92.19544457292888,0.0,0.0,100.0
5360,68.53687855378801,0.0,0.0,92.19544457292888,0.0,0.0,100.0
5361,68.5538722384386,0.0,0.0,92.19544457292888,0.0,0.0,100.0
5362,75.20555928686785,0.0,0.0,92.19544457292888,0.0,-0.0,100.0
5363,68.23278015027525,0.0,0.0,92.19544457292888,0.0,0.0,100.0
5364,66.80983532020502,0.0,0.0,92.19544457292888,0.0,0.0,100.0
5365,77.98583735152057,0.0,0.0,92.19544457292888,0.0,-0.0,100.0
5366,77.88593433078668,0.0,0.0,92.19544457292888,0.0,0.0,100.0
5367,93.72082415408886,0.0,0.0,92.19544457292888,0.0,-0.0,100.0
5368,99.69222201758376,0.0,0.0,92.19544457292888,0.0,-0.0,100.0
5369,114.06957295327871,0.0,0.0,92.19544457292888,0.0,0.0,100.0
5370,118.87763530679959,0.0,50.0,37.96283011826483,0.0,50.0,45.76738554533596
5371,117.25972893394501,0.0,35.0,7.105427357601002e-15,0.0,42.19544457292888,-0.0
5372,110.62303142733106,0.0,0.0,7.105427357601002e-15,0.0,0.0,0.0
5373,99.77472266028576,0.0,0.0,7.105427357601002e-15,0.0,-0.0,-0.0
5374,93.49745600565097,0.0,0.0,7.105427357601002e-15,0.0,0.0,-0.0
5375,93.10637835495251,0.0,0.0,7.105427357601002e-15,0.0,0.0,0.0
5376,79.46901820912733,0.0,0.0,7.105427357601002e-15,0.0,0.0,-0.0
5377,73.39009177817107,0.0,0.0,7.105427357601002e-15,8.465228909328081,0.0,7.804555427071122
5378,68.64282016391735,50.0,0.0,46.097722286464446,50.0,0.0,53.90227771353556
5379,72.56946655555201,0.0,0.0,46.097722286464446,50.0,0.0,100.0
5380,79.81632780682094,0.0,0.0,46.097722286464446,0.0,0.0,100.0
5381,78.83656812951904,0.0,0.0,46.097722286464446,0.0,0.0,100.0
5382,80.03604417910051,0.0,0.0,46.097722286464446,0.0,0.0,100.0
5383,87.04283237011684,0.0,0.0,46.097722286464446,0.0,0.0,100.0
5384,97.32907370091151,0.0,42.50000000000001,0.0,0.0,42.19544457292888,54.23261445466404
5385,100.73266411660678,0.0,0.0,0.0,0.0,50.0,0.0
5386,87.50580489485897,0.0,0.0,0.0,0.0,0.0,-0.0
5387,79.9396631093188,0.0,0.0,0.0,-0.0,0.0,0.0
5388,70.9159719565104,0.0,0.0,0.0,50.0,0.0,46.09772228646444
5389,69.34158956831901,50.0,0.0,46.09772228646444,50.0,0.0,92.19544457292888
5390,81.73934579056873,0.0,0.0,46.09772228646444,0.0,0.0,92.19544457292888
5391,79.48021176697134,0.0,0.0,46.09772228646444,0.0,0.0,92.19544457292888
5392,77.58661991000992,0.0,0.0,46.09772228646444,0.0,0.0,92.19544457292888
5393,79.264413917631,0.0,0.0,46.09772228646444,0.0,0.0,92.19544457292888
5394,84.13696532578867,0.0,0.0,46.09772228646444,0.0,0.0,92.19544457292888
5395,86.84966472083076,0.0,0.0,46.09772228646444,0.0,50.0,37.96283011826484
5396,85.26065717231504,0.0,0.0,46.09772228646444,0.0,0.0,37.96283011826484
5397,86.2130241115022,0.0,0.0,46.09772228646444,0.0,35.00000000000001,0.0
5398,70.83906055493563,0.0,0.0,46.09772228646444,0.0,0.0,-0.0
5399,73.74772549940484,0.0,0.0,46.09772228646444,0.0,-0.0,0.0
5400,59.91785292797282,0.0,0.0,46.09772228646444,0.0,0.0,-0.0
5401,61.069908024870124,0.0,0.0,46.09772228646444,0.0,0.0,-0.0
5402,51.3471142828941,50.0,0.0,92.19544457292888,50.0,0.0,46.09772228646444
5403,51.139579074448605,8.465228909328081,0.0,100.0,50.0,0.0,92.19544457292888
5404,54.55478312199065,0.0,0.0,100.0,8.465228909328081,0.0,100.0
5405,65.49559782801838,0.0,0.0,100.0,0.0,0.0,100.0
5406,62.653979441830884,0.0,0.0,100.0,0.0,0.0,100.0
5407,69.04708744691528,0.0,0.0,100.0,0.0,0.0,100.0
5408,66.31278918950338,0.0,0.0,100.0,0.0,0.0,100.0
5409,68.51988249098069,0.0,0.0,100.0,0.0,0.0,100.0
5410,68.86886000865304,0.0,0.0,100.0,0.0,0.0,100.0
5411,71.23234325832806,0.0,0.0,100.0,0.0,-0.0,100.0
5412,65.03735864644024,0.0,0.0,100.0,0.0,0.0,100.0
5413,70.47493679832638,0.0,0.0,100.0,0.0,0.0,100.0
5414,81.4483957312549,0.0,0.0,100.0,0.0,-0.0,100.0
5415,77.99752819620755,0.0,0.0,100.0,0.0,0.0,100.0
5416,88.48679378063596,0.0,0.0,100.0,0.0,0.0,100.0
5417,99.17593448763546,0.0,50.0,45.767385545335955,0.0,42.19544457292888,54.23261445466404
5418,99.55191841374393,0.0,42.19544457292887,0.0,0.0,50.0,-0.0
5419,91.03509013727711,0.0,0.0,0.0,0.0,0.0,-0.0
5420,91.91246594939264,0.0,0.0,0.0,0.0,0.0,0.0
5421,79.30237896096071,0.0,0.0,0.0,0.0,-0.0,-0.0
5422,73.1627516691614,0.0,0.0,0.0,0.0,0.0,-0.0
5423,69.1406065011712,0.0,0.0,0.0,0.0,0.0,0.0
5424,61.3082513992333,0.0,0.0,0.0,0.0,0.0,-0.0
5425,54.88633432954037,0.0,0.0,0.0,8.465228909328081,0.0,7.804555427071122
5426,49.14093817335849,50.0,0.0,46.09772228646444,50.0,0.0,53.90227771353556
5427,49.615639472775385,50.0,0.0,92.19544457292888,50.0,0.0,100.0
5428,57.38079737911198,0.0,0.0,92.19544457292888,0.0,0.0,100.0
5429,74.33400531320662,0.0,0.0,92.19544457292888,0.0,0.0,100.0
5430,71.25726019118946,0.0,0.0,92.19544457292888,0.0,0.0,100.0
5431,78.57036422095617,0.0,0.0,92.19544457292888,0.0,42.19544457292888,54.23261445466404
5432,75.11467166248437,0.0,0.0,92.19544457292888,0.0,0.0,54.23261445466404
5433,79.48485737297968,0.0,0.0,92.19544457292888,0.0,50.0,0.0
5434,69.57477581379263,0.0,0.0,92.19544457292888,0.0,0.0,-0.0
5435,61.0953138442849,0.0,0.0,92.19544457292888,8.465228909328081,0.0,7.804555427071122
5436,55.36227871229439,0.0,0.0,92.19544457292888,50.0,0.0,53.90227771353556
5437,56.00664802499419,0.0,0.0,92.19544457292888,50.0,0.0,100.0
5438,62.35785666752172,0.0,0.0,92.19544457292888,0.0,0.0,100.0
5439,72.03699556130627,0.0,0.0,92.19544457292888,0.0,0.0,100.0
5440,79.57368252880548,0.0,0.0,92.19544457292888,0.0,0.0,100.0
5441,78.34509406047852,0.0,0.0,92.19544457292888,0.0,0.0,100.0
5442,85.70920997046069,0.0,50.0,37.96283011826483,0.0,42.19544457292888,54.23261445466404
5443,84.59856685348157,0.0,0.0,37.96283011826483,0.0,0.0,54.23261445466404
5444,87.16196659835944,0.0,35.0,7.105427357601002e-15,0.0,50.0,-0.0
5445,77.61290232568302,0.0,0.0,7.105427357601002e-15,0.0,0.0,0.0
5446,63.76840767090904,0.0,0.0,7.105427357601002e-15,0.0,0.0,-0.0
5447,60.48437760594916,0.0,0.0,7.105427357601002e-15,0.0,0.0,-0.0
5448,56.493520172344375,0.0,0.0,7.105427357601002e-15,0.0,0.0,-0.0
5449,54.76436327337532,0.0,0.0,7.105427357601002e-15,8.465228909328081,0.0,7.804555427071122
5450,51.69514133950831,50.0,0.0,46.097722286464446,50.0,0.0,53.90227771353556
5451,46.647333671150975,50.0,0.0,92.19544457292889,50.0,0.0,100.0
5452,58.7676824524453,0.0,0.0,92.19544457292889,0.0,0.0,100.0
5453,57.37308473058134,0.0,0.0,92.19544457292889,0.0,0.0,100.0
5454,59.869886834089,0.0,0.0,92.19544457292889,0.0,0.0,100.0
5455,69.43785084627419,0.0,0.0,92.19544457292889,0.0,-0.0,100.0
5456,62.43492564081481,0.0,0.0,92.19544457292889,0.0,0.0,100.0
5457,69.16287912489562,0.0,0.0,92.19544457292889,0.0,0.0,100.0
5458,68.62200307271111,0.0,0.0,92.19544457292889,0.0,0.0,100.0
5459,68.87033515374837,0.0,0.0,92.19544457292889,0.0,0.0,100.0
5460,68.86480671412318,0.0,0.0,92.19544457292889,0.0,0.0,100.0
5461,68.02940124363471,0.0,0.0,92.19544457292889,0.0,0.0,100.0
5462,65.85399870618649,0.0,0.0,92.19544457292889,0.0,0.0,100.0
5463,71.84015435548706,0.0,0.0,92.19544457292889,0.0,-0.0,100.0
5464,74.05952620278852,0.0,0.0,92.19544457292889,0.0,-0.0,100.0
5465,83.23275428775611,0.0,0.0,92.19544457292889,0.0,0.0,100.0
5466,90.66476092200101,0.0,0.0,92.19544457292889,0.0,0.0,100.0
5467,97.59617160539315,0.0,50.0,37.96283011826485,0.0,50.0,45.76738554533596
5468,94.83993167183758,0.0,35.000000000000014,0.0,0.0,42.19544457292888,-0.0
5469,93.69274776706345,0.0,0.0,0.0,0.0,0.0,-0.0
5470,85.82047964985063,0.0,0.0,0.0,0.0,0.0,0.0
5471,78.43916294218197,0.0,0.0,0.0,0.0,0.0,-0.0
5472,68.57915222228866,0.0,0.0,0.0,-0.0,0.0,0.0
5473,62.9327903682425,0.0,0.0,0.0,17.28875832109278,0.0,15.939447595270721
5474,61.8296421362633,0.0,0.0,0.0,50.0,0.0,62.03716988173516
5475,161.69670264114592,0.0,0.0,0.0,0.0,50.0,7.804555427071122
5476,51.95142206539283,50.0,0.0,46.09772228646444,50.0,0.0,53.90227771353556
5477,60.225609300024686,50.0,0.0,92.19544457292888,50.0,0.0,100.0
5478,71.37493589251295,0.0,0.0,92.19544457292888,0.0,0.0,100.0
5479,71.52372421753748,0.0,0.0,92.19544457292888,0.0,0.0,100.0
5480,78.260851011396,0.0,0.0,92.19544457292888,0.0,-0.0,100.0
5481,73.86156523139184,0.0,0.0,92.19544457292888,0.0,0.0,100.0
5482,69.62600406212636,0.0,0.0,92.19544457292888,0.0,0.0,100.0
5483,72.64645946084494,0.0,0.0,92.19544457292888,0.0,0.0,100.0
5484,73.72925791959062,0.0,0.0,92.19544457292888,0.0,0.0,100.0
5485,77.7924938888242,0.0,0.0,92.19544457292888,0.0,0.0,100.0
5486,91.2305242803549,0.0,0.0,92.19544457292888,0.0,0.0,100.0
5487,92.21251906255623,0.0,0.0,92.19544457292888,0.0,0.0,100.0
5488,92.84545090900801,0.0,0.0,92.19544457292888,0.0,0.0,100.0
5489,93.96420794933178,0.0,0.0,92.19544457292888,0.0,42.19544457292888,54.23261445466404
5490,94.75431069720754,0.0,50.0,37.96283011826483,0.0,50.0,-0.0
5491,80.30652929726364,0.0,0.0,37.96283011826483,0.0,0.0,0.0
5492,75.66143521194456,0.0,0.0,37.96283011826483,0.0,0.0,-0.0
5493,67.8723350549669,0.0,0.0,37.96283011826483,0.0,0.0,-0.0
5494,67.88157266661499,0.0,0.0,37.96283011826483,0.0,0.0,-0.0
5495,66.4145048262893,0.0,0.0,37.96283011826483,-0.0,0.0,0.0
5496,51.547316612864186,0.0,0.0,37.96283011826483,-0.0,0.0,-0.0
5497,52.54872787896384,0.0,0.0,37.96283011826483,0.0,0.0,-0.0
5498,54.72180932415914,0.0,0.0,37.96283011826483,0.0,0.0,0.0
5499,50.00690831021612,0.0,0.0,37.96283011826483,0.0,0.0,-0.0
5500,49.49594002223273,0.0,0.0,37.96283011826483,0.0,0.0,-0.0
5501,42.22003972546207,0.0,0.0,37.96283011826483,50.0,0.0,46.09772228646444
5502,43.84435876227795,0.0,0.0,37.96283011826483,0.0,0.0,46.09772228646444
5503,47.39546671905717,0.0,0.0,37.96283011826483,0.0,0.0,46.09772228646444
5504,52.66174808884952,0.0,0.0,37.96283011826483,0.0,42.50000000000001,0.0
5505,47.91283649325138,0.0,0.0,37.96283011826483,0.0,0.0,-0.0
5506,42.708665581474634,0.0,0.0,37.96283011826483,-0.0,0.0,0.0
5507,33.21540833068924,50.0,0.0,84.06055240472926,50.0,0.0,46.09772228646444
5508,33.755482278992375,17.288758321092793,0.0,100.0,50.0,0.0,92.19544457292888
5509,38.78088575736574,0.0,0.0,100.0,8.465228909328081,0.0,100.0
5510,46.85944920355153,0.0,0.0,100.0,0.0,0.0,100.0
5511,55.10859721776593,0.0,0.0,100.0,0.0,-0.0,100.0
5512,55.4707340842783,0.0,0.0,100.0,0.0,-0.0,100.0
5513,59.95452222130337,0.0,0.0,100.0,0.0,0.0,100.0
5514,62.45492049476597,0.0,0.0,100.0,0.0,0.0,100.0
5515,61.16149751754716,0.0,0.0,100.0,0.0,0.0,100.0
5516,59.50553281648338,0.0,0.0,100.0,0.0,0.0,100.0
5517,63.76374191262791,0.0,50.0,45.767385545335955,0.0,42.19544457292888,54.23261445466404
5518,64.23697445902883,0.0,42.19544457292887,0.0,0.0,50.0,0.0
5519,55.67359711054906,0.0,0.0,0.0,0.0,0.0,-0.0
5520,48.6470242426673,0.0,0.0,0.0,8.465228909328081,0.0,7.804555427071122
5521,50.1428358091973,0.0,0.0,0.0,0.0,0.0,7.804555427071122
5522,44.08504122936077,50.0,0.0,46.09772228646444,50.0,0.0,53.90227771353556
5523,49.0636622408753,0.0,0.0,46.09772228646444,0.0,0.0,53.90227771353556
5524,50.45299931499683,0.0,0.0,46.09772228646444,0.0,0.0,53.90227771353556
5525,47.590072905228325,50.0,0.0,92.19544457292888,50.0,0.0,100.0
5526,57.31388429809708,0.0,0.0,92.19544457292888,0.0,0.0,100.0
5527,65.13165045189943,0.0,0.0,92.19544457292888,0.0,0.0,100.0
5528,67.40757710987343,0.0,0.0,92.19544457292888,0.0,-0.0,100.0
5529,66.54634110676933,0.0,0.0,92.19544457292888,0.0,0.0,100.0
5530,58.81367314386229,0.0,0.0,92.19544457292888,0.0,0.0,100.0
5531,58.20757684548623,0.0,0.0,92.19544457292888,0.0,0.0,100.0
5532,55.6931332234585,0.0,0.0,92.19544457292888,0.0,0.0,100.0
5533,57.64725125249516,0.0,0.0,92.19544457292888,0.0,0.0,100.0
5534,64.06210845459603,0.0,0.0,92.19544457292888,0.0,0.0,100.0
5535,64.60284992015838,0.0,0.0,92.19544457292888,0.0,0.0,100.0
5536,67.8102626943977,0.0,50.0,37.96283011826483,0.0,42.19544457292888,54.23261445466404
5537,62.62363680918535,0.0,0.0,37.96283011826483,0.0,0.0,54.23261445466404
5538,70.27012060800571,0.0,35.0,7.105427357601002e-15,0.0,50.0,0.0
5539,63.94152671275015,0.0,0.0,7.105427357601002e-15,0.0,-0.0,-0.0
5540,62.39379652752814,0.0,0.0,7.105427357601002e-15,0.0,0.0,-0.0
5541,60.635343534471254,0.0,0.0,7.105427357601002e-15,0.0,0.0,-0.0
5542,60.1896174033775,0.0,0.0,7.105427357601002e-15,0.0,0.0,0.0
5543,50.73904659714107,0.0,0.0,7.105427357601002e-15,8.465228909328081,0.0,7.804555427071122
5544,39.992960303859626,50.0,0.0,46.097722286464446,50.0,0.0,53.90227771353556
5545,47.80270595797127,50.0,0.0,92.19544457292889,50.0,0.0,100.0
5546,55.78252295812402,0.0,0.0,92.19544457292889,0.0,0.0,100.0
5547,60.64534728263462,0.0,0.0,92.19544457292889,0.0,0.0,100.0
5548,63.90434173982676,0.0,0.0,92.19544457292889,0.0,-0.0,100.0
5549,62.259223704625896,0.0,0.0,92.19544457292889,0.0,0.0,100.0
5550,72.33165274168634,0.0,0.0,92.19544457292889,0.0,0.0,100.0
5551,76.96067947423198,0.0,0.0,92.19544457292889,0.0,0.0,100.0
5552,82.68456143005375,0.0,0.0,92.19544457292889,0.0,50.0,45.76738554533596
5553,77.40290456865763,0.0,0.0,92.19544457292889,0.0,0.0,45.76738554533596
5554,71.85983235937591,0.0,0.0,92.19544457292889,0.0,0.0,45.76738554533596
5555,67.82236682937257,0.0,0.0,92.19544457292889,8.823529411764698,0.0,53.90227771353556
5556,66.18032195156869,0.0,0.0,92.19544457292889,50.0,0.0,100.0
5557,69.1479071138132,0.0,0.0,92.19544457292889,0.0,0.0,100.0
5558,69.55036212706946,0.0,0.0,92.19544457292889,0.0,0.0,100.0
5559,68.64164095993497,0.0,0.0,92.19544457292889,-0.0,0.0,100.0
5560,85.4010187459912,0.0,0.0,92.19544457292889,-0.0,0.0,100.0
5561,104.74067861442694,0.0,50.0,37.96283011826485,0.0,42.19544457292888,54.23261445466404
5562,108.58311576777004,0.0,35.000000000000014,0.0,0.0,50.0,-0.0
5563,98.76624584512376,0.0,0.0,0.0,0.0,0.0,-0.0
5564,89.6249551779118,0.0,0.0,0.0,0.0,0.0,0.0
5565,86.58387667868894,0.0,0.0,0.0,0.0,0.0,-0.0
5566,88.25520581211705,0.0,0.0,0.0,0.0,-0.0,0.0
5567,76.65091041134329,0.0,0.0,0.0,0.0,-0.0,-0.0
5568,63.63599271710153,0.0,0.0,0.0,0.0,0.0,0.0
5569,61.56359498032925,0.0,0.0,0.0,8.465228909328081,0.0,7.804555427071122
5570,63.83779604596374,0.0,0.0,0.0,0.0,0.0,7.804555427071122
5571,60.77639185253605,50.0,0.0,46.09772228646444,50.0,0.0,53.90227771353556
5572,53.56836490121138,50.0,0.0,92.19544457292888,50.0,0.0,100.0
5573,61.64311684454721,0.0,0.0,92.19544457292888,0.0,0.0,100.0
5574,73.99571276490457,0.0,0.0,92.19544457292888,0.0,0.0,100.0
5575,78.91479871421808,0.0,0.0,92.19544457292888,0.0,0.0,100.0
5576,83.63803671522561,0.0,0.0,92.19544457292888,0.0,-0.0,100.0
5577,79.15580644727936,0.0,0.0,92.19544457292888,0.0,0.0,100.0
5578,69.7806483467282,0.0,0.0,92.19544457292888,0.0,0.0,100.0
5579,70.6416523802628,0.0,0.0,92.19544457292888,0.0,0.0,100.0
5580,69.56485874590547,0.0,0.0,92.19544457292888,0.0,0.0,100.0
5581,72.26015601575372,0.0,0.0,92.19544457292888,0.0,0.0,100.0
5582,83.87639809022177,0.0,0.0,92.19544457292888,0.0,-0.0,100.0
5583,83.47965587370483,0.0,0.0,92.19544457292888,0.0,0.0,100.0
5584,87.15372034690262,0.0,0.0,92.19544457292888,0.0,-0.0,100.0
5585,93.53966308423239,0.0,50.0,37.96283011826483,0.0,42.19544457292888,54.23261445466404
5586,92.65763968304016,0.0,0.0,37.96283011826483,0.0,0.0,54.23261445466404
5587,95.6243879317627,0.0,35.0,7.105427357601002e-15,0.0,50.0,-0.0
5588,89.94061403571675,0.0,0.0,7.105427357601002e-15,0.0,0.0,-0.0
5589,78.61678405114364,0.0,0.0,7.105427357601002e-15,0.0,0.0,0.0
5590,73.8712534809227,0.0,0.0,7.105427357601002e-15,-0.0,0.0,0.0
5591,70.95351623440605,0.0,0.0,7.105427357601002e-15,8.465228909328081,0.0,7.804555427071122
5592,64.19048496403335,0.0,0.0,7.105427357601002e-15,50.0,0.0,53.90227771353556
5593,63.161148921610184,50.0,0.0,46.097722286464446,50.0,0.0,100.0
5594,214.24422143591238,0.0,42.50000000000001,0.0,0.0,50.0,45.76738554533596
5595,157.453738500704,0.0,0.0,0.0,0.0,42.19544457292888,0.0
5596,63.87753934619971,0.0,0.0,0.0,50.0,0.0,46.09772228646444
5597,63.823311496058494,50.0,0.0,46.09772228646444,50.0,0.0,92.19544457292888
5598,71.41462594323727,0.0,0.0,46.09772228646444,8.465228909328081,0.0,100.0
5599,75.14936023141419,0.0,0.0,46.09772228646444,-0.0,0.0,100.0
5600,87.22021002887223,0.0,0.0,46.09772228646444,0.0,0.0,100.0
5601,92.46102114550408,0.0,0.0,46.09772228646444,0.0,50.0,45.76738554533596
5602,90.22033754151231,0.0,0.0,46.09772228646444,0.0,0.0,45.76738554533596
5603,85.9845918085398,0.0,0.0,46.09772228646444,0.0,0.0,45.76738554533596
5604,81.14207577368568,0.0,0.0,46.09772228646444,0.0,0.0,45.76738554533596
5605,73.33587394733081,0.0,0.0,46.09772228646444,50.0,0.0,91.8651078318004
5606,75.4208566346894,0.0,0.0,46.09772228646444,8.823529411764698,0.0,100.0
5607,82.01761304981845,0.0,0.0,46.09772228646444,0.0,0.0,100.0
5608,90.0994858191302,0.0,0.0,46.09772228646444,0.0,0.0,100.0
5609,97.97831274603908,0.0,0.0,46.09772228646444,0.0,0.0,100.0
5610,104.93442951622546,0.0,0.0,46.09772228646444,0.0,50.0,45.76738554533596
5611,98.86632018914986,0.0,0.0,46.09772228646444,0.0,42.19544457292888,0.0
5612,90.21318124912221,0.0,0.0,46.09772228646444,0.0,0.0,-0.0
5613,92.30755090336561,0.0,0.0,46.09772228646444,0.0,-0.0,-0.0
5614,90.4138673462582,0.0,0.0,46.09772228646444,0.0,0.0,-0.0
5615,83.16933063867079,0.0,0.0,46.09772228646444,0.0,0.0,0.0
5616,69.75970051281112,0.0,0.0,46.09772228646444,0.0,0.0,-0.0
5617,65.58547163020685,0.0,0.0,46.09772228646444,8.465228909328081,0.0,7.804555427071122
5618,62.976508137575806,0.0,0.0,46.09772228646444,50.0,0.0,53.90227771353556
5619,64.46926356379167,0.0,0.0,46.09772228646444,50.0,0.0,100.0
5620,79.52771213994248,0.0,0.0,46.09772228646444,0.0,0.0,100.0
5621,83.2825875497771,0.0,0.0,46.09772228646444,0.0,0.0,100.0
5622,91.4701351861393,0.0,42.5,0.0,0.0,50.0,45.76738554533596
5623,86.25727060941281,0.0,0.0,0.0,0.0,0.0,45.76738554533596
5624,85.53405275581179,0.0,0.0,0.0,0.0,0.0,45.76738554533596
5625,90.27780556161179,0.0,0.0,0.0,0.0,42.19544457292888,-0.0
5626,86.9329825509395,0.0,0.0,0.0,0.0,0.0,0.0
5627,56.72209005939193,50.0,0.0,46.09772228646444,50.0,0.0,46.09772228646444
5628,58.26516404885946,50.0,0.0,92.19544457292888,50.0,0.0,92.19544457292888
5629,69.66081529473405,0.0,0.0,92.19544457292888,0.0,0.0,92.19544457292888
5630,62.23288288564934,0.0,0.0,92.19544457292888,8.465228909328081,0.0,100.0
5631,77.6176693642778,0.0,0.0,92.19544457292888,0.0,0.0,100.0
5632,69.52177133211683,0.0,0.0,92.19544457292888,0.0,0.0,100.0
5633,81.52047102475848,0.0,0.0,92.19544457292888,0.0,42.19544457292888,54.23261445466404
5634,84.5960423926463,0.0,0.0,92.19544457292888,0.0,50.0,-0.0
5635,70.93531781030453,0.0,0.0,92.19544457292888,0.0,0.0,-0.0
5636,70.58767793815866,0.0,0.0,92.19544457292888,0.0,0.0,-0.0
5637,72.50386722247326,0.0,0.0,92.19544457292888,0.0,0.0,-0.0
5638,69.85643972188913,0.0,0.0,92.19544457292888,0.0,0.0,-0.0
5639,69.51950227169054,0.0,0.0,92.19544457292888,0.0,0.0,0.0
5640,55.45905208472685,0.0,0.0,92.19544457292888,0.0,0.0,-0.0
5641,42.684654887225214,8.465228909328081,0.0,100.0,50.0,0.0,46.09772228646444
5642,45.424847100624035,0.0,0.0,100.0,50.0,0.0,92.19544457292888
5643,55.25786665425353,0.0,0.0,100.0,0.0,0.0,92.19544457292888
5644,63.27740459332166,0.0,0.0,100.0,0.0,50.0,37.96283011826484
5645,56.27407491995085,0.0,0.0,100.0,0.0,0.0,37.96283011826484
5646,54.511051936550984,0.0,0.0,100.0,0.0,0.0,37.96283011826484
5647,56.69291790770403,0.0,0.0,100.0,0.0,27.80455542707114,7.804555427071122
5648,52.09261148497396,0.0,0.0,100.0,0.0,0.0,7.804555427071122
5649,52.82903442870368,0.0,0.0,100.0,0.0,0.0,7.804555427071122
5650,52.243921529030985,0.0,0.0,100.0,0.0,0.0,7.804555427071122
5651,40.90844577305014,0.0,0.0,100.0,50.0,0.0,53.90227771353556
5652,44.20462199726962,0.0,0.0,100.0,50.0,0.0,100.0
5653,49.41098141866528,0.0,0.0,100.0,0.0,0.0,100.0
5654,51.46440308730422,0.0,0.0,100.0,0.0,0.0,100.0
5655,58.35132241184633,0.0,0.0,100.0,0.0,-0.0,100.0
5656,56.22224990346867,0.0,0.0,100.0,0.0,0.0,100.0
5657,62.231977645886246,0.0,0.0,100.0,0.0,0.0,100.0
5658,66.8423708179736,0.0,0.0,100.0,0.0,0.0,100.0
5659,68.3661250613327,0.0,50.0,45.767385545335955,0.0,50.0,45.76738554533596
5660,67.84123961165186,0.0,42.19544457292887,0.0,0.0,42.19544457292888,0.0
5661,64.9771227378863,0.0,0.0,0.0,0.0,-0.0,-0.0
5662,59.43893221766635,0.0,0.0,0.0,0.0,0.0,-0.0
5663,58.24082801050533,0.0,0.0,0.0,0.0,0.0,0.0
5664,52.801672974201736,0.0,0.0,0.0,0.0,0.0,-0.0
5665,49.938983460502065,0.0,0.0,0.0,8.465228909328081,0.0,7.804555427071122
5666,50.0766208076255,0.0,0.0,0.0,0.0,0.0,7.804555427071122
5667,48.913169931622605,0.0,0.0,0.0,50.0,0.0,53.90227771353556
5668,47.63869138599939,50.0,0.0,46.09772228646444,50.0,0.0,100.0
5669,55.61742043403197,0.0,0.0,46.09772228646444,0.0,0.0,100.0
5670,59.18182308380004,0.0,0.0,46.09772228646444,0.0,0.0,100.0
5671,67.79001175425184,0.0,0.0,46.09772228646444,0.0,0.0,100.0
5672,71.27419281837672,0.0,0.0,46.09772228646444,0.0,50.0,45.76738554533596
5673,68.65731188368223,0.0,0.0,46.09772228646444,0.0,42.19544457292888,0.0
5674,62.91650566958663,0.0,0.0,46.09772228646444,0.0,0.0,-0.0
5675,55.85231370261086,0.0,0.0,46.09772228646444,0.0,0.0,-0.0
5676,44.701586859608305,50.0,0.0,92.19544457292888,50.0,0.0,46.09772228646444
5677,48.67052524760779,0.0,0.0,92.19544457292888,50.0,0.0,92.19544457292888
5678,55.067863854747166,0.0,0.0,92.19544457292888,8.465228909328081,0.0,100.0
5679,67.30658093310969,0.0,0.0,92.19544457292888,0.0,-0.0,100.0
5680,72.30675753904157,0.0,0.0,92.19544457292888,-0.0,0.0,100.0
5681,89.36219900849176,0.0,50.0,37.96283011826483,0.0,42.19544457292888,54.23261445466404
5682,89.80866050749391,0.0,35.0,7.105427357601002e-15,0.0,50.0,-0.0
5683,83.86872821831312,0.0,0.0,7.105427357601002e-15,0.0,0.0,-0.0
5684,74.63205745661314,0.0,0.0,7.105427357601002e-15,0.0,0.0,0.0
5685,60.37872643894419,0.0,0.0,7.105427357601002e-15,0.0,0.0,-0.0
5686,65.06875938426829,0.0,0.0,7.105427357601002e-15,0.0,0.0,-0.0
5687,69.41521660479103,0.0,0.0,7.105427357601002e-15,0.0,0.0,-0.0
5688,60.93090485657579,0.0,0.0,7.105427357601002e-15,0.0,0.0,-0.0
5689,53.05527391213432,50.0,0.0,46.097722286464446,50.0,0.0,46.09772228646444
5690,61.17438982438625,0.0,0.0,46.097722286464446,0.0,0.0,46.09772228646444
5691,58.26809172840986,50.0,0.0,92.19544457292889,50.0,0.0,92.19544457292888
5692,58.369526016918655,0.0,0.0,92.19544457292889,8.465228909328081,0.0,100.0
5693,70.5725292419839,0.0,0.0,92.19544457292889,-0.0,0.0,100.0
5694,79.69304963873651,0.0,0.0,92.19544457292889,-0.0,0.0,100.0
5695,96.74515562526128,0.0,0.0,92.19544457292889,0.0,42.19544457292888,54.23261445466404
5696,99.2702687875098,0.0,0.0,92.19544457292889,0.0,50.0,0.0
5697,94.04165347830813,0.0,0.0,92.19544457292889,0.0,-0.0,0.0
5698,84.83688036239334,0.0,0.0,92.19544457292889,0.0,0.0,-0.0
5699,68.7648467771949,0.0,0.0,92.19544457292889,50.0,0.0,46.09772228646444
5700,64.165309649654,0.0,0.0,92.19544457292889,50.0,0.0,92.19544457292888
5701,70.86380916856135,0.0,0.0,92.19544457292889,8.465228909328081,0.0,100.0
5702,77.61673189220683,0.0,0.0,92.19544457292889,-0.0,0.0,100.0
5703,83.60279151537539,0.0,0.0,92.19544457292889,0.0,0.0,100.0
5704,84.8316258493349,0.0,0.0,92.19544457292889,0.0,0.0,100.0
5705,91.77089385446146,0.0,0.0,92.19544457292889,0.0,0.0,100.0
5706,99.69572633176345,0.0,50.0,37.96283011826485,0.0,42.19544457292888,54.23261445466404
5707,100.19632304841818,0.0,35.000000000000014,0.0,0.0,50.0,0.0
5708,96.11739316657847,0.0,0.0,0.0,0.0,-0.0,-0.0
5709,85.40596809537863,0.0,0.0,0.0,0.0,0.0,-0.0
5710,84.55900448592399,0.0,0.0,0.0,0.0,0.0,0.0
5711,62.677346171501924,0.0,0.0,0.0,-0.0,0.0,0.0
5712,53.499927708675514,50.0,0.0,46.09772228646444,50.0,0.0,46.09772228646444
5713,65.24687938828866,0.0,0.0,46.09772228646444,0.0,0.0,46.09772228646444
5714,54.19359901092871,0.0,0.0,46.09772228646444,8.465228909328081,0.0,53.90227771353556
5715,52.417783613473205,50.0,0.0,92.19544457292888,50.0,0.0,100.0
5716,54.39412263666284,0.0,0.0,92.19544457292888,-0.0,0.0,100.0
5717,56.44615069553767,0.0,0.0,92.19544457292888,0.0,0.0,100.0
5718,68.70219960270332,0.0,0.0,92.19544457292888,0.0,-0.0,100.0
5719,77.07103265773446,0.0,0.0,92.19544457292888,0.0,-0.0,100.0
5720,80.54138465980316,0.0,0.0,92.19544457292888,0.0,-0.0,100.0
5721,83.2861041442935,0.0,0.0,92.19544457292888,0.0,-0.0,100.0
5722,78.34505298735327,0.0,0.0,92.19544457292888,0.0,0.0,100.0
5723,90.4076401183606,0.0,0.0,92.19544457292888,0.0,0.0,100.0
5724,86.54957837577847,0.0,0.0,92.19544457292888,0.0,0.0,100.0
5725,86.34804591836927,0.0,0.0,92.19544457292888,0.0,0.0,100.0
5726,79.23848866351777,0.0,0.0,92.19544457292888,0.0,0.0,100.0
5727,82.00224569258695,0.0,0.0,92.19544457292888,0.0,0.0,100.0
5728,95.13383765414437,0.0,50.0,37.96283011826483,0.0,50.0,45.76738554533596
5729,92.70762549786087,0.0,35.0,7.105427357601002e-15,0.0,42.19544457292888,-0.0
5730,83.12516326467258,0.0,0.0,7.105427357601002e-15,0.0,0.0,-0.0
5731,82.67733139230586,0.0,0.0,7.105427357601002e-15,0.0,0.0,-0.0
5732,86.53437724280346,0.0,0.0,7.105427357601002e-15,0.0,0.0,-0.0
5733,81.15804221676208,0.0,0.0,7.105427357601002e-15,0.0,0.0,0.0
5734,74.01148775614274,0.0,0.0,7.105427357601002e-15,0.0,-0.0,0.0
5735,59.92468604197186,0.0,0.0,7.105427357601002e-15,0.0,0.0,-0.0
5736,51.33546336496398,0.0,0.0,7.105427357601002e-15,8.465228909328081,0.0,7.804555427071122
5737,52.74499207401693,0.0,0.0,7.105427357601002e-15,0.0,0.0,7.804555427071122
5738,41.125878130496474,50.0,0.0,46.097722286464446,50.0,0.0,53.90227771353556
5739,47.89760226776562,50.0,0.0,92.19544457292889,50.0,0.0,100.0
5740,54.46779072997592,0.0,0.0,92.19544457292889,0.0,0.0,100.0
5741,65.28623684317384,0.0,0.0,92.19544457292889,-0.0,0.0,100.0
5742,74.38860896027577,0.0,0.0,92.19544457292889,0.0,0.0,100.0
5743,83.32773563299709,0.0,0.0,92.19544457292889,0.0,-0.0,100.0
5744,88.3551478057704,0.0,0.0,92.19544457292889,0.0,42.19544457292888,54.23261445466404
5745,90.90543373613875,0.0,0.0,92.19544457292889,0.0,50.0,0.0
5746,75.297636229734,0.0,0.0,92.19544457292889,0.0,-0.0,0.0
5747,61.843698044115115,0.0,0.0,92.19544457292889,8.465228909328081,0.0,7.804555427071122
5748,55.247480370945574,0.0,0.0,92.19544457292889,50.0,0.0,53.90227771353556
5749,55.60554277800641,0.0,0.0,92.19544457292889,50.0,0.0,100.0
5750,62.34400060953012,0.0,0.0,92.19544457292889,0.0,0.0,100.0
5751,71.14957013557589,0.0,0.0,92.19544457292889,0.0,0.0,100.0
5752,84.92861747701835,0.0,0.0,92.19544457292889,0.0,0.0,100.0
5753,96.92953365319053,0.0,50.0,37.96283011826485,0.0,50.0,45.76738554533596
5754,94.09887467139741,0.0,35.000000000000014,0.0,0.0,42.19544457292888,0.0
5755,93.96244795727227,0.0,0.0,0.0,0.0,0.0,-0.0
5756,84.7709417618149,0.0,0.0,0.0,0.0,0.0,-0.0
5757,78.25840892807435,0.0,0.0,0.0,-0.0,0.0,0.0
5758,74.9478648083182,0.0,0.0,0.0,0.0,-0.0,0.0
5759,52.26460205221526,0.0,0.0,0.0,50.0,0.0,46.09772228646444
5760,55.02433021759532,50.0,0.0,46.09772228646444,8.465228909328081,0.0,53.90227771353556
5761,55.63542853953029,0.0,0.0,46.09772228646444,0.0,0.0,53.90227771353556
5762,50.32269259137864,50.0,0.0,92.19544457292888,50.0,0.0,100.0
5763,60.76526083001316,0.0,0.0,92.19544457292888,0.0,0.0,100.0
5764,60.248178069974216,0.0,0.0,92.19544457292888,0.0,0.0,100.0
5765,65.13421407071618,0.0,0.0,92.19544457292888,0.0,0.0,100.0
5766,68.3594629334821,0.0,0.0,92.19544457292888,0.0,-0.0,100.0
5767,83.24147576568906,0.0,0.0,92.19544457292888,0.0,-0.0,100.0
5768,84.83397660096857,0.0,0.0,92.19544457292888,0.0,-0.0,100.0
5769,83.69391515750779,0.0,0.0,92.19544457292888,0.0,0.0,100.0
5770,85.25095111632187,0.0,0.0,92.19544457292888,0.0,-0.0,100.0
5771,82.52460821516316,0.0,0.0,92.19544457292888,0.0,0.0,100.0
5772,78.12645137197136,0.0,0.0,92.19544457292888,-0.0,0.0,100.0
5773,83.58975224612036,0.0,0.0,92.19544457292888,0.0,0.0,100.0
5774,100.05629905119427,0.0,0.0,92.19544457292888,0.0,0.0,100.0
5775,105.99345456975335,0.0,0.0,92.19544457292888,0.0,-0.0,100.0
5776,111.65730909892343,0.0,0.0,92.19544457292888,0.0,0.0,100.0
5777,116.27529822116577,0.0,0.0,92.19544457292888,0.0,0.0,100.0
5778,123.9991872469637,0.0,50.0,37.96283011826483,0.0,50.0,45.76738554533596
5779,117.01248094171243,0.0,35.0,7.105427357601002e-15,0.0,42.19544457292888,0.0
5780,109.224549206478,0.0,0.0,7.105427357601002e-15,0.0,0.0,-0.0
5781,93.45741830513583,0.0,0.0,7.105427357601002e-15,-0.0,0.0,0.0
5782,80.72582270781349,0.0,0.0,7.105427357601002e-15,-0.0,0.0,0.0
5783,73.50922951500385,0.0,0.0,7.105427357601002e-15,0.0,0.0,-0.0
5784,61.10611493532417,50.0,0.0,46.097722286464446,50.0,0.0,46.09772228646444
5785,67.87578996947902,0.0,0.0,46.097722286464446,0.0,0.0,46.09772228646444
5786,67.86935535594368,0.0,0.0,46.097722286464446,0.0,0.0,46.09772228646444
5787,61.378958427425715,0.0,0.0,46.097722286464446,8.465228909328081,0.0,53.90227771353556
5788,58.72282711575228,50.0,0.0,92.19544457292889,50.0,0.0,100.0
5789,70.55552557377517,0.0,0.0,92.19544457292889,0.0,0.0,100.0
5790,82.24966994845919,0.0,0.0,92.19544457292889,0.0,0.0,100.0
5791,87.1587866548376,0.0,0.0,92.19544457292889,0.0,-0.0,100.0
5792,86.60100949764971,0.0,0.0,92.19544457292889,0.0,0.0,100.0
5793,90.69338862924607,0.0,0.0,92.19544457292889,0.0,-0.0,100.0
5794,79.64136303905404,0.0,0.0,92.19544457292889,0.0,0.0,100.0
5795,76.27363941697087,0.0,0.0,92.19544457292889,0.0,0.0,100.0
5796,85.14284404179422,0.0,0.0,92.19544457292889,0.0,0.0,100.0
5797,85.10222137012349,0.0,0.0,92.19544457292889,0.0,0.0,100.0
5798,83.2278230931046,0.0,0.0,92.19544457292889,0.0,0.0,100.0
5799,90.93838470481705,0.0,0.0,92.19544457292889,0.0,-0.0,100.0
5800,94.50414103597384,0.0,0.0,92.19544457292889,0.0,0.0,100.0
5801,91.80253166238867,0.0,0.0,92.19544457292889,0.0,0.0,100.0
5802,98.01021407331814,0.0,50.0,37.96283011826485,0.0,42.19544457292888,54.23261445466404
5803,102.41635750179483,0.0,35.000000000000014,0.0,0.0,50.0,-0.0
5804,95.54389490656922,0.0,0.0,0.0,0.0,0.0,0.0
5805,87.1839530903872,0.0,0.0,0.0,0.0,0.0,-0.0
5806,76.1455309775208,0.0,0.0,0.0,-0.0,0.0,0.0
5807,71.29571387675036,0.0,0.0,0.0,0.0,-0.0,0.0
5808,56.27324033119447,50.0,0.0,46.09772228646444,50.0,0.0,46.09772228646444
5809,48.114742892055474,50.0,0.0,92.19544457292888,50.0,0.0,92.19544457292888
5810,57.04935494943601,0.0,0.0,92.19544457292888,8.465228909328081,0.0,100.0
5811,58.95260034957228,0.0,0.0,92.19544457292888,0.0,0.0,100.0
5812,63.63051165740191,0.0,0.0,92.19544457292888,0.0,0.0,100.0
5813,72.39271364616083,0.0,0.0,92.19544457292888,0.0,0.0,100.0
5814,81.99341119013428,0.0,0.0,92.19544457292888,0.0,0.0,100.0
5815,84.49481805677202,0.0,0.0,92.19544457292888,0.0,35.00000000000001,62.03716988173516
5816,88.06977353124572,0.0,0.0,92.19544457292888,0.0,50.0,7.804555427071122
5817,84.38519710051321,0.0,0.0,92.19544457292888,0.0,0.0,7.804555427071122
5818,81.68113500823355,0.0,0.0,92.19544457292888,0.0,0.0,7.804555427071122
5819,77.88356117191545,0.0,0.0,92.19544457292888,0.0,0.0,7.804555427071122
5820,72.0277657804515,0.0,0.0,92.19544457292888,0.0,0.0,7.804555427071122
5821,64.53017474992855,0.0,0.0,92.19544457292888,50.0,0.0,53.90227771353556
5822,69.2688359186734,0.0,0.0,92.19544457292888,50.0,0.0,100.0
5823,74.64581152083458,0.0,0.0,92.19544457292888,0.0,0.0,100.0
5824,71.62151143297629,0.0,0.0,92.19544457292888,0.0,0.0,100.0
5825,81.09587614914764,0.0,0.0,92.19544457292888,0.0,0.0,100.0
5826,89.56024119310887,0.0,0.0,92.19544457292888,0.0,-0.0,100.0
5827,102.35800399822699,0.0,50.0,37.96283011826483,0.0,50.0,45.76738554533596
5828,95.0483183439045,0.0,35.0,7.105427357601002e-15,0.0,42.19544457292888,-0.0
5829,85.83742554643197,0.0,0.0,7.105427357601002e-15,0.0,0.0,0.0
5830,74.08678698311645,0.0,0.0,7.105427357601002e-15,-0.0,0.0,0.0
5831,71.36355197017649,0.0,0.0,7.105427357601002e-15,0.0,0.0,-0.0
5832,60.54176666676214,0.0,0.0,7.105427357601002e-15,-0.0,0.0,0.0
5833,53.16167968799636,0.0,0.0,7.105427357601002e-15,0.0,0.0,-0.0
5834,50.34872856746239,0.0,0.0,7.105427357601002e-15,0.0,0.0,-0.0
5835,39.306149286232916,50.0,0.0,46.097722286464446,50.0,0.0,46.09772228646444
5836,47.404443442734426,50.0,0.0,92.19544457292889,50.0,0.0,92.19544457292888
5837,48.28616699026814,0.0,0.0,92.19544457292889,8.465228909328081,0.0,100.0
5838,55.263546408483236,0.0,0.0,92.19544457292889,0.0,0.0,100.0
5839,54.19498405698895,0.0,0.0,92.19544457292889,0.0,0.0,100.0
5840,55.34044285806465,0.0,0.0,92.19544457292889,0.0,0.0,100.0
5841,54.05248254690795,0.0,0.0,92.19544457292889,0.0,0.0,100.0
5842,51.14972445159249,0.0,0.0,92.19544457292889,0.0,0.0,100.0
5843,50.40123536962637,0.0,0.0,92.19544457292889,0.0,0.0,100.0
5844,56.62615880726145,0.0,0.0,92.19544457292889,0.0,0.0,100.0
5845,61.624741461029096,0.0,0.0,92.19544457292889,0.0,-0.0,100.0
5846,71.06891130043547,0.0,0.0,92.19544457292889,0.0,-0.0,100.0
5847,85.38793603659191,0.0,0.0,92.19544457292889,0.0,-0.0,100.0
5848,95.08841732082485,0.0,0.0,92.19544457292889,0.0,-0.0,100.0
5849,99.80873479061512,0.0,0.0,92.19544457292889,0.0,0.0,100.0
5850,107.11036930353383,0.0,0.0,92.19544457292889,0.0,-0.0,100.0
5851,110.58746295950999,0.0,50.0,37.96283011826485,0.0,50.0,45.76738554533596
5852,108.3792662601681,0.0,35.000000000000014,0.0,0.0,42.19544457292888,-0.0
5853,93.13101601629708,0.0,0.0,0.0,0.0,0.0,0.0
5854,82.30714299313695,0.0,0.0,0.0,-0.0,0.0,0.0
5855,76.30815322159923,0.0,0.0,0.0,0.0,0.0,-0.0
5856,68.29068844530467,0.0,0.0,0.0,8.465228909328081,0.0,7.804555427071122
5857,64.67415686958725,50.0,0.0,46.09772228646444,50.0,0.0,53.90227771353556
5858,68.21266179543315,50.0,0.0,92.19544457292888,50.0,0.0,100.0
5859,73.94675014809089,0.0,0.0,92.19544457292888,0.0,0.0,100.0
5860,80.94736470459483,0.0,0.0,92.19544457292888,0.0,0.0,100.0
5861,90.18257819032752,0.0,0.0,92.19544457292888,0.0,0.0,100.0
5862,88.5048702256866,0.0,0.0,92.19544457292888,0.0,0.0,100.0
5863,95.44451765204661,0.0,0.0,92.19544457292888,0.0,50.0,45.76738554533596
5864,93.35779650527685,0.0,0.0,92.19544457292888,0.0,42.19544457292888,0.0
5865,81.68642119245004,0.0,0.0,92.19544457292888,0.0,0.0,-0.0
5866,75.1921261306964,0.0,0.0,92.19544457292888,50.0,0.0,46.09772228646444
5867,77.28798139837355,0.0,0.0,92.19544457292888,8.465228909328081,0.0,53.90227771353556
5868,76.11556698032992,0.0,0.0,92.19544457292888,50.0,0.0,100.0
5869,86.72048537971838,0.0,0.0,92.19544457292888,0.0,0.0,100.0
5870,89.96533523689332,0.0,0.0,92.19544457292888,0.0,0.0,100.0
5871,108.37647071788915,0.0,0.0,92.19544457292888,0.0,0.0,100.0
5872,114.19578529299372,0.0,0.0,92.19544457292888,0.0,0.0,100.0
5873,117.80858136962138,0.0,50.0,37.96283011826483,0.0,50.0,45.76738554533596
5874,111.17346642114356,0.0,0.0,37.96283011826483,0.0,0.0,45.76738554533596
5875,114.55237179212008,0.0,35.0,7.105427357601002e-15,0.0,42.19544457292888,-0.0
5876,105.71800661234661,0.0,0.0,7.105427357601002e-15,0.0,0.0,0.0
5877,95.1110406090128,0.0,0.0,7.105427357601002e-15,0.0,0.0,-0.0
5878,95.8134646841137,0.0,0.0,7.105427357601002e-15,0.0,0.0,-0.0
5879,96.68342303629815,0.0,0.0,7.105427357601002e-15,0.0,-0.0,-0.0
5880,89.07617992951246,0.0,0.0,7.105427357601002e-15,0.0,0.0,-0.0
5881,82.02609056006514,0.0,0.0,7.105427357601002e-15,0.0,0.0,0.0
5882,77.73005571596822,50.0,0.0,46.097722286464446,50.0,0.0,46.09772228646444
5883,75.1873388791651,50.0,0.0,92.19544457292889,50.0,0.0,92.19544457292888
5884,79.80332169681203,0.0,0.0,92.19544457292889,8.465228909328081,0.0,100.0
5885,91.0384709802051,0.0,0.0,92.19544457292889,0.0,0.0,100.0
5886,97.02484358553755,0.0,0.0,92.19544457292889,0.0,-0.0,100.0
5887,111.53289873236744,0.0,0.0,92.19544457292889,0.0,-0.0,100.0
5888,116.51552802901026,0.0,0.0,92.19544457292889,0.0,-0.0,100.0
5889,110.88579100674974,0.0,0.0,92.19544457292889,0.0,0.0,100.0
5890,108.34054716894008,0.0,0.0,92.19544457292889,0.0,0.0,100.0
5891,110.04688908069733,0.0,0.0,92.19544457292889,0.0,0.0,100.0
5892,114.8740649392052,0.0,0.0,92.19544457292889,-0.0,0.0,100.0
5893,118.00204684314056,0.0,0.0,92.19544457292889,0.0,0.0,100.0
5894,118.06722328670322,0.0,0.0,92.19544457292889,0.0,0.0,100.0
5895,119.71598912189476,0.0,0.0,92.19544457292889,0.0,0.0,100.0
5896,126.8768553459428,0.0,0.0,92.19544457292889,0.0,0.0,100.0
5897,138.62178926374446,0.0,50.0,37.96283011826485,0.0,42.19544457292888,54.23261445466404
5898,139.84805937895513,0.0,35.000000000000014,0.0,0.0,50.0,0.0
5899,137.46820050176404,0.0,0.0,0.0,0.0,-0.0,-0.0
5900,129.95952457668392,0.0,0.0,0.0,0.0,0.0,-0.0
5901,119.28980589830113,0.0,0.0,0.0,0.0,0.0,0.0
5902,110.24031468946971,0.0,0.0,0.0,0.0,0.0,-0.0
5903,104.40287753172511,0.0,0.0,0.0,0.0,0.0,-0.0
5904,99.43994279744268,0.0,0.0,0.0,0.0,0.0,-0.0
5905,92.28619666828357,0.0,0.0,0.0,-0.0,0.0,0.0
5906,87.79038754276175,0.0,0.0,0.0,8.465228909328081,0.0,7.804555427071122
5907,80.0627678740405,50.0,0.0,46.09772228646444,50.0,0.0,53.90227771353556
5908,83.95071438897594,50.0,0.0,92.19544457292888,50.0,0.0,100.0
5909,93.84693902668901,0.0,0.0,92.19544457292888,0.0,0.0,100.0
5910,106.53260862770608,0.0,0.0,92.19544457292888,0.0,0.0,100.0
5911,110.58418531273428,0.0,0.0,92.19544457292888,0.0,-0.0,100.0
5912,113.86234737470352,0.0,0.0,92.19544457292888,0.0,50.0,45.76738554533596
5913,108.8784687972101,0.0,0.0,92.19544457292888,0.0,0.0,45.76738554533596
5914,104.82996412972643,0.0,0.0,92.19544457292888,0.0,0.0,45.76738554533596
5915,99.14373657527214,0.0,0.0,92.19544457292888,0.0,0.0,45.76738554533596
5916,94.11851359319274,0.0,0.0,92.19544457292888,8.823529411764698,0.0,53.90227771353556
5917,93.03290476030831,0.0,0.0,92.19544457292888,50.0,0.0,100.0
5918,97.31512992362946,0.0,0.0,92.19544457292888,-0.0,0.0,100.0
5919,100.09427726670847,0.0,0.0,92.19544457292888,0.0,0.0,100.0
5920,104.22465725387863,0.0,0.0,92.19544457292888,0.0,0.0,100.0
5921,117.8521373797879,0.0,0.0,92.19544457292888,0.0,-0.0,100.0
5922,133.15840844277096,0.0,50.0,37.96283011826483,0.0,50.0,45.76738554533596
5923,122.15632987357796,0.0,35.0,7.105427357601002e-15,0.0,42.19544457292888,-0.0
5924,108.58626442279945,0.0,0.0,7.105427357601002e-15,0.0,0.0,0.0
5925,96.05860054748484,0.0,0.0,7.105427357601002e-15,0.0,-0.0,-0.0
5926,89.07510324379413,0.0,0.0,7.105427357601002e-15,0.0,0.0,-0.0
5927,89.0070068363297,0.0,0.0,7.105427357601002e-15,0.0,0.0,0.0
5928,79.00110360614839,0.0,6.5508803411467564e-15,0.0,0.0,0.0,-0.0
5929,75.64486745054835,0.0,0.0,0.0,0.0,0.0,-0.0
5930,75.01693710711251,0.0,0.0,0.0,0.0,0.0,-0.0
5931,69.20042949184472,0.0,0.0,0.0,-0.0,0.0,0.0
5932,68.61890527520308,0.0,0.0,0.0,0.0,0.0,-0.0
5933,72.03776009743167,0.0,0.0,0.0,0.0,-0.0,-0.0
5934,68.7111901015857,0.0,0.0,0.0,0.0,0.0,-0.0
5935,68.09366216427225,0.0,0.0,0.0,0.0,0.0,-0.0
5936,65.23105156731323,0.0,0.0,0.0,0.0,0.0,-0.0
5937,68.94164217757005,0.0,0.0,0.0,0.0,0.0,-0.0
5938,66.3337489853878,0.0,0.0,0.0,0.0,0.0,-0.0
5939,65.16876582841991,0.0,0.0,0.0,0.0,0.0,0.0
5940,52.2531090785577,0.0,0.0,0.0,8.465228909328081,0.0,7.804555427071122
5941,45.39014350346286,50.0,0.0,46.09772228646444,50.0,0.0,53.90227771353556
5942,54.40768812379307,0.0,0.0,46.09772228646444,0.0,0.0,53.90227771353556
5943,46.74004896434716,50.0,0.0,92.19544457292888,50.0,0.0,100.0
5944,62.94118989742253,0.0,0.0,92.19544457292888,0.0,0.0,100.0
5945,60.24619471049713,0.0,0.0,92.19544457292888,0.0,0.0,100.0
5946,69.60330115060925,0.0,0.0,92.19544457292888,0.0,42.19544457292888,54.23261445466404
5947,65.10465840910234,0.0,0.0,92.19544457292888,0.0,0.0,54.23261445466404
5948,68.50953037567153,0.0,0.0,92.19544457292888,0.0,0.0,54.23261445466404
5949,81.89684713337707,0.0,50.0,37.96283011826483,0.0,50.0,-0.0
5950,64.0410906527903,0.0,0.0,37.96283011826483,0.0,0.0,-0.0
5951,64.74832669217982,0.0,0.0,37.96283011826483,0.0,0.0,0.0
5952,43.3650383667787,0.0,0.0,37.96283011826483,-0.0,0.0,-0.0
5953,44.08256492403507,0.0,0.0,37.96283011826483,0.0,0.0,0.0
5954,41.77541486228388,50.0,0.0,84.06055240472926,50.0,0.0,46.09772228646444
5955,42.9722980503744,0.0,0.0,84.06055240472926,8.465228909328081,0.0,53.90227771353556
5956,40.68628441667714,17.288758321092793,0.0,100.0,50.0,0.0,100.0
5957,50.60358192159282,0.0,0.0,100.0,0.0,0.0,100.0
5958,49.63179704389286,0.0,0.0,100.0,0.0,0.0,100.0
5959,63.66143465782372,0.0,0.0,100.0,0.0,-0.0,100.0
5960,65.04897777451944,0.0,0.0,100.0,0.0,-0.0,100.0
5961,56.855829963258046,0.0,0.0,100.0,0.0,0.0,100.0
5962,62.57707299837473,0.0,0.0,100.0,0.0,0.0,100.0
5963,57.96261934957579,0.0,0.0,100.0,0.0,0.0,100.0
5964,66.1975238669716,0.0,0.0,100.0,0.0,-0.0,100.0
5965,73.16580266725292,0.0,0.0,100.0,0.0,-0.0,100.0
5966,72.06268655256275,0.0,0.0,100.0,0.0,0.0,100.0
5967,77.88616163497026,0.0,0.0,100.0,-0.0,0.0,100.0
5968,85.68159131909965,0.0,0.0,100.0,0.0,0.0,100.0
5969,99.70397791484922,0.0,0.0,100.0,0.0,-0.0,100.0
5970,103.86970113256669,0.0,50.0,45.767385545335955,0.0,50.0,45.76738554533596
5971,102.65790324460679,0.0,42.19544457292887,0.0,0.0,42.19544457292888,-0.0
5972,96.37797368602872,0.0,0.0,0.0,0.0,0.0,-0.0
5973,89.75220847171624,0.0,0.0,0.0,0.0,0.0,-0.0
5974,90.98503332765102,0.0,0.0,0.0,0.0,0.0,-0.0
5975,85.86727878257852,0.0,0.0,0.0,0.0,0.0,0.0
5976,70.67247898302311,0.0,0.0,0.0,0.0,0.0,-0.0
5977,63.889929010989604,0.0,0.0,0.0,-0.0,0.0,0.0
5978,58.188765196153355,0.0,0.0,0.0,0.0,0.0,-0.0
5979,49.72931635742832,0.0,0.0,0.0,50.0,0.0,46.09772228646444
5980,47.82373667471169,50.0,0.0,46.09772228646444,50.0,0.0,92.19544457292888
5981,61.154060674120814,0.0,0.0,46.09772228646444,0.0,0.0,92.19544457292888
5982,66.22066206569711,0.0,0.0,46.09772228646444,0.0,0.0,92.19544457292888
5983,76.05139403410811,0.0,42.5,0.0,0.0,50.0,37.96283011826484
5984,65.12740603548393,0.0,0.0,0.0,0.0,0.0,37.96283011826484
5985,67.76888702967953,0.0,0.0,0.0,0.0,35.00000000000001,0.0
5986,63.01205838241063,0.0,0.0,0.0,0.0,0.0,-0.0
5987,56.087445294361544,0.0,0.0,0.0,0.0,0.0,-0.0
5988,54.966269794283484,0.0,0.0,0.0,8.465228909328081,0.0,7.804555427071122
5989,53.33239504282687,0.0,0.0,0.0,50.0,0.0,53.90227771353556
5990,46.425273816908096,50.0,0.0,46.09772228646444,50.0,0.0,100.0
5991,59.71136243608749,0.0,0.0,46.09772228646444,-0.0,0.0,100.0
5992,69.54078997939847,0.0,0.0,46.09772228646444,0.0,0.0,100.0
5993,74.65238557458703,0.0,42.5,0.0,0.0,50.0,45.76738554533596
5994,72.97661124790662,0.0,0.0,0.0,0.0,42.19544457292888,-0.0
5995,65.02796934667646,0.0,0.0,0.0,0.0,0.0,-0.0
5996,63.901032448358194,0.0,0.0,0.0,0.0,0.0,-0.0
5997,68.863026805311,0.0,0.0,0.0,0.0,0.0,-0.0
5998,65.60469943707109,0.0,0.0,0.0,0.0,0.0,0.0
5999,54.76490167089543,0.0,0.0,0.0,0.0,0.0,-0.0
6000,45.313407145567425,0.0,0.0,0.0,-0.0,0.0,0.0
6001,43.24419067986136,0.0,0.0,0.0,17.28875832109278,0.0,15.939447595270721
6002,46.88940552936688,0.0,0.0,0.0,0.0,0.0,15.939447595270721
6003,50.32596911965054,0.0,0.0,0.0,0.0,0.0,15.939447595270721
6004,36.08068073795829,50.0,0.0,46.09772228646444,50.0,0.0,62.03716988173516
6005,45.04925454090365,0.0,0.0,46.09772228646444,0.0,0.0,62.03716988173516
6006,46.94087557332001,0.0,0.0,46.09772228646444,0.0,0.0,62.03716988173516
6007,46.5238192736329,0.0,0.0,46.09772228646444,0.0,0.0,62.03716988173516
6008,50.41095647344436,0.0,0.0,46.09772228646444,0.0,0.0,62.03716988173516
6009,53.29080008514565,0.0,0.0,46.09772228646444,0.0,50.0,7.804555427071122
6010,41.48322747616939,50.0,0.0,92.19544457292888,50.0,0.0,53.90227771353556
6011,42.696367125802716,0.0,0.0,92.19544457292888,50.0,0.0,100.0
6012,45.78260638397415,0.0,0.0,92.19544457292888,0.0,0.0,100.0
6013,47.822914363904125,0.0,0.0,92.19544457292888,0.0,0.0,100.0
6014,48.238386282041745,0.0,0.0,92.19544457292888,0.0,0.0,100.0
6015,50.92954876684935,0.0,0.0,92.19544457292888,0.0,0.0,100.0
6016,65.72364247162938,0.0,0.0,92.19544457292888,0.0,-0.0,100.0
6017,64.53648285528632,0.0,0.0,92.19544457292888,0.0,0.0,100.0
6018,74.78800831345737,0.0,50.0,37.96283011826483,0.0,50.0,45.76738554533596
6019,73.87913259568273,0.0,35.0,7.105427357601002e-15,0.0,42.19544457292888,0.0
6020,70.32985881677897,0.0,0.0,7.105427357601002e-15,0.0,-0.0,0.0
6021,56.541283535087445,0.0,0.0,7.105427357601002e-15,-0.0,0.0,0.0
6022,52.28272982433138,0.0,0.0,7.105427357601002e-15,-0.0,0.0,-0.0
6023,53.42198895068431,0.0,0.0,7.105427357601002e-15,0.0,0.0,0.0
6024,35.48281539747503,50.0,0.0,46.097722286464446,50.0,0.0,46.09772228646444
6025,37.18677687511805,0.0,0.0,46.097722286464446,0.0,0.0,46.09772228646444
6026,37.02362521180568,0.0,0.0,46.097722286464446,0.0,0.0,46.09772228646444
6027,34.32243397406424,50.0,0.0,92.19544457292889,50.0,0.0,92.19544457292888
6028,42.40013664159772,0.0,0.0,92.19544457292889,0.0,0.0,92.19544457292888
6029,35.78350689803155,0.0,0.0,92.19544457292889,8.465228909328081,0.0,100.0
6030,45.795939874026175,0.0,0.0,92.19544457292889,0.0,-0.0,100.0
6031,62.191155199157066,0.0,0.0,92.19544457292889,0.0,0.0,100.0
6032,73.85953322666245,0.0,0.0,92.19544457292889,0.0,42.19544457292888,54.23261445466404
6033,74.86432944516919,0.0,0.0,92.19544457292889,0.0,50.0,0.0
6034,68.80353822204906,0.0,0.0,92.19544457292889,0.0,0.0,-0.0
6035,60.59557021091291,0.0,0.0,92.19544457292889,0.0,0.0,-0.0
6036,56.474913709796255,0.0,0.0,92.19544457292889,50.0,0.0,46.09772228646444
6037,60.445869424190825,0.0,0.0,92.19544457292889,8.465228909328081,0.0,53.90227771353556
6038,60.24670874902892,0.0,0.0,92.19544457292889,50.0,0.0,100.0
6039,71.58965707113069,0.0,0.0,92.19544457292889,-0.0,0.0,100.0
6040,90.92399877841666,0.0,50.0,37.96283011826485,0.0,42.19544457292888,54.23261445466404
6041,95.81817942159137,0.0,35.000000000000014,0.0,0.0,50.0,0.0
6042,90.47481868472586,0.0,0.0,0.0,0.0,-0.0,-0.0
6043,81.90193145958322,0.0,0.0,0.0,0.0,0.0,-0.0
6044,82.54914804833632,0.0,0.0,0.0,0.0,0.0,-0.0
6045,76.91000446976884,0.0,0.0,0.0,0.0,0.0,-0.0
6046,76.75330808297117,0.0,0.0,0.0,0.0,0.0,0.0
6047,69.74756513148714,0.0,0.0,0.0,0.0,-0.0,-0.0
6048,62.50265835937262,0.0,0.0,0.0,0.0,0.0,-0.0
6049,58.56698889101468,0.0,0.0,0.0,0.0,0.0,0.0
6050,52.281981626993726,0.0,0.0,0.0,8.465228909328081,0.0,7.804555427071122
6051,49.77157790077776,50.0,0.0,46.09772228646444,50.0,0.0,53.90227771353556
6052,45.406093843277745,50.0,0.0,92.19544457292888,50.0,0.0,100.0
6053,61.61790711116649,0.0,0.0,92.19544457292888,0.0,0.0,100.0
6054,67.25591597851391,0.0,0.0,92.19544457292888,0.0,-0.0,100.0
6055,76.67956721415719,0.0,0.0,92.19544457292888,0.0,50.0,45.76738554533596
6056,76.38884684469453,0.0,0.0,92.19544457292888,0.0,42.19544457292888,0.0
6057,69.27440455799797,0.0,0.0,92.19544457292888,0.0,0.0,-0.0
6058,64.00575916008668,0.0,0.0,92.19544457292888,0.0,0.0,-0.0
6059,65.71109757319527,0.0,0.0,92.19544457292888,0.0,0.0,-0.0
6060,60.0088435336979,0.0,0.0,92.19544457292888,50.0,0.0,46.09772228646444
6061,55.93588879773957,0.0,0.0,92.19544457292888,50.0,0.0,92.19544457292888
6062,61.3698709436186,0.0,0.0,92.19544457292888,8.465228909328081,0.0,100.0
6063,71.20737540579664,0.0,0.0,92.19544457292888,-0.0,0.0,100.0
6064,87.87367031765689,0.0,0.0,92.19544457292888,0.0,0.0,100.0
6065,95.28261101963795,0.0,0.0,92.19544457292888,0.0,0.0,100.0
6066,100.91554906289893,0.0,50.0,37.96283011826483,0.0,42.19544457292888,54.23261445466404
6067,102.91171696719536,0.0,35.0,7.105427357601002e-15,0.0,50.0,0.0
6068,91.3705045078344,0.0,0.0,7.105427357601002e-15,0.0,-0.0,-0.0
6069,80.1000367915045,0.0,0.0,7.105427357601002e-15,0.0,0.0,0.0
6070,68.9200884593933,0.0,0.0,7.105427357601002e-15,-0.0,0.0,0.0
6071,58.11002369374997,0.0,0.0,7.105427357601002e-15,0.0,0.0,-0.0
6072,51.54453232978388,0.0,0.0,7.105427357601002e-15,-0.0,0.0,0.0
6073,50.89664327176923,0.0,0.0,7.105427357601002e-15,0.0,0.0,-0.0
6074,49.65291258047637,0.0,0.0,7.105427357601002e-15,50.0,0.0,46.09772228646444
6075,35.28523983144983,0.0,0.0,7.105427357601002e-15,50.0,0.0,92.19544457292888
6076,49.89515280637961,0.0,0.0,7.105427357601002e-15,8.465228909328081,0.0,100.0
6077,49.910313056992294,0.0,0.0,7.105427357601002e-15,0.0,0.0,100.0
6078,68.24146161063874,0.0,0.0,7.105427357601002e-15,0.0,50.0,45.76738554533596
6079,66.07554129253833,0.0,0.0,7.105427357601002e-15,0.0,42.19544457292888,0.0
6080,65.06469672592551,0.0,0.0,7.105427357601002e-15,0.0,-0.0,0.0
6081,52.469497115222694,0.0,0.0,7.105427357601002e-15,-0.0,0.0,0.0
6082,51.73924995325304,0.0,0.0,7.105427357601002e-15,0.0,-0.0,0.0
6083,42.251105108826785,0.0,0.0,7.105427357601002e-15,0.0,0.0,-0.0
6084,35.270874509306665,50.0,0.0,46.097722286464446,50.0,0.0,46.09772228646444
6085,30.292365105730283,50.0,0.0,92.19544457292889,50.0,0.0,92.19544457292888
6086,41.07001102953796,0.0,0.0,92.19544457292889,8.465228909328081,0.0,100.0
6087,53.59843076494597,0.0,0.0,92.19544457292889,0.0,-0.0,100.0
6088,72.51591799711082,0.0,0.0,92.19544457292889,0.0,0.0,100.0
6089,75.35967607618278,0.0,50.0,37.96283011826485,0.0,42.19544457292888,54.23261445466404
6090,80.1483810490385,0.0,35.000000000000014,0.0,0.0,50.0,-0.0
6091,72.65472916560196,0.0,0.0,0.0,0.0,0.0,0.0
6092,67.88166076694571,0.0,0.0,0.0,0.0,0.0,-0.0
6093,60.8175334957185,0.0,0.0,0.0,0.0,0.0,-0.0
6094,59.59967726984715,0.0,0.0,0.0,-0.0,0.0,-0.0
6095,62.40906493502388,0.0,0.0,0.0,0.0,0.0,0.0
6096,56.59698296574828,0.0,0.0,0.0,0.0,0.0,-0.0
6097,49.3394171086888,50.0,0.0,46.09772228646444,50.0,0.0,46.09772228646444
6098,53.26682350805049,0.0,0.0,46.09772228646444,0.0,0.0,46.09772228646444
6099,52.6455800200755,50.0,0.0,92.19544457292888,50.0,0.0,92.19544457292888
6100,52.86306183102238,0.0,0.0,92.19544457292888,8.465228909328081,0.0,100.0
6101,53.67731175012736,0.0,0.0,92.19544457292888,0.0,0.0,100.0
6102,57.361318375135866,0.0,0.0,92.19544457292888,0.0,0.0,100.0
6103,73.56496309735971,0.0,0.0,92.19544457292888,0.0,0.0,100.0
6104,78.15137748316337,0.0,0.0,92.19544457292888,0.0,-0.0,100.0
6105,77.6507135807273,0.0,0.0,92.19544457292888,0.0,0.0,100.0
6106,71.59783009420676,0.0,0.0,92.19544457292888,0.0,0.0,100.0
6107,80.1300866165799,0.0,0.0,92.19544457292888,0.0,0.0,100.0
6108,83.38799094017459,0.0,0.0,92.19544457292888,0.0,0.0,100.0
6109,78.38368436734895,0.0,0.0,92.19544457292888,-0.0,0.0,100.0
6110,79.77414570060155,0.0,0.0,92.19544457292888,0.0,0.0,100.0
6111,84.30836026351827,0.0,0.0,92.19544457292888,0.0,0.0,100.0
6112,91.75871226291119,0.0,0.0,92.19544457292888,0.0,0.0,100.0
6113,93.07390422847658,0.0,0.0,92.19544457292888,0.0,0.0,100.0
6114,97.74402642764218,0.0,50.0,37.96283011826483,0.0,42.19544457292888,54.23261445466404
6115,104.00852945273732,0.0,35.0,7.105427357601002e-15,0.0,50.0,0.0
6116,91.50168605806729,0.0,0.0,7.105427357601002e-15,0.0,0.0,-0.0
6117,79.31489905904604,0.0,0.0,7.105427357601002e-15,-0.0,0.0,0.0
6118,71.49789359556512,0.0,0.0,7.105427357601002e-15,0.0,0.0,-0.0
6119,65.41891952041989,0.0,0.0,7.105427357601002e-15,8.465228909328081,0.0,7.804555427071122
6120,64.92179396876897,50.0,0.0,46.097722286464446,50.0,0.0,53.90227771353556
6121,67.18473549376141,0.0,0.0,46.097722286464446,0.0,0.0,53.90227771353556
6122,69.47594247546661,0.0,0.0,46.097722286464446,0.0,0.0,53.90227771353556
6123,66.42747200470458,0.0,0.0,46.097722286464446,0.0,0.0,53.90227771353556
6124,65.8218711069104,0.0,0.0,46.097722286464446,0.0,0.0,53.90227771353556
6125,61.57664373211813,50.0,0.0,92.19544457292889,50.0,0.0,100.0
6126,72.04741858172886,0.0,0.0,92.19544457292889,-0.0,0.0,100.0
6127,80.26767996082727,0.0,0.0,92.19544457292889,0.0,0.0,100.0
6128,89.7336168718843,0.0,0.0,92.19544457292889,0.0,42.50000000000001,53.90227771353556
6129,86.2443564305786,0.0,0.0,92.19544457292889,0.0,0.0,53.90227771353556
6130,80.20952214817024,0.0,0.0,92.19544457292889,0.0,0.0,53.90227771353556
6131,75.57826981067048,0.0,0.0,92.19544457292889,0.0,0.0,53.90227771353556
6132,76.90543937134206,0.0,0.0,92.19544457292889,0.0,0.0,53.90227771353556
6133,68.26697987603607,0.0,0.0,92.19544457292889,50.0,0.0,100.0
6134,75.96938558257364,0.0,0.0,92.19544457292889,0.0,0.0,100.0
6135,81.8545765509319,0.0,0.0,92.19544457292889,0.0,0.0,100.0
6136,82.86416147446917,0.0,0.0,92.19544457292889,0.0,0.0,100.0
6137,77.23785606904323,0.0,0.0,92.19544457292889,0.0,0.0,100.0
6138,79.93158558634607,0.0,0.0,92.19544457292889,0.0,0.0,100.0
6139,87.5079583563296,0.0,0.0,92.19544457292889,0.0,0.0,100.0
6140,92.67437806049071,0.0,50.0,37.96283011826485,0.0,42.19544457292888,54.23261445466404
6141,88.5590153739796,0.0,0.0,37.96283011826485,0.0,0.0,54.23261445466404
6142,93.49710439214621,0.0,35.000000000000014,0.0,0.0,50.0,-0.0
6143,87.93438913158836,0.0,0.0,0.0,0.0,0.0,-0.0
6144,80.00021058203247,0.0,0.0,0.0,0.0,0.0,0.0
6145,73.14110026196319,0.0,0.0,0.0,-0.0,0.0,0.0
6146,66.96151333334,0.0,0.0,0.0,0.0,0.0,-0.0
6147,61.829336219717675,0.0,0.0,0.0,17.28875832109278,0.0,15.939447595270721
6148,51.81041003394125,50.0,0.0,46.09772228646444,50.0,0.0,62.03716988173516
6149,63.67942944503939,0.0,0.0,46.09772228646444,0.0,0.0,62.03716988173516
6150,66.16394569665894,0.0,0.0,46.09772228646444,0.0,0.0,62.03716988173516
6151,67.7167539270357,0.0,0.0,46.09772228646444,0.0,0.0,62.03716988173516
6152,64.56118053602682,0.0,0.0,46.09772228646444,0.0,0.0,62.03716988173516
6153,62.99543934241981,0.0,0.0,46.09772228646444,0.0,0.0,62.03716988173516
6154,69.18326685380411,0.0,0.0,46.09772228646444,0.0,0.0,62.03716988173516
6155,75.95951693582325,0.0,0.0,46.09772228646444,0.0,50.0,7.804555427071122
6156,63.21788847990787,0.0,0.0,46.09772228646444,0.0,0.0,7.804555427071122
6157,61.74271724512602,0.0,0.0,46.09772228646444,50.0,0.0,53.90227771353556
6158,60.19716617790543,50.0,0.0,92.19544457292888,50.0,0.0,100.0
6159,72.81385677022772,0.0,0.0,92.19544457292888,0.0,0.0,100.0
6160,81.90026516117973,0.0,0.0,92.19544457292888,0.0,0.0,100.0
6161,84.31045231825877,0.0,0.0,92.19544457292888,0.0,0.0,100.0
6162,87.623494475452,0.0,50.0,37.96283011826483,0.0,42.19544457292888,54.23261445466404
6163,84.03475025300278,0.0,0.0,37.96283011826483,0.0,0.0,54.23261445466404
6164,89.12924841689767,0.0,35.0,7.105427357601002e-15,0.0,50.0,-0.0
6165,86.33347862755875,0.0,0.0,7.105427357601002e-15,0.0,0.0,0.0
6166,84.33148056561495,0.0,0.0,7.105427357601002e-15,0.0,-0.0,0.0
6167,65.02431691912811,0.0,0.0,7.105427357601002e-15,0.0,0.0,-0.0
6168,53.19788651791298,0.0,0.0,7.105427357601002e-15,50.0,0.0,46.09772228646444
6169,62.28838066646269,0.0,0.0,7.105427357601002e-15,0.0,0.0,46.09772228646444
6170,67.04675120876662,0.0,0.0,7.105427357601002e-15,0.0,0.0,46.09772228646444
6171,55.47548867476914,0.0,0.0,7.105427357601002e-15,8.465228909328081,0.0,53.90227771353556
6172,55.54216818428782,0.0,0.0,7.105427357601002e-15,0.0,0.0,53.90227771353556
6173,53.443941241848975,0.0,0.0,7.105427357601002e-15,50.0,0.0,100.0
6174,69.63615610596268,0.0,0.0,7.105427357601002e-15,0.0,0.0,100.0
6175,76.67999239681272,0.0,6.5508803411467564e-15,0.0,0.0,50.0,45.76738554533596
6176,75.11914479091739,0.0,0.0,0.0,0.0,42.19544457292888,-0.0
6177,74.07340186861748,0.0,0.0,0.0,0.0,0.0,0.0
6178,55.390664072581714,0.0,0.0,0.0,-0.0,0.0,0.0
6179,45.718288514656415,0.0,0.0,0.0,8.465228909328081,0.0,7.804555427071122
6180,44.579960499284724,50.0,0.0,46.09772228646444,50.0,0.0,53.90227771353556
6181,51.10331236741245,0.0,0.0,46.09772228646444,0.0,0.0,53.90227771353556
6182,45.36745673825035,50.0,0.0,92.19544457292888,50.0,0.0,100.0
6183,51.56416376952006,0.0,0.0,92.19544457292888,0.0,0.0,100.0
6184,66.22130618726206,0.0,0.0,92.19544457292888,0.0,-0.0,100.0
6185,65.32555328392104,0.0,0.0,92.19544457292888,0.0,0.0,100.0
6186,70.92381651675194,0.0,0.0,92.19544457292888,0.0,0.0,100.0
6187,71.57621032603063,0.0,0.0,92.19544457292888,0.0,0.0,100.0
6188,78.1558372273478,0.0,50.0,37.96283011826483,0.0,50.0,45.76738554533596
6189,71.9090468825229,0.0,0.0,37.96283011826483,0.0,42.19544457292888,0.0
6190,66.36104909535351,0.0,0.0,37.96283011826483,0.0,0.0,-0.0
6191,67.77199258072301,0.0,0.0,37.96283011826483,0.0,-0.0,0.0
6192,48.811906564175324,0.0,0.0,37.96283011826483,0.0,0.0,-0.0
6193,45.55883129840095,0.0,0.0,37.96283011826483,8.465228909328081,0.0,7.804555427071122
6194,41.77172059848494,50.0,0.0,84.06055240472926,50.0,0.0,53.90227771353556
6195,41.491063112942186,17.288758321092793,0.0,100.0,50.0,0.0,100.0
6196,48.99665208865325,0.0,0.0,100.0,0.0,0.0,100.0
6197,57.045584083891924,0.0,0.0,100.0,-0.0,0.0,100.0
6198,59.438864455948895,0.0,0.0,100.0,-0.0,0.0,100.0
6199,66.65581268633214,0.0,0.0,100.0,0.0,0.0,100.0
6200,78.26708301479863,0.0,0.0,100.0,0.0,50.0,45.76738554533596
6201,72.22486469284812,0.0,0.0,100.0,0.0,0.0,45.76738554533596
6202,68.81969488705528,0.0,0.0,100.0,0.0,0.0,45.76738554533596
6203,63.045045463893175,0.0,0.0,100.0,0.0,0.0,45.76738554533596
6204,60.060242598181745,0.0,0.0,100.0,8.823529411764698,0.0,53.90227771353556
6205,51.80274186002721,0.0,0.0,100.0,50.0,0.0,100.0
6206,64.4508523809215,0.0,0.0,100.0,0.0,0.0,100.0
6207,67.05372347646923,0.0,0.0,100.0,0.0,0.0,100.0
6208,80.63927319018094,0.0,0.0,100.0,0.0,0.0,100.0
6209,83.2275947014127,0.0,0.0,100.0,0.0,0.0,100.0
6210,82.78242365119209,0.0,0.0,100.0,0.0,0.0,100.0
6211,88.85474003586484,0.0,50.0,45.767385545335955,0.0,42.19544457292888,54.23261445466404
6212,90.17575076611172,0.0,42.19544457292887,0.0,0.0,50.0,-0.0
6213,85.4408784122954,0.0,0.0,0.0,0.0,0.0,-0.0
6214,84.00812457539074,0.0,0.0,0.0,0.0,0.0,0.0
6215,77.80621846594144,0.0,0.0,0.0,0.0,0.0,-0.0
6216,65.34246122981988,0.0,0.0,0.0,-0.0,0.0,0.0
6217,58.42551784160087,50.0,0.0,46.09772228646444,50.0,0.0,46.09772228646444
6218,61.1522504317191,0.0,0.0,46.09772228646444,8.465228909328081,0.0,53.90227771353556
6219,56.36829485714139,50.0,0.0,92.19544457292888,50.0,0.0,100.0
6220,66.2602158799001,0.0,0.0,92.19544457292888,0.0,0.0,100.0
6221,68.22940449708429,0.0,0.0,92.19544457292888,0.0,0.0,100.0
6222,74.0144481371494,0.0,0.0,92.19544457292888,0.0,0.0,100.0
6223,83.55938608674178,0.0,0.0,92.19544457292888,0.0,0.0,100.0
6224,85.83671384916737,0.0,0.0,92.19544457292888,0.0,50.0,45.76738554533596
6225,82.16078882945516,0.0,0.0,92.19544457292888,0.0,0.0,45.76738554533596
6226,77.04687845828663,0.0,0.0,92.19544457292888,0.0,0.0,45.76738554533596
6227,76.63357493501135,0.0,0.0,92.19544457292888,0.0,0.0,45.76738554533596
6228,69.33047272431645,0.0,0.0,92.19544457292888,8.823529411764698,0.0,53.90227771353556
6229,68.65201810907057,0.0,0.0,92.19544457292888,50.0,0.0,100.0
6230,72.33381421292559,0.0,0.0,92.19544457292888,0.0,0.0,100.0
6231,83.35961720136012,0.0,0.0,92.19544457292888,-0.0,0.0,100.0
6232,89.5296794935677,0.0,0.0,92.19544457292888,0.0,0.0,100.0
6233,104.81443689602222,0.0,50.0,37.96283011826483,0.0,42.19544457292888,54.23261445466404
6234,105.32956608919955,0.0,35.0,7.105427357601002e-15,0.0,50.0,-0.0
6235,101.73140890223263,0.0,0.0,7.105427357601002e-15,0.0,0.0,-0.0
6236,95.67962747947581,0.0,0.0,7.105427357601002e-15,0.0,0.0,0.0
6237,82.14277407023624,0.0,0.0,7.105427357601002e-15,-0.0,0.0,0.0
6238,71.06905237787848,0.0,0.0,7.105427357601002e-15,0.0,0.0,-0.0
6239,64.50594908108779,0.0,0.0,7.105427357601002e-15,-0.0,0.0,0.0
6240,59.33279816995987,0.0,0.0,7.105427357601002e-15,0.0,0.0,-0.0
6241,56.32332034329033,50.0,0.0,46.097722286464446,50.0,0.0,46.09772228646444
6242,51.569817481744025,50.0,0.0,92.19544457292889,50.0,0.0,92.19544457292888
6243,58.06425880067117,0.0,0.0,92.19544457292889,8.465228909328081,0.0,100.0
6244,68.19209686141438,0.0,0.0,92.19544457292889,0.0,0.0,100.0
6245,78.65808586573671,0.0,0.0,92.19544457292889,0.0,-0.0,100.0
6246,78.85618631626969,0.0,0.0,92.19544457292889,0.0,-0.0,100.0
6247,81.1411223777641,0.0,0.0,92.19544457292889,0.0,0.0,100.0
6248,93.44411398855127,0.0,0.0,92.19544457292889,0.0,-0.0,100.0
6249,92.1623979929546,0.0,0.0,92.19544457292889,0.0,0.0,100.0
6250,84.99154704054178,0.0,0.0,92.19544457292889,0.0,0.0,100.0
6251,83.01730621635025,0.0,0.0,92.19544457292889,0.0,0.0,100.0
6252,84.42125625177644,0.0,0.0,92.19544457292889,0.0,0.0,100.0
6253,80.16232377186856,0.0,0.0,92.19544457292889,0.0,0.0,100.0
6254,84.13118972306724,0.0,0.0,92.19544457292889,0.0,0.0,100.0
6255,94.61305135353285,0.0,0.0,92.19544457292889,0.0,0.0,100.0
6256,94.10667633784118,0.0,0.0,92.19544457292889,0.0,0.0,100.0
6257,99.1704139731035,0.0,50.0,37.96283011826485,0.0,50.0,45.76738554533596
6258,94.84066397115384,0.0,35.000000000000014,0.0,0.0,42.19544457292888,-0.0
6259,87.92674172117191,0.0,0.0,0.0,0.0,0.0,0.0
6260,80.7539365797505,0.0,0.0,0.0,0.0,-0.0,-0.0
6261,78.20219530394647,0.0,0.0,0.0,0.0,0.0,-0.0
6262,71.35489021872345,0.0,0.0,0.0,0.0,0.0,0.0
6263,64.12271729010818,0.0,0.0,0.0,0.0,-0.0,-0.0
6264,53.01479469291529,0.0,0.0,0.0,0.0,0.0,0.0
6265,44.353065448049776,50.0,0.0,46.09772228646444,50.0,0.0,46.09772228646444
6266,45.52129244461941,50.0,0.0,92.19544457292888,50.0,0.0,92.19544457292888
6267,51.94605923126534,0.0,0.0,92.19544457292888,8.465228909328081,0.0,100.0
6268,53.5656658033725,0.0,0.0,92.19544457292888,0.0,0.0,100.0
6269,57.10946413890413,0.0,0.0,92.19544457292888,0.0,0.0,100.0
6270,65.66962814642855,0.0,0.0,92.19544457292888,0.0,-0.0,100.0
6271,60.510841678152666,0.0,0.0,92.19544457292888,0.0,0.0,100.0
6272,67.338051965968,0.0,0.0,92.19544457292888,0.0,-0.0,100.0
6273,83.74839423666171,0.0,0.0,92.19544457292888,0.0,-0.0,100.0
6274,78.00582320676831,0.0,0.0,92.19544457292888,0.0,0.0,100.0
6275,71.94941019735037,0.0,0.0,92.19544457292888,0.0,0.0,100.0
6276,72.73314606428019,0.0,0.0,92.19544457292888,0.0,0.0,100.0
6277,81.54312416362878,0.0,0.0,92.19544457292888,0.0,0.0,100.0
6278,89.56383345742357,0.0,0.0,92.19544457292888,0.0,-0.0,100.0
6279,259.22146182812475,0.0,50.0,37.96283011826483,0.0,50.0,45.76738554533596
6280,202.0065133006322,0.0,35.0,7.105427357601002e-15,0.0,42.19544457292888,-0.0
6281,179.67268525226956,0.0,0.0,7.105427357601002e-15,0.0,0.0,0.0
6282,116.08723642960395,0.0,0.0,7.105427357601002e-15,-0.0,0.0,0.0
6283,106.63920345534112,0.0,0.0,7.105427357601002e-15,-0.0,0.0,0.0
6284,102.71007704430107,0.0,0.0,7.105427357601002e-15,0.0,-0.0,-0.0
6285,88.8436878929428,0.0,0.0,7.105427357601002e-15,0.0,0.0,-0.0
6286,89.74981561203352,0.0,0.0,7.105427357601002e-15,0.0,0.0,0.0
6287,79.44696873209263,0.0,0.0,7.105427357601002e-15,0.0,-0.0,-0.0
6288,67.31451716926975,0.0,0.0,7.105427357601002e-15,0.0,0.0,0.0
6289,59.17081373318786,0.0,0.0,7.105427357601002e-15,-0.0,0.0,0.0
6290,53.86382759377169,50.0,0.0,46.097722286464446,50.0,0.0,46.09772228646444
6291,61.61410560569321,0.0,0.0,46.097722286464446,0.0,0.0,46.09772228646444
6292,63.51324533206767,0.0,0.0,46.097722286464446,0.0,0.0,46.09772228646444
6293,64.34993106060685,0.0,0.0,46.097722286464446,0.0,0.0,46.09772228646444
6294,64.01438426644094,0.0,0.0,46.097722286464446,0.0,0.0,46.09772228646444
6295,59.84196471754071,0.0,0.0,46.097722286464446,0.0,0.0,46.09772228646444
6296,56.8848012817389,0.0,0.0,46.097722286464446,0.0,0.0,46.09772228646444
6297,57.63454126109711,0.0,0.0,46.097722286464446,0.0,0.0,46.09772228646444
6298,59.91651414847668,0.0,0.0,46.097722286464446,0.0,0.0,46.09772228646444
6299,52.790053795548324,50.0,0.0,92.19544457292889,50.0,0.0,92.19544457292888
6300,59.55889269601961,0.0,0.0,92.19544457292889,0.0,0.0,92.19544457292888
6301,56.361357800643695,0.0,0.0,92.19544457292889,8.465228909328081,0.0,100.0
6302,59.59931195143529,0.0,0.0,92.19544457292889,0.0,0.0,100.0
6303,60.8873120722246,0.0,0.0,92.19544457292889,0.0,0.0,100.0
6304,74.74113634553345,0.0,0.0,92.19544457292889,0.0,0.0,100.0
6305,92.72569784162019,0.0,50.0,37.96283011826485,0.0,50.0,45.76738554533596
6306,85.31845135616163,0.0,0.0,37.96283011826485,0.0,0.0,45.76738554533596
6307,82.62449640791075,0.0,0.0,37.96283011826485,0.0,0.0,45.76738554533596
6308,85.90269924990079,0.0,35.000000000000014,0.0,0.0,42.19544457292888,0.0
6309,72.38244294765761,0.0,0.0,0.0,0.0,0.0,-0.0
6310,70.85950523500696,0.0,0.0,0.0,-0.0,0.0,-0.0
6311,73.9488829686383,0.0,0.0,0.0,0.0,0.0,0.0
6312,62.25070632623097,0.0,0.0,0.0,50.0,0.0,46.09772228646444
6313,62.23102560450288,50.0,0.0,46.09772228646444,50.0,0.0,92.19544457292888
6314,69.38495101495388,0.0,0.0,46.09772228646444,8.465228909328081,0.0,100.0
6315,78.51366226561032,0.0,0.0,46.09772228646444,0.0,0.0,100.0
6316,78.23550116388601,0.0,0.0,46.09772228646444,0.0,0.0,100.0
6317,231.6338371799228,0.0,42.5,0.0,0.0,50.0,45.76738554533596
6318,77.98644791828191,0.0,0.0,0.0,0.0,0.0,45.76738554533596
6319,88.43378459804843,0.0,0.0,0.0,0.0,35.00000000000001,7.804555427071122
6320,82.669512587733,0.0,0.0,0.0,0.0,0.0,7.804555427071122
6321,79.48046618224596,0.0,0.0,0.0,0.0,0.0,7.804555427071122
6322,75.29750271281428,0.0,0.0,0.0,0.0,0.0,7.804555427071122
6323,67.33288760592956,0.0,0.0,0.0,50.0,0.0,53.90227771353556
6324,65.91203562427286,0.0,0.0,0.0,50.0,0.0,100.0
6325,80.28909058214337,0.0,0.0,0.0,0.0,0.0,100.0
6326,82.37273700325585,0.0,0.0,0.0,0.0,0.0,100.0
6327,85.49567125616286,0.0,0.0,0.0,0.0,0.0,100.0
6328,97.63900408465332,0.0,0.0,0.0,0.0,0.0,100.0
6329,103.68762716586133,0.0,0.0,0.0,0.0,0.0,100.0
6330,113.06457600789632,0.0,0.0,0.0,0.0,50.0,45.76738554533596
6331,111.09933499726463,0.0,0.0,0.0,0.0,42.19544457292888,-0.0
6332,103.91930814243727,0.0,0.0,0.0,0.0,0.0,0.0
6333,87.19551965657459,0.0,0.0,0.0,0.0,0.0,-0.0
6334,72.53629888644964,0.0,0.0,0.0,-0.0,0.0,0.0
6335,58.68547719773207,50.0,0.0,46.09772228646444,0.0,-0.0,-0.0
6336,49.78816292374342,0.0,0.0,46.09772228646444,0.0,0.0,0.0
6337,40.184353927760135,50.0,0.0,92.19544457292888,50.0,0.0,46.09772228646444
6338,46.21249210282159,8.465228909328081,0.0,100.0,50.0,0.0,92.19544457292888
6339,46.52914783103939,0.0,0.0,100.0,8.465228909328081,0.0,100.0
6340,47.64761692853838,0.0,0.0,100.0,-0.0,0.0,100.0
6341,48.108635479209866,0.0,0.0,100.0,0.0,0.0,100.0
6342,58.71236280901185,0.0,0.0,100.0,0.0,0.0,100.0
6343,60.807215037132444,0.0,0.0,100.0,0.0,0.0,100.0
6344,59.24012228935169,0.0,0.0,100.0,0.0,0.0,100.0
6345,65.73336192852429,0.0,0.0,100.0,0.0,-0.0,100.0
6346,63.967053922134795,0.0,0.0,100.0,0.0,0.0,100.0
6347,58.32662443913869,0.0,0.0,100.0,0.0,0.0,100.0
6348,59.57011215342156,0.0,0.0,100.0,0.0,0.0,100.0
6349,60.36711342310459,0.0,0.0,100.0,0.0,0.0,100.0
6350,66.72027270553521,0.0,0.0,100.0,0.0,-0.0,100.0
6351,68.91920926855691,0.0,0.0,100.0,0.0,-0.0,100.0
6352,88.10864406102604,0.0,0.0,100.0,0.0,-0.0,100.0
6353,90.36642427898647,0.0,0.0,100.0,0.0,-0.0,100.0
6354,101.3842063940994,0.0,50.0,45.767385545335955,0.0,50.0,45.76738554533596
6355,98.35043252431939,0.0,42.19544457292887,0.0,0.0,42.19544457292888,-0.0
6356,97.93193513490587,0.0,0.0,0.0,0.0,0.0,-0.0
6357,95.50591575377186,0.0,0.0,0.0,0.0,0.0,-0.0
6358,95.43964074564694,0.0,0.0,0.0,0.0,0.0,0.0
6359,85.34398082543584,0.0,0.0,0.0,0.0,0.0,-0.0
6360,78.27690807183983,0.0,0.0,0.0,-0.0,0.0,-0.0
6361,84.18423450903327,0.0,0.0,0.0,0.0,0.0,-0.0
6362,78.58389474211242,0.0,0.0,0.0,0.0,0.0,0.0
6363,76.49722253495734,0.0,0.0,0.0,8.465228909328081,0.0,7.804555427071122
6364,73.83215755108083,50.0,0.0,46.09772228646444,50.0,0.0,53.90227771353556
6365,75.06513908166743,0.0,0.0,46.09772228646444,50.0,0.0,100.0
6366,89.63753091992767,0.0,0.0,46.09772228646444,0.0,0.0,100.0
6367,88.31444365349671,0.0,0.0,46.09772228646444,0.0,0.0,100.0
6368,84.92223426169375,0.0,0.0,46.09772228646444,0.0,0.0,100.0
6369,91.81334608989035,0.0,0.0,46.09772228646444,0.0,0.0,100.0
6370,89.57563922952177,0.0,0.0,46.09772228646444,0.0,0.0,100.0
6371,94.96871407357102,0.0,0.0,46.09772228646444,0.0,-0.0,100.0
6372,87.45875114119384,0.0,0.0,46.09772228646444,0.0,0.0,100.0
6373,86.80952543949174,0.0,0.0,46.09772228646444,0.0,0.0,100.0
6374,85.43920830246412,0.0,0.0,46.09772228646444,0.0,0.0,100.0
6375,91.51504458634348,0.0,0.0,46.09772228646444,0.0,0.0,100.0
6376,87.86506754590653,0.0,0.0,46.09772228646444,0.0,0.0,100.0
6377,97.0962758863227,0.0,0.0,46.09772228646444,0.0,0.0,100.0
6378,100.83033679186839,0.0,42.5,0.0,0.0,50.0,45.76738554533596
6379,98.5603311698678,0.0,0.0,0.0,0.0,42.19544457292888,0.0
6380,91.54005346063772,0.0,0.0,0.0,0.0,-0.0,-0.0
6381,80.63404902990553,0.0,0.0,0.0,0.0,0.0,-0.0
6382,79.37790038892551,0.0,0.0,0.0,0.0,0.0,0.0
6383,68.66930646350258,50.0,0.0,46.09772228646444,0.0,0.0,-0.0
6384,59.75226709628866,50.0,0.0,92.19544457292888,50.0,0.0,46.09772228646444
6385,68.30300509808752,0.0,0.0,92.19544457292888,0.0,0.0,46.09772228646444
6386,73.48693711036147,0.0,0.0,92.19544457292888,0.0,0.0,46.09772228646444
6387,63.313449671617434,0.0,0.0,92.19544457292888,8.465228909328081,0.0,53.90227771353556
6388,61.56406485424408,8.465228909328081,0.0,100.0,50.0,0.0,100.0
6389,67.94053179716585,0.0,0.0,100.0,0.0,0.0,100.0
6390,73.24789321655608,0.0,0.0,100.0,0.0,0.0,100.0
6391,70.9805872210408,0.0,0.0,100.0,0.0,0.0,100.0
6392,76.18930831495547,0.0,0.0,100.0,0.0,0.0,100.0
6393,74.82034151573872,0.0,0.0,100.0,0.0,0.0,100.0
6394,80.95088340336632,0.0,0.0,100.0,0.0,-0.0,100.0
6395,73.93602070024738,0.0,0.0,100.0,0.0,0.0,100.0
6396,76.90494089820791,0.0,0.0,100.0,0.0,0.0,100.0
6397,69.38371849270827,0.0,0.0,100.0,0.0,0.0,100.0
6398,67.30000892900355,0.0,0.0,100.0,0.0,0.0,100.0
6399,77.91726951728232,0.0,0.0,100.0,0.0,0.0,100.0
6400,91.00517673542919,0.0,50.0,45.767385545335955,0.0,42.19544457292888,54.23261445466404
6401,90.96796683161946,0.0,0.0,45.767385545335955,0.0,0.0,54.23261445466404
6402,93.51496919272155,0.0,42.19544457292887,0.0,0.0,50.0,-0.0
6403,84.51148132980958,0.0,0.0,0.0,0.0,0.0,0.0
6404,79.6951620992019,0.0,0.0,0.0,0.0,0.0,-0.0
6405,79.20174677203462,0.0,0.0,0.0,0.0,0.0,-0.0
6406,71.65832803896595,0.0,0.0,0.0,0.0,0.0,-0.0
6407,66.6000060784678,0.0,0.0,0.0,-0.0,0.0,0.0
6408,48.80886203323236,0.0,0.0,0.0,8.465228909328081,0.0,7.804555427071122
6409,43.20490146837134,50.0,0.0,46.09772228646444,50.0,0.0,53.90227771353556
6410,51.77043310450921,0.0,0.0,46.09772228646444,0.0,0.0,53.90227771353556
6411,51.90497405533692,0.0,0.0,46.09772228646444,0.0,0.0,53.90227771353556
6412,48.450591524494484,50.0,0.0,92.19544457292888,50.0,0.0,100.0
6413,51.76134416954416,0.0,0.0,92.19544457292888,0.0,0.0,100.0
6414,49.88284331566885,0.0,0.0,92.19544457292888,0.0,0.0,100.0
6415,51.48676920650226,0.0,0.0,92.19544457292888,0.0,0.0,100.0
6416,63.5201574831586,0.0,0.0,92.19544457292888,0.0,0.0,100.0
6417,62.37281658533993,0.0,0.0,92.19544457292888,0.0,0.0,100.0
6418,69.30714906398327,0.0,0.0,92.19544457292888,0.0,42.50000000000001,53.90227771353556
6419,64.03391118898573,0.0,0.0,92.19544457292888,0.0,0.0,53.90227771353556
6420,61.123588151941405,0.0,0.0,92.19544457292888,0.0,0.0,53.90227771353556
6421,65.27987129160829,0.0,0.0,92.19544457292888,0.0,0.0,53.90227771353556
6422,54.45876970421016,0.0,0.0,92.19544457292888,50.0,0.0,100.0
6423,63.19714873549091,0.0,0.0,92.19544457292888,-0.0,0.0,100.0
6424,71.15912003459634,0.0,0.0,92.19544457292888,-0.0,0.0,100.0
6425,86.04923829109154,0.0,0.0,92.19544457292888,0.0,0.0,100.0
6426,94.1384562249716,0.0,50.0,37.96283011826483,0.0,50.0,45.76738554533596
6427,86.45158801854342,0.0,0.0,37.96283011826483,0.0,0.0,45.76738554533596
6428,89.31823223341252,0.0,35.0,7.105427357601002e-15,0.0,42.19544457292888,0.0
6429,82.05728143455127,0.0,0.0,7.105427357601002e-15,0.0,0.0,-0.0
6430,71.7174766024144,0.0,0.0,7.105427357601002e-15,0.0,0.0,-0.0
6431,69.10847726214016,0.0,0.0,7.105427357601002e-15,-0.0,0.0,0.0
6432,56.22784111260658,50.0,0.0,46.097722286464446,50.0,0.0,46.09772228646444
6433,62.09498761888647,0.0,0.0,46.097722286464446,0.0,0.0,46.09772228646444
6434,61.4475739112585,50.0,0.0,92.19544457292889,50.0,0.0,92.19544457292888
6435,61.586366462008826,0.0,0.0,92.19544457292889,8.465228909328081,0.0,100.0
6436,67.87213117294921,0.0,0.0,92.19544457292889,0.0,0.0,100.0
6437,77.46830796842366,0.0,0.0,92.19544457292889,0.0,-0.0,100.0
6438,86.75746476468362,0.0,0.0,92.19544457292889,0.0,-0.0,100.0
6439,98.98072145409434,0.0,0.0,92.19544457292889,0.0,0.0,100.0
6440,103.31794801845162,0.0,0.0,92.19544457292889,0.0,-0.0,100.0
6441,100.89150922060917,0.0,0.0,92.19544457292889,0.0,0.0,100.0
6442,101.35337012453485,0.0,0.0,92.19544457292889,0.0,0.0,100.0
6443,93.70115001127247,0.0,0.0,92.19544457292889,0.0,0.0,100.0
6444,88.94652273150551,0.0,0.0,92.19544457292889,0.0,0.0,100.0
6445,96.95984095085643,0.0,0.0,92.19544457292889,0.0,0.0,100.0
6446,107.38255604497517,0.0,0.0,92.19544457292889,0.0,-0.0,100.0
6447,110.9795178825256,0.0,0.0,92.19544457292889,0.0,-0.0,100.0
6448,113.13270350475779,0.0,0.0,92.19544457292889,0.0,0.0,100.0
6449,124.74904333780432,0.0,0.0,92.19544457292889,0.0,0.0,100.0
6450,129.0323401938147,0.0,50.0,37.96283011826485,0.0,50.0,45.76738554533596
6451,126.69943185831616,0.0,35.000000000000014,0.0,0.0,42.19544457292888,-0.0
6452,117.9454254767059,0.0,0.0,0.0,0.0,0.0,0.0
6453,111.80449625822342,0.0,0.0,0.0,0.0,-0.0,-0.0
6454,104.088746529557,0.0,0.0,0.0,0.0,0.0,-0.0
6455,94.31397407730397,0.0,0.0,0.0,0.0,0.0,0.0
6456,81.3678899300139,0.0,0.0,0.0,0.0,0.0,-0.0
6457,78.34780579884921,0.0,0.0,0.0,8.465228909328081,0.0,7.804555427071122
6458,72.54333670296111,0.0,0.0,0.0,50.0,0.0,53.90227771353556
6459,75.68986426681305,0.0,0.0,0.0,50.0,0.0,100.0
6460,83.05288584439863,0.0,0.0,0.0,0.0,0.0,100.0
6461,90.83414945510921,0.0,0.0,0.0,0.0,0.0,100.0
6462,93.29167400255564,0.0,0.0,0.0,0.0,0.0,100.0
6463,101.37483417167975,0.0,0.0,0.0,0.0,-0.0,100.0
6464,102.61353669722251,0.0,0.0,0.0,0.0,42.50000000000001,53.90227771353556
6465,92.52124281036264,0.0,0.0,0.0,0.0,0.0,53.90227771353556
6466,90.49543893531025,0.0,0.0,0.0,0.0,0.0,53.90227771353556
6467,84.9612164569547,0.0,0.0,0.0,50.0,0.0,100.0
6468,94.94374236524713,0.0,0.0,0.0,0.0,0.0,100.0
6469,101.05358581496648,0.0,0.0,0.0,0.0,0.0,100.0
6470,106.16001320366308,0.0,0.0,0.0,0.0,-0.0,100.0
6471,111.26407044947518,0.0,0.0,0.0,0.0,0.0,100.0
6472,116.79092070718613,0.0,0.0,0.0,0.0,50.0,45.76738554533596
6473,114.5651482789217,0.0,0.0,0.0,0.0,42.19544457292888,0.0
6474,105.6455065462151,0.0,0.0,0.0,0.0,0.0,-0.0
6475,98.53183873625244,0.0,0.0,0.0,0.0,0.0,-0.0
6476,93.39825814490428,0.0,0.0,0.0,-0.0,0.0,0.0
6477,75.69356926322723,0.0,0.0,0.0,0.0,-0.0,-0.0
6478,67.81176573106777,50.0,0.0,46.09772228646444,0.0,0.0,-0.0
6479,63.04975514416856,50.0,0.0,92.19544457292888,0.0,0.0,0.0
6480,50.553908565463836,0.0,0.0,92.19544457292888,8.465228909328081,0.0,7.804555427071122
6481,44.74556099558775,8.465228909328081,0.0,100.0,50.0,0.0,53.90227771353556
6482,41.64760714890783,0.0,0.0,100.0,50.0,0.0,100.0
6483,51.62168919664265,0.0,0.0,100.0,-0.0,0.0,100.0
6484,57.343044794978894,0.0,0.0,100.0,0.0,0.0,100.0
6485,58.63645489635137,0.0,0.0,100.0,0.0,0.0,100.0
6486,64.6522598183908,0.0,0.0,100.0,0.0,-0.0,100.0
6487,70.57063443220376,0.0,0.0,100.0,0.0,50.0,45.76738554533596
6488,69.46710936660617,0.0,0.0,100.0,0.0,42.19544457292888,0.0
6489,64.42718421406406,0.0,0.0,100.0,0.0,0.0,-0.0
6490,66.36630526379338,0.0,0.0,100.0,0.0,-0.0,-0.0
6491,59.52922970919589,0.0,0.0,100.0,0.0,0.0,0.0
6492,51.133810483519234,0.0,0.0,100.0,50.0,0.0,46.09772228646444
6493,52.27713718395416,0.0,0.0,100.0,50.0,0.0,92.19544457292888
6494,57.779525999046975,0.0,0.0,100.0,0.0,0.0,92.19544457292888
6495,54.29180879505421,0.0,0.0,100.0,8.465228909328081,0.0,100.0
6496,62.96700130603306,0.0,0.0,100.0,0.0,0.0,100.0
6497,75.07220419175265,0.0,0.0,100.0,0.0,-0.0,100.0
6498,81.16072463555331,0.0,0.0,100.0,-0.0,0.0,100.0
6499,92.94636370241122,0.0,0.0,100.0,0.0,0.0,100.0
6500,95.37523949125554,0.0,0.0,100.0,0.0,0.0,100.0
6501,97.07188017488124,0.0,0.0,100.0,0.0,0.0,100.0
6502,105.98094582937665,0.0,50.0,45.767385545335955,0.0,50.0,45.76738554533596
6503,103.88797785704891,0.0,42.19544457292887,0.0,0.0,42.19544457292888,0.0
6504,90.41099676267804,0.0,0.0,0.0,0.0,0.0,-0.0
6505,90.60841898191802,0.0,0.0,0.0,0.0,0.0,-0.0
6506,82.87327638168856,0.0,0.0,0.0,0.0,0.0,-0.0
6507,80.86629193950591,0.0,0.0,0.0,-0.0,0.0,0.0
6508,77.19000124699836,0.0,0.0,0.0,0.0,0.0,-0.0
6509,82.26545895400506,0.0,0.0,0.0,0.0,0.0,-0.0
6510,83.29950142360227,0.0,0.0,0.0,0.0,0.0,-0.0
6511,84.1969495138724,0.0,0.0,0.0,0.0,0.0,-0.0
6512,88.56930881480076,0.0,0.0,0.0,0.0,-0.0,-0.0
6513,85.56952197694214,0.0,0.0,0.0,0.0,0.0,0.0
6514,69.76371933621657,0.0,0.0,0.0,-0.0,0.0,0.0
6515,56.97508873531333,0.0,0.0,0.0,0.0,0.0,-0.0
6516,48.482094508309615,50.0,0.0,46.09772228646444,50.0,0.0,46.09772228646444
6517,45.20522631564033,50.0,0.0,92.19544457292888,50.0,0.0,92.19544457292888
6518,52.86828311577902,0.0,0.0,92.19544457292888,8.465228909328081,0.0,100.0
6519,61.80294601999144,0.0,0.0,92.19544457292888,0.0,0.0,100.0
6520,75.99794475144017,0.0,0.0,92.19544457292888,0.0,-0.0,100.0
6521,86.49234726601853,0.0,0.0,92.19544457292888,0.0,0.0,100.0
6522,95.13806161788378,0.0,50.0,37.96283011826483,0.0,42.19544457292888,54.23261445466404
6523,96.95770633051976,0.0,35.0,7.105427357601002e-15,0.0,50.0,-0.0
6524,93.35786546954213,0.0,0.0,7.105427357601002e-15,0.0,0.0,0.0
6525,93.28310665124874,0.0,0.0,7.105427357601002e-15,0.0,-0.0,-0.0
6526,92.13262802705836,0.0,0.0,7.105427357601002e-15,0.0,0.0,-0.0
6527,88.97694897169114,0.0,0.0,7.105427357601002e-15,0.0,0.0,-0.0
6528,82.71230418982303,0.0,0.0,7.105427357601002e-15,0.0,0.0,0.0
6529,65.22972140438613,0.0,0.0,7.105427357601002e-15,8.465228909328081,0.0,7.804555427071122
6530,60.87623404837154,0.0,0.0,7.105427357601002e-15,50.0,0.0,53.90227771353556
6531,58.24490546288082,0.0,0.0,7.105427357601002e-15,50.0,0.0,100.0
6532,66.16747661919952,0.0,0.0,7.105427357601002e-15,0.0,0.0,100.0
6533,78.5233810899245,0.0,0.0,7.105427357601002e-15,0.0,0.0,100.0
6534,75.44759284728032,0.0,0.0,7.105427357601002e-15,0.0,0.0,100.0
6535,88.47346028783507,0.0,0.0,7.105427357601002e-15,0.0,50.0,45.76738554533596
6536,83.80802964549147,0.0,0.0,7.105427357601002e-15,0.0,42.19544457292888,0.0
6537,75.64606781903964,0.0,0.0,7.105427357601002e-15,0.0,0.0,-0.0
6538,69.89731912379837,0.0,0.0,7.105427357601002e-15,0.0,0.0,-0.0
6539,63.35409600931378,0.0,0.0,7.105427357601002e-15,8.465228909328081,0.0,7.804555427071122
6540,52.12134690135526,50.0,0.0,46.097722286464446,50.0,0.0,53.90227771353556
6541,57.00220911704353,0.0,0.0,46.097722286464446,50.0,0.0,100.0
6542,65.23787723094078,0.0,0.0,46.097722286464446,0.0,0.0,100.0
6543,77.83788569652225,0.0,0.0,46.097722286464446,0.0,0.0,100.0
6544,82.58722309410729,0.0,0.0,46.097722286464446,0.0,0.0,100.0
6545,88.22931477445741,0.0,0.0,46.097722286464446,0.0,-0.0,100.0
6546,90.68194089722061,0.0,42.50000000000001,0.0,0.0,42.19544457292888,54.23261445466404
6547,98.77359053895768,0.0,0.0,0.0,0.0,50.0,-0.0
6548,78.29597585786132,0.0,0.0,0.0,0.0,0.0,0.0
6549,68.04123025842182,0.0,0.0,0.0,-0.0,0.0,0.0
6550,63.757596644477786,0.0,0.0,0.0,0.0,0.0,-0.0
6551,54.69088412922191,50.0,0.0,46.09772228646444,-0.0,0.0,0.0
6552,42.58603695581706,0.0,0.0,46.09772228646444,0.0,0.0,-0.0
6553,40.32134409666478,0.0,0.0,46.09772228646444,8.465228909328081,0.0,7.804555427071122
6554,35.816258898143204,50.0,0.0,92.19544457292888,50.0,0.0,53.90227771353556
6555,37.10085510356884,8.465228909328081,0.0,100.0,50.0,0.0,100.0
6556,43.724295238355275,0.0,0.0,100.0,0.0,0.0,100.0
6557,198.8261986020376,0.0,50.0,45.767385545335955,0.0,50.0,45.76738554533596
6558,146.15462058812372,0.0,42.19544457292887,0.0,0.0,42.19544457292888,0.0
6559,58.603025319359425,0.0,0.0,0.0,0.0,0.0,-0.0
6560,62.579925916245244,0.0,0.0,0.0,0.0,0.0,-0.0
6561,52.71499811073208,0.0,0.0,0.0,0.0,0.0,-0.0
6562,52.513197555201415,0.0,0.0,0.0,8.465228909328081,0.0,7.804555427071122
6563,46.54341239313344,0.0,0.0,0.0,50.0,0.0,53.90227771353556
6564,52.08120250629205,0.0,0.0,0.0,50.0,0.0,100.0
6565,56.64154081343457,0.0,0.0,0.0,-0.0,0.0,100.0
6566,67.60291093731429,0.0,0.0,0.0,0.0,0.0,100.0
6567,68.66779223058556,0.0,0.0,0.0,0.0,0.0,100.0
6568,74.44626442536328,0.0,0.0,0.0,0.0,-0.0,100.0
6569,74.08311125720192,0.0,0.0,0.0,0.0,0.0,100.0
6570,73.8855004016125,0.0,0.0,0.0,0.0,0.0,100.0
6571,80.83948798724089,0.0,0.0,0.0,0.0,42.19544457292888,54.23261445466404
6572,85.47647548057972,0.0,0.0,0.0,0.0,50.0,0.0
6573,73.6316532074519,0.0,0.0,0.0,0.0,0.0,-0.0
6574,66.37773606123066,0.0,0.0,0.0,0.0,0.0,-0.0
6575,62.66607318562186,0.0,0.0,0.0,-0.0,0.0,0.0
6576,54.60467982793196,0.0,0.0,0.0,0.0,-0.0,0.0
6577,42.453047753954856,0.0,0.0,0.0,0.0,-0.0,0.0
6578,32.5888579310887,50.0,0.0,46.09772228646444,50.0,0.0,46.09772228646444
6579,36.45387390677693,0.0,0.0,46.09772228646444,0.0,0.0,46.09772228646444
6580,28.95130447460619,50.0,0.0,92.19544457292888,50.0,0.0,92.19544457292888
6581,32.99836363918266,0.0,0.0,92.19544457292888,8.465228909328081,0.0,100.0
6582,42.20444318857417,0.0,0.0,92.19544457292888,0.0,-0.0,100.0
6583,52.248290230342995,0.0,0.0,92.19544457292888,0.0,0.0,100.0
6584,55.96324633996471,0.0,0.0,92.19544457292888,0.0,-0.0,100.0
6585,54.154665157250506,0.0,0.0,92.19544457292888,0.0,0.0,100.0
6586,55.95148275288456,0.0,0.0,92.19544457292888,0.0,0.0,100.0
6587,53.77296555795938,0.0,0.0,92.19544457292888,0.0,0.0,100.0
6588,48.271504851562234,0.0,0.0,92.19544457292888,0.0,0.0,100.0
6589,50.07425229852818,0.0,0.0,92.19544457292888,0.0,0.0,100.0
6590,57.20023346242683,0.0,0.0,92.19544457292888,0.0,-0.0,100.0
6591,74.05614125972926,0.0,0.0,92.19544457292888,0.0,-0.0,100.0
6592,85.79789397945575,0.0,0.0,92.19544457292888,0.0,-0.0,100.0
6593,98.09695298349988,0.0,50.0,37.96283011826483,0.0,50.0,45.76738554533596
6594,96.61851496790146,0.0,35.0,7.105427357601002e-15,0.0,42.19544457292888,0.0
6595,92.0979406418584,0.0,0.0,7.105427357601002e-15,0.0,0.0,-0.0
6596,86.41475604705573,0.0,0.0,7.105427357601002e-15,0.0,0.0,-0.0
6597,80.02464629635685,0.0,0.0,7.105427357601002e-15,-0.0,0.0,0.0
6598,69.26764457629689,0.0,0.0,7.105427357601002e-15,0.0,0.0,-0.0
6599,72.72094970425233,0.0,0.0,7.105427357601002e-15,0.0,0.0,-0.0
6600,65.5430435853847,0.0,0.0,7.105427357601002e-15,0.0,0.0,-0.0
6601,60.568762441891046,0.0,0.0,7.105427357601002e-15,50.0,0.0,46.09772228646444
6602,61.69180303541228,0.0,0.0,7.105427357601002e-15,50.0,0.0,92.19544457292888
6603,61.90709973349914,0.0,0.0,7.105427357601002e-15,8.465228909328081,0.0,100.0
6604,67.17430438849539,0.0,0.0,7.105427357601002e-15,0.0,0.0,100.0
6605,63.418335113902984,0.0,0.0,7.105427357601002e-15,0.0,0.0,100.0
6606,68.65027595303096,0.0,0.0,7.105427357601002e-15,0.0,0.0,100.0
6607,74.10531079935151,0.0,0.0,7.105427357601002e-15,0.0,0.0,100.0
6608,80.39047143965274,0.0,0.0,7.105427357601002e-15,0.0,50.0,45.76738554533596
6609,75.30510352272161,0.0,0.0,7.105427357601002e-15,0.0,42.19544457292888,0.0
6610,57.12087953005151,0.0,0.0,7.105427357601002e-15,-0.0,0.0,0.0
6611,47.33667653457109,50.0,0.0,46.097722286464446,50.0,0.0,46.09772228646444
6612,45.54076500425111,50.0,0.0,92.19544457292889,50.0,0.0,92.19544457292888
6613,47.692205248281404,0.0,0.0,92.19544457292889,8.465228909328081,0.0,100.0
6614,62.15002499077692,0.0,0.0,92.19544457292889,0.0,-0.0,100.0
6615,72.38949901909004,0.0,0.0,92.19544457292889,0.0,-0.0,100.0
6616,80.37988626703395,0.0,0.0,92.19544457292889,0.0,0.0,100.0
6617,86.22708111946514,0.0,0.0,92.19544457292889,0.0,0.0,100.0
6618,95.07023277525059,0.0,50.0,37.96283011826485,0.0,50.0,45.76738554533596
6619,90.30317811119295,0.0,35.000000000000014,0.0,0.0,42.19544457292888,0.0
6620,85.27762983408834,0.0,0.0,0.0,0.0,-0.0,-0.0
6621,73.77153444511123,0.0,0.0,0.0,0.0,0.0,-0.0
6622,76.83163664963477,0.0,0.0,0.0,0.0,0.0,-0.0
6623,74.91375157953627,0.0,0.0,0.0,0.0,0.0,0.0
6624,58.82157318432729,0.0,0.0,0.0,0.0,0.0,-0.0
6625,55.403128001320546,0.0,0.0,0.0,-0.0,0.0,0.0
6626,56.18726180594291,0.0,0.0,0.0,0.0,0.0,-0.0
6627,54.21049967974635,0.0,0.0,0.0,50.0,0.0,46.09772228646444
6628,53.15630702423219,0.0,0.0,0.0,50.0,0.0,92.19544457292888
6629,54.24687145843667,0.0,0.0,0.0,8.465228909328081,0.0,100.0
6630,62.832098420136646,0.0,0.0,0.0,0.0,0.0,100.0
6631,67.07340994924738,0.0,0.0,0.0,0.0,42.19544457292888,54.23261445466404
6632,67.96026406424724,0.0,0.0,0.0,0.0,50.0,-0.0
6633,59.91522885416852,0.0,0.0,0.0,0.0,0.0,-0.0
6634,57.061887614992514,0.0,0.0,0.0,0.0,0.0,0.0
6635,52.23472854704208,0.0,0.0,0.0,8.465228909328081,0.0,7.804555427071122
6636,48.63816111966596,50.0,0.0,46.09772228646444,50.0,0.0,53.90227771353556
6637,51.29917214095976,50.0,0.0,92.19544457292888,50.0,0.0,100.0
6638,60.33986713711442,0.0,0.0,92.19544457292888,0.0,0.0,100.0
6639,71.36860767650526,0.0,0.0,92.19544457292888,0.0,-0.0,100.0
6640,82.02715199431853,0.0,0.0,92.19544457292888,0.0,0.0,100.0
6641,86.60526740700482,0.0,50.0,37.96283011826483,0.0,50.0,45.76738554533596
6642,86.22855564161466,0.0,35.0,7.105427357601002e-15,0.0,42.19544457292888,-0.0
6643,79.62869822217223,0.0,0.0,7.105427357601002e-15,0.0,0.0,-0.0
6644,72.91293597895802,0.0,0.0,7.105427357601002e-15,0.0,0.0,0.0
6645,68.43318781312749,0.0,0.0,7.105427357601002e-15,0.0,0.0,-0.0
6646,59.76510907813697,0.0,0.0,7.105427357601002e-15,-0.0,0.0,0.0
6647,57.49678368753786,0.0,0.0,7.105427357601002e-15,0.0,-0.0,0.0
6648,41.2922442837352,0.0,0.0,7.105427357601002e-15,-0.0,0.0,0.0
6649,30.68254593548494,50.0,0.0,46.097722286464446,50.0,0.0,46.09772228646444
6650,35.02437786216681,0.0,0.0,46.097722286464446,0.0,0.0,46.09772228646444
6651,33.40450577721383,0.0,0.0,46.097722286464446,0.0,0.0,46.09772228646444
6652,32.24666599107751,50.0,0.0,92.19544457292889,50.0,0.0,92.19544457292888
6653,32.487799498546494,0.0,0.0,92.19544457292889,8.465228909328081,0.0,100.0
6654,43.16736427242931,0.0,0.0,92.19544457292889,0.0,-0.0,100.0
6655,58.41482181135068,0.0,0.0,92.19544457292889,0.0,0.0,100.0
6656,60.2298313423541,0.0,0.0,92.19544457292889,0.0,0.0,100.0
6657,58.927319678577895,0.0,0.0,92.19544457292889,0.0,0.0,100.0
6658,61.61502357606166,0.0,0.0,92.19544457292889,0.0,42.50000000000001,53.90227771353556
6659,47.48565685041582,0.0,0.0,92.19544457292889,50.0,0.0,100.0
6660,56.83211325383715,0.0,0.0,92.19544457292889,0.0,0.0,100.0
6661,71.2278908016752,0.0,0.0,92.19544457292889,0.0,-0.0,100.0
6662,59.775063041418306,0.0,0.0,92.19544457292889,0.0,0.0,100.0
6663,66.45128603327163,0.0,0.0,92.19544457292889,0.0,0.0,100.0
6664,70.48441404409613,0.0,0.0,92.19544457292889,-0.0,0.0,100.0
6665,75.79567659556952,0.0,0.0,92.19544457292889,0.0,0.0,100.0
6666,77.04705710582625,0.0,0.0,92.19544457292889,0.0,0.0,100.0
6667,81.34202314547782,0.0,0.0,92.19544457292889,0.0,0.0,100.0
6668,183.93879056358156,0.0,50.0,37.96283011826485,0.0,50.0,45.76738554533596
6669,133.4407082703516,0.0,35.000000000000014,0.0,0.0,42.19544457292888,0.0
6670,62.026080918222604,0.0,0.0,0.0,-0.0,0.0,0.0
6671,61.89118167776438,0.0,0.0,0.0,0.0,-0.0,0.0
6672,44.156606850500935,0.0,0.0,0.0,0.0,0.0,-0.0
6673,33.41325140994697,50.0,0.0,46.09772228646444,50.0,0.0,46.09772228646444
6674,44.003632165882074,0.0,0.0,46.09772228646444,0.0,0.0,46.09772228646444
6675,40.7862495442662,0.0,0.0,46.09772228646444,50.0,0.0,92.19544457292888
6676,42.92302264027498,0.0,0.0,46.09772228646444,8.465228909328081,0.0,100.0
6677,46.19171394414943,0.0,0.0,46.09772228646444,0.0,0.0,100.0
6678,56.531269646046596,0.0,0.0,46.09772228646444,0.0,-0.0,100.0
6679,72.96478644587359,0.0,0.0,46.09772228646444,0.0,42.19544457292888,54.23261445466404
6680,79.09509099433265,0.0,0.0,46.09772228646444,0.0,50.0,-0.0
6681,69.2122751058323,0.0,0.0,46.09772228646444,0.0,0.0,0.0
6682,57.621953378335164,0.0,0.0,46.09772228646444,0.0,0.0,-0.0
6683,51.555212027191494,0.0,0.0,46.09772228646444,-0.0,0.0,0.0
6684,48.303391658902,0.0,0.0,46.09772228646444,50.0,0.0,46.09772228646444
6685,40.42553968105885,50.0,0.0,92.19544457292888,50.0,0.0,92.19544457292888
6686,50.67411972761806,0.0,0.0,92.19544457292888,8.465228909328081,0.0,100.0
6687,52.59441815870042,0.0,0.0,92.19544457292888,0.0,0.0,100.0
6688,69.83417852709204,0.0,0.0,92.19544457292888,0.0,-0.0,100.0
6689,86.66393276694822,0.0,0.0,92.19544457292888,0.0,0.0,100.0
6690,88.03591751776214,0.0,50.0,37.96283011826483,0.0,42.19544457292888,54.23261445466404
6691,89.45639350718207,0.0,35.0,7.105427357601002e-15,0.0,50.0,-0.0
6692,78.49020518648848,0.0,0.0,7.105427357601002e-15,0.0,0.0,-0.0
6693,76.91430610247716,0.0,0.0,7.105427357601002e-15,0.0,0.0,0.0
6694,69.19465883598504,0.0,0.0,7.105427357601002e-15,0.0,0.0,-0.0
6695,59.71100867966544,0.0,0.0,7.105427357601002e-15,-0.0,0.0,0.0
6696,47.05907169457706,0.0,0.0,7.105427357601002e-15,-0.0,0.0,0.0
6697,42.59070263382279,50.0,0.0,46.097722286464446,50.0,0.0,46.09772228646444
6698,39.74431242685229,50.0,0.0,92.19544457292889,50.0,0.0,92.19544457292888
6699,45.60296498955002,0.0,0.0,92.19544457292889,0.0,0.0,92.19544457292888
6700,43.81473409572335,0.0,0.0,92.19544457292889,8.465228909328081,0.0,100.0
6701,58.74704827123614,0.0,0.0,92.19544457292889,0.0,-0.0,100.0
6702,57.84264354561057,0.0,0.0,92.19544457292889,0.0,0.0,100.0
6703,73.3123292284518,0.0,0.0,92.19544457292889,0.0,50.0,45.76738554533596
6704,70.63612351821963,0.0,0.0,92.19544457292889,0.0,0.0,45.76738554533596
6705,69.73316572294632,0.0,0.0,92.19544457292889,0.0,0.0,45.76738554533596
6706,63.02037742358344,0.0,0.0,92.19544457292889,0.0,0.0,45.76738554533596
6707,56.85255283988599,0.0,0.0,92.19544457292889,50.0,0.0,91.8651078318004
6708,59.0861793080329,0.0,0.0,92.19544457292889,8.823529411764698,0.0,100.0
6709,68.11939762376969,0.0,0.0,92.19544457292889,-0.0,0.0,100.0
6710,78.3324491409222,0.0,0.0,92.19544457292889,0.0,0.0,100.0
6711,81.92642610647471,0.0,0.0,92.19544457292889,0.0,0.0,100.0
6712,89.76653101031661,0.0,50.0,37.96283011826485,0.0,42.19544457292888,54.23261445466404
6713,90.78645122412351,0.0,35.000000000000014,0.0,0.0,50.0,0.0
6714,87.76111480096546,0.0,0.0,0.0,0.0,-0.0,0.0
6715,80.48319649033743,0.0,0.0,0.0,0.0,-0.0,-0.0
6716,74.55905447895759,0.0,0.0,0.0,0.0,0.0,-0.0
6717,71.22060287295812,0.0,0.0,0.0,0.0,0.0,0.0
6718,56.153058298935704,0.0,0.0,0.0,-0.0,0.0,0.0
6719,53.37237708743653,0.0,0.0,0.0,0.0,0.0,-0.0
6720,51.12531809217912,0.0,0.0,0.0,0.0,0.0,-0.0
6721,55.084105477741865,0.0,0.0,0.0,0.0,0.0,-0.0
6722,49.87057435310143,0.0,0.0,0.0,0.0,0.0,-0.0
6723,42.06371680478517,50.0,0.0,46.09772228646444,50.0,0.0,46.09772228646444
6724,47.38918796986895,0.0,0.0,46.09772228646444,8.465228909328081,0.0,53.90227771353556
6725,39.76493622992324,50.0,0.0,92.19544457292888,50.0,0.0,100.0
6726,53.67786552529032,0.0,0.0,92.19544457292888,-0.0,0.0,100.0
6727,59.40031203881547,0.0,0.0,92.19544457292888,0.0,0.0,100.0
6728,73.43046780146854,0.0,0.0,92.19544457292888,0.0,50.0,45.76738554533596
6729,62.82519679323238,0.0,0.0,92.19544457292888,0.0,0.0,45.76738554533596
6730,64.37638902637023,0.0,0.0,92.19544457292888,0.0,0.0,45.76738554533596
6731,59.44457266344388,0.0,0.0,92.19544457292888,0.0,0.0,45.76738554533596
6732,55.255554921771974,0.0,0.0,92.19544457292888,8.823529411764698,0.0,53.90227771353556
6733,48.79288362305308,0.0,0.0,92.19544457292888,50.0,0.0,100.0
6734,57.184151299917744,0.0,0.0,92.19544457292888,0.0,0.0,100.0
6735,68.30971604769849,0.0,0.0,92.19544457292888,0.0,-0.0,100.0
6736,85.97587339353598,0.0,0.0,92.19544457292888,0.0,0.0,100.0
6737,97.12579767951067,0.0,50.0,37.96283011826483,0.0,50.0,45.76738554533596
6738,95.81211268210286,0.0,35.0,7.105427357601002e-15,0.0,42.19544457292888,0.0
6739,88.71378030200088,0.0,0.0,7.105427357601002e-15,0.0,0.0,-0.0
6740,77.05229480878586,0.0,0.0,7.105427357601002e-15,-0.0,0.0,-0.0
6741,80.25675310848419,0.0,0.0,7.105427357601002e-15,0.0,0.0,0.0
6742,70.74652208190233,0.0,0.0,7.105427357601002e-15,0.0,0.0,-0.0
6743,75.26754073021706,0.0,0.0,7.105427357601002e-15,0.0,0.0,-0.0
6744,65.9281025014701,0.0,0.0,7.105427357601002e-15,-0.0,0.0,0.0
6745,64.42063602519514,0.0,0.0,7.105427357601002e-15,0.0,0.0,-0.0
6746,60.03760181131072,50.0,0.0,46.097722286464446,50.0,0.0,46.09772228646444
6747,62.78471922619647,0.0,0.0,46.097722286464446,50.0,0.0,92.19544457292888
6748,63.94195932851545,0.0,0.0,46.097722286464446,8.465228909328081,0.0,100.0
6749,65.79143200973405,0.0,0.0,46.097722286464446,0.0,0.0,100.0
6750,75.47455281082568,0.0,0.0,46.097722286464446,0.0,0.0,100.0
6751,79.94513219557729,0.0,0.0,46.097722286464446,0.0,42.50000000000001,53.90227771353556
6752,77.97143340023396,0.0,0.0,46.097722286464446,0.0,0.0,53.90227771353556
6753,79.82294740779454,0.0,0.0,46.097722286464446,0.0,0.0,53.90227771353556
6754,74.69758300024006,0.0,0.0,46.097722286464446,0.0,0.0,53.90227771353556
6755,72.23348075641948,0.0,0.0,46.097722286464446,0.0,0.0,53.90227771353556
6756,66.40984360992283,0.0,0.0,46.097722286464446,0.0,0.0,53.90227771353556
6757,59.99457254251417,50.0,0.0,92.19544457292889,50.0,0.0,100.0
6758,73.81200685733334,0.0,0.0,92.19544457292889,0.0,0.0,100.0
6759,88.47808958123484,0.0,0.0,92.19544457292889,0.0,-0.0,100.0
6760,99.67423328818549,0.0,0.0,92.19544457292889,0.0,-0.0,100.0
6761,102.11954536676973,0.0,50.0,37.96283011826485,0.0,42.19544457292888,54.23261445466404
6762,102.04600474968812,0.0,0.0,37.96283011826485,0.0,0.0,54.23261445466404
6763,107.60417562684415,0.0,35.000000000000014,0.0,0.0,50.0,0.0
6764,100.10654816201821,0.0,0.0,0.0,0.0,-0.0,-0.0
6765,90.00014535929688,0.0,0.0,0.0,0.0,0.0,-0.0
6766,94.33640919343283,0.0,0.0,0.0,0.0,0.0,-0.0
6767,88.68469478016428,0.0,0.0,0.0,0.0,0.0,-0.0
6768,85.17741307975604,0.0,0.0,0.0,0.0,0.0,0.0
6769,72.72062695254783,0.0,0.0,0.0,50.0,0.0,46.09772228646444
6770,72.25288599350837,0.0,0.0,0.0,50.0,0.0,92.19544457292888
6771,81.8411103689083,0.0,0.0,0.0,0.0,0.0,92.19544457292888
6772,81.81783942675006,0.0,0.0,0.0,0.0,0.0,92.19544457292888
6773,82.90526949620664,0.0,0.0,0.0,0.0,0.0,92.19544457292888
6774,81.05419061245642,0.0,0.0,0.0,0.0,0.0,92.19544457292888
6775,91.8510305621958,0.0,0.0,0.0,0.0,50.0,37.96283011826484
6776,89.13952621789585,0.0,0.0,0.0,0.0,0.0,37.96283011826484
6777,86.33293892245328,0.0,0.0,0.0,0.0,0.0,37.96283011826484
6778,74.28148371839713,0.0,0.0,0.0,50.0,0.0,84.06055240472928
6779,77.72250415658272,0.0,0.0,0.0,0.0,0.0,84.06055240472928
6780,80.33528868501311,0.0,0.0,0.0,0.0,0.0,84.06055240472928
6781,79.3520602920457,0.0,0.0,0.0,0.0,0.0,84.06055240472928
6782,75.82695708609337,0.0,0.0,0.0,17.28875832109278,0.0,100.0
6783,90.2830445544727,0.0,0.0,0.0,0.0,0.0,100.0
6784,94.47037485273043,0.0,0.0,0.0,0.0,50.0,45.76738554533596
6785,93.3603084590359,0.0,0.0,0.0,0.0,42.19544457292888,-0.0
6786,85.90381039382126,0.0,0.0,0.0,0.0,0.0,-0.0
6787,81.51703666982098,0.0,0.0,0.0,0.0,0.0,0.0
6788,69.92150015947789,0.0,0.0,0.0,-0.0,0.0,0.0
6789,62.132519555981695,50.0,0.0,46.09772228646444,0.0,0.0,-0.0
6790,62.35581264470322,0.0,0.0,46.09772228646444,0.0,-0.0,-0.0
6791,57.30016931960191,50.0,0.0,92.19544457292888,0.0,0.0,0.0
6792,48.376701323535116,0.0,0.0,92.19544457292888,8.465228909328081,0.0,7.804555427071122
6793,42.39278345941121,8.465228909328081,0.0,100.0,50.0,0.0,53.90227771353556
6794,41.70804377204551,0.0,0.0,100.0,50.0,0.0,100.0
6795,52.76113153983688,0.0,0.0,100.0,0.0,0.0,100.0
6796,52.83855648508731,0.0,0.0,100.0,0.0,0.0,100.0
6797,59.66581938954961,0.0,0.0,100.0,0.0,-0.0,100.0
6798,57.369935059513566,0.0,0.0,100.0,0.0,0.0,100.0
6799,72.35079104962259,0.0,0.0,100.0,0.0,0.0,100.0
6800,72.71287266409264,0.0,0.0,100.0,0.0,0.0,100.0
6801,77.437666536316,0.0,0.0,100.0,0.0,-0.0,100.0
6802,72.16562767340552,0.0,0.0,100.0,0.0,0.0,100.0
6803,70.56610352204405,0.0,0.0,100.0,0.0,0.0,100.0
6804,71.05431723873409,0.0,0.0,100.0,0.0,0.0,100.0
6805,68.45245595758989,0.0,0.0,100.0,0.0,0.0,100.0
6806,78.09812761914004,0.0,0.0,100.0,-0.0,0.0,100.0
6807,79.76197177474434,0.0,0.0,100.0,0.0,0.0,100.0
6808,91.02964524039248,0.0,0.0,100.0,0.0,0.0,100.0
6809,94.11013107420376,0.0,50.0,45.767385545335955,0.0,42.19544457292888,54.23261445466404
6810,98.21161409892683,0.0,42.19544457292887,0.0,0.0,50.0,0.0
6811,93.91360180951094,0.0,0.0,0.0,0.0,-0.0,0.0
6812,89.66370044849205,0.0,0.0,0.0,0.0,0.0,-0.0
6813,77.90875406489062,0.0,0.0,0.0,-0.0,0.0,0.0
6814,74.2161449458949,0.0,0.0,0.0,-0.0,0.0,0.0
6815,70.57871069234572,0.0,0.0,0.0,0.0,-0.0,0.0
6816,55.73219394429913,0.0,0.0,0.0,0.0,0.0,-0.0
6817,52.872300945898566,0.0,0.0,0.0,0.0,0.0,-0.0
6818,51.78019220096654,0.0,0.0,0.0,0.0,0.0,-0.0
6819,48.12295052215761,0.0,0.0,0.0,50.0,0.0,46.09772228646444
6820,49.75674030636873,0.0,0.0,0.0,8.465228909328081,0.0,53.90227771353556
6821,49.17024184240472,0.0,0.0,0.0,50.0,0.0,100.0
6822,69.1734572937665,0.0,0.0,0.0,0.0,-0.0,100.0
6823,288.89313802430115,0.0,0.0,0.0,0.0,50.0,45.76738554533596
6824,213.6525440710472,0.0,0.0,0.0,0.0,42.19544457292888,0.0
6825,169.11258339181313,0.0,0.0,0.0,0.0,-0.0,0.0
6826,122.35149033165895,0.0,0.0,0.0,-0.0,0.0,0.0
6827,53.667627499850276,0.0,0.0,0.0,0.0,0.0,-0.0
6828,49.53655772891986,0.0,0.0,0.0,8.465228909328081,0.0,7.804555427071122
6829,43.45484748852007,50.0,0.0,46.09772228646444,50.0,0.0,53.90227771353556
6830,47.66852400409446,50.0,0.0,92.19544457292888,50.0,0.0,100.0
6831,56.92011670606116,0.0,0.0,92.19544457292888,0.0,0.0,100.0
6832,70.68457083258241,0.0,0.0,92.19544457292888,0.0,0.0,100.0
6833,71.17661445138168,0.0,0.0,92.19544457292888,0.0,0.0,100.0
6834,77.27351127922049,0.0,0.0,92.19544457292888,0.0,50.0,45.76738554533596
6835,77.16596152656831,0.0,0.0,92.19544457292888,0.0,42.19544457292888,-0.0
6836,75.8085665305158,0.0,0.0,92.19544457292888,0.0,0.0,-0.0
6837,68.14482482092251,0.0,0.0,92.19544457292888,0.0,0.0,-0.0
6838,71.43019024867769,0.0,0.0,92.19544457292888,0.0,0.0,-0.0
6839,67.18937193877859,0.0,0.0,92.19544457292888,0.0,0.0,0.0
6840,65.32590237391886,0.0,0.0,92.19544457292888,0.0,0.0,-0.0
6841,57.70199746319121,0.0,0.0,92.19544457292888,50.0,0.0,46.09772228646444
6842,59.59618723029428,0.0,0.0,92.19544457292888,0.0,0.0,46.09772228646444
6843,58.41453307416097,0.0,0.0,92.19544457292888,0.0,0.0,46.09772228646444
6844,58.18204304181782,0.0,0.0,92.19544457292888,0.0,0.0,46.09772228646444
6845,65.9719169201887,0.0,0.0,92.19544457292888,0.0,0.0,46.09772228646444
6846,70.16802089088841,0.0,0.0,92.19544457292888,0.0,42.50000000000001,0.0
6847,61.18762741598623,0.0,0.0,92.19544457292888,0.0,0.0,-0.0
6848,48.165808084717085,8.465228909328081,0.0,100.0,50.0,0.0,46.09772228646444
6849,55.95201860747013,0.0,0.0,100.0,50.0,0.0,92.19544457292888
6850,59.7353164842354,0.0,0.0,100.0,0.0,0.0,92.19544457292888
6851,66.08475436885496,0.0,0.0,100.0,0.0,0.0,92.19544457292888
6852,63.122095556821705,0.0,0.0,100.0,0.0,0.0,92.19544457292888
6853,56.49408135815248,0.0,0.0,100.0,8.465228909328081,0.0,100.0
6854,58.72343458338973,0.0,0.0,100.0,0.0,0.0,100.0
6855,66.07763230312457,0.0,0.0,100.0,0.0,0.0,100.0
6856,68.5542827854246,0.0,0.0,100.0,0.0,-0.0,100.0
6857,84.53371089763064,0.0,0.0,100.0,0.0,0.0,100.0
6858,99.74812255616094,0.0,50.0,45.767385545335955,0.0,42.19544457292888,54.23261445466404
6859,100.50637749941691,0.0,42.19544457292887,0.0,0.0,50.0,0.0
6860,95.42739949392873,0.0,0.0,0.0,0.0,0.0,-0.0
6861,82.02867265961487,0.0,0.0,0.0,0.0,0.0,-0.0
6862,85.17089265908476,0.0,0.0,0.0,0.0,0.0,-0.0
6863,80.88850669443838,0.0,0.0,0.0,-0.0,0.0,0.0
6864,66.64919560237506,0.0,0.0,0.0,0.0,0.0,-0.0
6865,65.91963878247539,0.0,0.0,0.0,-0.0,0.0,0.0
6866,59.89054167143608,0.0,0.0,0.0,8.465228909328081,0.0,7.804555427071122
6867,59.82280102747005,0.0,0.0,0.0,50.0,0.0,53.90227771353556
6868,53.353706510644784,50.0,0.0,46.09772228646444,50.0,0.0,100.0
6869,64.00695079717053,0.0,0.0,46.09772228646444,0.0,0.0,100.0
6870,69.42162063639313,0.0,0.0,46.09772228646444,0.0,0.0,100.0
6871,81.51142126843045,0.0,0.0,46.09772228646444,0.0,42.19544457292888,54.23261445466404
6872,82.70484309755778,0.0,42.5,0.0,0.0,50.0,-0.0
6873,80.15320571447361,0.0,0.0,0.0,0.0,0.0,-0.0
6874,68.68724718426952,0.0,0.0,0.0,0.0,0.0,-0.0
6875,68.16357841357859,0.0,0.0,0.0,0.0,0.0,0.0
6876,60.32429341661603,0.0,0.0,0.0,50.0,0.0,46.09772228646444
6877,58.34028273685487,0.0,0.0,0.0,50.0,0.0,92.19544457292888
6878,62.744641516723895,0.0,0.0,0.0,8.465228909328081,0.0,100.0
6879,70.40114689226291,0.0,0.0,0.0,0.0,0.0,100.0
6880,68.708710842748,0.0,0.0,0.0,0.0,0.0,100.0
6881,74.33996361411445,0.0,0.0,0.0,0.0,0.0,100.0
6882,82.37540668340831,0.0,0.0,0.0,0.0,50.0,45.76738554533596
6883,79.72521227322329,0.0,0.0,0.0,0.0,42.19544457292888,-0.0
6884,75.02854761836645,0.0,0.0,0.0,0.0,0.0,-0.0
6885,71.17528633596413,0.0,0.0,0.0,0.0,0.0,0.0
6886,65.93334150184104,0.0,0.0,0.0,0.0,0.0,-0.0
6887,57.00624915118635,50.0,0.0,46.09772228646444,-0.0,0.0,0.0
6888,45.94860788595734,0.0,0.0,46.09772228646444,0.0,0.0,-0.0
6889,49.59254009211147,0.0,0.0,46.09772228646444,0.0,0.0,-0.0
6890,42.22792108232097,0.0,0.0,46.09772228646444,8.465228909328081,0.0,7.804555427071122
6891,40.617413138196575,0.0,0.0,46.09772228646444,50.0,0.0,53.90227771353556
6892,35.923318111075034,0.0,0.0,46.09772228646444,50.0,0.0,100.0
6893,47.082462714377016,0.0,0.0,46.09772228646444,0.0,0.0,100.0
6894,53.83275974844701,0.0,0.0,46.09772228646444,0.0,0.0,100.0
6895,56.042222228760984,0.0,0.0,46.09772228646444,0.0,42.19544457292888,54.23261445466404
6896,60.759543764779906,0.0,0.0,46.09772228646444,0.0,50.0,0.0
6897,53.98310104804097,0.0,0.0,46.09772228646444,0.0,0.0,-0.0
6898,45.46342080039287,0.0,0.0,46.09772228646444,-0.0,0.0,0.0
6899,34.47214124270811,50.0,0.0,92.19544457292888,50.0,0.0,46.09772228646444
6900,28.109547974122144,8.465228909328081,0.0,100.0,50.0,0.0,92.19544457292888
6901,38.68232296714272,0.0,0.0,100.0,8.465228909328081,0.0,100.0
6902,40.52311838423194,0.0,0.0,100.0,0.0,0.0,100.0
6903,51.74374315899953,0.0,0.0,100.0,0.0,-0.0,100.0
6904,56.23448775091948,0.0,0.0,100.0,0.0,-0.0,100.0
6905,68.24817511605485,0.0,0.0,100.0,0.0,0.0,100.0
6906,66.72328511504053,0.0,0.0,100.0,0.0,0.0,100.0
6907,67.54361261505423,0.0,0.0,100.0,0.0,0.0,100.0
6908,65.28727478701254,0.0,0.0,100.0,0.0,0.0,100.0
6909,74.07430503767304,0.0,50.0,45.767385545335955,0.0,50.0,45.76738554533596
6910,72.77505526382117,0.0,42.19544457292887,0.0,0.0,42.19544457292888,0.0
6911,65.7416975653388,0.0,0.0,0.0,0.0,0.0,-0.0
6912,57.996570649294156,0.0,0.0,0.0,0.0,0.0,-0.0
6913,67.02946280083425,0.0,0.0,0.0,0.0,-0.0,0.0
6914,55.175543800194916,0.0,0.0,0.0,0.0,0.0,-0.0
6915,50.01996331027398,50.0,0.0,46.09772228646444,50.0,0.0,46.09772228646444
6916,50.91671272676645,0.0,0.0,46.09772228646444,50.0,0.0,92.19544457292888
6917,53.479766756913946,0.0,0.0,46.09772228646444,0.0,0.0,92.19544457292888
6918,58.42807428458768,0.0,0.0,46.09772228646444,0.0,0.0,92.19544457292888
6919,57.79570869876051,0.0,0.0,46.09772228646444,0.0,0.0,92.19544457292888
6920,69.59581624326705,0.0,42.5,0.0,0.0,50.0,37.96283011826484
6921,60.952106980945175,0.0,0.0,0.0,0.0,0.0,37.96283011826484
6922,56.49280625843774,0.0,0.0,0.0,0.0,0.0,37.96283011826484
6923,58.45712546026826,0.0,0.0,0.0,0.0,0.0,37.96283011826484
6924,55.996927467628794,0.0,0.0,0.0,0.0,0.0,37.96283011826484
6925,51.626124368672215,0.0,0.0,0.0,17.28875832109278,0.0,53.90227771353556
6926,49.11056939264424,50.0,0.0,46.09772228646444,50.0,0.0,100.0
6927,55.857901589044964,0.0,0.0,46.09772228646444,-0.0,0.0,100.0
6928,60.476079496291504,0.0,0.0,46.09772228646444,0.0,0.0,100.0
6929,69.12298288319265,0.0,0.0,46.09772228646444,0.0,42.19544457292888,54.23261445466404
6930,65.46795199228224,0.0,0.0,46.09772228646444,0.0,0.0,54.23261445466404
6931,70.63837242669507,0.0,42.5,0.0,0.0,50.0,0.0
6932,68.49476778590565,0.0,0.0,0.0,0.0,0.0,-0.0
6933,65.28240688024154,0.0,0.0,0.0,0.0,0.0,-0.0
6934,69.10113266462622,0.0,0.0,0.0,0.0,-0.0,-0.0
6935,63.196415998849204,0.0,0.0,0.0,0.0,0.0,0.0
6936,47.882424079180716,0.0,0.0,0.0,0.0,0.0,-0.0
6937,42.90121767990286,0.0,0.0,0.0,0.0,0.0,-0.0
6938,40.761019428619086,0.0,0.0,0.0,-0.0,0.0,-0.0
6939,40.819872579342025,0.0,0.0,0.0,0.0,0.0,0.0
6940,39.140727824467746,0.0,0.0,0.0,8.465228909328081,0.0,7.804555427071122
6941,33.753997079886545,50.0,0.0,46.09772228646444,50.0,0.0,53.90227771353556
6942,38.92678966931694,50.0,0.0,92.19544457292888,50.0,0.0,100.0
6943,48.90933905497581,0.0,0.0,92.19544457292888,0.0,-0.0,100.0
6944,54.403586712635345,0.0,0.0,92.19544457292888,0.0,-0.0,100.0
6945,61.3211915407743,0.0,0.0,92.19544457292888,0.0,-0.0,100.0
6946,68.69055592100428,0.0,0.0,92.19544457292888,0.0,-0.0,100.0
6947,68.16431138648004,0.0,0.0,92.19544457292888,0.0,0.0,100.0
6948,72.74595469692211,0.0,0.0,92.19544457292888,0.0,-0.0,100.0
6949,76.72290108118092,0.0,0.0,92.19544457292888,0.0,-0.0,100.0
6950,89.14724986937216,0.0,0.0,92.19544457292888,0.0,-0.0,100.0
6951,104.33652159677305,0.0,0.0,92.19544457292888,0.0,0.0,100.0
6952,114.71387405490165,0.0,0.0,92.19544457292888,0.0,0.0,100.0
6953,122.04926265087587,0.0,50.0,37.96283011826483,0.0,50.0,45.76738554533596
6954,121.0039651442167,0.0,35.0,7.105427357601002e-15,0.0,42.19544457292888,-0.0
6955,117.31013299405103,0.0,0.0,7.105427357601002e-15,0.0,0.0,0.0
6956,109.17251861087891,0.0,0.0,7.105427357601002e-15,0.0,0.0,-0.0
6957,105.28211008432598,0.0,0.0,7.105427357601002e-15,0.0,0.0,-0.0
6958,94.21302164260783,0.0,0.0,7.105427357601002e-15,-0.0,0.0,0.0
6959,87.78170439073796,0.0,0.0,7.105427357601002e-15,0.0,-0.0,0.0
6960,61.66237329422991,50.0,0.0,46.097722286464446,50.0,0.0,46.09772228646444
6961,68.13736508097998,0.0,0.0,46.097722286464446,0.0,0.0,46.09772228646444
6962,63.950741702768596,50.0,0.0,92.19544457292889,50.0,0.0,92.19544457292888
6963,65.27636500963379,0.0,0.0,92.19544457292889,8.465228909328081,0.0,100.0
6964,74.3496476947101,0.0,0.0,92.19544457292889,0.0,0.0,100.0
6965,79.10083075746905,0.0,0.0,92.19544457292889,0.0,-0.0,100.0
6966,91.90161068742935,0.0,0.0,92.19544457292889,0.0,-0.0,100.0
6967,89.10244936531937,0.0,0.0,92.19544457292889,0.0,0.0,100.0
6968,104.01836430809631,0.0,0.0,92.19544457292889,0.0,-0.0,100.0
6969,106.59641732422185,0.0,0.0,92.19544457292889,0.0,42.50000000000001,53.90227771353556
6970,100.96557748756894,0.0,0.0,92.19544457292889,0.0,0.0,53.90227771353556
6971,101.68030692197073,0.0,0.0,92.19544457292889,0.0,0.0,53.90227771353556
6972,89.71689516106422,0.0,0.0,92.19544457292889,0.0,0.0,53.90227771353556
6973,86.616380569833,0.0,0.0,92.19544457292889,50.0,0.0,100.0
6974,96.83764966898782,0.0,0.0,92.19544457292889,0.0,0.0,100.0
6975,91.00161542789327,0.0,0.0,92.19544457292889,0.0,0.0,100.0
6976,100.2301951716772,0.0,0.0,92.19544457292889,0.0,0.0,100.0
6977,107.69373775770637,0.0,0.0,92.19544457292889,0.0,0.0,100.0
6978,119.68462355621233,0.0,50.0,37.96283011826485,0.0,50.0,45.76738554533596
6979,107.61084226197619,0.0,0.0,37.96283011826485,0.0,0.0,45.76738554533596
6980,110.9117508198101,0.0,35.000000000000014,0.0,0.0,42.19544457292888,0.0
6981,100.39692693034556,0.0,0.0,0.0,0.0,0.0,-0.0
6982,91.19758940113714,0.0,0.0,0.0,-0.0,0.0,0.0
6983,79.32248959288822,0.0,0.0,0.0,-0.0,0.0,0.0
6984,60.80784776863146,0.0,0.0,0.0,0.0,0.0,-0.0
6985,60.08930745954917,0.0,0.0,0.0,0.0,0.0,-0.0
6986,51.60107307587239,0.0,0.0,0.0,50.0,0.0,46.09772228646444
6987,55.41879295949468,0.0,0.0,0.0,0.0,0.0,46.09772228646444
6988,53.56725346908506,0.0,0.0,0.0,8.465228909328081,0.0,53.90227771353556
6989,51.55381626067184,50.0,0.0,46.09772228646444,50.0,0.0,100.0
6990,55.57378161139862,0.0,0.0,46.09772228646444,0.0,0.0,100.0
6991,64.18065499148317,0.0,0.0,46.09772228646444,0.0,0.0,100.0
6992,66.25469032888984,0.0,0.0,46.09772228646444,0.0,-0.0,100.0
6993,65.87406845259804,0.0,0.0,46.09772228646444,0.0,0.0,100.0
6994,65.97593211273885,0.0,0.0,46.09772228646444,0.0,0.0,100.0
6995,67.43026660470615,0.0,0.0,46.09772228646444,0.0,0.0,100.0
6996,62.75757554329415,0.0,0.0,46.09772228646444,0.0,0.0,100.0
6997,57.52317067095901,0.0,0.0,46.09772228646444,-0.0,0.0,100.0
6998,62.40157296639013,0.0,0.0,46.09772228646444,0.0,0.0,100.0
6999,72.00564819648511,0.0,0.0,46.09772228646444,0.0,-0.0,100.0
7000,71.54241853750548,0.0,0.0,46.09772228646444,0.0,0.0,100.0
7001,73.33222985840749,0.0,42.5,0.0,0.0,50.0,45.76738554533596
7002,73.11395882904277,0.0,0.0,0.0,0.0,42.19544457292888,-0.0
7003,72.09621015985456,0.0,0.0,0.0,0.0,0.0,-0.0
7004,65.02205884172632,0.0,0.0,0.0,0.0,0.0,-0.0
7005,64.91477492596998,0.0,0.0,0.0,0.0,0.0,0.0
7006,52.00691821858365,0.0,0.0,0.0,-0.0,0.0,0.0
7007,41.103690042735764,50.0,0.0,46.09772228646444,0.0,-0.0,0.0
7008,29.602255927495477,0.0,0.0,46.09772228646444,0.0,-0.0,0.0
7009,28.038671672732605,0.0,0.0,46.09772228646444,0.0,-0.0,0.0
7010,20.071519203644954,50.0,0.0,92.19544457292888,50.0,0.0,46.09772228646444
7011,18.845273158031652,8.465228909328081,0.0,100.0,50.0,0.0,92.19544457292888
7012,21.177319915260412,0.0,0.0,100.0,8.465228909328081,0.0,100.0
7013,26.101674946929794,0.0,0.0,100.0,0.0,0.0,100.0
7014,35.76884935925776,0.0,0.0,100.0,0.0,-0.0,100.0
7015,40.37051923926358,0.0,0.0,100.0,0.0,-0.0,100.0
7016,53.88385734875284,0.0,0.0,100.0,0.0,0.0,100.0
7017,56.92801781367558,0.0,0.0,100.0,0.0,42.50000000000001,53.90227771353556
7018,49.43256986810984,0.0,0.0,100.0,0.0,0.0,53.90227771353556
7019,46.69415175805276,0.0,0.0,100.0,0.0,0.0,53.90227771353556
7020,45.964277759712466,0.0,0.0,100.0,50.0,0.0,100.0
7021,54.41355941655263,0.0,0.0,100.0,0.0,0.0,100.0
7022,55.80455956295045,0.0,0.0,100.0,0.0,0.0,100.0
7023,67.53520091219417,0.0,0.0,100.0,0.0,-0.0,100.0
7024,75.67144359918572,0.0,0.0,100.0,0.0,-0.0,100.0
7025,90.25353951447164,0.0,0.0,100.0,0.0,0.0,100.0
7026,99.82160117821505,0.0,50.0,45.767385545335955,0.0,50.0,45.76738554533596
7027,99.0271875460603,0.0,42.19544457292887,0.0,0.0,42.19544457292888,-0.0
7028,92.6763449783256,0.0,0.0,0.0,0.0,0.0,-0.0
7029,89.39259811752837,0.0,0.0,0.0,0.0,0.0,0.0
7030,82.48466212959704,0.0,0.0,0.0,0.0,0.0,-0.0
7031,87.22574507787331,0.0,0.0,0.0,0.0,-0.0,-0.0
7032,74.53313072828432,0.0,0.0,0.0,0.0,0.0,0.0
7033,68.3347868074109,0.0,0.0,0.0,0.0,0.0,-0.0
7034,62.818084030535346,0.0,0.0,0.0,0.0,0.0,-0.0
7035,55.051268538873984,50.0,0.0,46.09772228646444,50.0,0.0,46.09772228646444
7036,59.93468184285783,0.0,0.0,46.09772228646444,8.465228909328081,0.0,53.90227771353556
7037,59.60531182406194,50.0,0.0,92.19544457292888,50.0,0.0,100.0
7038,71.96418069954649,0.0,0.0,92.19544457292888,0.0,0.0,100.0
7039,70.37874179635159,0.0,0.0,92.19544457292888,0.0,0.0,100.0
7040,74.21319153336663,0.0,0.0,92.19544457292888,0.0,-0.0,100.0
7041,79.37375708764468,0.0,0.0,92.19544457292888,0.0,50.0,45.76738554533596
7042,62.796644204628535,0.0,0.0,92.19544457292888,50.0,0.0,91.8651078318004
7043,69.63656779666792,0.0,0.0,92.19544457292888,0.0,0.0,91.8651078318004
7044,64.16485975851107,0.0,0.0,92.19544457292888,8.823529411764698,0.0,100.0
7045,65.3441542575953,0.0,0.0,92.19544457292888,0.0,0.0,100.0
7046,72.36043389029476,0.0,0.0,92.19544457292888,0.0,0.0,100.0
7047,82.62273163616004,0.0,0.0,92.19544457292888,0.0,-0.0,100.0
7048,90.90357156247876,0.0,0.0,92.19544457292888,-0.0,0.0,100.0
7049,101.62525725043452,0.0,0.0,92.19544457292888,0.0,0.0,100.0
7050,106.09542601553392,0.0,0.0,92.19544457292888,0.0,0.0,100.0
7051,113.43193561549862,0.0,50.0,37.96283011826483,0.0,42.19544457292888,54.23261445466404
7052,110.31609284384467,0.0,0.0,37.96283011826483,0.0,0.0,54.23261445466404
7053,113.72852774925349,0.0,35.0,7.105427357601002e-15,0.0,50.0,0.0
7054,110.94380580944929,0.0,0.0,7.105427357601002e-15,0.0,0.0,-0.0
7055,94.37713820713037,0.0,0.0,7.105427357601002e-15,-0.0,0.0,-0.0
7056,95.07764867400665,0.0,0.0,7.105427357601002e-15,0.0,0.0,0.0
7057,86.41060778939995,0.0,0.0,7.105427357601002e-15,50.0,0.0,46.09772228646444
7058,90.29159349589135,0.0,0.0,7.105427357601002e-15,8.465228909328081,0.0,53.90227771353556
7059,87.28332445007808,0.0,0.0,7.105427357601002e-15,50.0,0.0,100.0
7060,92.52425477302253,0.0,0.0,7.105427357601002e-15,0.0,0.0,100.0
7061,90.47409438921969,0.0,0.0,7.105427357601002e-15,0.0,0.0,100.0
7062,97.91958417227754,0.0,0.0,7.105427357601002e-15,0.0,0.0,100.0
7063,100.10608480596723,0.0,0.0,7.105427357601002e-15,0.0,0.0,100.0
7064,109.6956729616526,0.0,6.5508803411467564e-15,0.0,0.0,50.0,45.76738554533596
7065,108.28149665786675,0.0,0.0,0.0,0.0,42.19544457292888,-0.0
7066,106.52134668967257,0.0,0.0,0.0,0.0,0.0,0.0
7067,87.07903431137474,0.0,0.0,0.0,8.465228909328081,0.0,7.804555427071122
7068,82.16756013036704,0.0,0.0,0.0,50.0,0.0,53.90227771353556
7069,83.47866149249094,0.0,0.0,0.0,50.0,0.0,100.0
7070,87.22176432765171,0.0,0.0,0.0,0.0,0.0,100.0
7071,97.66211715752786,0.0,0.0,0.0,0.0,0.0,100.0
7072,101.29616816105977,0.0,0.0,0.0,0.0,0.0,100.0
7073,106.02112297142739,0.0,0.0,0.0,0.0,42.19544457292888,54.23261445466404
7074,113.80346009066481,0.0,0.0,0.0,0.0,50.0,-0.0
7075,98.34423134586757,0.0,0.0,0.0,0.0,0.0,-0.0
7076,96.72859266774654,0.0,0.0,0.0,0.0,0.0,0.0
7077,88.51822818404119,0.0,0.0,0.0,0.0,-0.0,-0.0
7078,77.6505954052759,50.0,0.0,46.09772228646444,0.0,0.0,-0.0
7079,75.36353750851332,50.0,0.0,92.19544457292888,0.0,0.0,0.0
7080,69.87998542910036,0.0,0.0,92.19544457292888,50.0,0.0,46.09772228646444
7081,71.97695295764935,0.0,0.0,92.19544457292888,0.0,0.0,46.09772228646444
7082,67.97184902292605,0.0,0.0,92.19544457292888,50.0,0.0,92.19544457292888
7083,71.30677217611348,0.0,0.0,92.19544457292888,8.465228909328081,0.0,100.0
7084,76.68432094424324,0.0,0.0,92.19544457292888,0.0,0.0,100.0
7085,79.1282476196483,0.0,0.0,92.19544457292888,0.0,0.0,100.0
7086,80.17113788749613,0.0,0.0,92.19544457292888,0.0,0.0,100.0
7087,81.58753282104085,0.0,0.0,92.19544457292888,0.0,0.0,100.0
7088,88.48968868062607,0.0,50.0,37.96283011826483,0.0,50.0,45.76738554533596
7089,86.02147880170386,0.0,0.0,37.96283011826483,0.0,42.19544457292888,-0.0
7090,75.02914343704505,0.0,0.0,37.96283011826483,0.0,0.0,0.0
7091,60.58442350049597,50.0,0.0,84.06055240472926,50.0,0.0,46.09772228646444
7092,62.705767855671695,0.0,0.0,84.06055240472926,8.465228909328081,0.0,53.90227771353556
7093,60.211188323123885,17.288758321092793,0.0,100.0,50.0,0.0,100.0
7094,66.2866023166767,0.0,0.0,100.0,0.0,0.0,100.0
7095,79.82911561080797,0.0,0.0,100.0,0.0,0.0,100.0
7096,79.61403045590569,0.0,0.0,100.0,0.0,0.0,100.0
7097,85.44856092364876,0.0,0.0,100.0,0.0,0.0,100.0
7098,87.33827518798334,0.0,0.0,100.0,0.0,-0.0,100.0
7099,88.48531064579043,0.0,0.0,100.0,0.0,42.19544457292888,54.23261445466404
7100,91.18304325247672,0.0,50.0,45.767385545335955,0.0,50.0,0.0
7101,77.91297653723791,0.0,0.0,45.767385545335955,0.0,-0.0,-0.0
7102,75.99237603490948,0.0,0.0,45.767385545335955,0.0,0.0,-0.0
7103,77.65207211987185,0.0,0.0,45.767385545335955,0.0,0.0,0.0
7104,64.2208239603971,0.0,0.0,45.767385545335955,0.0,0.0,-0.0
7105,60.27097906502363,0.0,0.0,45.767385545335955,50.0,0.0,46.09772228646444
7106,60.18841637165079,50.0,0.0,91.8651078318004,50.0,0.0,92.19544457292888
7107,61.18701560139249,0.0,0.0,91.8651078318004,8.465228909328081,0.0,100.0
7108,65.75211201169336,0.0,0.0,91.8651078318004,-0.0,0.0,100.0
7109,72.58353923995877,0.0,0.0,91.8651078318004,0.0,0.0,100.0
7110,72.52837799133236,0.0,0.0,91.8651078318004,0.0,0.0,100.0
7111,83.45823282563937,0.0,0.0,91.8651078318004,0.0,-0.0,100.0
7112,92.02920015815126,0.0,50.0,37.632493377136356,0.0,50.0,45.76738554533596
7113,90.5507903091311,0.0,34.69544457292888,0.0,0.0,42.19544457292888,0.0
7114,76.75490460391032,0.0,0.0,0.0,0.0,0.0,-0.0
7115,70.81639679214605,0.0,0.0,0.0,-0.0,0.0,0.0
7116,68.66450248709106,0.0,0.0,0.0,-0.0,0.0,0.0
7117,62.43499787181252,0.0,0.0,0.0,50.0,0.0,46.09772228646444
7118,64.54573414343221,0.0,0.0,0.0,8.465228909328081,0.0,53.90227771353556
7119,63.648892930104665,0.0,0.0,0.0,50.0,0.0,100.0
7120,75.18651633637472,0.0,0.0,0.0,0.0,0.0,100.0
7121,82.51412018786453,0.0,0.0,0.0,0.0,50.0,45.76738554533596
7122,76.51092790510839,0.0,0.0,0.0,0.0,0.0,45.76738554533596
7123,78.31448533187822,0.0,0.0,0.0,0.0,42.19544457292888,-0.0
7124,74.64885063514892,0.0,0.0,0.0,0.0,0.0,-0.0
7125,72.77111190200216,0.0,0.0,0.0,0.0,0.0,0.0
7126,65.94883414377986,0.0,0.0,0.0,0.0,0.0,-0.0
7127,58.280278404024955,50.0,0.0,46.09772228646444,-0.0,0.0,0.0
7128,43.087343179483085,0.0,0.0,46.09772228646444,0.0,0.0,-0.0
7129,38.51853161257413,50.0,0.0,92.19544457292888,50.0,0.0,46.09772228646444
7130,37.86946897991369,8.465228909328081,0.0,100.0,50.0,0.0,92.19544457292888
7131,39.459266895478194,0.0,0.0,100.0,8.465228909328081,0.0,100.0
7132,41.40204579025889,0.0,0.0,100.0,0.0,0.0,100.0
7133,44.64442757044432,0.0,0.0,100.0,0.0,0.0,100.0
7134,50.15282940388745,0.0,0.0,100.0,0.0,-0.0,100.0
7135,71.10687096516376,0.0,0.0,100.0,0.0,0.0,100.0
7136,69.94789471192486,0.0,0.0,100.0,0.0,0.0,100.0
7137,66.03328080907099,0.0,0.0,100.0,-0.0,0.0,100.0
7138,80.41026009840269,0.0,0.0,100.0,0.0,42.50000000000001,53.90227771353556
7139,77.14427517108503,0.0,0.0,100.0,0.0,0.0,53.90227771353556
7140,65.85866400196616,0.0,0.0,100.0,50.0,0.0,100.0
7141,70.76967820277444,0.0,0.0,100.0,0.0,0.0,100.0
7142,69.23085890863925,0.0,0.0,100.0,0.0,0.0,100.0
7143,80.73400326242118,0.0,0.0,100.0,0.0,-0.0,100.0
7144,86.48984361980334,0.0,0.0,100.0,0.0,0.0,100.0
7145,89.63806652088297,0.0,0.0,100.0,0.0,0.0,100.0
7146,101.00279299818048,0.0,0.0,100.0,0.0,0.0,100.0
7147,102.15161124389488,0.0,50.0,45.767385545335955,0.0,42.19544457292888,54.23261445466404
7148,102.36043322038157,0.0,42.19544457292887,0.0,0.0,50.0,0.0
7149,97.95610547555282,0.0,0.0,0.0,0.0,-0.0,-0.0
7150,88.95393670410704,0.0,0.0,0.0,0.0,0.0,-0.0
7151,87.33058428783437,0.0,0.0,0.0,0.0,0.0,0.0
7152,80.84920622728927,0.0,0.0,0.0,0.0,0.0,-0.0
7153,77.14925036215763,50.0,0.0,46.09772228646444,50.0,0.0,46.09772228646444
7154,83.40838011598845,0.0,0.0,46.09772228646444,0.0,0.0,46.09772228646444
7155,85.44666775412148,0.0,0.0,46.09772228646444,0.0,0.0,46.09772228646444
7156,86.15525493619235,0.0,0.0,46.09772228646444,0.0,0.0,46.09772228646444
7157,89.75257947051163,0.0,0.0,46.09772228646444,0.0,0.0,46.09772228646444
7158,94.56539209480178,0.0,0.0,46.09772228646444,0.0,0.0,46.09772228646444
7159,91.51419181319893,0.0,0.0,46.09772228646444,0.0,0.0,46.09772228646444
7160,92.56825775265021,0.0,0.0,46.09772228646444,0.0,0.0,46.09772228646444
7161,91.24248833812243,0.0,0.0,46.09772228646444,0.0,0.0,46.09772228646444
7162,83.32411129978453,0.0,0.0,46.09772228646444,0.0,0.0,46.09772228646444
7163,79.38123797170601,0.0,0.0,46.09772228646444,8.465228909328081,0.0,53.90227771353556
7164,75.63493945196402,50.0,0.0,92.19544457292888,50.0,0.0,100.0
7165,79.43325877319076,0.0,0.0,92.19544457292888,-0.0,0.0,100.0
7166,85.89700292274217,0.0,0.0,92.19544457292888,-0.0,0.0,100.0
7167,92.06969126425498,0.0,0.0,92.19544457292888,0.0,0.0,100.0
7168,90.61597665587735,0.0,0.0,92.19544457292888,0.0,0.0,100.0
7169,105.7225918141896,0.0,50.0,37.96283011826483,0.0,42.19544457292888,54.23261445466404
7170,106.25017107379614,0.0,35.0,7.105427357601002e-15,0.0,50.0,0.0
7171,103.44535302889028,0.0,0.0,7.105427357601002e-15,0.0,0.0,-0.0
7172,96.32183779768502,0.0,0.0,7.105427357601002e-15,0.0,0.0,-0.0
7173,87.29208236383838,0.0,0.0,7.105427357601002e-15,-0.0,0.0,-0.0
7174,90.0264794706361,0.0,0.0,7.105427357601002e-15,0.0,0.0,-0.0
7175,92.58348079757705,0.0,0.0,7.105427357601002e-15,0.0,0.0,0.0
7176,81.50161455871391,0.0,0.0,7.105427357601002e-15,0.0,0.0,-0.0
7177,76.42041798000989,0.0,0.0,7.105427357601002e-15,-0.0,0.0,0.0
7178,76.23032475617164,0.0,0.0,7.105427357601002e-15,0.0,0.0,-0.0
7179,74.535170328412,0.0,0.0,7.105427357601002e-15,50.0,0.0,46.09772228646444
7180,73.84998974289016,0.0,0.0,7.105427357601002e-15,50.0,0.0,92.19544457292888
7181,78.84661581439394,0.0,0.0,7.105427357601002e-15,0.0,0.0,92.19544457292888
7182,81.29620389537104,0.0,0.0,7.105427357601002e-15,0.0,0.0,92.19544457292888
7183,87.50945950151683,0.0,0.0,7.105427357601002e-15,0.0,0.0,92.19544457292888
7184,90.48249253221059,0.0,6.5508803411467564e-15,0.0,0.0,35.00000000000001,54.23261445466404
7185,91.41277795675792,0.0,0.0,0.0,0.0,50.0,0.0
7186,82.36484409787244,0.0,0.0,0.0,0.0,0.0,-0.0
7187,80.54244214788247,0.0,0.0,0.0,0.0,0.0,-0.0
7188,71.60714890674633,0.0,0.0,0.0,-0.0,0.0,0.0
7189,68.30313053390435,0.0,0.0,0.0,50.0,0.0,46.09772228646444
7190,69.04542838023913,0.0,0.0,0.0,50.0,0.0,92.19544457292888
7191,69.6663569826678,0.0,0.0,0.0,0.0,0.0,92.19544457292888
7192,82.99870590619136,0.0,0.0,0.0,0.0,0.0,92.19544457292888
7193,83.49785268893976,0.0,0.0,0.0,0.0,35.00000000000001,54.23261445466404
7194,82.62864801934461,0.0,0.0,0.0,0.0,0.0,54.23261445466404
7195,88.94506210652236,0.0,0.0,0.0,0.0,50.0,-0.0
7196,81.65472850214627,0.0,0.0,0.0,0.0,0.0,-0.0
7197,75.37648560556596,0.0,0.0,0.0,0.0,0.0,0.0
7198,64.94607370019028,50.0,0.0,46.09772228646444,0.0,0.0,-0.0
7199,66.34209333971599,50.0,0.0,92.19544457292888,0.0,0.0,-0.0
7200,59.44121678356608,0.0,0.0,92.19544457292888,8.465228909328081,0.0,7.804555427071122
7201,60.670003360046074,0.0,0.0,92.19544457292888,0.0,0.0,7.804555427071122
7202,61.212456370196165,0.0,0.0,92.19544457292888,0.0,0.0,7.804555427071122
7203,60.64249878226025,0.0,0.0,92.19544457292888,0.0,0.0,7.804555427071122
7204,59.16142294531794,0.0,0.0,92.19544457292888,50.0,0.0,53.90227771353556
7205,58.91777777169169,0.0,0.0,92.19544457292888,50.0,0.0,100.0
7206,72.3828767112606,0.0,0.0,92.19544457292888,0.0,-0.0,100.0
7207,82.08360189869204,0.0,50.0,37.96283011826483,0.0,50.0,45.76738554533596
7208,80.52718590907632,0.0,35.0,7.105427357601002e-15,0.0,42.19544457292888,-0.0
7209,79.1070459386674,0.0,0.0,7.105427357601002e-15,0.0,0.0,0.0
7210,72.73666223583697,0.0,0.0,7.105427357601002e-15,0.0,0.0,-0.0
7211,61.52546510329708,0.0,0.0,7.105427357601002e-15,-0.0,0.0,0.0
7212,59.9782409231498,0.0,0.0,7.105427357601002e-15,-0.0,0.0,0.0
7213,58.41029757967879,0.0,0.0,7.105427357601002e-15,0.0,0.0,-0.0
7214,57.56469405825582,0.0,0.0,7.105427357601002e-15,0.0,0.0,-0.0
7215,56.80773343510879,50.0,0.0,46.097722286464446,-0.0,0.0,0.0
7216,56.917417314946924,0.0,0.0,46.097722286464446,0.0,0.0,-0.0
7217,62.65960565876202,0.0,0.0,46.097722286464446,0.0,0.0,-0.0
7218,66.72928703482987,0.0,0.0,46.097722286464446,0.0,-0.0,-0.0
7219,62.51925633227696,0.0,0.0,46.097722286464446,0.0,0.0,-0.0
7220,63.92812987327909,0.0,0.0,46.097722286464446,0.0,0.0,0.0
7221,59.65366066231705,0.0,0.0,46.097722286464446,0.0,-0.0,-0.0
7222,59.14148934101857,0.0,0.0,46.097722286464446,0.0,0.0,-0.0
7223,55.385611819524996,50.0,0.0,92.19544457292889,0.0,0.0,0.0
7224,40.32027504069947,0.0,0.0,92.19544457292889,0.0,0.0,-0.0
7225,39.54657641647788,0.0,0.0,92.19544457292889,0.0,0.0,-0.0
7226,31.772162576228126,8.465228909328065,0.0,100.0,50.0,0.0,46.09772228646444
7227,35.972398775734256,0.0,0.0,100.0,8.465228909328081,0.0,53.90227771353556
7228,34.07133147161807,0.0,0.0,100.0,50.0,0.0,100.0
7229,45.24205324111641,0.0,0.0,100.0,0.0,-0.0,100.0
7230,50.77684451895874,0.0,0.0,100.0,0.0,-0.0,100.0
7231,63.735532966021125,0.0,0.0,100.0,0.0,-0.0,100.0
7232,61.19396785872232,0.0,0.0,100.0,0.0,0.0,100.0
7233,57.27701116285419,0.0,0.0,100.0,0.0,0.0,100.0
7234,56.289655287294465,0.0,0.0,100.0,0.0,0.0,100.0
7235,58.95487657112403,0.0,0.0,100.0,0.0,0.0,100.0
7236,65.78971295520464,0.0,0.0,100.0,0.0,-0.0,100.0
7237,66.2986327628899,0.0,0.0,100.0,0.0,-0.0,100.0
7238,80.2079567366795,0.0,0.0,100.0,-0.0,0.0,100.0
7239,84.29482543639051,0.0,0.0,100.0,0.0,0.0,100.0
7240,199.11604565408905,0.0,50.0,45.767385545335955,0.0,50.0,45.76738554533596
7241,159.90486233704496,0.0,42.19544457292887,0.0,0.0,42.19544457292888,-0.0
7242,140.14769447955646,0.0,0.0,0.0,0.0,0.0,0.0
7243,110.39232628301393,0.0,0.0,0.0,0.0,-0.0,0.0
7244,75.94823295193075,0.0,0.0,0.0,0.0,0.0,-0.0
7245,73.69948437932032,0.0,0.0,0.0,8.465228909328081,0.0,7.804555427071122
7246,61.74259338385113,0.0,0.0,0.0,50.0,0.0,53.90227771353556
7247,61.14586526451803,0.0,0.0,0.0,50.0,0.0,100.0
7248,189.1925831748365,0.0,0.0,0.0,0.0,50.0,45.76738554533596
7249,132.92858459232127,0.0,0.0,0.0,0.0,42.19544457292888,0.0
7250,94.38320782762327,0.0,0.0,0.0,0.0,-0.0,0.0
7251,72.57535324245744,0.0,0.0,0.0,-0.0,0.0,0.0
7252,38.18008807182406,50.0,0.0,46.09772228646444,50.0,0.0,46.09772228646444
7253,43.435699631285416,50.0,0.0,92.19544457292888,50.0,0.0,92.19544457292888
7254,51.52897247108006,0.0,0.0,92.19544457292888,8.465228909328081,0.0,100.0
7255,56.90426130499635,0.0,0.0,92.19544457292888,0.0,0.0,100.0
7256,70.25844493053766,0.0,0.0,92.19544457292888,0.0,42.50000000000001,53.90227771353556
7257,65.43266480001353,0.0,0.0,92.19544457292888,0.0,0.0,53.90227771353556
7258,69.39137517990393,0.0,0.0,92.19544457292888,0.0,0.0,53.90227771353556
7259,58.909417658224015,0.0,0.0,92.19544457292888,0.0,0.0,53.90227771353556
7260,56.98159109971857,0.0,0.0,92.19544457292888,50.0,0.0,100.0
7261,64.43068589333487,0.0,0.0,92.19544457292888,0.0,0.0,100.0
7262,74.5949692504072,0.0,0.0,92.19544457292888,0.0,-0.0,100.0
7263,78.3845485982772,0.0,0.0,92.19544457292888,0.0,-0.0,100.0
7264,88.52977405240128,0.0,0.0,92.19544457292888,0.0,-0.0,100.0
7265,96.26036430338107,0.0,0.0,92.19544457292888,0.0,0.0,100.0
7266,95.30834563617944,0.0,0.0,92.19544457292888,0.0,0.0,100.0
7267,97.15676464873246,0.0,0.0,92.19544457292888,0.0,0.0,100.0
7268,102.63246516017375,0.0,0.0,92.19544457292888,0.0,50.0,45.76738554533596
7269,98.41003044034537,0.0,0.0,92.19544457292888,0.0,42.19544457292888,-0.0
7270,94.93322226229087,0.0,0.0,92.19544457292888,0.0,0.0,0.0
7271,93.19582649783817,0.0,0.0,92.19544457292888,0.0,-0.0,0.0
7272,71.58849927132498,0.0,0.0,92.19544457292888,0.0,0.0,-0.0
7273,70.3732728911787,0.0,0.0,92.19544457292888,-0.0,0.0,0.0
7274,61.63938896981526,8.465228909328081,0.0,100.0,50.0,0.0,46.09772228646444
7275,57.38829315246288,0.0,0.0,100.0,50.0,0.0,92.19544457292888
7276,70.92603420245106,0.0,0.0,100.0,0.0,0.0,92.19544457292888
7277,72.8894355180795,0.0,0.0,100.0,0.0,0.0,92.19544457292888
7278,74.14122215586188,0.0,0.0,100.0,0.0,0.0,92.19544457292888
7279,85.84285212440965,0.0,0.0,100.0,0.0,50.0,37.96283011826484
7280,82.60544210183437,0.0,0.0,100.0,0.0,35.00000000000001,-0.0
7281,78.34955289869812,0.0,0.0,100.0,0.0,0.0,-0.0
7282,80.55640110920687,0.0,0.0,100.0,0.0,0.0,-0.0
7283,75.19910405173964,0.0,0.0,100.0,0.0,0.0,0.0
7284,63.06049063084609,0.0,0.0,100.0,50.0,0.0,46.09772228646444
7285,66.53853109138785,0.0,0.0,100.0,50.0,0.0,92.19544457292888
7286,68.14169936995717,0.0,0.0,100.0,8.465228909328081,0.0,100.0
7287,83.19587557212856,0.0,0.0,100.0,0.0,-0.0,100.0
7288,86.59333983083366,0.0,0.0,100.0,0.0,-0.0,100.0
7289,97.93442054377036,0.0,0.0,100.0,0.0,0.0,100.0
7290,109.59285231881104,0.0,50.0,45.767385545335955,0.0,50.0,45.76738554533596
7291,102.30202094488865,0.0,42.19544457292887,0.0,0.0,42.19544457292888,-0.0
7292,96.0854486736601,0.0,0.0,0.0,0.0,0.0,0.0
7293,91.89712554027025,0.0,0.0,0.0,0.0,-0.0,-0.0
7294,81.07842350578476,0.0,0.0,0.0,0.0,0.0,-0.0
7295,78.16990747485919,0.0,0.0,0.0,0.0,0.0,0.0
7296,64.48783393423973,0.0,0.0,0.0,0.0,0.0,-0.0
7297,59.92605010797674,0.0,0.0,0.0,0.0,0.0,-0.0
7298,57.83704671685996,0.0,0.0,0.0,8.823529411764698,0.0,8.134892168199599
7299,57.50746067799925,0.0,0.0,0.0,50.0,0.0,54.23261445466404
7300,60.04692859695365,0.0,0.0,0.0,0.0,0.0,54.23261445466404
7301,60.925656786105534,0.0,0.0,0.0,0.0,0.0,54.23261445466404
7302,64.09223991848057,0.0,0.0,0.0,0.0,0.0,54.23261445466404
7303,69.5561076323377,0.0,0.0,0.0,0.0,0.0,54.23261445466404
7304,72.50625993550402,0.0,0.0,0.0,0.0,50.0,-0.0
7305,69.05494331817938,0.0,0.0,0.0,0.0,0.0,0.0
7306,66.87076835477623,0.0,0.0,0.0,0.0,-0.0,0.0
7307,52.32348252698394,0.0,0.0,0.0,0.0,0.0,-0.0
7308,46.471760044643744,50.0,0.0,46.09772228646444,50.0,0.0,46.09772228646444
7309,46.66240937626056,50.0,0.0,92.19544457292888,50.0,0.0,92.19544457292888
7310,47.22821560605189,0.0,0.0,92.19544457292888,8.465228909328081,0.0,100.0
7311,64.34230899604876,0.0,0.0,92.19544457292888,0.0,-0.0,100.0
7312,72.5915591169348,0.0,0.0,92.19544457292888,0.0,0.0,100.0
7313,80.17326375816378,0.0,0.0,92.19544457292888,0.0,0.0,100.0
7314,80.7396742203035,0.0,50.0,37.96283011826483,0.0,50.0,45.76738554533596
7315,80.20623487268153,0.0,35.0,7.105427357601002e-15,0.0,42.19544457292888,-0.0
7316,70.02562411737354,0.0,0.0,7.105427357601002e-15,0.0,0.0,0.0
7317,64.72035511938779,0.0,0.0,7.105427357601002e-15,0.0,0.0,-0.0
7318,55.50176614823977,0.0,0.0,7.105427357601002e-15,-0.0,0.0,0.0
7319,51.499157496078105,0.0,0.0,7.105427357601002e-15,0.0,-0.0,0.0
7320,26.97491067048645,50.0,0.0,46.097722286464446,50.0,0.0,46.09772228646444
7321,20.37045008632908,50.0,0.0,92.19544457292889,50.0,0.0,92.19544457292888
7322,29.0305507617701,0.0,0.0,92.19544457292889,8.465228909328081,0.0,100.0
7323,35.0366836039505,0.0,0.0,92.19544457292889,0.0,0.0,100.0
7324,45.614831921074106,0.0,0.0,92.19544457292889,0.0,-0.0,100.0
7325,58.50197924411934,0.0,0.0,92.19544457292889,0.0,-0.0,100.0
7326,68.6052135089716,0.0,0.0,92.19544457292889,0.0,-0.0,100.0
7327,71.89206217249324,0.0,0.0,92.19544457292889,0.0,0.0,100.0
7328,69.20830470748385,0.0,0.0,92.19544457292889,0.0,0.0,100.0
7329,74.72510143194044,0.0,0.0,92.19544457292889,0.0,0.0,100.0
7330,70.68912043766275,0.0,0.0,92.19544457292889,0.0,0.0,100.0
7331,79.55377331146803,0.0,0.0,92.19544457292889,0.0,-0.0,100.0
7332,73.66930457623162,0.0,0.0,92.19544457292889,0.0,0.0,100.0
7333,84.2106683133877,0.0,0.0,92.19544457292889,0.0,-0.0,100.0
7334,85.80663380273617,0.0,0.0,92.19544457292889,0.0,-0.0,100.0
7335,98.41502403145566,0.0,0.0,92.19544457292889,0.0,0.0,100.0
7336,113.33688492247748,0.0,50.0,37.96283011826485,0.0,50.0,45.76738554533596
7337,111.26423229305436,0.0,35.000000000000014,0.0,0.0,42.19544457292888,-0.0
7338,109.48909957828755,0.0,0.0,0.0,0.0,0.0,-0.0
7339,101.20485164952612,0.0,0.0,0.0,0.0,0.0,0.0
7340,89.3685440041996,0.0,0.0,0.0,0.0,0.0,-0.0
7341,87.21541739111203,0.0,0.0,0.0,0.0,0.0,-0.0
7342,80.38178907049173,0.0,0.0,0.0,0.0,0.0,-0.0
7343,76.32691319286583,0.0,0.0,0.0,-0.0,0.0,0.0
7344,67.07944104703186,0.0,0.0,0.0,0.0,0.0,-0.0
7345,53.455530745640935,50.0,0.0,46.09772228646444,50.0,0.0,46.09772228646444
7346,58.65986816856852,0.0,0.0,46.09772228646444,8.465228909328081,0.0,53.90227771353556
7347,55.956596686778,0.0,0.0,46.09772228646444,50.0,0.0,100.0
7348,60.63924235946399,0.0,0.0,46.09772228646444,0.0,0.0,100.0
7349,68.18101253219692,0.0,0.0,46.09772228646444,0.0,0.0,100.0
7350,81.39626955173986,0.0,0.0,46.09772228646444,0.0,42.19544457292888,54.23261445466404
7351,85.63785114883244,0.0,42.5,0.0,0.0,50.0,-0.0
7352,75.94803369032242,0.0,0.0,0.0,0.0,0.0,-0.0
7353,74.96645728508739,0.0,0.0,0.0,0.0,0.0,0.0
7354,71.66113846258185,0.0,0.0,0.0,0.0,0.0,-0.0
7355,61.04732976914707,0.0,0.0,0.0,0.0,0.0,-0.0
7356,59.37008176702503,0.0,0.0,0.0,8.465228909328081,0.0,7.804555427071122
7357,58.14735862258434,0.0,0.0,0.0,50.0,0.0,53.90227771353556
7358,55.175280466515915,50.0,0.0,46.09772228646444,50.0,0.0,100.0
7359,66.42592183308014,0.0,0.0,46.09772228646444,0.0,0.0,100.0
7360,71.31467250426374,0.0,0.0,46.09772228646444,0.0,0.0,100.0
7361,75.78482473014671,0.0,0.0,46.09772228646444,0.0,0.0,100.0
7362,76.79395335311877,0.0,0.0,46.09772228646444,0.0,0.0,100.0
7363,83.43835941863975,0.0,42.5,0.0,0.0,50.0,45.76738554533596
7364,79.47419448629626,0.0,0.0,0.0,0.0,42.19544457292888,-0.0
7365,74.82932542216625,0.0,0.0,0.0,0.0,0.0,0.0
7366,67.5826111864613,0.0,0.0,0.0,0.0,-0.0,-0.0
7367,66.7454263949939,0.0,0.0,0.0,0.0,0.0,-0.0
7368,62.57849978312599,0.0,0.0,0.0,0.0,0.0,-0.0
7369,63.071022158135825,0.0,0.0,0.0,0.0,0.0,-0.0
7370,64.25475299070422,0.0,0.0,0.0,0.0,0.0,-0.0
7371,66.38614917798697,0.0,0.0,0.0,0.0,0.0,-0.0
7372,59.76703669131267,0.0,0.0,0.0,0.0,0.0,-0.0
7373,59.14164809905468,0.0,0.0,0.0,0.0,0.0,-0.0
7374,64.36804570208697,0.0,0.0,0.0,0.0,0.0,-0.0
7375,66.47120748699746,0.0,0.0,0.0,0.0,0.0,-0.0
7376,64.04394069170318,0.0,0.0,0.0,0.0,0.0,0.0
7377,53.34400281258184,0.0,0.0,0.0,0.0,-0.0,0.0
7378,43.15056968338763,0.0,0.0,0.0,0.0,0.0,-0.0
7379,38.95259780827877,0.0,0.0,0.0,8.465228909328081,0.0,7.804555427071122
7380,37.73941108633683,50.0,0.0,46.09772228646444,50.0,0.0,53.90227771353556
7381,35.762793865224204,50.0,0.0,92.19544457292888,50.0,0.0,100.0
7382,42.28879345676933,0.0,0.0,92.19544457292888,0.0,0.0,100.0
7383,48.42666940151741,0.0,0.0,92.19544457292888,0.0,-0.0,100.0
7384,63.764007065562254,0.0,0.0,92.19544457292888,-0.0,0.0,100.0
7385,70.14660317826511,0.0,0.0,92.19544457292888,0.0,0.0,100.0
7386,77.95260192541669,0.0,50.0,37.96283011826483,0.0,42.19544457292888,54.23261445466404
7387,78.83265275458331,0.0,35.0,7.105427357601002e-15,0.0,50.0,0.0
7388,67.72756399595542,0.0,0.0,7.105427357601002e-15,0.0,0.0,-0.0
7389,63.03002323904449,0.0,0.0,7.105427357601002e-15,-0.0,0.0,0.0
7390,52.295822969891105,0.0,0.0,7.105427357601002e-15,0.0,0.0,-0.0
7391,49.46471516207143,0.0,0.0,7.105427357601002e-15,-0.0,0.0,0.0
7392,35.07437313142522,0.0,0.0,7.105427357601002e-15,8.465228909328081,0.0,7.804555427071122
7393,36.167267193303275,0.0,0.0,7.105427357601002e-15,0.0,0.0,7.804555427071122
7394,28.20806250482829,50.0,0.0,46.097722286464446,50.0,0.0,53.90227771353556
7395,29.789554385224747,50.0,0.0,92.19544457292889,50.0,0.0,100.0
7396,36.65480675031658,0.0,0.0,92.19544457292889,0.0,0.0,100.0
7397,47.573264609178025,0.0,0.0,92.19544457292889,0.0,-0.0,100.0
7398,50.59179897038304,0.0,0.0,92.19544457292889,0.0,-0.0,100.0
7399,57.81806184102352,0.0,0.0,92.19544457292889,0.0,-0.0,100.0
7400,62.907542956348934,0.0,0.0,92.19544457292889,0.0,0.0,100.0
7401,71.09899601965255,0.0,0.0,92.19544457292889,0.0,50.0,45.76738554533596
7402,58.832533738040055,0.0,0.0,92.19544457292889,0.0,0.0,45.76738554533596
7403,49.85824112632578,0.0,0.0,92.19544457292889,50.0,0.0,91.8651078318004
7404,63.63351988308261,0.0,0.0,92.19544457292889,0.0,0.0,91.8651078318004
7405,62.57460520917436,0.0,0.0,92.19544457292889,0.0,0.0,91.8651078318004
7406,56.25516432569748,0.0,0.0,92.19544457292889,0.0,0.0,91.8651078318004
7407,60.52762169185711,0.0,0.0,92.19544457292889,0.0,0.0,91.8651078318004
7408,53.730430485516315,0.0,0.0,92.19544457292889,8.823529411764698,0.0,100.0
7409,63.07955046236806,0.0,0.0,92.19544457292889,0.0,0.0,100.0
7410,72.03957449703269,0.0,50.0,37.96283011826485,0.0,42.19544457292888,54.23261445466404
7411,67.23128362177917,0.0,0.0,37.96283011826485,0.0,0.0,54.23261445466404
7412,99.04542465362348,0.0,35.000000000000014,0.0,0.0,50.0,-0.0
7413,63.420548053572,0.0,0.0,0.0,0.0,0.0,0.0
7414,49.82680591298342,0.0,0.0,0.0,-0.0,0.0,0.0
7415,40.50689732752738,0.0,0.0,0.0,0.0,-0.0,0.0
7416,29.63197762980475,0.0,0.0,0.0,0.0,0.0,-0.0
7417,24.894413064070392,0.0,0.0,0.0,0.0,0.0,-0.0
7418,23.54735335524724,50.0,0.0,46.09772228646444,50.0,0.0,46.09772228646444
7419,18.446911626089495,50.0,0.0,92.19544457292888,50.0,0.0,92.19544457292888
7420,24.1933006665872,0.0,0.0,92.19544457292888,8.465228909328081,0.0,100.0
7421,30.233813882038934,0.0,0.0,92.19544457292888,0.0,0.0,100.0
7422,41.776277434424294,0.0,0.0,92.19544457292888,0.0,0.0,100.0
7423,50.668271325763826,0.0,0.0,92.19544457292888,0.0,-0.0,100.0
7424,56.41797377744818,0.0,0.0,92.19544457292888,0.0,50.0,45.76738554533596
7425,48.632259541768505,0.0,0.0,92.19544457292888,0.0,0.0,45.76738554533596
7426,48.90737136416986,0.0,0.0,92.19544457292888,0.0,0.0,45.76738554533596
7427,43.868764718462195,0.0,0.0,92.19544457292888,8.823529411764698,0.0,53.90227771353556
7428,41.75241980368747,0.0,0.0,92.19544457292888,50.0,0.0,100.0
7429,49.60207676764116,0.0,0.0,92.19544457292888,0.0,0.0,100.0
7430,50.69914591090435,0.0,0.0,92.19544457292888,0.0,0.0,100.0
7431,66.02384425311287,0.0,0.0,92.19544457292888,-0.0,0.0,100.0
7432,81.98785321928389,0.0,0.0,92.19544457292888,0.0,-0.0,100.0
7433,92.03291697809829,0.0,50.0,37.96283011826483,0.0,50.0,45.76738554533596
7434,88.97420788333211,0.0,35.0,7.105427357601002e-15,0.0,42.19544457292888,-0.0
7435,75.88534972208616,0.0,0.0,7.105427357601002e-15,0.0,0.0,-0.0
7436,78.64629143516754,0.0,0.0,7.105427357601002e-15,0.0,0.0,-0.0
7437,74.24108392419109,0.0,0.0,7.105427357601002e-15,0.0,0.0,0.0
7438,65.36340056044143,0.0,0.0,7.105427357601002e-15,0.0,0.0,-0.0
7439,68.60148193417935,0.0,0.0,7.105427357601002e-15,0.0,-0.0,0.0
7440,52.13552804556588,0.0,0.0,7.105427357601002e-15,0.0,0.0,-0.0
7441,47.51518488444676,0.0,0.0,7.105427357601002e-15,8.465228909328081,0.0,7.804555427071122
7442,48.97473222894358,0.0,0.0,7.105427357601002e-15,0.0,0.0,7.804555427071122
7443,42.79304826711266,50.0,0.0,46.097722286464446,50.0,0.0,53.90227771353556
7444,44.93260788412647,50.0,0.0,92.19544457292889,50.0,0.0,100.0
7445,56.22870953827619,0.0,0.0,92.19544457292889,-0.0,0.0,100.0
7446,63.962117288078275,0.0,0.0,92.19544457292889,0.0,0.0,100.0
7447,76.9488207902824,0.0,0.0,92.19544457292889,0.0,-0.0,100.0
7448,85.82549960243273,0.0,50.0,37.96283011826485,0.0,50.0,45.76738554533596
7449,83.83147221911373,0.0,35.000000000000014,0.0,0.0,42.19544457292888,0.0
7450,65.90531198670178,0.0,0.0,0.0,0.0,0.0,-0.0
7451,55.32987738054445,0.0,0.0,0.0,8.465228909328081,0.0,7.804555427071122
7452,57.46857732630116,0.0,0.0,0.0,0.0,0.0,7.804555427071122
7453,49.8476855943403,0.0,0.0,0.0,50.0,0.0,53.90227771353556
7454,53.086420399215754,0.0,0.0,0.0,50.0,0.0,100.0
7455,62.662202723566104,0.0,0.0,0.0,0.0,0.0,100.0
7456,79.01635948458943,0.0,0.0,0.0,0.0,0.0,100.0
7457,81.98136253750258,0.0,0.0,0.0,0.0,50.0,45.76738554533596
7458,81.5307520850447,0.0,0.0,0.0,0.0,42.19544457292888,-0.0
7459,80.73631424389316,0.0,0.0,0.0,0.0,0.0,-0.0
7460,79.1298629233649,0.0,0.0,0.0,0.0,0.0,0.0
7461,73.22741216277421,0.0,0.0,0.0,0.0,0.0,-0.0
7462,74.2953161895208,0.0,0.0,0.0,0.0,-0.0,-0.0
7463,66.01361991876537,0.0,0.0,0.0,0.0,0.0,0.0
7464,55.141214659720646,0.0,0.0,0.0,8.465228909328081,0.0,7.804555427071122
7465,55.0769688291687,50.0,0.0,46.09772228646444,50.0,0.0,53.90227771353556
7466,50.8812049195857,50.0,0.0,92.19544457292888,50.0,0.0,100.0
7467,55.299755730918264,0.0,0.0,92.19544457292888,0.0,0.0,100.0
7468,57.92272926781844,0.0,0.0,92.19544457292888,0.0,0.0,100.0
7469,66.59296872900528,0.0,0.0,92.19544457292888,0.0,0.0,100.0
7470,73.45552054385504,0.0,0.0,92.19544457292888,0.0,0.0,100.0
7471,80.93959909252541,0.0,0.0,92.19544457292888,0.0,50.0,45.76738554533596
7472,79.80400190030308,0.0,0.0,92.19544457292888,0.0,42.19544457292888,0.0
7473,74.74978162677317,0.0,0.0,92.19544457292888,0.0,0.0,-0.0
7474,77.09100639836066,0.0,0.0,92.19544457292888,0.0,0.0,-0.0
7475,75.25369977987494,0.0,0.0,92.19544457292888,0.0,0.0,-0.0
7476,66.07346701334394,0.0,0.0,92.19544457292888,8.465228909328081,0.0,7.804555427071122
7477,67.32834020202553,0.0,0.0,92.19544457292888,0.0,0.0,7.804555427071122
7478,57.99706685410796,0.0,0.0,92.19544457292888,50.0,0.0,53.90227771353556
7479,62.18623641870492,0.0,0.0,92.19544457292888,50.0,0.0,100.0
7480,75.77910404731401,0.0,0.0,92.19544457292888,0.0,0.0,100.0
7481,81.46120885061072,0.0,50.0,37.96283011826483,0.0,42.19544457292888,54.23261445466404
7482,85.23731200779011,0.0,35.0,7.105427357601002e-15,0.0,50.0,0.0
7483,67.86323703229675,0.0,0.0,7.105427357601002e-15,0.0,0.0,-0.0
7484,63.134850268933825,0.0,0.0,7.105427357601002e-15,-0.0,0.0,0.0
7485,61.14088023915364,0.0,0.0,7.105427357601002e-15,0.0,0.0,-0.0
7486,59.90339255599069,0.0,0.0,7.105427357601002e-15,-0.0,0.0,-0.0
7487,62.38933805174561,0.0,0.0,7.105427357601002e-15,0.0,0.0,0.0
7488,49.97145116438877,0.0,0.0,7.105427357601002e-15,-0.0,0.0,0.0
7489,46.935160720195285,0.0,0.0,7.105427357601002e-15,0.0,0.0,-0.0
7490,38.224667011513255,0.0,0.0,7.105427357601002e-15,-0.0,0.0,0.0
7491,37.84918504941885,0.0,0.0,7.105427357601002e-15,0.0,0.0,-0.0
7492,34.023016567410664,0.0,0.0,7.105427357601002e-15,8.465228909328081,0.0,7.804555427071122
7493,29.98379739986078,50.0,0.0,46.097722286464446,50.0,0.0,53.90227771353556
7494,32.55597793451964,50.0,0.0,92.19544457292889,50.0,0.0,100.0
7495,49.33506402863225,0.0,0.0,92.19544457292889,0.0,0.0,100.0
7496,52.55987502055032,0.0,0.0,92.19544457292889,0.0,0.0,100.0
7497,54.227534138182115,0.0,0.0,92.19544457292889,0.0,0.0,100.0
7498,48.54951745021636,0.0,0.0,92.19544457292889,-0.0,0.0,100.0
7499,146.53879587666177,0.0,50.0,37.96283011826485,0.0,50.0,45.76738554533596
7500,108.92317151937974,0.0,35.000000000000014,0.0,0.0,42.19544457292888,0.0
7501,73.02683547470758,0.0,0.0,0.0,-0.0,0.0,0.0
7502,60.255285023261486,0.0,0.0,0.0,0.0,-0.0,0.0
7503,42.65458807739613,0.0,0.0,0.0,50.0,0.0,46.09772228646444
7504,53.6943701490581,0.0,0.0,0.0,0.0,0.0,46.09772228646444
7505,57.725547907726586,0.0,0.0,0.0,0.0,42.50000000000001,-0.0
7506,52.52451779565676,0.0,0.0,0.0,0.0,0.0,-0.0
7507,49.787986134089664,0.0,0.0,0.0,0.0,0.0,0.0
7508,44.454469155932955,0.0,0.0,0.0,0.0,0.0,-0.0
7509,37.74901625522523,0.0,0.0,0.0,-0.0,0.0,-0.0
7510,41.04214630230787,0.0,0.0,0.0,0.0,0.0,0.0
7511,32.97491357498471,0.0,0.0,0.0,0.0,0.0,-0.0
7512,25.574912167548668,50.0,0.0,46.09772228646444,50.0,0.0,46.09772228646444
7513,26.15010282224955,50.0,0.0,92.19544457292888,50.0,0.0,92.19544457292888
7514,31.607637243761886,0.0,0.0,92.19544457292888,8.465228909328081,0.0,100.0
7515,32.12107568514829,0.0,0.0,92.19544457292888,0.0,0.0,100.0
7516,40.01439856823487,0.0,0.0,92.19544457292888,0.0,-0.0,100.0
7517,44.74190065003543,0.0,0.0,92.19544457292888,0.0,0.0,100.0
7518,54.56486887275577,0.0,0.0,92.19544457292888,0.0,50.0,45.76738554533596
7519,53.129345173719,0.0,0.0,92.19544457292888,0.0,35.00000000000001,7.804555427071122
7520,43.0471422684775,0.0,0.0,92.19544457292888,50.0,0.0,53.90227771353556
7521,46.29543854049844,0.0,0.0,92.19544457292888,0.0,0.0,53.90227771353556
7522,46.40806559716401,0.0,0.0,92.19544457292888,0.0,0.0,53.90227771353556
7523,45.99193492624157,0.0,0.0,92.19544457292888,0.0,0.0,53.90227771353556
7524,41.74551410680556,0.0,0.0,92.19544457292888,50.0,0.0,100.0
7525,52.02370731503299,0.0,0.0,92.19544457292888,0.0,0.0,100.0
7526,54.3667217415311,0.0,0.0,92.19544457292888,0.0,-0.0,100.0
7527,64.29967269811615,0.0,0.0,92.19544457292888,0.0,-0.0,100.0
7528,75.71887962188237,0.0,0.0,92.19544457292888,0.0,-0.0,100.0
7529,91.54687287361793,0.0,50.0,37.96283011826483,0.0,42.19544457292888,54.23261445466404
7530,92.17436863706452,0.0,35.0,7.105427357601002e-15,0.0,50.0,0.0
7531,87.27755028597642,0.0,0.0,7.105427357601002e-15,0.0,0.0,-0.0
7532,75.01068531405207,0.0,0.0,7.105427357601002e-15,0.0,0.0,-0.0
7533,78.80354896148194,0.0,0.0,7.105427357601002e-15,0.0,0.0,-0.0
7534,76.00002679822047,0.0,0.0,7.105427357601002e-15,0.0,0.0,-0.0
7535,74.47760439588781,0.0,0.0,7.105427357601002e-15,-0.0,0.0,-0.0
7536,79.45138849475572,0.0,0.0,7.105427357601002e-15,0.0,0.0,0.0
7537,76.90295579674219,0.0,0.0,7.105427357601002e-15,0.0,0.0,-0.0
7538,66.1087555910232,0.0,0.0,7.105427357601002e-15,0.0,0.0,-0.0
7539,63.68936578845677,0.0,0.0,7.105427357601002e-15,8.465228909328081,0.0,7.804555427071122
7540,59.50254334554104,50.0,0.0,46.097722286464446,50.0,0.0,53.90227771353556
7541,61.538369158355934,50.0,0.0,92.19544457292889,50.0,0.0,100.0
7542,65.4982005315855,0.0,0.0,92.19544457292889,0.0,0.0,100.0
7543,68.28021878712755,0.0,0.0,92.19544457292889,0.0,0.0,100.0
7544,63.90917600102682,0.0,0.0,92.19544457292889,0.0,0.0,100.0
7545,72.27507103369199,0.0,0.0,92.19544457292889,0.0,0.0,100.0
7546,69.71138270456346,0.0,0.0,92.19544457292889,0.0,0.0,100.0
7547,63.692144227399396,0.0,0.0,92.19544457292889,0.0,0.0,100.0
7548,65.17234460386388,0.0,0.0,92.19544457292889,0.0,0.0,100.0
7549,68.09092314932654,0.0,0.0,92.19544457292889,0.0,0.0,100.0
7550,73.27452340488752,0.0,0.0,92.19544457292889,0.0,0.0,100.0
7551,83.24204402874034,0.0,0.0,92.19544457292889,0.0,-0.0,100.0
7552,90.7067149558599,0.0,0.0,92.19544457292889,0.0,-0.0,100.0
7553,99.64376769238078,0.0,0.0,92.19544457292889,0.0,0.0,100.0
7554,105.54977690809201,0.0,50.0,37.96283011826485,0.0,50.0,45.76738554533596
7555,104.1373169636176,0.0,35.000000000000014,0.0,0.0,42.19544457292888,-0.0
7556,97.63359939092581,0.0,0.0,0.0,0.0,0.0,-0.0
7557,99.60891385394305,0.0,0.0,0.0,0.0,0.0,-0.0
7558,90.29877086622614,0.0,0.0,0.0,0.0,0.0,-0.0
7559,87.3643313787248,0.0,0.0,0.0,0.0,0.0,0.0
7560,76.50623388566325,0.0,0.0,0.0,0.0,-0.0,-0.0
7561,69.03837351935702,0.0,0.0,0.0,0.0,0.0,0.0
7562,61.55376159327889,0.0,0.0,0.0,-0.0,0.0,0.0
7563,58.60727988822046,0.0,0.0,0.0,0.0,0.0,-0.0
7564,57.45572444402421,0.0,0.0,0.0,8.465228909328081,0.0,7.804555427071122
7565,53.80261975564434,50.0,0.0,46.09772228646444,50.0,0.0,53.90227771353556
7566,56.97365219537159,0.0,0.0,46.09772228646444,50.0,0.0,100.0
7567,65.08787214248856,0.0,0.0,46.09772228646444,0.0,0.0,100.0
7568,75.58199884700774,0.0,0.0,46.09772228646444,0.0,42.19544457292888,54.23261445466404
7569,77.36282552448169,0.0,0.0,46.09772228646444,0.0,50.0,0.0
7570,58.47645162309645,0.0,0.0,46.09772228646444,0.0,0.0,-0.0
7571,58.06709959905902,0.0,0.0,46.09772228646444,8.465228909328081,0.0,7.804555427071122
7572,52.732335437885986,50.0,0.0,92.19544457292888,50.0,0.0,53.90227771353556
7573,56.48498506990803,0.0,0.0,92.19544457292888,50.0,0.0,100.0
7574,60.94498772568567,0.0,0.0,92.19544457292888,0.0,0.0,100.0
7575,67.00995218178355,0.0,0.0,92.19544457292888,0.0,0.0,100.0
7576,74.39309240296048,0.0,0.0,92.19544457292888,0.0,-0.0,100.0
7577,80.74411512201127,0.0,0.0,92.19544457292888,0.0,0.0,100.0
7578,91.3197079721688,0.0,50.0,37.96283011826483,0.0,42.19544457292888,54.23261445466404
7579,89.97141912624025,0.0,0.0,37.96283011826483,0.0,0.0,54.23261445466404
7580,91.712762338077,0.0,35.0,7.105427357601002e-15,0.0,50.0,-0.0
7581,90.88443393421252,0.0,0.0,7.105427357601002e-15,0.0,0.0,-0.0
7582,88.52583592093937,0.0,0.0,7.105427357601002e-15,0.0,0.0,0.0
7583,73.74573824127091,0.0,0.0,7.105427357601002e-15,0.0,0.0,-0.0
7584,67.77401858334237,0.0,0.0,7.105427357601002e-15,0.0,0.0,-0.0
7585,61.795185434414456,0.0,0.0,7.105427357601002e-15,8.465228909328081,0.0,7.804555427071122
7586,63.23333577983148,0.0,0.0,7.105427357601002e-15,0.0,0.0,7.804555427071122
7587,56.758141542743516,0.0,0.0,7.105427357601002e-15,50.0,0.0,53.90227771353556
7588,51.93455692875597,50.0,0.0,46.097722286464446,50.0,0.0,100.0
7589,67.58539594560658,0.0,0.0,46.097722286464446,0.0,0.0,100.0
7590,68.04253625733304,0.0,0.0,46.097722286464446,0.0,0.0,100.0
7591,80.16594999909742,0.0,0.0,46.097722286464446,0.0,42.19544457292888,54.23261445466404
7592,83.2178429194545,0.0,0.0,46.097722286464446,0.0,50.0,0.0
7593,79.06616862705901,0.0,0.0,46.097722286464446,0.0,-0.0,-0.0
7594,74.10292487020065,0.0,0.0,46.097722286464446,0.0,0.0,0.0
7595,61.83839719054289,0.0,0.0,46.097722286464446,-0.0,0.0,0.0
7596,59.21497144458425,0.0,0.0,46.097722286464446,8.465228909328081,0.0,7.804555427071122
7597,54.03441123889346,50.0,0.0,92.19544457292889,50.0,0.0,53.90227771353556
7598,56.581009988928734,0.0,0.0,92.19544457292889,50.0,0.0,100.0
7599,69.1222023205936,0.0,0.0,92.19544457292889,0.0,0.0,100.0
7600,78.30726900621869,0.0,0.0,92.19544457292889,0.0,0.0,100.0
7601,76.33612443166604,0.0,0.0,92.19544457292889,0.0,0.0,100.0
7602,84.5312739351294,0.0,50.0,37.96283011826485,0.0,50.0,45.76738554533596
7603,83.76119998044649,0.0,35.000000000000014,0.0,0.0,42.19544457292888,-0.0
7604,77.0158419194698,0.0,0.0,0.0,0.0,0.0,-0.0
7605,76.22701995634887,0.0,0.0,0.0,0.0,0.0,0.0
7606,70.37933987633191,0.0,0.0,0.0,0.0,-0.0,-0.0
7607,60.37549554124081,0.0,0.0,0.0,0.0,0.0,-0.0
7608,59.42801788989851,0.0,0.0,0.0,0.0,0.0,0.0
7609,56.49851097482419,0.0,0.0,0.0,8.465228909328081,0.0,7.804555427071122
7610,53.94979323414705,50.0,0.0,46.09772228646444,50.0,0.0,53.90227771353556
7611,51.291716826289445,50.0,0.0,92.19544457292888,50.0,0.0,100.0
7612,59.8858328712206,0.0,0.0,92.19544457292888,0.0,0.0,100.0
7613,61.18335634503356,0.0,0.0,92.19544457292888,0.0,0.0,100.0
7614,58.886667270948806,0.0,0.0,92.19544457292888,0.0,0.0,100.0
7615,61.66045753147951,0.0,0.0,92.19544457292888,0.0,0.0,100.0
7616,72.74621092150842,0.0,0.0,92.19544457292888,0.0,-0.0,100.0
7617,76.26729623795399,0.0,0.0,92.19544457292888,0.0,-0.0,100.0
7618,70.3579406844654,0.0,0.0,92.19544457292888,0.0,0.0,100.0
7619,73.0832098286826,0.0,0.0,92.19544457292888,0.0,0.0,100.0
7620,73.8057544812346,0.0,0.0,92.19544457292888,0.0,0.0,100.0
7621,72.01971577423248,0.0,0.0,92.19544457292888,0.0,0.0,100.0
7622,74.47985334978831,0.0,0.0,92.19544457292888,0.0,0.0,100.0
7623,82.40073235325592,0.0,0.0,92.19544457292888,0.0,0.0,100.0
7624,84.6164823422132,0.0,0.0,92.19544457292888,0.0,0.0,100.0
7625,90.34886237160526,0.0,50.0,37.96283011826483,0.0,42.19544457292888,54.23261445466404
7626,94.50669533692002,0.0,35.0,7.105427357601002e-15,0.0,50.0,-0.0
7627,83.74919915525612,0.0,0.0,7.105427357601002e-15,0.0,0.0,0.0
7628,78.94549835829665,0.0,0.0,7.105427357601002e-15,0.0,-0.0,-0.0
7629,72.23842347125328,0.0,0.0,7.105427357601002e-15,0.0,0.0,-0.0
7630,73.26389984077377,0.0,0.0,7.105427357601002e-15,0.0,0.0,0.0
7631,59.31011741187028,0.0,0.0,7.105427357601002e-15,0.0,-0.0,0.0
7632,46.18130659888754,0.0,0.0,7.105427357601002e-15,0.0,0.0,-0.0
7633,41.69073340603424,50.0,0.0,46.097722286464446,50.0,0.0,46.09772228646444
7634,45.980607909237335,0.0,0.0,46.097722286464446,8.465228909328081,0.0,53.90227771353556
7635,45.908792713759304,0.0,0.0,46.097722286464446,50.0,0.0,100.0
7636,58.295337051201514,0.0,0.0,46.097722286464446,0.0,-0.0,100.0
7637,66.24115310678224,0.0,0.0,46.097722286464446,0.0,-0.0,100.0
7638,69.8062920309878,0.0,0.0,46.097722286464446,0.0,-0.0,100.0
7639,76.81196040601775,0.0,0.0,46.097722286464446,0.0,0.0,100.0
7640,77.51671232642292,0.0,0.0,46.097722286464446,0.0,42.19544457292888,54.23261445466404
7641,80.82996164718305,0.0,42.50000000000001,0.0,0.0,50.0,0.0
7642,68.65390485453096,0.0,0.0,0.0,0.0,0.0,-0.0
7643,59.42374553582832,0.0,0.0,0.0,50.0,0.0,46.09772228646444
7644,59.563362303876104,0.0,0.0,0.0,8.465228909328081,0.0,53.90227771353556
7645,67.05340497814612,0.0,0.0,0.0,0.0,0.0,53.90227771353556
7646,58.68769278769876,0.0,0.0,0.0,50.0,0.0,100.0
7647,73.54132799557048,0.0,0.0,0.0,0.0,0.0,100.0
7648,80.22616832815115,0.0,0.0,0.0,0.0,50.0,45.76738554533596
7649,75.90173175764204,0.0,0.0,0.0,0.0,42.19544457292888,-0.0
7650,62.936772883239556,0.0,0.0,0.0,0.0,0.0,0.0
7651,55.413711836003124,0.0,0.0,0.0,0.0,-0.0,-0.0
7652,53.66805765496134,0.0,0.0,0.0,0.0,0.0,-0.0
7653,50.16116063223055,0.0,0.0,0.0,0.0,0.0,-0.0
7654,50.67065999579718,0.0,0.0,0.0,0.0,0.0,-0.0
7655,45.5339245446423,50.0,0.0,46.09772228646444,0.0,0.0,0.0
7656,29.44238829961813,0.0,0.0,46.09772228646444,0.0,0.0,-0.0
7657,26.584909407580355,50.0,0.0,92.19544457292888,50.0,0.0,46.09772228646444
7658,26.912186987112364,8.465228909328081,0.0,100.0,50.0,0.0,92.19544457292888
7659,29.77925986455464,0.0,0.0,100.0,0.0,0.0,92.19544457292888
7660,29.15659276860093,0.0,0.0,100.0,8.465228909328081,0.0,100.0
7661,40.60359789673605,0.0,0.0,100.0,0.0,-0.0,100.0
7662,44.930097685255255,0.0,0.0,100.0,0.0,-0.0,100.0
7663,47.69991231235389,0.0,0.0,100.0,0.0,0.0,100.0
7664,49.55229298924027,0.0,0.0,100.0,0.0,0.0,100.0
7665,56.147816228956145,0.0,0.0,100.0,0.0,42.50000000000001,53.90227771353556
7666,52.419627274598014,0.0,0.0,100.0,0.0,0.0,53.90227771353556
7667,45.11754237864892,0.0,0.0,100.0,50.0,0.0,100.0
7668,48.91742245890008,0.0,0.0,100.0,-0.0,0.0,100.0
7669,62.24936712328148,0.0,0.0,100.0,0.0,-0.0,100.0
7670,67.5080395394138,0.0,0.0,100.0,-0.0,0.0,100.0
7671,80.92669058771949,0.0,0.0,100.0,0.0,0.0,100.0
7672,93.52680066040435,0.0,0.0,100.0,0.0,0.0,100.0
7673,95.23511032150981,0.0,50.0,45.767385545335955,0.0,42.19544457292888,54.23261445466404
7674,97.47613917782789,0.0,42.19544457292887,0.0,0.0,50.0,0.0
7675,88.72025355707095,0.0,0.0,0.0,0.0,0.0,-0.0
7676,83.45780298910978,0.0,0.0,0.0,0.0,0.0,-0.0
7677,74.63506724407526,0.0,0.0,0.0,-0.0,0.0,0.0
7678,67.61054845638634,0.0,0.0,0.0,-0.0,0.0,0.0
7679,60.10107817468072,0.0,0.0,0.0,-0.0,0.0,0.0
7680,47.432195967781986,0.0,0.0,0.0,0.0,0.0,-0.0
7681,48.42473640722386,0.0,0.0,0.0,0.0,-0.0,-0.0
7682,46.27196487634896,0.0,0.0,0.0,0.0,0.0,0.0
7683,36.16375145218984,0.0,0.0,0.0,8.465228909328081,0.0,7.804555427071122
7684,35.298990226220056,50.0,0.0,46.09772228646444,50.0,0.0,53.90227771353556
7685,32.97066225411888,50.0,0.0,92.19544457292888,50.0,0.0,100.0
7686,42.629645703216276,0.0,0.0,92.19544457292888,-0.0,0.0,100.0
7687,53.12368522405283,0.0,0.0,92.19544457292888,0.0,0.0,100.0
7688,58.963451454835294,0.0,0.0,92.19544457292888,0.0,50.0,45.76738554533596
7689,54.61079268012058,0.0,0.0,92.19544457292888,0.0,0.0,45.76738554533596
7690,53.08595759332043,0.0,0.0,92.19544457292888,0.0,0.0,45.76738554533596
7691,46.96809378362208,0.0,0.0,92.19544457292888,0.0,0.0,45.76738554533596
7692,39.27534990740687,0.0,0.0,92.19544457292888,50.0,0.0,91.8651078318004
7693,45.62594760183128,0.0,0.0,92.19544457292888,8.823529411764698,0.0,100.0
7694,55.477274638853885,0.0,0.0,92.19544457292888,0.0,0.0,100.0
7695,68.23102466590097,0.0,0.0,92.19544457292888,0.0,-0.0,100.0
7696,72.73896365438237,0.0,0.0,92.19544457292888,0.0,-0.0,100.0
7697,85.82387244487225,0.0,0.0,92.19544457292888,0.0,0.0,100.0
7698,85.9095537670145,0.0,50.0,37.96283011826483,0.0,42.19544457292888,54.23261445466404
7699,88.66941478390231,0.0,35.0,7.105427357601002e-15,0.0,50.0,-0.0
7700,81.72793994920107,0.0,0.0,7.105427357601002e-15,0.0,0.0,-0.0
7701,75.24708906174945,0.0,0.0,7.105427357601002e-15,0.0,0.0,0.0
7702,57.076063186560404,0.0,0.0,7.105427357601002e-15,0.0,-0.0,0.0
7703,52.82057929339055,0.0,0.0,7.105427357601002e-15,0.0,-0.0,0.0
7704,42.777761764981854,0.0,0.0,7.105427357601002e-15,0.0,0.0,-0.0
7705,38.9368320996756,50.0,0.0,46.097722286464446,50.0,0.0,46.09772228646444
7706,47.81189327375506,0.0,0.0,46.097722286464446,0.0,0.0,46.09772228646444
7707,41.44867433815608,0.0,0.0,46.097722286464446,8.465228909328081,0.0,53.90227771353556
7708,41.19151019860891,50.0,0.0,92.19544457292889,50.0,0.0,100.0
7709,41.80114031272676,0.0,0.0,92.19544457292889,0.0,0.0,100.0
7710,46.35473328005376,0.0,0.0,92.19544457292889,0.0,0.0,100.0
7711,59.473917576503354,0.0,0.0,92.19544457292889,0.0,-0.0,100.0
7712,71.55557602945242,0.0,0.0,92.19544457292889,0.0,50.0,45.76738554533596
7713,66.73487271473387,0.0,0.0,92.19544457292889,0.0,35.00000000000001,7.804555427071122
7714,58.96649353013841,0.0,0.0,92.19544457292889,0.0,0.0,7.804555427071122
7715,48.629010364641,0.0,0.0,92.19544457292889,50.0,0.0,53.90227771353556
7716,54.25650734433193,0.0,0.0,92.19544457292889,50.0,0.0,100.0
7717,61.5684279106275,0.0,0.0,92.19544457292889,0.0,0.0,100.0
7718,65.14201637907132,0.0,0.0,92.19544457292889,0.0,0.0,100.0
7719,64.27344004995498,0.0,0.0,92.19544457292889,0.0,0.0,100.0
7720,65.23747107480145,0.0,0.0,92.19544457292889,0.0,0.0,100.0
7721,73.33696106606322,0.0,50.0,37.96283011826485,0.0,42.19544457292888,54.23261445466404
7722,80.09522167537625,0.0,35.000000000000014,0.0,0.0,50.0,0.0
7723,68.3331039030588,0.0,0.0,0.0,0.0,0.0,-0.0
7724,63.959667516179195,0.0,0.0,0.0,0.0,0.0,-0.0
7725,68.94396635437155,0.0,0.0,0.0,0.0,0.0,-0.0
7726,63.36585226140983,0.0,0.0,0.0,0.0,0.0,-0.0
7727,68.49216636626774,0.0,0.0,0.0,0.0,0.0,-0.0
7728,60.34273869933186,0.0,0.0,0.0,-0.0,0.0,0.0
7729,51.476170854856,0.0,0.0,0.0,0.0,0.0,-0.0
7730,48.14205513439346,0.0,0.0,0.0,-0.0,0.0,0.0
7731,47.43981921653976,0.0,0.0,0.0,8.465228909328081,0.0,7.804555427071122
7732,44.59420239067112,50.0,0.0,46.09772228646444,50.0,0.0,53.90227771353556
7733,44.59115581984632,50.0,0.0,92.19544457292888,50.0,0.0,100.0
7734,60.32349826526654,0.0,0.0,92.19544457292888,0.0,0.0,100.0
7735,61.34676993334006,0.0,0.0,92.19544457292888,0.0,0.0,100.0
7736,71.09018801097582,0.0,0.0,92.19544457292888,0.0,50.0,45.76738554533596
7737,67.7580835266896,0.0,0.0,92.19544457292888,0.0,0.0,45.76738554533596
7738,63.74848870181765,0.0,0.0,92.19544457292888,0.0,0.0,45.76738554533596
7739,62.50670776602297,0.0,0.0,92.19544457292888,0.0,0.0,45.76738554533596
7740,56.61673511377835,0.0,0.0,92.19544457292888,8.823529411764698,0.0,53.90227771353556
7741,60.709588083545704,0.0,0.0,92.19544457292888,0.0,0.0,53.90227771353556
7742,53.67512609144288,0.0,0.0,92.19544457292888,50.0,0.0,100.0
7743,63.763502749867015,0.0,0.0,92.19544457292888,0.0,0.0,100.0
7744,58.37550749708547,0.0,0.0,92.19544457292888,-0.0,0.0,100.0
7745,64.80352578271918,0.0,0.0,92.19544457292888,0.0,0.0,100.0
7746,73.87877190607897,0.0,50.0,37.96283011826483,0.0,42.19544457292888,54.23261445466404
7747,77.3693084773962,0.0,35.0,7.105427357601002e-15,0.0,50.0,-0.0
7748,66.94410362110897,0.0,0.0,7.105427357601002e-15,0.0,0.0,0.0
7749,56.37078818035163,0.0,0.0,7.105427357601002e-15,0.0,0.0,-0.0
7750,49.14426686513349,0.0,0.0,7.105427357601002e-15,0.0,0.0,-0.0
7751,48.16837761833342,0.0,0.0,7.105427357601002e-15,-0.0,0.0,0.0
7752,26.797847852995986,50.0,0.0,46.097722286464446,50.0,0.0,46.09772228646444
7753,26.337954959422717,50.0,0.0,92.19544457292889,50.0,0.0,92.19544457292888
7754,28.21175910045323,0.0,0.0,92.19544457292889,0.0,0.0,92.19544457292888
7755,28.155409202350498,0.0,0.0,92.19544457292889,8.465228909328081,0.0,100.0
7756,34.88420207635212,0.0,0.0,92.19544457292889,0.0,0.0,100.0
7757,42.17416252535554,0.0,0.0,92.19544457292889,0.0,0.0,100.0
7758,46.82145378451655,0.0,0.0,92.19544457292889,0.0,-0.0,100.0
7759,43.58382071553036,0.0,0.0,92.19544457292889,0.0,0.0,100.0
7760,49.461833512893634,0.0,0.0,92.19544457292889,0.0,50.0,45.76738554533596
7761,44.910605738206286,0.0,0.0,92.19544457292889,0.0,0.0,45.76738554533596
7762,39.574703625089526,0.0,0.0,92.19544457292889,50.0,0.0,91.8651078318004
7763,39.69099546853429,0.0,0.0,92.19544457292889,8.823529411764698,0.0,100.0
7764,46.59960754846599,0.0,0.0,92.19544457292889,0.0,0.0,100.0
7765,48.110940682480795,0.0,0.0,92.19544457292889,0.0,0.0,100.0
7766,56.324097193426226,0.0,0.0,92.19544457292889,0.0,-0.0,100.0
7767,55.85077400658021,0.0,0.0,92.19544457292889,0.0,0.0,100.0
7768,65.98352879016187,0.0,0.0,92.19544457292889,0.0,-0.0,100.0
7769,72.75911981843196,0.0,0.0,92.19544457292889,0.0,0.0,100.0
7770,83.30011166330559,0.0,50.0,37.96283011826485,0.0,50.0,45.76738554533596
7771,79.68890195135158,0.0,35.000000000000014,0.0,0.0,42.19544457292888,-0.0
7772,74.90197832441532,0.0,0.0,0.0,0.0,0.0,-0.0
7773,75.98845602865472,0.0,0.0,0.0,0.0,0.0,0.0
7774,70.57211998841777,0.0,0.0,0.0,0.0,0.0,-0.0
7775,60.86632691732168,0.0,0.0,0.0,-0.0,0.0,-0.0
7776,63.75306650289616,0.0,0.0,0.0,0.0,0.0,0.0
7777,54.66200167939541,0.0,0.0,0.0,8.465228909328081,0.0,7.804555427071122
7778,52.342790312005235,50.0,0.0,46.09772228646444,50.0,0.0,53.90227771353556
7779,53.94010242596738,50.0,0.0,92.19544457292888,50.0,0.0,100.0
7780,57.31767428357708,0.0,0.0,92.19544457292888,0.0,0.0,100.0
7781,60.65105107420932,0.0,0.0,92.19544457292888,0.0,0.0,100.0
7782,65.87549208100552,0.0,0.0,92.19544457292888,0.0,0.0,100.0
7783,70.5657223566261,0.0,0.0,92.19544457292888,0.0,-0.0,100.0
7784,67.5486843600151,0.0,0.0,92.19544457292888,0.0,0.0,100.0
7785,78.70906295988354,0.0,50.0,37.96283011826483,0.0,50.0,45.76738554533596
7786,72.8092109444559,0.0,0.0,37.96283011826483,0.0,0.0,45.76738554533596
7787,71.08085200067823,0.0,0.0,37.96283011826483,0.0,0.0,45.76738554533596
7788,65.99930051456137,0.0,0.0,37.96283011826483,0.0,0.0,45.76738554533596
7789,64.31378715709492,0.0,0.0,37.96283011826483,8.823529411764698,0.0,53.90227771353556
7790,65.75943343730893,0.0,0.0,37.96283011826483,0.0,0.0,53.90227771353556
7791,63.99894457457172,0.0,0.0,37.96283011826483,50.0,0.0,100.0
7792,71.28679059941709,0.0,0.0,37.96283011826483,0.0,0.0,100.0
7793,75.75557755046057,0.0,0.0,37.96283011826483,0.0,0.0,100.0
7794,85.75446817250433,0.0,35.0,7.105427357601002e-15,0.0,50.0,45.76738554533596
7795,78.34985269380374,0.0,0.0,7.105427357601002e-15,0.0,42.19544457292888,-0.0
7796,71.81805517902492,0.0,0.0,7.105427357601002e-15,0.0,0.0,0.0
7797,62.370924982790775,0.0,0.0,7.105427357601002e-15,-0.0,0.0,-0.0
7798,66.41600679622913,0.0,0.0,7.105427357601002e-15,0.0,0.0,0.0
7799,58.33880336492646,0.0,0.0,7.105427357601002e-15,0.0,0.0,-0.0
7800,50.47377335982867,0.0,0.0,7.105427357601002e-15,-0.0,0.0,-0.0
7801,53.6468038241429,0.0,0.0,7.105427357601002e-15,0.0,0.0,-0.0
7802,50.9559067316343,0.0,0.0,7.105427357601002e-15,0.0,0.0,0.0
7803,43.177989750810816,50.0,0.0,46.097722286464446,50.0,0.0,46.09772228646444
7804,38.38797753618583,50.0,0.0,92.19544457292889,50.0,0.0,92.19544457292888
7805,48.91337431128605,0.0,0.0,92.19544457292889,8.465228909328081,0.0,100.0
7806,49.10105600979697,0.0,0.0,92.19544457292889,0.0,0.0,100.0
7807,58.49764061617146,0.0,0.0,92.19544457292889,0.0,0.0,100.0
7808,63.15226507636039,0.0,0.0,92.19544457292889,0.0,-0.0,100.0
7809,64.89039810688857,0.0,0.0,92.19544457292889,0.0,50.0,45.76738554533596
7810,63.830612446011514,0.0,0.0,92.19544457292889,0.0,35.00000000000001,7.804555427071122
7811,54.3573386147917,0.0,0.0,92.19544457292889,0.0,0.0,7.804555427071122
7812,47.005236365284084,0.0,0.0,92.19544457292889,50.0,0.0,53.90227771353556
7813,52.627577254520794,0.0,0.0,92.19544457292889,0.0,0.0,53.90227771353556
7814,53.99323406400675,0.0,0.0,92.19544457292889,0.0,0.0,53.90227771353556
7815,46.51354528217978,0.0,0.0,92.19544457292889,50.0,0.0,100.0
7816,59.564366662980035,0.0,0.0,92.19544457292889,-0.0,0.0,100.0
7817,61.451440423634935,0.0,0.0,92.19544457292889,0.0,0.0,100.0
7818,68.64900385815324,0.0,0.0,92.19544457292889,0.0,0.0,100.0
7819,76.76966902098715,0.0,50.0,37.96283011826485,0.0,50.0,45.76738554533596
7820,73.62288827316199,0.0,0.0,37.96283011826485,0.0,0.0,45.76738554533596
7821,74.45853023616445,0.0,0.0,37.96283011826485,0.0,0.0,45.76738554533596
7822,70.50901173148394,0.0,0.0,37.96283011826485,0.0,0.0,45.76738554533596
7823,75.63744068151418,0.0,35.000000000000014,0.0,0.0,42.19544457292888,0.0
7824,57.540774633514474,0.0,0.0,0.0,0.0,0.0,-0.0
7825,54.802709506278696,50.0,0.0,46.09772228646444,50.0,0.0,46.09772228646444
7826,56.531184328122734,0.0,0.0,46.09772228646444,8.465228909328081,0.0,53.90227771353556
7827,54.86031736917995,50.0,0.0,92.19544457292888,50.0,0.0,100.0
7828,63.03418128796726,0.0,0.0,92.19544457292888,0.0,0.0,100.0
7829,64.60619295799614,0.0,0.0,92.19544457292888,0.0,0.0,100.0
7830,81.93172169536192,0.0,0.0,92.19544457292888,-0.0,0.0,100.0
7831,98.38194628798686,0.0,0.0,92.19544457292888,0.0,0.0,100.0
7832,100.96772369802652,0.0,50.0,37.96283011826483,0.0,42.19544457292888,54.23261445466404
7833,100.83477516016949,0.0,0.0,37.96283011826483,0.0,0.0,54.23261445466404
7834,101.03963767307948,0.0,35.0,7.105427357601002e-15,0.0,50.0,-0.0
7835,87.3812905698075,0.0,0.0,7.105427357601002e-15,0.0,0.0,0.0
7836,75.70179682807692,0.0,0.0,7.105427357601002e-15,50.0,0.0,46.09772228646444
7837,82.15010047126896,0.0,0.0,7.105427357601002e-15,0.0,0.0,46.09772228646444
7838,86.26989999840448,0.0,0.0,7.105427357601002e-15,0.0,0.0,46.09772228646444
7839,90.24949912463714,0.0,0.0,7.105427357601002e-15,0.0,0.0,46.09772228646444
7840,96.51314799473823,0.0,0.0,7.105427357601002e-15,0.0,42.50000000000001,0.0
7841,88.2052721418871,0.0,0.0,7.105427357601002e-15,0.0,0.0,-0.0
7842,89.77895813954409,0.0,0.0,7.105427357601002e-15,0.0,-0.0,-0.0
7843,84.51259949446762,0.0,0.0,7.105427357601002e-15,0.0,0.0,-0.0
7844,85.74229943107366,0.0,0.0,7.105427357601002e-15,0.0,0.0,-0.0
7845,85.66494276419536,0.0,0.0,7.105427357601002e-15,0.0,0.0,-0.0
7846,83.20079736467792,0.0,0.0,7.105427357601002e-15,0.0,0.0,-0.0
7847,80.82150365583757,0.0,0.0,7.105427357601002e-15,0.0,0.0,0.0
7848,59.94221486496622,0.0,0.0,7.105427357601002e-15,50.0,0.0,46.09772228646444
7849,60.31776105264506,0.0,0.0,7.105427357601002e-15,50.0,0.0,92.19544457292888
7850,61.39190688116216,0.0,0.0,7.105427357601002e-15,8.465228909328081,0.0,100.0
7851,67.25230999002468,0.0,0.0,7.105427357601002e-15,0.0,0.0,100.0
7852,79.80972394902504,0.0,6.5508803411467564e-15,0.0,0.0,42.19544457292888,54.23261445466404
7853,73.19070368214003,0.0,0.0,0.0,0.0,0.0,54.23261445466404
7854,76.35423024033594,0.0,0.0,0.0,0.0,0.0,54.23261445466404
7855,77.46821391422344,0.0,0.0,0.0,0.0,0.0,54.23261445466404
7856,81.01991480916311,0.0,0.0,0.0,0.0,50.0,-0.0
7857,79.41745566621965,0.0,0.0,0.0,0.0,0.0,0.0
7858,73.38697284329959,0.0,0.0,0.0,0.0,0.0,-0.0
7859,73.98398528428807,0.0,0.0,0.0,0.0,0.0,-0.0
7860,64.46751135765498,0.0,0.0,0.0,-0.0,0.0,0.0
7861,59.121914314252315,50.0,0.0,46.09772228646444,50.0,0.0,46.09772228646444
7862,57.82865221132335,50.0,0.0,92.19544457292888,50.0,0.0,92.19544457292888
7863,63.205322043633025,0.0,0.0,92.19544457292888,0.0,0.0,92.19544457292888
7864,64.67885984144789,0.0,0.0,92.19544457292888,0.0,0.0,92.19544457292888
7865,71.61464050969992,0.0,0.0,92.19544457292888,0.0,0.0,92.19544457292888
7866,74.57052053881469,0.0,0.0,92.19544457292888,0.0,50.0,37.96283011826484
7867,70.26071865236074,0.0,0.0,92.19544457292888,0.0,0.0,37.96283011826484
7868,72.3156300645509,0.0,0.0,92.19544457292888,0.0,35.00000000000001,0.0
7869,67.44535141347271,0.0,0.0,92.19544457292888,0.0,0.0,-0.0
7870,69.0204945797199,0.0,0.0,92.19544457292888,0.0,-0.0,-0.0
7871,64.45692682973174,0.0,0.0,92.19544457292888,0.0,0.0,0.0
7872,52.90731653350734,0.0,0.0,92.19544457292888,0.0,0.0,-0.0
7873,47.46663993031338,8.465228909328081,0.0,100.0,50.0,0.0,46.09772228646444
7874,46.00417516968157,0.0,0.0,100.0,50.0,0.0,92.19544457292888
7875,50.08737074490338,0.0,0.0,100.0,0.0,0.0,92.19544457292888
7876,50.01966290143511,0.0,0.0,100.0,8.465228909328081,0.0,100.0
7877,57.795246711703854,0.0,0.0,100.0,-0.0,0.0,100.0
7878,59.77994679783107,0.0,0.0,100.0,-0.0,0.0,100.0
7879,70.39424634464564,0.0,0.0,100.0,0.0,0.0,100.0
7880,70.33822322097014,0.0,0.0,100.0,0.0,0.0,100.0
7881,74.1474200297017,0.0,50.0,45.767385545335955,0.0,50.0,45.76738554533596
7882,70.13501226484644,0.0,0.0,45.767385545335955,0.0,0.0,45.76738554533596
7883,73.68934329516331,0.0,42.19544457292887,0.0,0.0,42.19544457292888,-0.0
7884,63.905373184810756,0.0,0.0,0.0,0.0,0.0,0.0
7885,56.20913232181548,0.0,0.0,0.0,50.0,0.0,46.09772228646444
7886,57.378373006492914,0.0,0.0,0.0,8.465228909328081,0.0,53.90227771353556
7887,57.155255295819074,0.0,0.0,0.0,50.0,0.0,100.0
7888,58.2347523678796,0.0,0.0,0.0,0.0,0.0,100.0
7889,69.33951346757458,0.0,0.0,0.0,0.0,0.0,100.0
7890,73.3532407315489,0.0,0.0,0.0,0.0,50.0,45.76738554533596
7891,70.82232258576138,0.0,0.0,0.0,0.0,42.19544457292888,0.0
7892,65.90110502045755,0.0,0.0,0.0,0.0,0.0,-0.0
7893,58.554361499468556,0.0,0.0,0.0,0.0,0.0,-0.0
7894,64.02879883009587,0.0,0.0,0.0,0.0,0.0,-0.0
7895,56.86710105091719,0.0,0.0,0.0,-0.0,0.0,0.0
7896,38.748063133918194,50.0,0.0,46.09772228646444,50.0,0.0,46.09772228646444
7897,41.842912157617626,0.0,0.0,46.09772228646444,8.465228909328081,0.0,53.90227771353556
7898,39.65432702447015,50.0,0.0,92.19544457292888,50.0,0.0,100.0
7899,51.509744315354936,0.0,0.0,92.19544457292888,0.0,-0.0,100.0
7900,50.7035657182217,0.0,0.0,92.19544457292888,-0.0,0.0,100.0
7901,60.22950401195314,0.0,0.0,92.19544457292888,0.0,0.0,100.0
7902,72.45382840460942,0.0,0.0,92.19544457292888,0.0,-0.0,100.0
7903,75.07546164343245,0.0,0.0,92.19544457292888,0.0,0.0,100.0
7904,73.77176519906385,0.0,0.0,92.19544457292888,0.0,0.0,100.0
7905,76.7167229767986,0.0,50.0,37.96283011826483,0.0,50.0,45.76738554533596
7906,75.33815205605252,0.0,35.0,7.105427357601002e-15,0.0,42.19544457292888,-0.0
7907,62.37864651446799,0.0,0.0,7.105427357601002e-15,0.0,0.0,0.0
7908,53.58395515738977,0.0,0.0,7.105427357601002e-15,0.0,0.0,-0.0
7909,40.83042787245231,0.0,0.0,7.105427357601002e-15,50.0,0.0,46.09772228646444
7910,49.816893940581004,0.0,0.0,7.105427357601002e-15,50.0,0.0,92.19544457292888
7911,56.33619781179267,0.0,0.0,7.105427357601002e-15,0.0,0.0,92.19544457292888
7912,64.19033879914664,0.0,0.0,7.105427357601002e-15,0.0,50.0,37.96283011826484
7913,62.12695919660709,0.0,0.0,7.105427357601002e-15,0.0,35.00000000000001,0.0
7914,60.6650484526823,0.0,0.0,7.105427357601002e-15,0.0,0.0,-0.0
7915,59.095216080561585,0.0,0.0,7.105427357601002e-15,0.0,0.0,-0.0
7916,53.48403498751461,0.0,0.0,7.105427357601002e-15,0.0,0.0,-0.0
7917,51.00147728813817,0.0,0.0,7.105427357601002e-15,-0.0,0.0,-0.0
7918,51.174425208085495,0.0,0.0,7.105427357601002e-15,0.0,0.0,-0.0
7919,61.50495597366288,0.0,0.0,7.105427357601002e-15,0.0,0.0,0.0
7920,50.199721711746015,0.0,0.0,7.105427357601002e-15,-0.0,0.0,-0.0
7921,54.192132592966765,0.0,0.0,7.105427357601002e-15,0.0,0.0,0.0
7922,47.69916158219236,0.0,0.0,7.105427357601002e-15,-0.0,0.0,0.0
7923,38.52575626038515,0.0,0.0,7.105427357601002e-15,50.0,0.0,46.09772228646444
7924,39.6498487238367,0.0,0.0,7.105427357601002e-15,0.0,0.0,46.09772228646444
7925,36.564433355176334,50.0,0.0,46.097722286464446,50.0,0.0,92.19544457292888
7926,44.69225514822477,0.0,0.0,46.097722286464446,0.0,0.0,92.19544457292888
7927,47.970855773589996,0.0,0.0,46.097722286464446,0.0,27.80455542707114,62.03716988173516
7928,42.037576365809045,0.0,0.0,46.097722286464446,0.0,0.0,62.03716988173516
7929,52.83322068814889,0.0,0.0,46.097722286464446,0.0,50.0,7.804555427071122
7930,47.12741746844533,0.0,0.0,46.097722286464446,0.0,0.0,7.804555427071122
7931,35.03516640864835,50.0,0.0,92.19544457292889,50.0,0.0,53.90227771353556
7932,39.43757690697266,0.0,0.0,92.19544457292889,0.0,0.0,53.90227771353556
7933,37.68801402406444,0.0,0.0,92.19544457292889,50.0,0.0,100.0
7934,49.631446619237444,0.0,0.0,92.19544457292889,0.0,-0.0,100.0
7935,128.54984660587886,0.0,50.0,37.96283011826485,0.0,50.0,45.76738554533596
7936,106.0363178649275,0.0,35.000000000000014,0.0,0.0,42.19544457292888,-0.0
7937,97.85551439758441,0.0,0.0,0.0,0.0,0.0,-0.0
7938,94.22556627735082,0.0,0.0,0.0,0.0,0.0,0.0
7939,80.46479674599289,0.0,0.0,0.0,0.0,-0.0,-0.0
7940,76.45511164084027,0.0,0.0,0.0,0.0,0.0,-0.0
7941,74.50901674566762,0.0,0.0,0.0,0.0,0.0,-0.0
7942,73.81078184790408,0.0,0.0,0.0,0.0,0.0,-0.0
7943,71.06384699654417,0.0,0.0,0.0,0.0,0.0,0.0
7944,58.367169950127675,0.0,0.0,0.0,0.0,0.0,-0.0
7945,47.66318535116539,50.0,0.0,46.09772228646444,50.0,0.0,46.09772228646444
7946,49.52019351920478,50.0,0.0,92.19544457292888,50.0,0.0,92.19544457292888
7947,49.654370879762425,0.0,0.0,92.19544457292888,0.0,0.0,92.19544457292888
7948,49.606589115737464,0.0,0.0,92.19544457292888,8.465228909328081,0.0,100.0
7949,61.589602665746995,0.0,0.0,92.19544457292888,0.0,0.0,100.0
7950,59.90674936004933,0.0,0.0,92.19544457292888,-0.0,0.0,100.0
7951,75.37896033883226,0.0,0.0,92.19544457292888,0.0,0.0,100.0
7952,78.0160626833188,0.0,0.0,92.19544457292888,0.0,42.19544457292888,54.23261445466404
7953,78.31153221138038,0.0,0.0,92.19544457292888,0.0,50.0,0.0
7954,71.47870241959757,0.0,0.0,92.19544457292888,0.0,-0.0,0.0
7955,57.398110135778936,0.0,0.0,92.19544457292888,8.465228909328081,0.0,7.804555427071122
7956,54.41550056521656,0.0,0.0,92.19544457292888,50.0,0.0,53.90227771353556
7957,57.39106938981647,0.0,0.0,92.19544457292888,50.0,0.0,100.0
7958,65.58009960247371,0.0,0.0,92.19544457292888,0.0,0.0,100.0
7959,71.26803001987606,0.0,0.0,92.19544457292888,0.0,0.0,100.0
7960,66.83514178036354,0.0,0.0,92.19544457292888,0.0,0.0,100.0
7961,65.39720709638846,0.0,0.0,92.19544457292888,-0.0,0.0,100.0
7962,81.01569863266947,0.0,50.0,37.96283011826483,0.0,50.0,45.76738554533596
7963,74.5393936054247,0.0,0.0,37.96283011826483,0.0,0.0,45.76738554533596
7964,79.31646201914165,0.0,35.0,7.105427357601002e-15,0.0,42.19544457292888,0.0
7965,69.11089682124944,0.0,0.0,7.105427357601002e-15,0.0,0.0,-0.0
7966,63.713056076235176,0.0,0.0,7.105427357601002e-15,-0.0,0.0,-0.0
7967,64.05896582343223,0.0,0.0,7.105427357601002e-15,0.0,0.0,0.0
7968,48.161205031757945,50.0,0.0,46.097722286464446,50.0,0.0,46.09772228646444
7969,54.92897326361939,0.0,0.0,46.097722286464446,8.465228909328081,0.0,53.90227771353556
7970,53.362095445311056,50.0,0.0,92.19544457292889,50.0,0.0,100.0
7971,55.51085447078259,0.0,0.0,92.19544457292889,0.0,0.0,100.0
7972,55.82688508125483,0.0,0.0,92.19544457292889,0.0,0.0,100.0
7973,63.93862301269043,0.0,0.0,92.19544457292889,0.0,0.0,100.0
7974,78.61603823116948,0.0,0.0,92.19544457292889,0.0,0.0,100.0
7975,82.92078015318384,0.0,0.0,92.19544457292889,0.0,0.0,100.0
7976,94.62816939320439,0.0,50.0,37.96283011826485,0.0,50.0,45.76738554533596
7977,88.56760399017345,0.0,0.0,37.96283011826485,0.0,0.0,45.76738554533596
7978,87.34083966133205,0.0,0.0,37.96283011826485,0.0,0.0,45.76738554533596
7979,83.92961695259842,0.0,0.0,37.96283011826485,0.0,0.0,45.76738554533596
7980,73.84779741258335,0.0,0.0,37.96283011826485,50.0,0.0,91.8651078318004
7981,74.70080036122573,0.0,0.0,37.96283011826485,8.823529411764698,0.0,100.0
7982,77.91287345399006,0.0,0.0,37.96283011826485,-0.0,0.0,100.0
7983,79.07247145442,0.0,0.0,37.96283011826485,0.0,0.0,100.0
7984,88.08223262200866,0.0,0.0,37.96283011826485,0.0,0.0,100.0
7985,94.3344960237115,0.0,0.0,37.96283011826485,0.0,42.19544457292888,54.23261445466404
7986,96.09735474955548,0.0,35.000000000000014,0.0,0.0,50.0,0.0
7987,94.12169734446812,0.0,0.0,0.0,0.0,-0.0,-0.0
7988,89.08626453336126,0.0,0.0,0.0,0.0,0.0,-0.0
7989,81.26309328584455,0.0,0.0,0.0,0.0,0.0,0.0
7990,76.72643283207132,0.0,0.0,0.0,0.0,-0.0,-0.0
7991,69.1161657267804,0.0,0.0,0.0,0.0,0.0,-0.0
7992,71.9626366016348,0.0,0.0,0.0,0.0,0.0,0.0
7993,60.43678136902144,0.0,0.0,0.0,8.465228909328081,0.0,7.804555427071122
7994,54.82426354864218,0.0,0.0,0.0,50.0,0.0,53.90227771353556
7995,51.54709873654251,50.0,0.0,46.09772228646444,50.0,0.0,100.0
7996,64.85496334997289,0.0,0.0,46.09772228646444,0.0,0.0,100.0
7997,61.405893257784385,0.0,0.0,46.09772228646444,0.0,0.0,100.0
7998,69.93247577763074,0.0,0.0,46.09772228646444,0.0,0.0,100.0
7999,76.97672489834414,0.0,0.0,46.09772228646444,0.0,0.0,100.0
8000,81.45131060906687,0.0,0.0,46.09772228646444,0.0,-0.0,100.0
8001,86.54267395529158,0.0,42.5,0.0,0.0,42.19544457292888,54.23261445466404
8002,87.9523126412409,0.0,0.0,0.0,0.0,50.0,-0.0
8003,79.32483806381669,0.0,0.0,0.0,0.0,0.0,-0.0
8004,76.53267431243022,0.0,0.0,0.0,0.0,0.0,0.0
8005,65.75579694124197,0.0,0.0,0.0,50.0,0.0,46.09772228646444
8006,70.14324417919863,0.0,0.0,0.0,0.0,0.0,46.09772228646444
8007,72.21117949168502,0.0,0.0,0.0,0.0,0.0,46.09772228646444
8008,78.74142082562827,0.0,0.0,0.0,0.0,0.0,46.09772228646444
8009,75.62010735197097,0.0,0.0,0.0,0.0,0.0,46.09772228646444
8010,81.41257101534009,0.0,0.0,0.0,0.0,42.50000000000001,-0.0
8011,71.58432064447581,0.0,0.0,0.0,0.0,0.0,0.0
8012,69.54981284730201,0.0,0.0,0.0,0.0,0.0,-0.0
8013,58.468442631470516,0.0,0.0,0.0,-0.0,0.0,0.0
8014,50.199267760945574,50.0,0.0,46.09772228646444,50.0,0.0,46.09772228646444
8015,54.47109276798827,0.0,0.0,46.09772228646444,0.0,0.0,46.09772228646444
8016,47.03704061419201,50.0,0.0,92.19544457292888,50.0,0.0,92.19544457292888
8017,51.452555187884094,8.465228909328081,0.0,100.0,8.465228909328081,0.0,100.0
8018,58.308401984636745,0.0,0.0,100.0,0.0,0.0,100.0
8019,53.30089547574195,0.0,0.0,100.0,0.0,0.0,100.0
8020,63.498855698372225,0.0,0.0,100.0,0.0,-0.0,100.0
8021,59.35195314594607,0.0,0.0,100.0,0.0,0.0,100.0
8022,69.79356037525368,0.0,0.0,100.0,0.0,-0.0,100.0
8023,72.76870336308956,0.0,0.0,100.0,0.0,-0.0,100.0
8024,70.60742722873012,0.0,0.0,100.0,0.0,0.0,100.0
8025,73.09177870429434,0.0,0.0,100.0,0.0,0.0,100.0
8026,74.02040644389014,0.0,0.0,100.0,0.0,-0.0,100.0
8027,73.95206350368387,0.0,0.0,100.0,0.0,0.0,100.0
8028,71.67749126101178,0.0,0.0,100.0,0.0,0.0,100.0
8029,72.24307895282752,0.0,0.0,100.0,-0.0,0.0,100.0
8030,78.49673471439412,0.0,0.0,100.0,-0.0,0.0,100.0
8031,85.97580250516096,0.0,0.0,100.0,0.0,0.0,100.0
8032,95.47625757359927,0.0,0.0,100.0,0.0,0.0,100.0
8033,101.49137363644488,0.0,50.0,45.767385545335955,0.0,42.19544457292888,54.23261445466404
8034,107.75200578630854,0.0,42.19544457292887,0.0,0.0,50.0,0.0
8035,96.32978269726013,0.0,0.0,0.0,0.0,-0.0,0.0
8036,90.90179579579865,0.0,0.0,0.0,0.0,-0.0,-0.0
8037,77.3536519043032,0.0,0.0,0.0,0.0,0.0,0.0
8038,73.86297312839005,0.0,0.0,0.0,0.0,0.0,-0.0
8039,79.03960963607136,0.0,0.0,0.0,0.0,-0.0,0.0
8040,63.92190371393562,0.0,0.0,0.0,-0.0,0.0,0.0
8041,61.45032246459363,0.0,0.0,0.0,0.0,0.0,-0.0
8042,63.13851441890499,0.0,0.0,0.0,0.0,-0.0,0.0
8043,50.6468862419929,0.0,0.0,0.0,0.0,0.0,-0.0
8044,49.92794536193654,0.0,0.0,0.0,8.465228909328081,0.0,7.804555427071122
8045,56.86397831972769,0.0,0.0,0.0,0.0,0.0,7.804555427071122
8046,47.45516082988969,50.0,0.0,46.09772228646444,50.0,0.0,53.90227771353556
8047,49.44659450201537,50.0,0.0,92.19544457292888,50.0,0.0,100.0
8048,60.20584617034983,0.0,0.0,92.19544457292888,0.0,0.0,100.0
8049,276.09631080064145,0.0,50.0,37.96283011826483,0.0,50.0,45.76738554533596
8050,194.46194124773757,0.0,35.0,7.105427357601002e-15,0.0,42.19544457292888,0.0
8051,145.37510605699956,0.0,0.0,7.105427357601002e-15,-0.0,0.0,0.0
8052,113.06698694253316,0.0,0.0,7.105427357601002e-15,-0.0,0.0,0.0
8053,66.45423243930907,0.0,0.0,7.105427357601002e-15,50.0,0.0,46.09772228646444
8054,68.50819006941671,0.0,0.0,7.105427357601002e-15,50.0,0.0,92.19544457292888
8055,75.7026660492838,0.0,0.0,7.105427357601002e-15,8.465228909328081,0.0,100.0
8056,79.51811210890298,0.0,0.0,7.105427357601002e-15,-0.0,0.0,100.0
8057,92.5572504384946,0.0,0.0,7.105427357601002e-15,0.0,0.0,100.0
8058,103.22120754568166,0.0,0.0,7.105427357601002e-15,0.0,42.19544457292888,54.23261445466404
8059,108.67795766454151,0.0,0.0,7.105427357601002e-15,0.0,50.0,0.0
8060,100.80126356428082,0.0,0.0,7.105427357601002e-15,0.0,-0.0,-0.0
8061,88.87605808979197,0.0,0.0,7.105427357601002e-15,0.0,0.0,-0.0
8062,90.02269288726617,0.0,0.0,7.105427357601002e-15,0.0,0.0,-0.0
8063,87.9482240600892,0.0,0.0,7.105427357601002e-15,0.0,0.0,0.0
8064,76.57705223524049,0.0,0.0,7.105427357601002e-15,-0.0,0.0,0.0
8065,68.97147221296765,0.0,0.0,7.105427357601002e-15,0.0,0.0,-0.0
8066,68.27605197358415,0.0,0.0,7.105427357601002e-15,8.465228909328081,0.0,7.804555427071122
8067,60.80255527664637,50.0,0.0,46.097722286464446,50.0,0.0,53.90227771353556
8068,65.6808898292187,50.0,0.0,92.19544457292889,50.0,0.0,100.0
8069,77.01449267379718,0.0,0.0,92.19544457292889,0.0,0.0,100.0
8070,90.99860809001271,0.0,0.0,92.19544457292889,0.0,0.0,100.0
8071,98.99361222714549,0.0,0.0,92.19544457292889,0.0,42.50000000000001,53.90227771353556
8072,92.38100018958194,0.0,0.0,92.19544457292889,0.0,0.0,53.90227771353556
8073,90.93806514311096,0.0,0.0,92.19544457292889,0.0,0.0,53.90227771353556
8074,97.09923760368225,0.0,0.0,92.19544457292889,0.0,0.0,53.90227771353556
8075,85.48864245250303,0.0,0.0,92.19544457292889,0.0,0.0,53.90227771353556
8076,80.84159874874194,0.0,0.0,92.19544457292889,50.0,0.0,100.0
8077,87.76849715657248,0.0,0.0,92.19544457292889,0.0,0.0,100.0
8078,93.35421690291346,0.0,0.0,92.19544457292889,0.0,0.0,100.0
8079,111.68913089886487,0.0,0.0,92.19544457292889,0.0,0.0,100.0
8080,112.25284761229526,0.0,50.0,37.96283011826485,0.0,42.19544457292888,54.23261445466404
8081,110.44406556455522,0.0,0.0,37.96283011826485,0.0,0.0,54.23261445466404
8082,118.13062468211906,0.0,35.000000000000014,0.0,0.0,50.0,0.0
8083,108.30231565641876,0.0,0.0,0.0,0.0,-0.0,-0.0
8084,101.61616895749907,0.0,0.0,0.0,0.0,0.0,-0.0
8085,94.51454679829914,0.0,0.0,0.0,0.0,0.0,-0.0
8086,93.91288191213198,0.0,0.0,0.0,0.0,0.0,-0.0
8087,91.93363311797614,0.0,0.0,0.0,0.0,0.0,0.0
8088,80.97019876337862,0.0,0.0,0.0,8.465228909328081,0.0,7.804555427071122
8089,74.30673939023457,0.0,0.0,0.0,50.0,0.0,53.90227771353556
8090,77.55254524800452,0.0,0.0,0.0,50.0,0.0,100.0
8091,97.49437311862582,0.0,0.0,0.0,0.0,0.0,100.0
8092,99.93552991869105,0.0,0.0,0.0,0.0,0.0,100.0
8093,101.66435505023253,0.0,0.0,0.0,0.0,-0.0,100.0
8094,97.6907339562648,0.0,0.0,0.0,0.0,0.0,100.0
8095,97.78079838458034,0.0,0.0,0.0,0.0,0.0,100.0
8096,97.68485962141516,0.0,0.0,0.0,0.0,0.0,100.0
8097,91.81851807588434,0.0,0.0,0.0,0.0,0.0,100.0
8098,86.05697888428256,0.0,0.0,0.0,0.0,0.0,100.0
8099,89.83100530693095,0.0,0.0,0.0,0.0,0.0,100.0
8100,92.04320108562474,0.0,0.0,0.0,0.0,0.0,100.0
8101,89.4820154427083,0.0,0.0,0.0,0.0,0.0,100.0
8102,84.89944505052215,0.0,0.0,0.0,-0.0,0.0,100.0
8103,97.5831291866981,0.0,0.0,0.0,0.0,0.0,100.0
8104,102.9657791322607,0.0,0.0,0.0,0.0,0.0,100.0
8105,97.80143170128483,0.0,0.0,0.0,0.0,0.0,100.0
8106,103.6218641132122,0.0,0.0,0.0,0.0,42.19544457292888,54.23261445466404
8107,107.10032134895741,0.0,0.0,0.0,0.0,50.0,-0.0
8108,88.2440519344531,0.0,0.0,0.0,0.0,0.0,0.0
8109,77.97134401697832,0.0,0.0,0.0,-0.0,0.0,0.0
8110,72.30498017359523,50.0,0.0,46.09772228646444,0.0,0.0,-0.0
8111,72.6076601978882,50.0,0.0,92.19544457292888,0.0,-0.0,0.0
8112,57.743210568891584,0.0,0.0,92.19544457292888,0.0,0.0,-0.0
8113,50.458364677936565,8.465228909328081,0.0,100.0,50.0,0.0,46.09772228646444
8114,52.80970740741974,0.0,0.0,100.0,8.465228909328081,0.0,53.90227771353556
8115,49.88944282785705,0.0,0.0,100.0,50.0,0.0,100.0
8116,55.08021843367173,0.0,0.0,100.0,0.0,0.0,100.0
8117,53.511658682721816,0.0,0.0,100.0,0.0,0.0,100.0
8118,52.84990455097408,0.0,0.0,100.0,-0.0,0.0,100.0
8119,63.96315952256796,0.0,0.0,100.0,0.0,0.0,100.0
8120,68.96780946750856,0.0,0.0,100.0,0.0,0.0,100.0
8121,73.26905453778912,0.0,0.0,100.0,0.0,50.0,45.76738554533596
8122,66.05789169637421,0.0,0.0,100.0,0.0,0.0,45.76738554533596
8123,57.179682072037046,0.0,0.0,100.0,8.823529411764698,0.0,53.90227771353556
8124,62.46526292929211,0.0,0.0,100.0,0.0,0.0,53.90227771353556
8125,54.61972938670642,0.0,0.0,100.0,50.0,0.0,100.0
8126,66.18040404487608,0.0,0.0,100.0,0.0,0.0,100.0
8127,80.17527011166533,0.0,0.0,100.0,0.0,0.0,100.0
8128,91.86380032035632,0.0,50.0,45.767385545335955,0.0,42.19544457292888,54.23261445466404
8129,93.24491229752877,0.0,42.19544457292887,0.0,0.0,50.0,-0.0
8130,90.99783691103667,0.0,0.0,0.0,0.0,0.0,-0.0
8131,88.62651267217089,0.0,0.0,0.0,0.0,0.0,0.0
8132,77.37555691299355,0.0,0.0,0.0,0.0,0.0,-0.0
8133,67.16371966071442,0.0,0.0,0.0,0.0,0.0,-0.0
8134,66.4614633095433,0.0,0.0,0.0,-0.0,0.0,-0.0
8135,66.73401721467563,0.0,0.0,0.0,0.0,0.0,0.0
8136,49.37403547891064,50.0,0.0,46.09772228646444,50.0,0.0,46.09772228646444
8137,51.012328824711254,50.0,0.0,92.19544457292888,50.0,0.0,92.19544457292888
8138,51.821361551513704,0.0,0.0,92.19544457292888,8.465228909328081,0.0,100.0
8139,59.85537036454592,0.0,0.0,92.19544457292888,0.0,0.0,100.0
8140,64.44765125736247,0.0,0.0,92.19544457292888,0.0,-0.0,100.0
8141,74.11206594253507,0.0,0.0,92.19544457292888,0.0,0.0,100.0
8142,81.96703962221768,0.0,0.0,92.19544457292888,0.0,0.0,100.0
8143,92.13213920016564,0.0,0.0,92.19544457292888,0.0,50.0,45.76738554533596
8144,86.55611180141898,0.0,0.0,92.19544457292888,0.0,35.00000000000001,7.804555427071122
8145,83.79513314974709,0.0,0.0,92.19544457292888,0.0,0.0,7.804555427071122
8146,78.50937069225185,0.0,0.0,92.19544457292888,0.0,0.0,7.804555427071122
8147,71.72975459871842,0.0,0.0,92.19544457292888,50.0,0.0,53.90227771353556
8148,70.88150260173936,0.0,0.0,92.19544457292888,50.0,0.0,100.0
8149,74.27011238541634,0.0,0.0,92.19544457292888,-0.0,0.0,100.0
8150,79.63138834208063,0.0,0.0,92.19544457292888,-0.0,0.0,100.0
8151,84.38146334870906,0.0,0.0,92.19544457292888,0.0,0.0,100.0
8152,86.97752129701016,0.0,0.0,92.19544457292888,0.0,0.0,100.0
8153,98.54256895235031,0.0,50.0,37.96283011826483,0.0,42.19544457292888,54.23261445466404
8154,102.31258091011217,0.0,35.0,7.105427357601002e-15,0.0,50.0,0.0
8155,94.64558140160909,0.0,0.0,7.105427357601002e-15,0.0,-0.0,-0.0
8156,89.00063223122362,0.0,0.0,7.105427357601002e-15,0.0,0.0,0.0
8157,73.61808309583154,0.0,0.0,7.105427357601002e-15,0.0,-0.0,-0.0
8158,69.08024926263782,0.0,0.0,7.105427357601002e-15,0.0,0.0,-0.0
8159,64.49388440876294,0.0,0.0,7.105427357601002e-15,0.0,0.0,0.0
8160,49.915005952429304,50.0,0.0,46.097722286464446,50.0,0.0,46.09772228646444
8161,56.509356912485025,0.0,0.0,46.097722286464446,0.0,0.0,46.09772228646444
8162,48.04859669365389,50.0,0.0,92.19544457292889,50.0,0.0,92.19544457292888
8163,51.94634970510437,0.0,0.0,92.19544457292889,8.465228909328081,0.0,100.0
8164,66.02845160223296,0.0,0.0,92.19544457292889,0.0,0.0,100.0
8165,75.677083936443,0.0,0.0,92.19544457292889,0.0,0.0,100.0
8166,80.61729121492864,0.0,0.0,92.19544457292889,0.0,50.0,45.76738554533596
8167,79.25663430326044,0.0,0.0,92.19544457292889,0.0,42.19544457292888,-0.0
8168,74.23407216168992,0.0,0.0,92.19544457292889,0.0,0.0,0.0
8169,70.80330667484137,0.0,0.0,92.19544457292889,0.0,-0.0,-0.0
8170,62.927832391688966,0.0,0.0,92.19544457292889,0.0,0.0,0.0
8171,54.69994837957207,0.0,0.0,92.19544457292889,8.465228909328081,0.0,7.804555427071122
8172,50.89283137719516,0.0,0.0,92.19544457292889,50.0,0.0,53.90227771353556
8173,51.729144392115046,0.0,0.0,92.19544457292889,50.0,0.0,100.0
8174,59.292244736434746,0.0,0.0,92.19544457292889,0.0,0.0,100.0
8175,59.733067653160624,0.0,0.0,92.19544457292889,0.0,0.0,100.0
8176,64.4719298390443,0.0,0.0,92.19544457292889,0.0,0.0,100.0
8177,70.81217699034895,0.0,0.0,92.19544457292889,0.0,-0.0,100.0
8178,73.66326929005682,0.0,0.0,92.19544457292889,0.0,0.0,100.0
8179,83.84767476502847,0.0,50.0,37.96283011826485,0.0,50.0,45.76738554533596
8180,81.35520633144071,0.0,35.000000000000014,0.0,0.0,42.19544457292888,0.0
8181,67.25946840014599,0.0,0.0,0.0,0.0,0.0,-0.0
8182,65.30398977894497,0.0,0.0,0.0,0.0,0.0,-0.0
8183,65.09308454573119,0.0,0.0,0.0,-0.0,0.0,0.0
8184,52.94063015073323,0.0,0.0,0.0,0.0,0.0,-0.0
8185,43.919076542746126,50.0,0.0,46.09772228646444,50.0,0.0,46.09772228646444
8186,52.430735833351065,0.0,0.0,46.09772228646444,0.0,0.0,46.09772228646444
8187,46.23030565037449,50.0,0.0,92.19544457292888,50.0,0.0,92.19544457292888
8188,52.348463101770164,0.0,0.0,92.19544457292888,8.465228909328081,0.0,100.0
8189,58.19839901292475,0.0,0.0,92.19544457292888,0.0,0.0,100.0
8190,67.92742898187574,0.0,0.0,92.19544457292888,-0.0,0.0,100.0
8191,83.14360783743511,0.0,0.0,92.19544457292888,0.0,0.0,100.0
8192,88.40987844879169,0.0,50.0,37.96283011826483,0.0,50.0,45.76738554533596
8193,83.10680856393743,0.0,0.0,37.96283011826483,0.0,0.0,45.76738554533596
8194,84.17003318883312,0.0,35.0,7.105427357601002e-15,0.0,42.19544457292888,-0.0
8195,74.83544514095748,0.0,0.0,7.105427357601002e-15,0.0,0.0,-0.0
8196,72.21245894924247,0.0,0.0,7.105427357601002e-15,0.0,0.0,0.0
8197,64.90019906304326,0.0,0.0,7.105427357601002e-15,50.0,0.0,46.09772228646444
8198,63.12375784464208,0.0,0.0,7.105427357601002e-15,50.0,0.0,92.19544457292888
8199,70.3677231726948,0.0,0.0,7.105427357601002e-15,0.0,0.0,92.19544457292888
8200,80.08580397053996,0.0,0.0,7.105427357601002e-15,0.0,0.0,92.19544457292888
8201,76.77005859270542,0.0,0.0,7.105427357601002e-15,0.0,0.0,92.19544457292888
8202,82.9845588600682,0.0,0.0,7.105427357601002e-15,0.0,50.0,37.96283011826484
8203,77.86267785522453,0.0,0.0,7.105427357601002e-15,0.0,0.0,37.96283011826484
8204,81.58001201608226,0.0,0.0,7.105427357601002e-15,0.0,35.00000000000001,-0.0
8205,74.40635326568147,0.0,0.0,7.105427357601002e-15,0.0,0.0,0.0
8206,63.434938308313164,0.0,0.0,7.105427357601002e-15,0.0,-0.0,-0.0
8207,60.77998652908078,0.0,0.0,7.105427357601002e-15,0.0,0.0,0.0
8208,44.59992613474467,0.0,0.0,7.105427357601002e-15,50.0,0.0,46.09772228646444
8209,49.85680531508951,0.0,0.0,7.105427357601002e-15,0.0,0.0,46.09772228646444
8210,48.256750264976716,0.0,0.0,7.105427357601002e-15,8.465228909328081,0.0,53.90227771353556
8211,47.41950909731206,0.0,0.0,7.105427357601002e-15,50.0,0.0,100.0
8212,53.069134759020315,0.0,0.0,7.105427357601002e-15,0.0,0.0,100.0
8213,52.237531470427896,0.0,0.0,7.105427357601002e-15,0.0,0.0,100.0
8214,52.01882338109557,0.0,0.0,7.105427357601002e-15,0.0,0.0,100.0
8215,61.286362760722156,0.0,0.0,7.105427357601002e-15,0.0,50.0,45.76738554533596
8216,59.05472406200806,0.0,0.0,7.105427357601002e-15,0.0,42.19544457292888,0.0
8217,52.97588815928,0.0,0.0,7.105427357601002e-15,0.0,0.0,-0.0
8218,54.81813247303609,0.0,0.0,7.105427357601002e-15,0.0,0.0,-0.0
8219,54.04383655899955,0.0,0.0,7.105427357601002e-15,0.0,0.0,-0.0
8220,45.184589464766404,0.0,0.0,7.105427357601002e-15,8.465228909328081,0.0,7.804555427071122
8221,43.606131397812376,50.0,0.0,46.097722286464446,50.0,0.0,53.90227771353556
8222,44.139268446950894,50.0,0.0,92.19544457292889,50.0,0.0,100.0
8223,62.29419993165462,0.0,0.0,92.19544457292889,0.0,-0.0,100.0
8224,75.57637542702136,0.0,0.0,92.19544457292889,0.0,0.0,100.0
8225,79.64733896172237,0.0,50.0,37.96283011826485,0.0,42.19544457292888,54.23261445466404
8226,86.08003346879443,0.0,35.000000000000014,0.0,0.0,50.0,0.0
8227,77.77382721696736,0.0,0.0,0.0,0.0,0.0,-0.0
8228,70.75998725796074,0.0,0.0,0.0,0.0,0.0,-0.0
8229,66.91038268563425,0.0,0.0,0.0,0.0,0.0,-0.0
8230,65.16835712459691,0.0,0.0,0.0,-0.0,0.0,0.0
8231,61.43044867504342,0.0,0.0,0.0,0.0,0.0,-0.0
8232,51.60497043462135,0.0,0.0,0.0,-0.0,0.0,0.0
8233,49.78812354433544,0.0,0.0,0.0,0.0,0.0,-0.0
8234,47.2906277744744,0.0,0.0,0.0,8.465228909328081,0.0,7.804555427071122
8235,45.73126646356057,50.0,0.0,46.09772228646444,50.0,0.0,53.90227771353556
8236,45.90814791895184,50.0,0.0,92.19544457292888,50.0,0.0,100.0
8237,52.41648585642339,0.0,0.0,92.19544457292888,0.0,0.0,100.0
8238,61.53418703304524,0.0,0.0,92.19544457292888,0.0,0.0,100.0
8239,68.93311587210017,0.0,0.0,92.19544457292888,0.0,-0.0,100.0
8240,65.69387580907535,0.0,0.0,92.19544457292888,0.0,0.0,100.0
8241,59.67305618965172,0.0,0.0,92.19544457292888,0.0,0.0,100.0
8242,58.60470466212941,0.0,0.0,92.19544457292888,0.0,0.0,100.0
8243,62.75276638268903,0.0,0.0,92.19544457292888,0.0,0.0,100.0
8244,60.97469707374334,0.0,0.0,92.19544457292888,0.0,0.0,100.0
8245,59.353052903669926,0.0,0.0,92.19544457292888,0.0,0.0,100.0
8246,64.90956690250916,0.0,0.0,92.19544457292888,0.0,0.0,100.0
8247,65.48445203999896,0.0,0.0,92.19544457292888,0.0,0.0,100.0
8248,80.74348863655206,0.0,0.0,92.19544457292888,0.0,0.0,100.0
8249,87.76783312836145,0.0,50.0,37.96283011826483,0.0,50.0,45.76738554533596
8250,86.74040510888835,0.0,35.0,7.105427357601002e-15,0.0,42.19544457292888,0.0
8251,84.92631994316298,0.0,0.0,7.105427357601002e-15,0.0,0.0,-0.0
8252,78.17689758488405,0.0,0.0,7.105427357601002e-15,0.0,0.0,-0.0
8253,80.40846164785049,0.0,0.0,7.105427357601002e-15,0.0,0.0,-0.0
8254,74.05449055238559,0.0,0.0,7.105427357601002e-15,0.0,0.0,-0.0
8255,71.04065888970764,0.0,0.0,7.105427357601002e-15,-0.0,0.0,0.0
8256,62.285836085839605,0.0,0.0,7.105427357601002e-15,0.0,0.0,-0.0
8257,55.16285742126515,0.0,0.0,7.105427357601002e-15,8.465228909328081,0.0,7.804555427071122
8258,54.2273343855005,50.0,0.0,46.097722286464446,50.0,0.0,53.90227771353556
8259,55.28591646747779,0.0,0.0,46.097722286464446,0.0,0.0,53.90227771353556
8260,48.54322245668966,50.0,0.0,92.19544457292889,50.0,0.0,100.0
8261,213.73487437330323,0.0,50.0,37.96283011826485,0.0,50.0,45.76738554533596
8262,159.81865440888572,0.0,35.000000000000014,0.0,0.0,42.19544457292888,0.0
8263,129.4472911403538,0.0,0.0,0.0,0.0,0.0,-0.0
8264,109.73360146212829,0.0,0.0,0.0,-0.0,0.0,0.0
8265,72.32866560833608,0.0,0.0,0.0,-0.0,0.0,-0.0
8266,75.47268118291694,0.0,0.0,0.0,0.0,0.0,0.0
8267,63.77415074425957,0.0,0.0,0.0,8.465228909328081,0.0,7.804555427071122
8268,59.199354724370636,0.0,0.0,0.0,50.0,0.0,53.90227771353556
8269,63.64143995841924,0.0,0.0,0.0,50.0,0.0,100.0
8270,70.2875446957205,0.0,0.0,0.0,0.0,0.0,100.0
8271,79.23832986592477,0.0,0.0,0.0,0.0,-0.0,100.0
8272,101.41131295078625,0.0,0.0,0.0,0.0,0.0,100.0
8273,109.23704820687578,0.0,0.0,0.0,0.0,0.0,100.0
8274,116.50160160857476,0.0,0.0,0.0,0.0,50.0,45.76738554533596
8275,111.68390544519494,0.0,0.0,0.0,0.0,42.19544457292888,0.0
8276,100.36534539417843,0.0,0.0,0.0,0.0,0.0,-0.0
8277,91.98984513817024,0.0,0.0,0.0,-0.0,0.0,0.0
8278,89.79537171527892,0.0,0.0,0.0,0.0,-0.0,-0.0
8279,86.98401556330867,0.0,0.0,0.0,0.0,0.0,-0.0
8280,76.0958280356323,0.0,0.0,0.0,0.0,0.0,0.0
8281,70.83242216814418,0.0,0.0,0.0,0.0,0.0,-0.0
8282,65.60036530914886,50.0,0.0,46.09772228646444,50.0,0.0,46.09772228646444
8283,63.307359596571345,50.0,0.0,92.19544457292888,50.0,0.0,92.19544457292888
8284,68.49510584262329,0.0,0.0,92.19544457292888,8.465228909328081,0.0,100.0
8285,76.65776649329955,0.0,0.0,92.19544457292888,0.0,0.0,100.0
8286,76.16355680836692,0.0,0.0,92.19544457292888,0.0,0.0,100.0
8287,85.56719157089212,0.0,0.0,92.19544457292888,0.0,-0.0,100.0
8288,83.98371283630446,0.0,0.0,92.19544457292888,0.0,0.0,100.0
8289,84.66432770625198,0.0,0.0,92.19544457292888,0.0,0.0,100.0
8290,78.4719692987266,0.0,0.0,92.19544457292888,0.0,0.0,100.0
8291,81.64762003866603,0.0,0.0,92.19544457292888,0.0,0.0,100.0
8292,75.31474120755261,0.0,0.0,92.19544457292888,0.0,0.0,100.0
8293,75.86413512098828,0.0,0.0,92.19544457292888,0.0,0.0,100.0
8294,82.28470781517021,0.0,0.0,92.19544457292888,0.0,0.0,100.0
8295,83.00220153235843,0.0,0.0,92.19544457292888,0.0,0.0,100.0
8296,89.34750575118582,0.0,0.0,92.19544457292888,0.0,0.0,100.0
8297,93.23406429917625,0.0,50.0,37.96283011826483,0.0,50.0,45.76738554533596
8298,92.65270945581723,0.0,35.0,7.105427357601002e-15,0.0,42.19544457292888,-0.0
8299,88.8941000194252,0.0,0.0,7.105427357601002e-15,0.0,0.0,-0.0
8300,90.86187372152884,0.0,0.0,7.105427357601002e-15,0.0,0.0,0.0
8301,81.63585066057252,0.0,0.0,7.105427357601002e-15,0.0,-0.0,-0.0
8302,79.41738923580611,0.0,0.0,7.105427357601002e-15,0.0,0.0,-0.0
8303,76.87710107940717,0.0,0.0,7.105427357601002e-15,0.0,0.0,0.0
8304,56.84565896296611,0.0,0.0,7.105427357601002e-15,0.0,0.0,-0.0
8305,57.06034181465758,0.0,0.0,7.105427357601002e-15,0.0,0.0,-0.0
8306,47.14278273197781,50.0,0.0,46.097722286464446,50.0,0.0,46.09772228646444
8307,50.677815611209525,0.0,0.0,46.097722286464446,8.465228909328081,0.0,53.90227771353556
8308,50.038608643035275,0.0,0.0,46.097722286464446,50.0,0.0,100.0
8309,55.00752562165384,0.0,0.0,46.097722286464446,0.0,0.0,100.0
8310,54.552873352341535,0.0,0.0,46.097722286464446,-0.0,0.0,100.0
8311,62.05752807702215,0.0,0.0,46.097722286464446,0.0,0.0,100.0
8312,70.91446817247241,0.0,0.0,46.097722286464446,0.0,50.0,45.76738554533596
8313,65.55789745295712,0.0,0.0,46.097722286464446,0.0,0.0,45.76738554533596
8314,58.514913924180476,0.0,0.0,46.097722286464446,0.0,0.0,45.76738554533596
8315,57.075922426017634,0.0,0.0,46.097722286464446,8.823529411764698,0.0,53.90227771353556
8316,57.52323215530731,0.0,0.0,46.097722286464446,0.0,0.0,53.90227771353556
8317,45.03663798149328,50.0,0.0,92.19544457292889,50.0,0.0,100.0
8318,61.517745595365746,0.0,0.0,92.19544457292889,0.0,0.0,100.0
8319,71.50657931423098,0.0,0.0,92.19544457292889,0.0,-0.0,100.0
8320,82.94782164775742,0.0,0.0,92.19544457292889,0.0,0.0,100.0
8321,87.99110091229113,0.0,50.0,37.96283011826485,0.0,50.0,45.76738554533596
8322,80.42449818464398,0.0,0.0,37.96283011826485,0.0,0.0,45.76738554533596
8323,83.7124524386241,0.0,35.000000000000014,0.0,0.0,42.19544457292888,-0.0
8324,76.84423526426558,0.0,0.0,0.0,0.0,0.0,0.0
8325,74.9531884467942,0.0,0.0,0.0,0.0,-0.0,-0.0
8326,68.91727744692234,0.0,0.0,0.0,0.0,0.0,-0.0
8327,66.74344174865846,0.0,0.0,0.0,0.0,0.0,0.0
8328,50.89293462103617,50.0,0.0,46.09772228646444,50.0,0.0,46.09772228646444
8329,53.45277907176108,0.0,0.0,46.09772228646444,8.465228909328081,0.0,53.90227771353556
8330,45.04402513144867,50.0,0.0,92.19544457292888,50.0,0.0,100.0
8331,57.63259161517723,0.0,0.0,92.19544457292888,-0.0,0.0,100.0
8332,71.57004797635364,0.0,0.0,92.19544457292888,0.0,-0.0,100.0
8333,83.85793483212863,0.0,0.0,92.19544457292888,0.0,-0.0,100.0
8334,95.37317601673539,0.0,0.0,92.19544457292888,0.0,0.0,100.0
8335,98.67818929147495,0.0,0.0,92.19544457292888,0.0,0.0,100.0
8336,106.1063593786125,0.0,50.0,37.96283011826483,0.0,50.0,45.76738554533596
8337,102.01973593224241,0.0,35.0,7.105427357601002e-15,0.0,42.19544457292888,-0.0
8338,87.03718700896225,0.0,0.0,7.105427357601002e-15,0.0,0.0,0.0
8339,89.22621717698837,0.0,0.0,7.105427357601002e-15,0.0,0.0,-0.0
8340,90.83288856597086,0.0,0.0,7.105427357601002e-15,0.0,0.0,-0.0
8341,89.06369121049896,0.0,0.0,7.105427357601002e-15,0.0,0.0,-0.0
8342,84.41952141606941,0.0,0.0,7.105427357601002e-15,0.0,0.0,-0.0
8343,86.5595740676817,0.0,0.0,7.105427357601002e-15,0.0,0.0,-0.0
8344,83.02248843432673,0.0,0.0,7.105427357601002e-15,0.0,0.0,-0.0
8345,94.04758483590774,0.0,0.0,7.105427357601002e-15,0.0,-0.0,-0.0
8346,87.41299079327369,0.0,0.0,7.105427357601002e-15,0.0,0.0,-0.0
8347,88.04340655053696,0.0,0.0,7.105427357601002e-15,0.0,0.0,-0.0
8348,79.31858856026656,0.0,0.0,7.105427357601002e-15,0.0,0.0,0.0
8349,66.40347198008962,0.0,0.0,7.105427357601002e-15,0.0,0.0,-0.0
8350,63.52314861469776,0.0,0.0,7.105427357601002e-15,0.0,0.0,-0.0
8351,58.608759374494475,0.0,0.0,7.105427357601002e-15,-0.0,0.0,0.0
8352,52.24087360252486,0.0,0.0,7.105427357601002e-15,0.0,0.0,-0.0
8353,42.9736544668961,0.0,0.0,7.105427357601002e-15,-0.0,0.0,0.0
8354,37.72168903885973,0.0,0.0,7.105427357601002e-15,0.0,0.0,-0.0
8355,25.376766743467016,50.0,0.0,46.097722286464446,50.0,0.0,46.09772228646444
8356,17.410785724789534,50.0,0.0,92.19544457292889,50.0,0.0,92.19544457292888
8357,34.67082778424785,0.0,0.0,92.19544457292889,8.465228909328081,0.0,100.0
8358,54.31975791823404,0.0,0.0,92.19544457292889,0.0,0.0,100.0
8359,61.67878764937797,0.0,0.0,92.19544457292889,0.0,-0.0,100.0
8360,60.93484776557733,0.0,0.0,92.19544457292889,0.0,0.0,100.0
8361,59.123589340508,0.0,0.0,92.19544457292889,0.0,0.0,100.0
8362,60.7072560076321,0.0,0.0,92.19544457292889,0.0,0.0,100.0
8363,53.77428361456794,0.0,0.0,92.19544457292889,0.0,0.0,100.0
8364,53.13830174338747,0.0,0.0,92.19544457292889,0.0,0.0,100.0
8365,54.29840521406734,0.0,0.0,92.19544457292889,0.0,0.0,100.0
8366,55.87167559923577,0.0,0.0,92.19544457292889,0.0,0.0,100.0
8367,60.48286030533964,0.0,0.0,92.19544457292889,0.0,0.0,100.0
8368,70.53109371531195,0.0,0.0,92.19544457292889,0.0,-0.0,100.0
8369,71.92221528128925,0.0,0.0,92.19544457292889,0.0,-0.0,100.0
8370,78.24973467393392,0.0,50.0,37.96283011826485,0.0,50.0,45.76738554533596
8371,75.39614057627045,0.0,0.0,37.96283011826485,0.0,0.0,45.76738554533596
8372,72.96070112242359,0.0,0.0,37.96283011826485,0.0,0.0,45.76738554533596
8373,75.98108916150909,0.0,35.000000000000014,0.0,0.0,42.19544457292888,-0.0
8374,70.14643524573037,0.0,0.0,0.0,0.0,0.0,-0.0
8375,71.63011999847177,0.0,0.0,0.0,0.0,0.0,0.0
8376,49.81941139250326,0.0,0.0,0.0,0.0,0.0,-0.0
8377,45.11863432561075,50.0,0.0,46.09772228646444,50.0,0.0,46.09772228646444
8378,44.023313374195205,50.0,0.0,92.19544457292888,50.0,0.0,92.19544457292888
8379,54.91612013598777,0.0,0.0,92.19544457292888,0.0,0.0,92.19544457292888
8380,45.96885790774541,0.0,0.0,92.19544457292888,8.465228909328081,0.0,100.0
8381,50.667832058189944,0.0,0.0,92.19544457292888,0.0,0.0,100.0
8382,65.66898520912174,0.0,0.0,92.19544457292888,0.0,-0.0,100.0
8383,67.34921653574955,0.0,0.0,92.19544457292888,0.0,-0.0,100.0
8384,69.54043924061567,0.0,0.0,92.19544457292888,0.0,0.0,100.0
8385,70.5497949629195,0.0,0.0,92.19544457292888,0.0,-0.0,100.0
8386,67.48663514016303,0.0,0.0,92.19544457292888,0.0,0.0,100.0
8387,71.48608653617958,0.0,0.0,92.19544457292888,0.0,-0.0,100.0
8388,70.68133913255173,0.0,0.0,92.19544457292888,0.0,0.0,100.0
8389,77.89862400201936,0.0,0.0,92.19544457292888,0.0,0.0,100.0
8390,78.8503016983426,0.0,0.0,92.19544457292888,0.0,0.0,100.0
8391,80.55925978809212,0.0,0.0,92.19544457292888,0.0,0.0,100.0
8392,86.2470208809797,0.0,0.0,92.19544457292888,0.0,0.0,100.0
8393,85.45726564614102,0.0,0.0,92.19544457292888,0.0,0.0,100.0
8394,90.944459189648,0.0,50.0,37.96283011826483,0.0,50.0,45.76738554533596
8395,87.61011541122264,0.0,35.0,7.105427357601002e-15,0.0,42.19544457292888,-0.0
8396,79.86326871931297,0.0,0.0,7.105427357601002e-15,0.0,0.0,0.0
8397,77.4967913276202,0.0,0.0,7.105427357601002e-15,0.0,-0.0,-0.0
8398,66.18307921927281,0.0,0.0,7.105427357601002e-15,0.0,0.0,-0.0
8399,67.14285397914944,0.0,0.0,7.105427357601002e-15,0.0,0.0,0.0
8400,52.89401539528869,50.0,0.0,46.097722286464446,50.0,0.0,46.09772228646444
8401,56.924670045728554,0.0,0.0,46.097722286464446,0.0,0.0,46.09772228646444
8402,52.63155231912316,50.0,0.0,92.19544457292889,50.0,0.0,92.19544457292888
8403,55.775925590479176,0.0,0.0,92.19544457292889,8.465228909328081,0.0,100.0
8404,58.531507466830334,0.0,0.0,92.19544457292889,0.0,0.0,100.0
8405,66.90889744618346,0.0,0.0,92.19544457292889,0.0,0.0,100.0
8406,73.28488991978824,0.0,0.0,92.19544457292889,0.0,0.0,100.0
8407,69.56285485419603,0.0,0.0,92.19544457292889,0.0,0.0,100.0
8408,78.30703260835158,0.0,0.0,92.19544457292889,0.0,42.50000000000001,53.90227771353556
8409,76.35207333675127,0.0,0.0,92.19544457292889,0.0,0.0,53.90227771353556
8410,76.1812840159336,0.0,0.0,92.19544457292889,0.0,0.0,53.90227771353556
8411,74.71325475404679,0.0,0.0,92.19544457292889,0.0,0.0,53.90227771353556
8412,66.94673313311374,0.0,0.0,92.19544457292889,0.0,0.0,53.90227771353556
8413,62.10998779874688,0.0,0.0,92.19544457292889,50.0,0.0,100.0
8414,69.8303122334896,0.0,0.0,92.19544457292889,0.0,0.0,100.0
8415,74.62078963322189,0.0,0.0,92.19544457292889,0.0,0.0,100.0
8416,87.14577458639846,0.0,0.0,92.19544457292889,0.0,0.0,100.0
8417,91.68357465142859,0.0,0.0,92.19544457292889,0.0,0.0,100.0
8418,99.67323446634906,0.0,50.0,37.96283011826485,0.0,42.19544457292888,54.23261445466404
8419,100.13473682547502,0.0,35.000000000000014,0.0,0.0,50.0,-0.0
8420,96.72724494280038,0.0,0.0,0.0,0.0,0.0,-0.0
8421,88.29628648835902,0.0,0.0,0.0,0.0,0.0,0.0
8422,83.74140089915315,0.0,0.0,0.0,0.0,0.0,-0.0
8423,85.70722928907178,0.0,0.0,0.0,0.0,0.0,-0.0
8424,72.39873317102108,0.0,0.0,0.0,0.0,0.0,-0.0
8425,71.5129629860242,0.0,0.0,0.0,8.465228909328081,0.0,7.804555427071122
8426,68.54076038853263,50.0,0.0,46.09772228646444,50.0,0.0,53.90227771353556
8427,67.70176212371418,50.0,0.0,92.19544457292888,50.0,0.0,100.0
8428,78.05407236748238,0.0,0.0,92.19544457292888,0.0,0.0,100.0
8429,87.48532484457445,0.0,0.0,92.19544457292888,0.0,0.0,100.0
8430,92.1500983400644,0.0,0.0,92.19544457292888,0.0,0.0,100.0
8431,97.3413558944875,0.0,0.0,92.19544457292888,0.0,42.50000000000001,53.90227771353556
8432,94.59349383525914,0.0,0.0,92.19544457292888,0.0,0.0,53.90227771353556
8433,90.94796254070201,0.0,0.0,92.19544457292888,0.0,0.0,53.90227771353556
8434,87.04183093565393,0.0,0.0,92.19544457292888,0.0,0.0,53.90227771353556
8435,85.64127977463959,0.0,0.0,92.19544457292888,0.0,0.0,53.90227771353556
8436,85.4290018557345,0.0,0.0,92.19544457292888,0.0,0.0,53.90227771353556
8437,78.13653628816041,0.0,0.0,92.19544457292888,50.0,0.0,100.0
8438,86.42382154696006,0.0,0.0,92.19544457292888,0.0,0.0,100.0
8439,91.14940017336336,0.0,0.0,92.19544457292888,0.0,0.0,100.0
8440,91.85592584273715,0.0,0.0,92.19544457292888,0.0,0.0,100.0
8441,104.37068580516407,0.0,0.0,92.19544457292888,0.0,-0.0,100.0
8442,113.82809298964753,0.0,50.0,37.96283011826483,0.0,0.0,100.0
8443,112.35041469924965,0.0,0.0,37.96283011826483,0.0,0.0,100.0
8444,110.3412493210929,0.0,0.0,37.96283011826483,0.0,0.0,100.0
8445,107.16727277944548,0.0,0.0,37.96283011826483,-0.0,0.0,100.0
8446,107.59545818153718,0.0,0.0,37.96283011826483,0.0,0.0,100.0
8447,226.62854439280648,0.0,35.0,7.105427357601002e-15,0.0,50.0,45.76738554533596
8448,158.71599846494388,0.0,6.5508803411467564e-15,0.0,0.0,42.19544457292888,0.0
8449,89.85877603278308,0.0,0.0,0.0,-0.0,0.0,-0.0
8450,91.11676992955145,0.0,0.0,0.0,0.0,0.0,0.0
8451,85.09686558505656,0.0,0.0,0.0,0.0,0.0,-0.0
8452,79.00284600809769,0.0,0.0,0.0,50.0,0.0,46.09772228646444
8453,84.52989915864855,0.0,0.0,0.0,0.0,0.0,46.09772228646444
8454,87.44917838598482,0.0,0.0,0.0,0.0,0.0,46.09772228646444
8455,93.62848190030998,0.0,0.0,0.0,0.0,0.0,46.09772228646444
8456,99.1081107872057,0.0,0.0,0.0,0.0,42.50000000000001,-0.0
8457,92.95989634172746,0.0,0.0,0.0,0.0,0.0,0.0
8458,81.06258791032126,0.0,0.0,0.0,0.0,0.0,-0.0
8459,77.55410680687254,0.0,0.0,0.0,0.0,0.0,-0.0
8460,70.89401872351658,0.0,0.0,0.0,50.0,0.0,46.09772228646444
8461,71.59612851986184,0.0,0.0,0.0,8.465228909328081,0.0,53.90227771353556
8462,67.61224393925895,50.0,0.0,46.09772228646444,50.0,0.0,100.0
8463,72.84994113820585,0.0,0.0,46.09772228646444,-0.0,0.0,100.0
8464,84.28961409216288,0.0,0.0,46.09772228646444,0.0,0.0,100.0
8465,93.35436017206467,0.0,0.0,46.09772228646444,0.0,50.0,45.76738554533596
8466,91.25398845716887,0.0,0.0,46.09772228646444,0.0,42.19544457292888,-0.0
8467,83.593305572584,0.0,0.0,46.09772228646444,0.0,0.0,-0.0
8468,79.92925886208323,0.0,0.0,46.09772228646444,0.0,0.0,-0.0
8469,77.9008913403739,0.0,0.0,46.09772228646444,0.0,0.0,0.0
8470,75.07577178098761,0.0,0.0,46.09772228646444,0.0,-0.0,-0.0
8471,68.31395327854155,50.0,0.0,92.19544457292888,0.0,0.0,0.0
8472,58.246172317605186,0.0,0.0,92.19544457292888,8.465228909328081,0.0,7.804555427071122
8473,63.763339848371274,0.0,0.0,92.19544457292888,0.0,0.0,7.804555427071122
8474,62.24567434702993,0.0,0.0,92.19544457292888,0.0,0.0,7.804555427071122
8475,52.21117165322195,8.465228909328081,0.0,100.0,50.0,0.0,53.90227771353556
8476,55.364118878669956,0.0,0.0,100.0,50.0,0.0,100.0
8477,71.12936603837478,0.0,0.0,100.0,0.0,-0.0,100.0
8478,69.50346598861749,0.0,0.0,100.0,0.0,0.0,100.0
8479,75.37720912581054,0.0,0.0,100.0,0.0,0.0,100.0
8480,76.89210096208653,0.0,0.0,100.0,0.0,-0.0,100.0
8481,76.05287391348745,0.0,0.0,100.0,0.0,0.0,100.0
8482,72.63057296630883,0.0,0.0,100.0,0.0,0.0,100.0
8483,73.90233733371126,0.0,0.0,100.0,0.0,0.0,100.0
8484,70.9160732400702,0.0,0.0,100.0,0.0,0.0,100.0
8485,77.837929690812,0.0,0.0,100.0,0.0,-0.0,100.0
8486,80.12709930235465,0.0,0.0,100.0,0.0,-0.0,100.0
8487,83.88743507681941,0.0,0.0,100.0,0.0,0.0,100.0
8488,86.88655417794811,0.0,0.0,100.0,0.0,-0.0,100.0
8489,82.42992229919781,0.0,0.0,100.0,0.0,0.0,100.0
8490,87.00165003016211,0.0,0.0,100.0,0.0,0.0,100.0
8491,97.38234814544717,0.0,50.0,45.767385545335955,0.0,50.0,45.76738554533596
8492,95.11771807341901,0.0,42.19544457292887,0.0,0.0,42.19544457292888,-0.0
8493,92.64164617514203,0.0,0.0,0.0,0.0,0.0,-0.0
8494,84.21083444450957,0.0,0.0,0.0,0.0,0.0,0.0
8495,78.23693173428138,0.0,0.0,0.0,0.0,0.0,-0.0
8496,71.20242114132115,0.0,0.0,0.0,50.0,0.0,46.09772228646444
8497,78.53272993988458,0.0,0.0,0.0,0.0,0.0,46.09772228646444
8498,82.9627780483626,0.0,0.0,0.0,0.0,0.0,46.09772228646444
8499,84.7856516874612,0.0,0.0,0.0,0.0,0.0,46.09772228646444
8500,84.57123923743553,0.0,0.0,0.0,0.0,0.0,46.09772228646444
8501,88.05764305703387,0.0,0.0,0.0,0.0,0.0,46.09772228646444
8502,88.09848144615752,0.0,0.0,0.0,0.0,42.50000000000001,-0.0
8503,84.44919141681083,0.0,0.0,0.0,0.0,0.0,-0.0
8504,80.33113849525886,0.0,0.0,0.0,0.0,0.0,-0.0
8505,78.98052754552965,0.0,0.0,0.0,0.0,0.0,0.0
8506,72.6643082957554,0.0,0.0,0.0,-0.0,0.0,0.0
8507,59.58176721414499,0.0,0.0,0.0,0.0,0.0,-0.0
8508,56.997959219493396,0.0,0.0,0.0,8.465228909328081,0.0,7.804555427071122
8509,56.1873798725495,0.0,0.0,0.0,50.0,0.0,53.90227771353556
8510,54.29677813972505,0.0,0.0,0.0,50.0,0.0,100.0
8511,59.88415569983713,0.0,0.0,0.0,0.0,0.0,100.0
8512,66.59878565701194,0.0,0.0,0.0,0.0,0.0,100.0
8513,70.2662108079081,0.0,0.0,0.0,0.0,42.19544457292888,54.23261445466404
8514,79.33010504139469,0.0,0.0,0.0,0.0,50.0,-0.0
8515,68.52320885272894,0.0,0.0,0.0,0.0,0.0,0.0
8516,54.980824653672094,0.0,0.0,0.0,-0.0,0.0,0.0
8517,51.755981128456874,0.0,0.0,0.0,-0.0,0.0,0.0
8518,49.19196610556301,50.0,0.0,46.09772228646444,0.0,0.0,-0.0
8519,49.41149542086535,50.0,0.0,92.19544457292888,0.0,-0.0,0.0
8520,36.15901007004337,0.0,0.0,92.19544457292888,0.0,0.0,-0.0
8521,30.021178749350796,0.0,0.0,92.19544457292888,8.465228909328081,0.0,7.804555427071122
8522,29.865640820414136,8.465228909328081,0.0,100.0,50.0,0.0,53.90227771353556
8523,28.813274543690774,0.0,0.0,100.0,50.0,0.0,100.0
8524,41.13435491840641,0.0,0.0,100.0,0.0,0.0,100.0
8525,44.94182115887308,0.0,0.0,100.0,0.0,-0.0,100.0
8526,52.06811811277027,0.0,0.0,100.0,0.0,-0.0,100.0
8527,72.70082646838094,0.0,0.0,100.0,0.0,0.0,100.0
8528,74.59011063862212,0.0,0.0,100.0,0.0,0.0,100.0
8529,76.45503934686501,0.0,0.0,100.0,0.0,-0.0,100.0
8530,75.48889103346228,0.0,0.0,100.0,0.0,0.0,100.0
8531,74.29914466293229,0.0,0.0,100.0,0.0,0.0,100.0
8532,72.4089919041571,0.0,0.0,100.0,0.0,0.0,100.0
8533,73.26007625968394,0.0,0.0,100.0,0.0,0.0,100.0
8534,77.09152959599099,0.0,0.0,100.0,0.0,-0.0,100.0
8535,79.83731889300776,0.0,0.0,100.0,0.0,-0.0,100.0
8536,88.61105653025064,0.0,0.0,100.0,0.0,-0.0,100.0
8537,105.17661774107373,0.0,0.0,100.0,0.0,0.0,100.0
8538,113.18429604760479,0.0,50.0,45.767385545335955,0.0,50.0,45.76738554533596
8539,111.975843247222,0.0,42.19544457292887,0.0,0.0,42.19544457292888,-0.0
8540,110.80346980707145,0.0,0.0,0.0,0.0,0.0,0.0
8541,98.5933885828627,0.0,0.0,0.0,0.0,0.0,-0.0
8542,90.55505161113226,0.0,0.0,0.0,0.0,0.0,-0.0
8543,90.66234040842487,0.0,0.0,0.0,0.0,0.0,-0.0
8544,85.459815543091,0.0,0.0,0.0,-0.0,0.0,0.0
8545,76.4332407934031,50.0,0.0,46.09772228646444,50.0,0.0,46.09772228646444
8546,70.17730123915737,50.0,0.0,92.19544457292888,50.0,0.0,92.19544457292888
8547,80.5278070417742,0.0,0.0,92.19544457292888,8.465228909328081,0.0,100.0
8548,80.96884162725661,0.0,0.0,92.19544457292888,0.0,0.0,100.0
8549,157.56292226597142,0.0,0.0,92.19544457292888,0.0,50.0,45.76738554533596
8550,138.16431986232078,0.0,0.0,92.19544457292888,0.0,42.19544457292888,-0.0
8551,127.98370365225111,0.0,0.0,92.19544457292888,0.0,0.0,-0.0
8552,117.6186666425229,0.0,0.0,92.19544457292888,0.0,0.0,0.0
8553,104.28090235180657,0.0,0.0,92.19544457292888,50.0,0.0,46.09772228646444
8554,105.14088895608029,0.0,0.0,92.19544457292888,8.465228909328081,0.0,53.90227771353556
8555,92.012021435129,0.0,0.0,92.19544457292888,50.0,0.0,100.0
8556,256.5073802681156,0.0,50.0,37.96283011826483,0.0,50.0,45.76738554533596
8557,195.28827923041746,0.0,35.0,7.105427357601002e-15,0.0,42.19544457292888,0.0
8558,156.32090069794987,0.0,0.0,7.105427357601002e-15,-0.0,0.0,0.0
8559,92.68937855746418,0.0,0.0,7.105427357601002e-15,50.0,0.0,46.09772228646444
8560,104.26134015053856,0.0,0.0,7.105427357601002e-15,0.0,0.0,46.09772228646444
8561,114.5645706099236,0.0,0.0,7.105427357601002e-15,0.0,42.50000000000001,-0.0
8562,112.73637045329461,0.0,0.0,7.105427357601002e-15,0.0,0.0,-0.0
8563,111.05797885418329,0.0,0.0,7.105427357601002e-15,0.0,0.0,0.0
8564,98.60076997645444,0.0,0.0,7.105427357601002e-15,0.0,0.0,-0.0
8565,87.16121372992768,0.0,0.0,7.105427357601002e-15,-0.0,0.0,0.0
8566,82.09601549699941,0.0,0.0,7.105427357601002e-15,0.0,-0.0,-0.0
8567,77.7972951915288,0.0,0.0,7.105427357601002e-15,0.0,0.0,0.0
8568,60.0624106489236,0.0,0.0,7.105427357601002e-15,-0.0,0.0,0.0
8569,53.24254862683217,0.0,0.0,7.105427357601002e-15,0.0,-0.0,-0.0
8570,45.52790265215105,0.0,0.0,7.105427357601002e-15,0.0,0.0,-0.0
8571,48.23237569548405,0.0,0.0,7.105427357601002e-15,0.0,0.0,0.0
8572,39.74411517640342,50.0,0.0,46.097722286464446,50.0,0.0,46.09772228646444
8573,39.87542450952779,0.0,0.0,46.097722286464446,8.465228909328081,0.0,53.90227771353556
8574,37.428041033492036,50.0,0.0,92.19544457292889,50.0,0.0,100.0
8575,47.84856872347877,0.0,0.0,92.19544457292889,0.0,0.0,100.0
8576,42.75791894630552,0.0,0.0,92.19544457292889,0.0,0.0,100.0
8577,44.12590986482263,0.0,0.0,92.19544457292889,0.0,0.0,100.0
8578,51.04712646555896,0.0,0.0,92.19544457292889,0.0,-0.0,100.0
8579,56.87169029416151,0.0,0.0,92.19544457292889,0.0,42.50000000000001,53.90227771353556
8580,44.763925022798716,0.0,0.0,92.19544457292889,50.0,0.0,100.0
8581,48.26351783413987,0.0,0.0,92.19544457292889,0.0,0.0,100.0
8582,47.97853232816608,0.0,0.0,92.19544457292889,0.0,0.0,100.0
8583,49.51351468614905,0.0,0.0,92.19544457292889,0.0,0.0,100.0
8584,58.147099474144945,0.0,0.0,92.19544457292889,-0.0,0.0,100.0
8585,72.5955067214729,0.0,0.0,92.19544457292889,0.0,-0.0,100.0
8586,79.68614166338642,0.0,50.0,37.96283011826485,0.0,50.0,45.76738554533596
8587,75.38522621292867,0.0,0.0,37.96283011826485,0.0,0.0,45.76738554533596
8588,76.1277721465222,0.0,35.000000000000014,0.0,0.0,42.19544457292888,0.0
8589,58.958439919523975,0.0,0.0,0.0,-0.0,0.0,0.0
8590,51.18433905425957,0.0,0.0,0.0,0.0,0.0,-0.0
8591,44.49985365444844,0.0,0.0,0.0,-0.0,0.0,0.0
8592,35.010859536206866,0.0,0.0,0.0,0.0,0.0,-0.0
8593,32.892166633429845,0.0,0.0,0.0,8.465228909328081,0.0,7.804555427071122
8594,31.783452328100104,50.0,0.0,46.09772228646444,50.0,0.0,53.90227771353556
8595,32.05497251713051,50.0,0.0,92.19544457292888,50.0,0.0,100.0
8596,35.72527264367182,0.0,0.0,92.19544457292888,0.0,0.0,100.0
8597,44.692390247602376,0.0,0.0,92.19544457292888,0.0,-0.0,100.0
8598,52.9512334978519,0.0,0.0,92.19544457292888,0.0,-0.0,100.0
8599,58.33897344046768,0.0,0.0,92.19544457292888,0.0,0.0,100.0
8600,64.58619337374742,0.0,0.0,92.19544457292888,0.0,0.0,100.0
8601,68.68623260835112,0.0,0.0,92.19544457292888,0.0,42.50000000000001,53.90227771353556
8602,61.68990051773753,0.0,0.0,92.19544457292888,0.0,0.0,53.90227771353556
8603,57.185654376737006,0.0,0.0,92.19544457292888,0.0,0.0,53.90227771353556
8604,61.37731952642079,0.0,0.0,92.19544457292888,0.0,0.0,53.90227771353556
8605,55.92447121604957,0.0,0.0,92.19544457292888,50.0,0.0,100.0
8606,70.43011841593275,0.0,0.0,92.19544457292888,0.0,-0.0,100.0
8607,69.47812765267197,0.0,0.0,92.19544457292888,0.0,0.0,100.0
8608,75.338945855698,0.0,0.0,92.19544457292888,0.0,0.0,100.0
8609,76.51631827845921,0.0,0.0,92.19544457292888,0.0,-0.0,100.0
8610,92.04836702816839,0.0,50.0,37.96283011826483,0.0,50.0,45.76738554533596
8611,87.9851346233485,0.0,35.0,7.105427357601002e-15,0.0,42.19544457292888,0.0
8612,81.15037407949859,0.0,0.0,7.105427357601002e-15,0.0,-0.0,-0.0
8613,73.90562446320683,0.0,0.0,7.105427357601002e-15,0.0,0.0,-0.0
8614,69.67750209196576,0.0,0.0,7.105427357601002e-15,0.0,0.0,0.0
8615,64.33100317620874,0.0,0.0,7.105427357601002e-15,-0.0,0.0,0.0
8616,52.19303161384782,0.0,0.0,7.105427357601002e-15,0.0,-0.0,0.0
8617,30.490574863747177,50.0,0.0,46.097722286464446,50.0,0.0,46.09772228646444
8618,30.654450054063055,50.0,0.0,92.19544457292889,50.0,0.0,92.19544457292888
8619,32.069539247406546,0.0,0.0,92.19544457292889,8.465228909328081,0.0,100.0
8620,41.32763542950534,0.0,0.0,92.19544457292889,0.0,-0.0,100.0
8621,54.10369072176488,0.0,0.0,92.19544457292889,-0.0,0.0,100.0
8622,59.802971455234214,0.0,0.0,92.19544457292889,0.0,0.0,100.0
8623,70.73002599157815,0.0,0.0,92.19544457292889,0.0,35.00000000000001,62.03716988173516
8624,67.77967315215186,0.0,0.0,92.19544457292889,0.0,0.0,62.03716988173516
8625,71.31690479811361,0.0,0.0,92.19544457292889,0.0,50.0,7.804555427071122
8626,64.03279779700213,0.0,0.0,92.19544457292889,0.0,0.0,7.804555427071122
8627,53.163713304041174,0.0,0.0,92.19544457292889,50.0,0.0,53.90227771353556
8628,50.24580020729864,0.0,0.0,92.19544457292889,50.0,0.0,100.0
8629,59.395598030419826,0.0,0.0,92.19544457292889,0.0,0.0,100.0
8630,64.7105790918372,0.0,0.0,92.19544457292889,0.0,0.0,100.0
8631,79.78359095118235,0.0,0.0,92.19544457292889,0.0,-0.0,100.0
8632,82.65297484245923,0.0,0.0,92.19544457292889,0.0,-0.0,100.0
8633,94.27102114904537,0.0,50.0,37.96283011826485,0.0,50.0,45.76738554533596
8634,92.85098849587581,0.0,35.000000000000014,0.0,0.0,42.19544457292888,-0.0
8635,92.73529233282781,0.0,0.0,0.0,0.0,0.0,-0.0
8636,89.49065187930066,0.0,0.0,0.0,0.0,0.0,-0.0
8637,87.29770403427622,0.0,0.0,0.0,0.0,0.0,0.0
8638,82.91843366130053,0.0,0.0,0.0,0.0,-0.0,-0.0
8639,74.31977970379822,0.0,0.0,0.0,0.0,0.0,0.0
8640,67.00521556380039,0.0,0.0,0.0,0.0,0.0,-0.0
8641,73.12661102787354,0.0,0.0,0.0,0.0,0.0,-0.0
8642,66.56748558546124,0.0,0.0,0.0,0.0,0.0,-0.0
8643,55.09738427532564,50.0,0.0,46.09772228646444,50.0,0.0,46.09772228646444
8644,59.662521320508176,50.0,0.0,92.19544457292888,50.0,0.0,92.19544457292888
8645,62.04213278811896,0.0,0.0,92.19544457292888,8.465228909328081,0.0,100.0
8646,67.4573589965125,0.0,0.0,92.19544457292888,0.0,0.0,100.0
8647,76.38005217457437,0.0,0.0,92.19544457292888,0.0,42.19544457292888,54.23261445466404
8648,76.55441729982903,0.0,50.0,37.96283011826483,0.0,50.0,0.0
8649,73.73447440749621,0.0,0.0,37.96283011826483,0.0,0.0,-0.0
8650,68.86700923776996,0.0,0.0,37.96283011826483,0.0,0.0,-0.0
8651,72.2348416203843,0.0,0.0,37.96283011826483,0.0,0.0,-0.0
8652,69.072714452663,0.0,0.0,37.96283011826483,0.0,0.0,-0.0
8653,62.3116905533118,0.0,0.0,37.96283011826483,50.0,0.0,46.09772228646444
8654,59.83510257721648,0.0,0.0,37.96283011826483,50.0,0.0,92.19544457292888
8655,67.8088549320549,0.0,0.0,37.96283011826483,0.0,0.0,92.19544457292888
8656,69.48251994695289,0.0,0.0,37.96283011826483,0.0,0.0,92.19544457292888
8657,67.73250011760516,0.0,0.0,37.96283011826483,0.0,0.0,92.19544457292888
8658,75.38518469673386,0.0,0.0,37.96283011826483,0.0,35.00000000000001,54.23261445466404
8659,79.10485734120844,0.0,35.0,7.105427357601002e-15,0.0,50.0,-0.0
8660,73.66599301800977,0.0,0.0,7.105427357601002e-15,0.0,0.0,0.0
8661,70.63681615233362,0.0,0.0,7.105427357601002e-15,0.0,-0.0,-0.0
8662,67.16270800406657,0.0,0.0,7.105427357601002e-15,0.0,0.0,-0.0
8663,67.12455505170676,0.0,0.0,7.105427357601002e-15,0.0,0.0,-0.0
8664,58.83406899577558,0.0,0.0,7.105427357601002e-15,0.0,0.0,0.0
8665,41.712351952261166,50.0,0.0,46.097722286464446,50.0,0.0,46.09772228646444
8666,39.39747049127527,50.0,0.0,92.19544457292889,50.0,0.0,92.19544457292888
8667,42.907369768631035,0.0,0.0,92.19544457292889,8.465228909328081,0.0,100.0
8668,43.382989025155254,0.0,0.0,92.19544457292889,0.0,0.0,100.0
8669,49.00417209813337,0.0,0.0,92.19544457292889,0.0,0.0,100.0
8670,60.24716096525938,0.0,0.0,92.19544457292889,0.0,0.0,100.0
8671,67.09673012203157,0.0,0.0,92.19544457292889,0.0,-0.0,100.0
8672,78.7710595600595,0.0,0.0,92.19544457292889,0.0,42.19544457292888,54.23261445466404
8673,83.46197872814575,0.0,0.0,92.19544457292889,0.0,50.0,-0.0
8674,77.76350523617914,0.0,0.0,92.19544457292889,0.0,0.0,-0.0
8675,71.29119982100892,0.0,0.0,92.19544457292889,0.0,0.0,0.0
8676,52.357680387008585,0.0,0.0,92.19544457292889,8.465228909328081,0.0,7.804555427071122
8677,51.85072665416585,0.0,0.0,92.19544457292889,50.0,0.0,53.90227771353556
8678,49.29306370687472,0.0,0.0,92.19544457292889,50.0,0.0,100.0
8679,58.50846688886439,0.0,0.0,92.19544457292889,0.0,0.0,100.0
8680,67.93230392196205,0.0,0.0,92.19544457292889,0.0,-0.0,100.0
8681,78.7184261307188,0.0,0.0,92.19544457292889,0.0,0.0,100.0
8682,89.73340590444198,0.0,0.0,92.19544457292889,0.0,0.0,100.0
8683,88.46773887936507,0.0,0.0,92.19544457292889,0.0,0.0,100.0
8684,96.89369909279844,0.0,50.0,37.96283011826485,0.0,50.0,45.76738554533596
8685,91.7858011188882,0.0,35.000000000000014,0.0,0.0,42.19544457292888,-0.0
8686,78.48465988961281,0.0,0.0,0.0,0.0,0.0,0.0
8687,71.1926586099014,0.0,0.0,0.0,0.0,-0.0,0.0
8688,57.220833463743716,0.0,0.0,0.0,-0.0,0.0,-0.0
8689,57.80864564787502,0.0,0.0,0.0,0.0,0.0,0.0
8690,50.3994119801101,0.0,0.0,0.0,8.465228909328081,0.0,7.804555427071122
8691,48.59682525537184,50.0,0.0,46.09772228646444,50.0,0.0,53.90227771353556
8692,50.01752505672661,50.0,0.0,92.19544457292888,50.0,0.0,100.0
8693,52.47733896930235,0.0,0.0,92.19544457292888,0.0,0.0,100.0
8694,63.79377502109972,0.0,0.0,92.19544457292888,-0.0,0.0,100.0
8695,73.45952697735645,0.0,0.0,92.19544457292888,0.0,0.0,100.0
8696,82.77920909951501,0.0,50.0,37.96283011826483,0.0,50.0,45.76738554533596
8697,79.15045416848434,0.0,0.0,37.96283011826483,0.0,0.0,45.76738554533596
8698,81.04134948189869,0.0,0.0,37.96283011826483,0.0,42.19544457292888,0.0
8699,67.91047571441203,0.0,0.0,37.96283011826483,0.0,0.0,-0.0
8700,57.27117951156974,0.0,0.0,37.96283011826483,8.465228909328081,0.0,7.804555427071122
8701,51.515566153781144,0.0,0.0,37.96283011826483,50.0,0.0,53.90227771353556
8702,56.476683463403255,0.0,0.0,37.96283011826483,50.0,0.0,100.0
8703,70.54963232382751,0.0,0.0,37.96283011826483,0.0,0.0,100.0
8704,74.91781159462496,0.0,0.0,37.96283011826483,0.0,0.0,100.0
8705,78.73100034248031,0.0,0.0,37.96283011826483,0.0,0.0,100.0
8706,80.87525070040496,0.0,0.0,37.96283011826483,0.0,42.19544457292888,54.23261445466404
8707,83.56898185745877,0.0,35.0,7.105427357601002e-15,0.0,50.0,-0.0
8708,77.19311996350737,0.0,0.0,7.105427357601002e-15,0.0,0.0,-0.0
8709,69.35048920704375,0.0,0.0,7.105427357601002e-15,0.0,0.0,0.0
8710,57.538512588130885,0.0,0.0,7.105427357601002e-15,0.0,0.0,-0.0
8711,51.76440155766211,0.0,0.0,7.105427357601002e-15,-0.0,0.0,0.0
8712,47.775842183259726,0.0,0.0,7.105427357601002e-15,-0.0,0.0,0.0
8713,46.315422428715365,50.0,0.0,46.097722286464446,50.0,0.0,46.09772228646444
8714,40.90885514728504,50.0,0.0,92.19544457292889,50.0,0.0,92.19544457292888
8715,48.255719390469466,0.0,0.0,92.19544457292889,0.0,0.0,92.19544457292888
8716,47.36904941473935,0.0,0.0,92.19544457292889,8.465228909328081,0.0,100.0
8717,60.301919129723174,0.0,0.0,92.19544457292889,0.0,-0.0,100.0
8718,74.28856544870108,0.0,0.0,92.19544457292889,0.0,0.0,100.0
8719,79.94800443138892,0.0,0.0,92.19544457292889,0.0,0.0,100.0
8720,74.12290910087899,0.0,0.0,92.19544457292889,0.0,0.0,100.0
8721,85.55626855025928,0.0,0.0,92.19544457292889,0.0,-0.0,100.0
8722,82.48284447243205,0.0,0.0,92.19544457292889,0.0,0.0,100.0
8723,74.9644639175659,0.0,0.0,92.19544457292889,0.0,0.0,100.0
8724,76.6909357861941,0.0,0.0,92.19544457292889,0.0,0.0,100.0
8725,80.01741530992777,0.0,0.0,92.19544457292889,0.0,0.0,100.0
8726,90.00039054773781,0.0,0.0,92.19544457292889,0.0,0.0,100.0
8727,91.30306889791989,0.0,0.0,92.19544457292889,0.0,0.0,100.0
8728,99.17812563943752,0.0,0.0,92.19544457292889,0.0,0.0,100.0
8729,97.2713182948892,0.0,0.0,92.19544457292889,0.0,0.0,100.0
8730,102.87798273716132,0.0,50.0,37.96283011826485,0.0,50.0,45.76738554533596
8731,100.64475477987676,0.0,35.000000000000014,0.0,0.0,42.19544457292888,-0.0
8732,97.16069999037163,0.0,0.0,0.0,0.0,0.0,-0.0
8733,89.94937051931134,0.0,0.0,0.0,0.0,0.0,0.0
8734,82.61171323720973,0.0,0.0,0.0,0.0,0.0,-0.0
8735,73.32630681245328,0.0,0.0,0.0,-0.0,0.0,0.0
8736,65.59193108356051,0.0,0.0,0.0,0.0,0.0,-0.0
8737,70.4885838169399,0.0,0.0,0.0,0.0,0.0,-0.0
8738,64.27655326375078,0.0,0.0,0.0,-0.0,0.0,0.0
8739,66.11652107553218,0.0,0.0,0.0,0.0,0.0,-0.0
8740,69.48597517038472,0.0,0.0,0.0,0.0,0.0,-0.0
8741,72.99485772896031,0.0,0.0,0.0,0.0,-0.0,-0.0
8742,69.91341874103894,0.0,0.0,0.0,0.0,0.0,-0.0
8743,68.43414435063251,0.0,0.0,0.0,0.0,0.0,-0.0
8744,67.41921019538995,0.0,0.0,0.0,0.0,0.0,0.0
8745,54.99856769863464,0.0,0.0,0.0,-0.0,0.0,-0.0
8746,59.831121889705116,0.0,0.0,0.0,0.0,0.0,-0.0
8747,57.81536692499516,0.0,0.0,0.0,0.0,0.0,-0.0
8748,55.404531770608195,0.0,0.0,0.0,0.0,0.0,0.0
8749,44.418529260920316,50.0,0.0,46.09772228646444,50.0,0.0,46.09772228646444
8750,39.829970325418294,50.0,0.0,92.19544457292888,50.0,0.0,92.19544457292888
8751,48.5254653949855,0.0,0.0,92.19544457292888,8.465228909328081,0.0,100.0
8752,68.69493343912595,0.0,0.0,92.19544457292888,0.0,0.0,100.0
8753,71.75410869864618,0.0,0.0,92.19544457292888,0.0,0.0,100.0
8754,80.36061376332815,0.0,50.0,37.96283011826483,0.0,50.0,45.76738554533596
8755,77.30292476981833,0.0,35.0,7.105427357601002e-15,0.0,38.597722286464446,3.902277713535561
8756,74.32777225197887,0.0,0.0,7.105427357601002e-15,0.0,0.0,3.902277713535561
8757,76.31459701133176,0.0,0.0,7.105427357601002e-15,0.0,0.0,3.902277713535561
8758,69.47725228964859,0.0,0.0,7.105427357601002e-15,0.0,0.0,3.902277713535561
8759,62.156624898753435,50.0,0.0,46.097722286464446,50.0,0.0,50.0
