<?xml version="1.0"?>
<VTKFile type="UnstructuredGrid" version="0.1" byte_order="LittleEndian">
  <UnstructuredGrid>
    <Piece NumberOfCells="2000" NumberOfPoints="2121">
      <PointData Scalars="p" Vectors="velocity_gas (m/s)">
        <DataArray type="Float32" Name="p" NumberOfComponents="1" format="ascii">
          6.02831e+06 6.02831e+06 6.0272e+06 6.0272e+06 6.02831e+06 6.0272e+06 6.0283e+06 6.02719e+06 6.02828e+06 6.02717e+06 6.02826e+06 6.02715e+06
          6.02824e+06 6.02713e+06 6.0282e+06 6.0271e+06 6.02817e+06 6.02706e+06 6.02812e+06 6.02702e+06 6.02807e+06 6.02697e+06 6.02802e+06 6.02691e+06
          6.02795e+06 6.02684e+06 6.02788e+06 6.02677e+06 6.0278e+06 6.0267e+06 6.02772e+06 6.02661e+06 6.02763e+06 6.02653e+06 6.02754e+06 6.02643e+06
          6.02745e+06 6.02634e+06 6.02735e+06 6.02624e+06 6.02725e+06 6.02614e+06 6.02714e+06 6.02603e+06 6.02704e+06 6.02593e+06 6.02693e+06 6.02582e+06
          6.02683e+06 6.02572e+06 6.02672e+06 6.02561e+06 6.02661e+06 6.0255e+06 6.02651e+06 6.0254e+06 6.0264e+06 6.02529e+06 6.0263e+06 6.02519e+06
          6.0262e+06 6.02509e+06 6.0261e+06 6.02499e+06 6.026e+06 6.02489e+06 6.02591e+06 6.02479e+06 6.02581e+06 6.0247e+06 6.02572e+06 6.02461e+06
          6.02563e+06 6.02452e+06 6.02554e+06 6.02443e+06 6.02545e+06 6.02434e+06 6.02537e+06 6.02425e+06 6.02528e+06 6.02417e+06 6.0252e+06 6.02409e+06
          6.02512e+06 6.02401e+06 6.02504e+06 6.02393e+06 6.02496e+06 6.02385e+06 6.02489e+06 6.02378e+06 6.02482e+06 6.0237e+06 6.02474e+06 6.02363e+06
          6.02467e+06 6.02356e+06 6.0246e+06 6.02349e+06 6.02453e+06 6.02342e+06 6.02447e+06 6.02336e+06 6.0244e+06 6.02329e+06 6.02434e+06 6.02322e+06
          6.02427e+06 6.02316e+06 6.02421e+06 6.0231e+06 6.02415e+06 6.02304e+06 6.02409e+06 6.02298e+06 6.02403e+06 6.02292e+06 6.02397e+06 6.02286e+06
          6.02392e+06 6.0228e+06 6.02386e+06 6.02275e+06 6.0238e+06 6.02269e+06 6.02375e+06 6.02264e+06 6.0237e+06 6.02258e+06 6.02364e+06 6.02253e+06
          6.02359e+06 6.02248e+06 6.02354e+06 6.02243e+06 6.02349e+06 6.02238e+06 6.02344e+06 6.02233e+06 6.02339e+06 6.02228e+06 6.02334e+06 6.02223e+06
          6.0233e+06 6.02218e+06 6.02325e+06 6.02214e+06 6.0232e+06 6.02209e+06 6.02316e+06 6.02204e+06 6.02311e+06 6.022e+06 6.02307e+06 6.02196e+06
          6.02302e+06 6.02191e+06 6.02298e+06 6.02187e+06 6.02294e+06 6.02182e+06 6.02289e+06 6.02178e+06 6.02285e+06 6.02174e+06 6.02281e+06 6.0217e+06
          6.02277e+06 6.02166e+06 6.02273e+06 6.02162e+06 6.02269e+06 6.02158e+06 6.02265e+06 6.02154e+06 6.02261e+06 6.0215e+06 6.02257e+06 6.02146e+06
          6.02253e+06 6.02142e+06 6.02249e+06 6.02138e+06 6.02246e+06 6.02134e+06 6.02242e+06 6.02131e+06 6.02238e+06 6.02127e+06 6.02234e+06 6.02123e+06
          6.02231e+06 6.02119e+06 6.02227e+06 6.02116e+06 6.02223e+06 6.02112e+06 6.02219e+06 6.02108e+06 6.02215e+06 6.02104e+06 6.0261e+06 6.0261e+06
          6.0261e+06 6.02609e+06 6.02607e+06 6.02606e+06 6.02603e+06 6.026e+06 6.02596e+06 6.02592e+06 6.02587e+06 6.02581e+06 6.02575e+06 6.02568e+06
          6.0256e+06 6.02552e+06 6.02543e+06 6.02533e+06 6.02524e+06 6.02514e+06 6.02503e+06 6.02493e+06 6.02482e+06 6.02472e+06 6.02461e+06 6.0245e+06
          6.02439e+06 6.02429e+06 6.02418e+06 6.02408e+06 6.02398e+06 6.02388e+06 6.02378e+06 6.02368e+06 6.02359e+06 6.0235e+06 6.0234e+06 6.02332e+06
          6.02323e+06 6.02314e+06 6.02306e+06 6.02298e+06 6.0229e+06 6.02282e+06 6.02274e+06 6.02267e+06 6.02259e+06 6.02252e+06 6.02245e+06 6.02238e+06
          6.02231e+06 6.02224e+06 6.02218e+06 6.02211e+06 6.02205e+06 6.02199e+06 6.02193e+06 6.02187e+06 6.02181e+06 6.02175e+06 6.02169e+06 6.02164e+06
          6.02158e+06 6.02153e+06 6.02147e+06 6.02142e+06 6.02137e+06 6.02132e+06 6.02127e+06 6.02122e+06 6.02117e+06 6.02112e+06 6.02107e+06 6.02102e+06
          6.02098e+06 6.02093e+06 6.02089e+06 6.02084e+06 6.0208e+06 6.02076e+06 6.02071e+06 6.02067e+06 6.02063e+06 6.02059e+06 6.02055e+06 6.02051e+06
          6.02047e+06 6.02043e+06 6.02039e+06 6.02035e+06 6.02031e+06 6.02027e+06 6.02023e+06 6.0202e+06 6.02016e+06 6.02012e+06 6.02008e+06 6.02005e+06
          6.02001e+06 6.01997e+06 6.01993e+06 6.02502e+06 6.02502e+06 6.02501e+06 6.025e+06 6.02499e+06 6.02497e+06 6.02495e+06 6.02492e+06 6.02488e+06
          6.02484e+06 6.02479e+06 6.02473e+06 6.02466e+06 6.02459e+06 6.02451e+06 6.02443e+06 6.02434e+06 6.02424e+06 6.02414e+06 6.02404e+06 6.02394e+06
          6.02383e+06 6.02372e+06 6.02361e+06 6.02351e+06 6.0234e+06 6.02329e+06 6.02318e+06 6.02308e+06 6.02297e+06 6.02287e+06 6.02277e+06 6.02267e+06
          6.02257e+06 6.02248e+06 6.02239e+06 6.02229e+06 6.0222e+06 6.02212e+06 6.02203e+06 6.02195e+06 6.02187e+06 6.02179e+06 6.02171e+06 6.02163e+06
          6.02155e+06 6.02148e+06 6.02141e+06 6.02134e+06 6.02127e+06 6.0212e+06 6.02113e+06 6.02107e+06 6.021e+06 6.02094e+06 6.02088e+06 6.02081e+06
          6.02075e+06 6.0207e+06 6.02064e+06 6.02058e+06 6.02052e+06 6.02047e+06 6.02041e+06 6.02036e+06 6.02031e+06 6.02026e+06 6.02021e+06 6.02016e+06
          6.02011e+06 6.02006e+06 6.02001e+06 6.01996e+06 6.01991e+06 6.01987e+06 6.01982e+06 6.01978e+06 6.01973e+06 6.01969e+06 6.01964e+06 6.0196e+06
          6.01956e+06 6.01952e+06 6.01948e+06 6.01944e+06 6.0194e+06 6.01936e+06 6.01932e+06 6.01928e+06 6.01924e+06 6.0192e+06 6.01916e+06 6.01912e+06
          6.01908e+06 6.01905e+06 6.01901e+06 6.01897e+06 6.01894e+06 6.0189e+06 6.01886e+06 6.01883e+06 6.02395e+06 6.02395e+06 6.02394e+06 6.02393e+06
          6.02392e+06 6.0239e+06 6.02388e+06 6.02385e+06 6.02381e+06 6.02377e+06 6.02372e+06 6.02366e+06 6.02359e+06 6.02352e+06 6.02344e+06 6.02335e+06
          6.02326e+06 6.02316e+06 6.02306e+06 6.02296e+06 6.02285e+06 6.02274e+06 6.02263e+06 6.02252e+06 6.02241e+06 6.0223e+06 6.02219e+06 6.02208e+06
          6.02197e+06 6.02187e+06 6.02176e+06 6.02166e+06 6.02156e+06 6.02147e+06 6.02137e+06 6.02128e+06 6.02118e+06 6.0211e+06 6.02101e+06 6.02092e+06
          6.02084e+06 6.02076e+06 6.02067e+06 6.0206e+06 6.02052e+06 6.02044e+06 6.02037e+06 6.0203e+06 6.02023e+06 6.02016e+06 6.02009e+06 6.02002e+06
          6.01995e+06 6.01989e+06 6.01983e+06 6.01976e+06 6.0197e+06 6.01964e+06 6.01958e+06 6.01953e+06 6.01947e+06 6.01941e+06 6.01936e+06 6.0193e+06
          6.01925e+06 6.0192e+06 6.01914e+06 6.01909e+06 6.01904e+06 6.01899e+06 6.01894e+06 6.0189e+06 6.01885e+06 6.0188e+06 6.01876e+06 6.01871e+06
          6.01867e+06 6.01862e+06 6.01858e+06 6.01853e+06 6.01849e+06 6.01845e+06 6.01841e+06 6.01836e+06 6.01832e+06 6.01828e+06 6.01824e+06 6.0182e+06
          6.01816e+06 6.01813e+06 6.01809e+06 6.01805e+06 6.01801e+06 6.01797e+06 6.01794e+06 6.0179e+06 6.01786e+06 6.01783e+06 6.01779e+06 6.01776e+06
          6.01772e+06 6.02292e+06 6.02292e+06 6.02291e+06 6.0229e+06 6.02288e+06 6.02286e+06 6.02284e+06 6.0228e+06 6.02276e+06 6.02272e+06 6.02266e+06
          6.0226e+06 6.02253e+06 6.02246e+06 6.02237e+06 6.02228e+06 6.02219e+06 6.02209e+06 6.02198e+06 6.02188e+06 6.02176e+06 6.02165e+06 6.02154e+06
          6.02143e+06 6.02131e+06 6.0212e+06 6.02109e+06 6.02098e+06 6.02087e+06 6.02076e+06 6.02066e+06 6.02056e+06 6.02046e+06 6.02036e+06 6.02026e+06
          6.02017e+06 6.02008e+06 6.01999e+06 6.0199e+06 6.01981e+06 6.01973e+06 6.01964e+06 6.01956e+06 6.01948e+06 6.01941e+06 6.01933e+06 6.01926e+06
          6.01919e+06 6.01911e+06 6.01904e+06 6.01898e+06 6.01891e+06 6.01884e+06 6.01878e+06 6.01872e+06 6.01865e+06 6.01859e+06 6.01853e+06 6.01847e+06
          6.01842e+06 6.01836e+06 6.0183e+06 6.01825e+06 6.01819e+06 6.01814e+06 6.01809e+06 6.01803e+06 6.01798e+06 6.01793e+06 6.01788e+06 6.01783e+06
          6.01779e+06 6.01774e+06 6.01769e+06 6.01764e+06 6.0176e+06 6.01755e+06 6.01751e+06 6.01747e+06 6.01742e+06 6.01738e+06 6.01734e+06 6.0173e+06
          6.01725e+06 6.01721e+06 6.01717e+06 6.01713e+06 6.01709e+06 6.01705e+06 6.01702e+06 6.01698e+06 6.01694e+06 6.0169e+06 6.01686e+06 6.01683e+06
          6.01679e+06 6.01675e+06 6.01672e+06 6.01668e+06 6.01665e+06 6.01661e+06 6.02196e+06 6.02196e+06 6.02195e+06 6.02193e+06 6.0219e+06 6.02187e+06
          6.02183e+06 6.02179e+06 6.02174e+06 6.02169e+06 6.02163e+06 6.02157e+06 6.02149e+06 6.02141e+06 6.02132e+06 6.02123e+06 6.02113e+06 6.02102e+06
          6.02092e+06 6.0208e+06 6.02069e+06 6.02057e+06 6.02046e+06 6.02034e+06 6.02022e+06 6.02011e+06 6.01999e+06 6.01988e+06 6.01977e+06 6.01966e+06
          6.01956e+06 6.01945e+06 6.01935e+06 6.01925e+06 6.01916e+06 6.01906e+06 6.01897e+06 6.01888e+06 6.01879e+06 6.0187e+06 6.01862e+06 6.01853e+06
          6.01845e+06 6.01837e+06 6.0183e+06 6.01822e+06 6.01815e+06 6.01808e+06 6.018e+06 6.01793e+06 6.01787e+06 6.0178e+06 6.01773e+06 6.01767e+06
          6.0176e+06 6.01754e+06 6.01748e+06 6.01742e+06 6.01736e+06 6.0173e+06 6.01725e+06 6.01719e+06 6.01714e+06 6.01708e+06 6.01703e+06 6.01698e+06
          6.01692e+06 6.01687e+06 6.01682e+06 6.01677e+06 6.01672e+06 6.01668e+06 6.01663e+06 6.01658e+06 6.01653e+06 6.01649e+06 6.01644e+06 6.0164e+06
          6.01636e+06 6.01631e+06 6.01627e+06 6.01623e+06 6.01618e+06 6.01614e+06 6.0161e+06 6.01606e+06 6.01602e+06 6.01598e+06 6.01594e+06 6.01591e+06
          6.01587e+06 6.01583e+06 6.01579e+06 6.01575e+06 6.01572e+06 6.01568e+06 6.01564e+06 6.01561e+06 6.01557e+06 6.01554e+06 6.0155e+06 6.02112e+06
          6.02111e+06 6.02109e+06 6.02105e+06 6.021e+06 6.02095e+06 6.02089e+06 6.02083e+06 6.02077e+06 6.0207e+06 6.02063e+06 6.02055e+06 6.02047e+06
          6.02038e+06 6.02029e+06 6.02019e+06 6.02008e+06 6.01997e+06 6.01986e+06 6.01974e+06 6.01962e+06 6.0195e+06 6.01938e+06 6.01926e+06 6.01914e+06
          6.01902e+06 6.0189e+06 6.01878e+06 6.01867e+06 6.01856e+06 6.01845e+06 6.01835e+06 6.01825e+06 6.01815e+06 6.01805e+06 6.01795e+06 6.01786e+06
          6.01777e+06 6.01768e+06 6.01759e+06 6.01751e+06 6.01742e+06 6.01734e+06 6.01726e+06 6.01719e+06 6.01711e+06 6.01704e+06 6.01696e+06 6.01689e+06
          6.01682e+06 6.01676e+06 6.01669e+06 6.01662e+06 6.01656e+06 6.01649e+06 6.01643e+06 6.01637e+06 6.01631e+06 6.01625e+06 6.01619e+06 6.01614e+06
          6.01608e+06 6.01602e+06 6.01597e+06 6.01592e+06 6.01586e+06 6.01581e+06 6.01576e+06 6.01571e+06 6.01566e+06 6.01561e+06 6.01556e+06 6.01552e+06
          6.01547e+06 6.01542e+06 6.01538e+06 6.01533e+06 6.01529e+06 6.01524e+06 6.0152e+06 6.01516e+06 6.01512e+06 6.01507e+06 6.01503e+06 6.01499e+06
          6.01495e+06 6.01491e+06 6.01487e+06 6.01483e+06 6.0148e+06 6.01476e+06 6.01472e+06 6.01468e+06 6.01464e+06 6.01461e+06 6.01457e+06 6.01454e+06
          6.0145e+06 6.01447e+06 6.01443e+06 6.0144e+06 6.02046e+06 6.02044e+06 6.02039e+06 6.02032e+06 6.02023e+06 6.02013e+06 6.02004e+06 6.01994e+06
          6.01985e+06 6.01976e+06 6.01967e+06 6.01957e+06 6.01948e+06 6.01938e+06 6.01927e+06 6.01916e+06 6.01905e+06 6.01893e+06 6.01881e+06 6.01868e+06
          6.01856e+06 6.01843e+06 6.0183e+06 6.01818e+06 6.01805e+06 6.01793e+06 6.01781e+06 6.01769e+06 6.01758e+06 6.01746e+06 6.01735e+06 6.01725e+06
          6.01714e+06 6.01704e+06 6.01694e+06 6.01685e+06 6.01675e+06 6.01666e+06 6.01657e+06 6.01648e+06 6.0164e+06 6.01632e+06 6.01623e+06 6.01616e+06
          6.01608e+06 6.016e+06 6.01593e+06 6.01585e+06 6.01578e+06 6.01571e+06 6.01564e+06 6.01558e+06 6.01551e+06 6.01545e+06 6.01538e+06 6.01532e+06
          6.01526e+06 6.0152e+06 6.01514e+06 6.01508e+06 6.01503e+06 6.01497e+06 6.01491e+06 6.01486e+06 6.01481e+06 6.01475e+06 6.0147e+06 6.01465e+06
          6.0146e+06 6.01455e+06 6.0145e+06 6.01445e+06 6.01441e+06 6.01436e+06 6.01431e+06 6.01427e+06 6.01422e+06 6.01418e+06 6.01413e+06 6.01409e+06
          6.01405e+06 6.01401e+06 6.01396e+06 6.01392e+06 6.01388e+06 6.01384e+06 6.0138e+06 6.01376e+06 6.01372e+06 6.01369e+06 6.01365e+06 6.01361e+06
          6.01357e+06 6.01354e+06 6.0135e+06 6.01346e+06 6.01343e+06 6.01339e+06 6.01336e+06 6.01332e+06 6.01329e+06 6.02001e+06 6.01998e+06 6.0199e+06
          6.01977e+06 6.01963e+06 6.01947e+06 6.01931e+06 6.01916e+06 6.01901e+06 6.01888e+06 6.01875e+06 6.01863e+06 6.01851e+06 6.0184e+06 6.01828e+06
          6.01815e+06 6.01803e+06 6.0179e+06 6.01777e+06 6.01763e+06 6.0175e+06 6.01737e+06 6.01723e+06 6.0171e+06 6.01697e+06 6.01684e+06 6.01672e+06
          6.0166e+06 6.01648e+06 6.01637e+06 6.01625e+06 6.01615e+06 6.01604e+06 6.01594e+06 6.01584e+06 6.01574e+06 6.01565e+06 6.01555e+06 6.01546e+06
          6.01538e+06 6.01529e+06 6.01521e+06 6.01513e+06 6.01505e+06 6.01497e+06 6.01489e+06 6.01482e+06 6.01474e+06 6.01467e+06 6.0146e+06 6.01453e+06
          6.01447e+06 6.0144e+06 6.01434e+06 6.01427e+06 6.01421e+06 6.01415e+06 6.01409e+06 6.01403e+06 6.01397e+06 6.01392e+06 6.01386e+06 6.0138e+06
          6.01375e+06 6.0137e+06 6.01364e+06 6.01359e+06 6.01354e+06 6.01349e+06 6.01344e+06 6.01339e+06 6.01334e+06 6.0133e+06 6.01325e+06 6.0132e+06
          6.01316e+06 6.01311e+06 6.01307e+06 6.01302e+06 6.01298e+06 6.01294e+06 6.0129e+06 6.01285e+06 6.01281e+06 6.01277e+06 6.01273e+06 6.01269e+06
          6.01265e+06 6.01261e+06 6.01258e+06 6.01254e+06 6.0125e+06 6.01246e+06 6.01243e+06 6.01239e+06 6.01235e+06 6.01232e+06 6.01228e+06 6.01225e+06
          6.01222e+06 6.01218e+06 6.0198e+06 6.01976e+06 6.01963e+06 6.01944e+06 6.01922e+06 6.01897e+06 6.01873e+06 6.01849e+06 6.01828e+06 6.01808e+06
          6.0179e+06 6.01774e+06 6.01759e+06 6.01745e+06 6.0173e+06 6.01716e+06 6.01702e+06 6.01688e+06 6.01674e+06 6.01659e+06 6.01645e+06 6.01631e+06
          6.01617e+06 6.01603e+06 6.01589e+06 6.01576e+06 6.01563e+06 6.01551e+06 6.01539e+06 6.01527e+06 6.01516e+06 6.01504e+06 6.01494e+06 6.01483e+06
          6.01473e+06 6.01463e+06 6.01454e+06 6.01445e+06 6.01436e+06 6.01427e+06 6.01418e+06 6.0141e+06 6.01402e+06 6.01394e+06 6.01386e+06 6.01378e+06
          6.01371e+06 6.01363e+06 6.01356e+06 6.01349e+06 6.01342e+06 6.01336e+06 6.01329e+06 6.01323e+06 6.01316e+06 6.0131e+06 6.01304e+06 6.01298e+06
          6.01292e+06 6.01286e+06 6.01281e+06 6.01275e+06 6.01269e+06 6.01264e+06 6.01259e+06 6.01253e+06 6.01248e+06 6.01243e+06 6.01238e+06 6.01233e+06
          6.01228e+06 6.01223e+06 6.01219e+06 6.01214e+06 6.01209e+06 6.01205e+06 6.012e+06 6.01196e+06 6.01191e+06 6.01187e+06 6.01183e+06 6.01179e+06
          6.01174e+06 6.0117e+06 6.01166e+06 6.01162e+06 6.01158e+06 6.01154e+06 6.0115e+06 6.01147e+06 6.01143e+06 6.01139e+06 6.01135e+06 6.01132e+06
          6.01128e+06 6.01125e+06 6.01121e+06 6.01118e+06 6.01114e+06 6.01111e+06 6.01107e+06 6.01985e+06 6.01979e+06 6.0196e+06 6.01933e+06 6.019e+06
          6.01865e+06 6.01829e+06 6.01796e+06 6.01765e+06 6.01737e+06 6.01713e+06 6.01691e+06 6.01671e+06 6.01653e+06 6.01636e+06 6.0162e+06 6.01604e+06
          6.01588e+06 6.01572e+06 6.01556e+06 6.01541e+06 6.01525e+06 6.0151e+06 6.01496e+06 6.01482e+06 6.01468e+06 6.01455e+06 6.01442e+06 6.01429e+06
          6.01417e+06 6.01406e+06 6.01394e+06 6.01384e+06 6.01373e+06 6.01363e+06 6.01353e+06 6.01343e+06 6.01334e+06 6.01325e+06 6.01316e+06 6.01307e+06
          6.01299e+06 6.01291e+06 6.01283e+06 6.01275e+06 6.01267e+06 6.0126e+06 6.01252e+06 6.01245e+06 6.01238e+06 6.01232e+06 6.01225e+06 6.01218e+06
          6.01212e+06 6.01205e+06 6.01199e+06 6.01193e+06 6.01187e+06 6.01181e+06 6.01175e+06 6.0117e+06 6.01164e+06 6.01158e+06 6.01153e+06 6.01148e+06
          6.01142e+06 6.01137e+06 6.01132e+06 6.01127e+06 6.01122e+06 6.01117e+06 6.01112e+06 6.01108e+06 6.01103e+06 6.01098e+06 6.01094e+06 6.01089e+06
          6.01085e+06 6.0108e+06 6.01076e+06 6.01072e+06 6.01068e+06 6.01064e+06 6.01059e+06 6.01055e+06 6.01051e+06 6.01047e+06 6.01043e+06 6.0104e+06
          6.01036e+06 6.01032e+06 6.01028e+06 6.01025e+06 6.01021e+06 6.01017e+06 6.01014e+06 6.0101e+06 6.01007e+06 6.01003e+06 6.01e+06 6.00997e+06
          6.0202e+06 6.0201e+06 6.01982e+06 6.01943e+06 6.01896e+06 6.01848e+06 6.018e+06 6.01754e+06 6.01713e+06 6.01676e+06 6.01643e+06 6.01614e+06
          6.01589e+06 6.01566e+06 6.01545e+06 6.01525e+06 6.01507e+06 6.01489e+06 6.01471e+06 6.01454e+06 6.01437e+06 6.0142e+06 6.01405e+06 6.01389e+06
          6.01374e+06 6.0136e+06 6.01346e+06 6.01333e+06 6.0132e+06 6.01308e+06 6.01296e+06 6.01284e+06 6.01273e+06 6.01263e+06 6.01252e+06 6.01242e+06
          6.01233e+06 6.01223e+06 6.01214e+06 6.01205e+06 6.01197e+06 6.01188e+06 6.0118e+06 6.01172e+06 6.01164e+06 6.01156e+06 6.01149e+06 6.01142e+06
          6.01134e+06 6.01127e+06 6.01121e+06 6.01114e+06 6.01107e+06 6.01101e+06 6.01094e+06 6.01088e+06 6.01082e+06 6.01076e+06 6.0107e+06 6.01064e+06
          6.01059e+06 6.01053e+06 6.01048e+06 6.01042e+06 6.01037e+06 6.01031e+06 6.01026e+06 6.01021e+06 6.01016e+06 6.01011e+06 6.01006e+06 6.01002e+06
          6.00997e+06 6.00992e+06 6.00987e+06 6.00983e+06 6.00978e+06 6.00974e+06 6.0097e+06 6.00965e+06 6.00961e+06 6.00957e+06 6.00953e+06 6.00948e+06
          6.00944e+06 6.0094e+06 6.00936e+06 6.00933e+06 6.00929e+06 6.00925e+06 6.00921e+06 6.00917e+06 6.00914e+06 6.0091e+06 6.00906e+06 6.00903e+06
          6.00899e+06 6.00896e+06 6.00893e+06 6.00889e+06 6.00886e+06 6.02093e+06 6.02076e+06 6.02033e+06 6.01974e+06 6.01909e+06 6.01844e+06 6.01782e+06
          6.01724e+06 6.01671e+06 6.01623e+06 6.01581e+06 6.01544e+06 6.01512e+06 6.01483e+06 6.01457e+06 6.01434e+06 6.01412e+06 6.01391e+06 6.01371e+06
          6.01352e+06 6.01334e+06 6.01316e+06 6.01299e+06 6.01283e+06 6.01267e+06 6.01252e+06 6.01238e+06 6.01224e+06 6.01211e+06 6.01198e+06 6.01186e+06
          6.01174e+06 6.01163e+06 6.01152e+06 6.01142e+06 6.01132e+06 6.01122e+06 6.01113e+06 6.01103e+06 6.01094e+06 6.01086e+06 6.01077e+06 6.01069e+06
          6.01061e+06 6.01053e+06 6.01046e+06 6.01038e+06 6.01031e+06 6.01024e+06 6.01016e+06 6.0101e+06 6.01003e+06 6.00996e+06 6.0099e+06 6.00983e+06
          6.00977e+06 6.00971e+06 6.00965e+06 6.00959e+06 6.00953e+06 6.00948e+06 6.00942e+06 6.00937e+06 6.00931e+06 6.00926e+06 6.0092e+06 6.00915e+06
          6.0091e+06 6.00905e+06 6.009e+06 6.00895e+06 6.00891e+06 6.00886e+06 6.00881e+06 6.00876e+06 6.00872e+06 6.00867e+06 6.00863e+06 6.00859e+06
          6.00854e+06 6.0085e+06 6.00846e+06 6.00842e+06 6.00838e+06 6.00834e+06 6.0083e+06 6.00826e+06 6.00822e+06 6.00818e+06 6.00814e+06 6.0081e+06
          6.00806e+06 6.00803e+06 6.00799e+06 6.00796e+06 6.00792e+06 6.00789e+06 6.00785e+06 6.00782e+06 6.00778e+06 6.00775e+06 6.02226e+06 6.02196e+06
          6.02122e+06 6.0203e+06 6.01938e+06 6.01852e+06 6.01773e+06 6.01701e+06 6.01636e+06 6.01578e+06 6.01526e+06 6.0148e+06 6.0144e+06 6.01405e+06
          6.01373e+06 6.01345e+06 6.01319e+06 6.01295e+06 6.01272e+06 6.01251e+06 6.01231e+06 6.01212e+06 6.01193e+06 6.01176e+06 6.0116e+06 6.01144e+06
          6.01129e+06 6.01115e+06 6.01101e+06 6.01088e+06 6.01076e+06 6.01064e+06 6.01053e+06 6.01042e+06 6.01032e+06 6.01021e+06 6.01012e+06 6.01002e+06
          6.00993e+06 6.00984e+06 6.00975e+06 6.00966e+06 6.00958e+06 6.0095e+06 6.00942e+06 6.00935e+06 6.00927e+06 6.0092e+06 6.00913e+06 6.00906e+06
          6.00899e+06 6.00892e+06 6.00885e+06 6.00879e+06 6.00873e+06 6.00866e+06 6.0086e+06 6.00854e+06 6.00848e+06 6.00842e+06 6.00837e+06 6.00831e+06
          6.00826e+06 6.0082e+06 6.00815e+06 6.0081e+06 6.00804e+06 6.00799e+06 6.00794e+06 6.00789e+06 6.00784e+06 6.0078e+06 6.00775e+06 6.0077e+06
          6.00766e+06 6.00761e+06 6.00757e+06 6.00752e+06 6.00748e+06 6.00743e+06 6.00739e+06 6.00735e+06 6.00731e+06 6.00727e+06 6.00723e+06 6.00719e+06
          6.00715e+06 6.00711e+06 6.00707e+06 6.00703e+06 6.00699e+06 6.00696e+06 6.00692e+06 6.00688e+06 6.00685e+06 6.00681e+06 6.00678e+06 6.00674e+06
          6.00671e+06 6.00668e+06 6.00664e+06 6.02476e+06 6.02408e+06 6.0226e+06 6.0211e+06 6.0198e+06 6.01868e+06 6.01771e+06 6.01685e+06 6.01608e+06
          6.01539e+06 6.01477e+06 6.01422e+06 6.01373e+06 6.0133e+06 6.01292e+06 6.01259e+06 6.01228e+06 6.012e+06 6.01174e+06 6.01151e+06 6.01128e+06
          6.01107e+06 6.01088e+06 6.01069e+06 6.01052e+06 6.01036e+06 6.0102e+06 6.01006e+06 6.00992e+06 6.00979e+06 6.00966e+06 6.00954e+06 6.00943e+06
          6.00932e+06 6.00921e+06 6.00911e+06 6.00901e+06 6.00891e+06 6.00882e+06 6.00873e+06 6.00864e+06 6.00856e+06 6.00847e+06 6.00839e+06 6.00831e+06
          6.00824e+06 6.00816e+06 6.00809e+06 6.00802e+06 6.00795e+06 6.00788e+06 6.00781e+06 6.00774e+06 6.00768e+06 6.00762e+06 6.00755e+06 6.00749e+06
          6.00743e+06 6.00737e+06 6.00732e+06 6.00726e+06 6.0072e+06 6.00715e+06 6.00709e+06 6.00704e+06 6.00699e+06 6.00694e+06 6.00688e+06 6.00683e+06
          6.00678e+06 6.00674e+06 6.00669e+06 6.00664e+06 6.00659e+06 6.00655e+06 6.0065e+06 6.00646e+06 6.00641e+06 6.00637e+06 6.00633e+06 6.00628e+06
          6.00624e+06 6.0062e+06 6.00616e+06 6.00612e+06 6.00608e+06 6.00604e+06 6.006e+06 6.00596e+06 6.00592e+06 6.00589e+06 6.00585e+06 6.00581e+06
          6.00578e+06 6.00574e+06 6.0057e+06 6.00567e+06 6.00564e+06 6.0056e+06 6.00557e+06 6.00554e+06 6.03037e+06 6.02809e+06 6.02445e+06 6.02207e+06
          6.02029e+06 6.01889e+06 6.01772e+06 6.01671e+06 6.01583e+06 6.01504e+06 6.01432e+06 6.01368e+06 6.01311e+06 6.0126e+06 6.01215e+06 6.01175e+06
          6.01139e+06 6.01107e+06 6.01077e+06 6.01051e+06 6.01026e+06 6.01003e+06 6.00982e+06 6.00962e+06 6.00944e+06 6.00927e+06 6.00911e+06 6.00896e+06
          6.00882e+06 6.00869e+06 6.00856e+06 6.00844e+06 6.00832e+06 6.00821e+06 6.0081e+06 6.008e+06 6.0079e+06 6.00781e+06 6.00771e+06 6.00762e+06
          6.00753e+06 6.00745e+06 6.00737e+06 6.00728e+06 6.00721e+06 6.00713e+06 6.00705e+06 6.00698e+06 6.00691e+06 6.00684e+06 6.00677e+06 6.0067e+06
          6.00664e+06 6.00657e+06 6.00651e+06 6.00645e+06 6.00638e+06 6.00632e+06 6.00626e+06 6.00621e+06 6.00615e+06 6.00609e+06 6.00604e+06 6.00598e+06
          6.00593e+06 6.00588e+06 6.00583e+06 6.00578e+06 6.00573e+06 6.00568e+06 6.00563e+06 6.00558e+06 6.00553e+06 6.00548e+06 6.00544e+06 6.00539e+06
          6.00535e+06 6.0053e+06 6.00526e+06 6.00522e+06 6.00517e+06 6.00513e+06 6.00509e+06 6.00505e+06 6.00501e+06 6.00497e+06 6.00493e+06 6.00489e+06
          6.00485e+06 6.00482e+06 6.00478e+06 6.00474e+06 6.0047e+06 6.00467e+06 6.00463e+06 6.0046e+06 6.00456e+06 6.00453e+06 6.0045e+06 6.00446e+06
          6.00443e+06 6.05899e+06 6.03256e+06 6.02645e+06 6.02306e+06 6.02078e+06 6.01908e+06 6.01773e+06 6.01659e+06 6.0156e+06 6.01471e+06 6.01391e+06
          6.01318e+06 6.01252e+06 6.01193e+06 6.01141e+06 6.01094e+06 6.01052e+06 6.01014e+06 6.00981e+06 6.0095e+06 6.00923e+06 6.00898e+06 6.00876e+06
          6.00855e+06 6.00836e+06 6.00818e+06 6.00802e+06 6.00787e+06 6.00772e+06 6.00759e+06 6.00746e+06 6.00734e+06 6.00722e+06 6.00711e+06 6.007e+06
          6.0069e+06 6.0068e+06 6.0067e+06 6.00661e+06 6.00652e+06 6.00643e+06 6.00634e+06 6.00626e+06 6.00618e+06 6.0061e+06 6.00602e+06 6.00595e+06
          6.00587e+06 6.0058e+06 6.00573e+06 6.00566e+06 6.00559e+06 6.00553e+06 6.00546e+06 6.0054e+06 6.00534e+06 6.00528e+06 6.00522e+06 6.00516e+06
          6.0051e+06 6.00504e+06 6.00499e+06 6.00493e+06 6.00488e+06 6.00482e+06 6.00477e+06 6.00472e+06 6.00467e+06 6.00462e+06 6.00457e+06 6.00452e+06
          6.00447e+06 6.00442e+06 6.00438e+06 6.00433e+06 6.00428e+06 6.00424e+06 6.0042e+06 6.00415e+06 6.00411e+06 6.00407e+06 6.00402e+06 6.00398e+06
          6.00394e+06 6.0039e+06 6.00386e+06 6.00382e+06 6.00378e+06 6.00374e+06 6.00371e+06 6.00367e+06 6.00363e+06 6.0036e+06 6.00356e+06 6.00352e+06
          6.00349e+06 6.00346e+06 6.00342e+06 6.00339e+06 6.00335e+06 6.00332e+06 6.06417e+06 6.03634e+06 6.02811e+06 6.02388e+06 6.02117e+06 6.01923e+06
          6.01771e+06 6.01646e+06 6.01537e+06 6.0144e+06 6.01352e+06 6.01271e+06 6.01196e+06 6.01129e+06 6.01068e+06 6.01014e+06 6.00965e+06 6.00922e+06
          6.00884e+06 6.0085e+06 6.0082e+06 6.00793e+06 6.00769e+06 6.00747e+06 6.00727e+06 6.00709e+06 6.00693e+06 6.00677e+06 6.00662e+06 6.00649e+06
          6.00636e+06 6.00623e+06 6.00611e+06 6.006e+06 6.00589e+06 6.00579e+06 6.00569e+06 6.00559e+06 6.0055e+06 6.00541e+06 6.00532e+06 6.00523e+06
          6.00515e+06 6.00507e+06 6.00499e+06 6.00491e+06 6.00484e+06 6.00476e+06 6.00469e+06 6.00462e+06 6.00455e+06 6.00449e+06 6.00442e+06 6.00435e+06
          6.00429e+06 6.00423e+06 6.00417e+06 6.00411e+06 6.00405e+06 6.00399e+06 6.00393e+06 6.00388e+06 6.00382e+06 6.00377e+06 6.00371e+06 6.00366e+06
          6.00361e+06 6.00356e+06 6.00351e+06 6.00346e+06 6.00341e+06 6.00336e+06 6.00332e+06 6.00327e+06 6.00322e+06 6.00318e+06 6.00313e+06 6.00309e+06
          6.00304e+06 6.003e+06 6.00296e+06 6.00292e+06 6.00287e+06 6.00283e+06 6.00279e+06 6.00275e+06 6.00271e+06 6.00268e+06 6.00264e+06 6.0026e+06
          6.00256e+06 6.00252e+06 6.00249e+06 6.00245e+06 6.00242e+06 6.00238e+06 6.00235e+06 6.00231e+06 6.00228e+06 6.00225e+06 6.00222e+06 6.06608e+06
          6.03795e+06 6.02909e+06 6.02437e+06 6.02138e+06 6.01927e+06 6.01764e+06 6.0163e+06 6.01514e+06 6.0141e+06 6.01314e+06 6.01225e+06 6.01142e+06
          6.01066e+06 6.00997e+06 6.00934e+06 6.00878e+06 6.00829e+06 6.00786e+06 6.00748e+06 6.00715e+06 6.00686e+06 6.00661e+06 6.00638e+06 6.00618e+06
          6.006e+06 6.00582e+06 6.00567e+06 6.00552e+06 6.00538e+06 6.00525e+06 6.00513e+06 6.00501e+06 6.00489e+06 6.00479e+06 6.00468e+06 6.00458e+06
          6.00448e+06 6.00439e+06 6.0043e+06 6.00421e+06 6.00413e+06 6.00404e+06 6.00396e+06 6.00388e+06 6.0038e+06 6.00373e+06 6.00366e+06 6.00358e+06
          6.00351e+06 6.00344e+06 6.00338e+06 6.00331e+06 6.00325e+06 6.00318e+06 6.00312e+06 6.00306e+06 6.003e+06 6.00294e+06 6.00288e+06 6.00282e+06
          6.00277e+06 6.00271e+06 6.00266e+06 6.00261e+06 6.00255e+06 6.0025e+06 6.00245e+06 6.0024e+06 6.00235e+06 6.0023e+06 6.00225e+06 6.00221e+06
          6.00216e+06 6.00211e+06 6.00207e+06 6.00202e+06 6.00198e+06 6.00194e+06 6.00189e+06 6.00185e+06 6.00181e+06 6.00177e+06 6.00173e+06 6.00169e+06
          6.00165e+06 6.00161e+06 6.00157e+06 6.00153e+06 6.00149e+06 6.00145e+06 6.00142e+06 6.00138e+06 6.00134e+06 6.00131e+06 6.00127e+06 6.00124e+06
          6.00121e+06 6.00117e+06 6.00114e+06 6.00111e+06 6.06652e+06 6.03833e+06 6.02931e+06 6.02445e+06 6.02136e+06 6.01918e+06 6.0175e+06 6.01611e+06
          6.0149e+06 6.0138e+06 6.01277e+06 6.01181e+06 6.01089e+06 6.01004e+06 6.00926e+06 6.00854e+06 6.0079e+06 6.00734e+06 6.00685e+06 6.00644e+06
          6.00608e+06 6.00578e+06 6.00551e+06 6.00528e+06 6.00508e+06 6.00489e+06 6.00472e+06 6.00456e+06 6.00441e+06 6.00427e+06 6.00414e+06 6.00402e+06
          6.0039e+06 6.00379e+06 6.00368e+06 6.00357e+06 6.00347e+06 6.00338e+06 6.00328e+06 6.00319e+06 6.0031e+06 6.00302e+06 6.00293e+06 6.00285e+06
          6.00277e+06 6.0027e+06 6.00262e+06 6.00255e+06 6.00248e+06 6.00241e+06 6.00234e+06 6.00227e+06 6.0022e+06 6.00214e+06 6.00208e+06 6.00201e+06
          6.00195e+06 6.00189e+06 6.00183e+06 6.00177e+06 6.00172e+06 6.00166e+06 6.00161e+06 6.00155e+06 6.0015e+06 6.00145e+06 6.00139e+06 6.00134e+06
          6.00129e+06 6.00124e+06 6.00119e+06 6.00115e+06 6.0011e+06 6.00105e+06 6.00101e+06 6.00096e+06 6.00092e+06 6.00087e+06 6.00083e+06 6.00078e+06
          6.00074e+06 6.0007e+06 6.00066e+06 6.00062e+06 6.00058e+06 6.00054e+06 6.0005e+06 6.00046e+06 6.00042e+06 6.00038e+06 6.00035e+06 6.00031e+06
          6.00027e+06 6.00024e+06 6.0002e+06 6.00017e+06 6.00013e+06 6.0001e+06 6.00006e+06 6.00003e+06 6e+06
        </DataArray>
        <DataArray type="Float32" Name="rho" NumberOfComponents="1" format="ascii">
          37.8149 37.8139 37.7807 37.7819 37.8139 37.7857 37.8139 37.7891 37.8141 37.7922 37.8143 37.795
          37.8147 37.7977 37.8151 37.8002 37.8154 37.8024 37.8158 37.8042 37.816 37.8057 37.8161 37.8067
          37.816 37.8074 37.8158 37.8077 37.8155 37.8077 37.8151 37.8075 37.8146 37.8071 37.8141 37.8066
          37.8134 37.806 37.8128 37.8054 37.8121 37.8047 37.8114 37.804 37.8107 37.8033 37.81 37.8026
          37.8093 37.8019 37.8086 37.8012 37.8079 37.8005 37.8072 37.7998 37.8065 37.7991 37.8058 37.7984
          37.8051 37.7977 37.8045 37.797 37.8038 37.7964 37.8032 37.7957 37.8025 37.7951 37.8019 37.7945
          37.8013 37.7939 37.8007 37.7933 37.8001 37.7927 37.7996 37.7921 37.799 37.7916 37.7985 37.791
          37.7979 37.7905 37.7974 37.79 37.7969 37.7894 37.7964 37.7889 37.7959 37.7884 37.7954 37.788
          37.7949 37.7875 37.7945 37.787 37.794 37.7866 37.7935 37.7861 37.7931 37.7857 37.7927 37.7852
          37.7923 37.7848 37.7918 37.7844 37.7914 37.784 37.791 37.7836 37.7906 37.7832 37.7902 37.7828
          37.7899 37.7824 37.7895 37.7821 37.7891 37.7817 37.7888 37.7813 37.7884 37.781 37.788 37.7806
          37.7877 37.7803 37.7874 37.7799 37.787 37.7796 37.7867 37.7792 37.7864 37.7789 37.786 37.7786
          37.7857 37.7783 37.7854 37.778 37.7851 37.7777 37.7848 37.7774 37.7845 37.7771 37.7842 37.7768
          37.7839 37.7765 37.7836 37.7762 37.7833 37.7759 37.783 37.7756 37.7827 37.7753 37.7825 37.775
          37.7822 37.7748 37.7819 37.7745 37.7817 37.7742 37.7814 37.774 37.7811 37.7737 37.7809 37.7734
          37.7806 37.7732 37.7804 37.7729 37.7801 37.7727 37.7799 37.7724 37.7796 37.7722 37.7793 37.7719
          37.7791 37.7717 37.7788 37.7714 37.7786 37.7712 37.7783 37.7709 37.778 37.7706 37.6563 37.6618
          37.6759 37.6938 37.7115 37.7279 37.7428 37.7561 37.7676 37.7771 37.7847 37.7903 37.7942 37.7968
          37.7983 37.799 37.7991 37.7989 37.7985 37.7979 37.7973 37.7966 37.7959 37.7952 37.7945 37.7938
          37.7931 37.7924 37.7917 37.791 37.7903 37.7896 37.789 37.7883 37.7877 37.7871 37.7864 37.7859
          37.7853 37.7847 37.7841 37.7836 37.783 37.7825 37.782 37.7815 37.781 37.7805 37.78 37.7796
          37.7791 37.7787 37.7782 37.7778 37.7774 37.777 37.7766 37.7762 37.7758 37.7754 37.775 37.7746
          37.7742 37.7739 37.7735 37.7732 37.7728 37.7725 37.7721 37.7718 37.7715 37.7712 37.7708 37.7705
          37.7702 37.7699 37.7696 37.7693 37.769 37.7687 37.7684 37.7682 37.7679 37.7676 37.7673 37.7671
          37.7668 37.7665 37.7663 37.766 37.7658 37.7655 37.7652 37.765 37.7647 37.7645 37.7642 37.764
          37.7637 37.7635 37.7632 37.3232 37.3387 37.375 37.4266 37.4825 37.5376 37.5891 37.6355 37.6757
          37.7089 37.7353 37.7551 37.7692 37.7787 37.7847 37.7882 37.79 37.7907 37.7907 37.7904 37.7899
          37.7892 37.7885 37.7878 37.7871 37.7864 37.7857 37.785 37.7843 37.7836 37.7829 37.7822 37.7815
          37.7809 37.7803 37.7796 37.779 37.7784 37.7778 37.7773 37.7767 37.7762 37.7756 37.7751 37.7746
          37.7741 37.7736 37.7731 37.7726 37.7721 37.7717 37.7712 37.7708 37.7704 37.77 37.7695 37.7691
          37.7687 37.7683 37.7679 37.7676 37.7672 37.7668 37.7664 37.7661 37.7657 37.7654 37.7651 37.7647
          37.7644 37.7641 37.7637 37.7634 37.7631 37.7628 37.7625 37.7622 37.7619 37.7616 37.7613 37.761
          37.7607 37.7605 37.7602 37.7599 37.7596 37.7594 37.7591 37.7588 37.7586 37.7583 37.7581 37.7578
          37.7576 37.7573 37.7571 37.7568 37.7566 37.7563 37.7561 37.7558 36.5767 36.6169 36.704 36.8244
          36.9591 37.0966 37.2294 37.3518 37.4594 37.5497 37.6219 37.6767 37.7163 37.7435 37.7611 37.7718
          37.7778 37.7809 37.7822 37.7826 37.7823 37.7818 37.7812 37.7805 37.7798 37.779 37.7783 37.7776
          37.7769 37.7762 37.7755 37.7748 37.7741 37.7735 37.7728 37.7722 37.7716 37.771 37.7704 37.7698
          37.7693 37.7687 37.7682 37.7677 37.7671 37.7666 37.7661 37.7657 37.7652 37.7647 37.7643 37.7638
          37.7634 37.7629 37.7625 37.7621 37.7617 37.7613 37.7609 37.7605 37.7601 37.7598 37.7594 37.759
          37.7587 37.7583 37.758 37.7576 37.7573 37.757 37.7566 37.7563 37.756 37.7557 37.7554 37.7551
          37.7548 37.7545 37.7542 37.7539 37.7536 37.7533 37.753 37.7527 37.7525 37.7522 37.7519 37.7517
          37.7514 37.7512 37.7509 37.7506 37.7504 37.7501 37.7499 37.7496 37.7494 37.7491 37.7489 37.7487
          37.7484 35.0963 35.191 35.3876 35.6418 35.9246 36.2179 36.5062 36.776 37.0166 37.221 37.3866
          37.5143 37.608 37.6732 37.7163 37.7433 37.7591 37.7678 37.7721 37.774 37.7745 37.7743 37.7738
          37.7731 37.7724 37.7717 37.771 37.7702 37.7695 37.7688 37.7681 37.7674 37.7667 37.7661 37.7654
          37.7648 37.7642 37.7636 37.763 37.7624 37.7619 37.7613 37.7608 37.7602 37.7597 37.7592 37.7587
          37.7582 37.7578 37.7573 37.7568 37.7564 37.7559 37.7555 37.7551 37.7547 37.7543 37.7539 37.7535
          37.7531 37.7527 37.7523 37.752 37.7516 37.7512 37.7509 37.7505 37.7502 37.7499 37.7495 37.7492
          37.7489 37.7486 37.7482 37.7479 37.7476 37.7473 37.747 37.7467 37.7464 37.7462 37.7459 37.7456
          37.7453 37.745 37.7448 37.7445 37.7442 37.744 37.7437 37.7435 37.7432 37.743 37.7427 37.7425
          37.7422 37.742 37.7417 37.7415 37.7413 37.741 32.448 32.6205 33.0153 33.5052 34.0539 34.6295
          35.1982 35.7315 36.208 36.6153 36.9482 37.2082 37.4021 37.5396 37.6324 37.6917 37.7275 37.7478
          37.7586 37.7638 37.7659 37.7665 37.7663 37.7658 37.7651 37.7644 37.7636 37.7629 37.7621 37.7614
          37.7607 37.76 37.7593 37.7587 37.758 37.7574 37.7568 37.7562 37.7556 37.755 37.7544 37.7539
          37.7533 37.7528 37.7523 37.7518 37.7513 37.7508 37.7503 37.7499 37.7494 37.749 37.7485 37.7481
          37.7477 37.7472 37.7468 37.7464 37.746 37.7457 37.7453 37.7449 37.7445 37.7442 37.7438 37.7435
          37.7431 37.7428 37.7424 37.7421 37.7418 37.7414 37.7411 37.7408 37.7405 37.7402 37.7399 37.7396
          37.7393 37.739 37.7387 37.7385 37.7382 37.7379 37.7376 37.7374 37.7371 37.7368 37.7366 37.7363
          37.736 37.7358 37.7355 37.7353 37.735 37.7348 37.7346 37.7343 37.7341 37.7339 37.7336 28.3479
          28.4769 29.118 29.9544 30.9314 31.9774 33.0175 33.9909 34.8575 35.5969 36.2032 36.681 37.0422
          37.3031 37.4828 37.6002 37.6729 37.7154 37.7387 37.7505 37.756 37.7581 37.7586 37.7584 37.7578
          37.7571 37.7563 37.7556 37.7548 37.7541 37.7533 37.7526 37.752 37.7513 37.7506 37.75 37.7494
          37.7488 37.7482 37.7476 37.747 37.7465 37.7459 37.7454 37.7449 37.7444 37.7439 37.7434 37.7429
          37.7424 37.742 37.7415 37.7411 37.7407 37.7402 37.7398 37.7394 37.739 37.7386 37.7382 37.7378
          37.7375 37.7371 37.7367 37.7364 37.736 37.7357 37.7353 37.735 37.7347 37.7343 37.734 37.7337
          37.7334 37.7331 37.7328 37.7325 37.7322 37.7319 37.7316 37.7313 37.731 37.7307 37.7305 37.7302
          37.7299 37.7297 37.7294 37.7291 37.7289 37.7286 37.7284 37.7281 37.7279 37.7276 37.7274 37.7271
          37.7269 37.7267 37.7264 37.7262 23.3763 23.0652 23.7812 24.9415 26.409 28.0522 29.735 31.3388
          32.7806 34.0164 35.0342 35.8422 36.46 36.9137 37.2325 37.4457 37.5809 37.662 37.7077 37.7318
          37.7435 37.7487 37.7505 37.7508 37.7504 37.7497 37.749 37.7482 37.7475 37.7467 37.746 37.7453
          37.7446 37.7439 37.7432 37.7426 37.742 37.7414 37.7408 37.7402 37.7396 37.739 37.7385 37.738
          37.7375 37.7369 37.7364 37.736 37.7355 37.735 37.7346 37.7341 37.7337 37.7332 37.7328 37.7324
          37.732 37.7316 37.7312 37.7308 37.7304 37.73 37.7297 37.7293 37.729 37.7286 37.7283 37.7279
          37.7276 37.7272 37.7269 37.7266 37.7263 37.726 37.7257 37.7254 37.7251 37.7248 37.7245 37.7242
          37.7239 37.7236 37.7233 37.7231 37.7228 37.7225 37.7222 37.722 37.7217 37.7215 37.7212 37.721
          37.7207 37.7205 37.7202 37.72 37.7197 37.7195 37.7193 37.719 37.7188 18.581 17.6845 18.1652
          19.3938 21.1344 23.2256 25.4957 27.7692 29.8938 31.7659 33.3367 34.6015 35.5826 36.3151 36.8398
          37.1989 37.4323 37.5758 37.6589 37.704 37.7267 37.7373 37.7416 37.7429 37.7429 37.7424 37.7417
          37.7409 37.7401 37.7394 37.7386 37.7379 37.7372 37.7365 37.7358 37.7352 37.7346 37.7339 37.7333
          37.7328 37.7322 37.7316 37.7311 37.7306 37.73 37.7295 37.729 37.7285 37.7281 37.7276 37.7271
          37.7267 37.7262 37.7258 37.7254 37.725 37.7246 37.7242 37.7238 37.7234 37.723 37.7226 37.7223
          37.7219 37.7215 37.7212 37.7208 37.7205 37.7202 37.7198 37.7195 37.7192 37.7189 37.7185 37.7182
          37.7179 37.7176 37.7173 37.717 37.7168 37.7165 37.7162 37.7159 37.7156 37.7154 37.7151 37.7148
          37.7146 37.7143 37.714 37.7138 37.7135 37.7133 37.713 37.7128 37.7126 37.7123 37.7121 37.7119
          37.7116 37.7114 14.4713 13.3003 13.4979 14.548 16.2215 18.3964 20.934 23.656 26.3638 28.8785
          31.0763 32.9001 34.3483 35.4525 36.2608 36.8268 37.204 37.442 37.5834 37.6622 37.7032 37.7228
          37.7313 37.7345 37.7353 37.735 37.7344 37.7336 37.7328 37.732 37.7313 37.7305 37.7298 37.7291
          37.7285 37.7278 37.7272 37.7265 37.7259 37.7254 37.7248 37.7242 37.7237 37.7231 37.7226 37.7221
          37.7216 37.7211 37.7206 37.7202 37.7197 37.7193 37.7188 37.7184 37.718 37.7176 37.7171 37.7167
          37.7163 37.716 37.7156 37.7152 37.7148 37.7145 37.7141 37.7138 37.7134 37.7131 37.7127 37.7124
          37.7121 37.7118 37.7114 37.7111 37.7108 37.7105 37.7102 37.7099 37.7096 37.7093 37.709 37.7088
          37.7085 37.7082 37.7079 37.7077 37.7074 37.7071 37.7069 37.7066 37.7064 37.7061 37.7059 37.7056
          37.7054 37.7052 37.7049 37.7047 37.7045 37.7042 37.704 11.1937 10.0802 10.1441 10.9574 12.3656
          14.3236 16.7722 19.5923 22.6017 25.5864 28.3493 30.7525 32.7324 34.288 35.4571 36.2969 36.8714
          37.2435 37.4706 37.6004 37.6695 37.7037 37.7191 37.7253 37.7273 37.7275 37.727 37.7263 37.7255
          37.7247 37.7239 37.7232 37.7225 37.7218 37.7211 37.7204 37.7198 37.7191 37.7185 37.7179 37.7174
          37.7168 37.7163 37.7157 37.7152 37.7147 37.7142 37.7137 37.7132 37.7128 37.7123 37.7118 37.7114
          37.711 37.7106 37.7101 37.7097 37.7093 37.7089 37.7085 37.7082 37.7078 37.7074 37.7071 37.7067
          37.7063 37.706 37.7057 37.7053 37.705 37.7047 37.7043 37.704 37.7037 37.7034 37.7031 37.7028
          37.7025 37.7022 37.7019 37.7016 37.7013 37.7011 37.7008 37.7005 37.7003 37.7 37.6997 37.6995
          37.6992 37.699 37.6987 37.6985 37.6982 37.698 37.6977 37.6975 37.6973 37.697 37.6968 37.6966
          8.73108 7.86196 7.91721 8.53775 9.64632 11.2643 13.41 16.0454 19.0518 22.2381 25.3798 28.272
          30.7729 32.8178 34.4072 35.5838 36.4117 36.9631 37.3087 37.5113 37.622 37.678 37.704 37.715
          37.7189 37.7199 37.7196 37.719 37.7182 37.7174 37.7166 37.7158 37.7151 37.7144 37.7137 37.713
          37.7124 37.7118 37.7111 37.7105 37.71 37.7094 37.7089 37.7083 37.7078 37.7073 37.7068 37.7063
          37.7058 37.7053 37.7049 37.7044 37.704 37.7036 37.7031 37.7027 37.7023 37.7019 37.7015 37.7011
          37.7007 37.7004 37.7 37.6996 37.6993 37.6989 37.6986 37.6982 37.6979 37.6976 37.6972 37.6969
          37.6966 37.6963 37.696 37.6957 37.6954 37.6951 37.6948 37.6945 37.6942 37.6939 37.6937 37.6934
          37.6931 37.6928 37.6926 37.6923 37.6921 37.6918 37.6915 37.6913 37.6911 37.6908 37.6906 37.6903
          37.6901 37.6899 37.6896 37.6894 37.6892 6.98219 6.41207 6.50782 6.99066 7.84212 9.12273 10.9016
          13.2092 16.0009 19.1438 22.4352 25.6464 28.5756 31.0863 33.1186 34.6772 35.8096 36.5863 37.0869
          37.3881 37.5566 37.6437 37.6852 37.7031 37.71 37.712 37.7122 37.7116 37.7109 37.7101 37.7093
          37.7085 37.7077 37.707 37.7063 37.7056 37.705 37.7043 37.7037 37.7031 37.7026 37.702 37.7014
          37.7009 37.7004 37.6999 37.6994 37.6989 37.6984 37.6979 37.6975 37.697 37.6966 37.6961 37.6957
          37.6953 37.6949 37.6945 37.6941 37.6937 37.6933 37.693 37.6926 37.6922 37.6919 37.6915 37.6912
          37.6908 37.6905 37.6902 37.6898 37.6895 37.6892 37.6889 37.6886 37.6883 37.688 37.6877 37.6874
          37.6871 37.6868 37.6865 37.6862 37.686 37.6857 37.6854 37.6852 37.6849 37.6846 37.6844 37.6841
          37.6839 37.6836 37.6834 37.6832 37.6829 37.6827 37.6825 37.6822 37.682 37.6818 5.80759 5.51059
          5.64685 6.03064 6.68339 7.68207 9.11969 11.0696 13.5479 16.4871 19.7341 23.0769 26.2905 29.1846
          31.635 33.5907 35.063 36.1059 36.7977 37.2252 37.4699 37.599 37.6617 37.6893 37.7003 37.7039
          37.7046 37.7042 37.7035 37.7027 37.7019 37.7011 37.7004 37.6996 37.6989 37.6982 37.6976 37.697
          37.6963 37.6957 37.6952 37.6946 37.694 37.6935 37.693 37.6925 37.692 37.6915 37.691 37.6905
          37.6901 37.6896 37.6892 37.6887 37.6883 37.6879 37.6875 37.6871 37.6867 37.6863 37.6859 37.6855
          37.6852 37.6848 37.6844 37.6841 37.6838 37.6834 37.6831 37.6827 37.6824 37.6821 37.6818 37.6815
          37.6812 37.6809 37.6805 37.6803 37.68 37.6797 37.6794 37.6791 37.6788 37.6786 37.6783 37.678
          37.6777 37.6775 37.6772 37.677 37.6767 37.6765 37.6762 37.676 37.6758 37.6755 37.6753 37.6751
          37.6748 37.6746 37.6744 5.06494 4.98224 5.1377 5.4453 5.95033 6.73272 7.89039 9.51672 11.6677
          14.3303 17.4072 20.7264 24.0733 27.2338 30.0343 32.3659 34.1896 35.5264 36.4405 37.0206 37.3603
          37.543 37.633 37.6735 37.6898 37.6955 37.697 37.6968 37.6962 37.6954 37.6946 37.6938 37.693
          37.6923 37.6915 37.6909 37.6902 37.6896 37.6889 37.6883 37.6877 37.6872 37.6866 37.6861 37.6856
          37.685 37.6845 37.684 37.6836 37.6831 37.6826 37.6822 37.6817 37.6813 37.6809 37.6805 37.6801
          37.6797 37.6793 37.6789 37.6785 37.6781 37.6778 37.6774 37.677 37.6767 37.6763 37.676 37.6757
          37.6753 37.675 37.6747 37.6744 37.674 37.6737 37.6734 37.6731 37.6728 37.6726 37.6723 37.672
          37.6717 37.6714 37.6711 37.6709 37.6706 37.6703 37.6701 37.6698 37.6696 37.6693 37.6691 37.6688
          37.6686 37.6683 37.6681 37.6679 37.6677 37.6674 37.6672 37.667 4.63821 4.70107 4.84526 5.09118
          5.48956 6.11439 7.05909 8.42209 10.2804 12.6587 15.5079 18.7021 22.0571 25.3626 28.4198 31.0733
          33.2311 34.8696 36.0254 36.7787 37.2295 37.4764 37.5997 37.6557 37.6786 37.6869 37.6892 37.6894
          37.6888 37.688 37.6872 37.6864 37.6856 37.6849 37.6842 37.6835 37.6828 37.6822 37.6815 37.6809
          37.6803 37.6798 37.6792 37.6787 37.6781 37.6776 37.6771 37.6766 37.6762 37.6757 37.6752 37.6748
          37.6743 37.6739 37.6735 37.6731 37.6727 37.6722 37.6719 37.6715 37.6711 37.6707 37.6703 37.67
          37.6696 37.6693 37.6689 37.6686 37.6682 37.6679 37.6676 37.6673 37.667 37.6666 37.6663 37.666
          37.6657 37.6654 37.6651 37.6649 37.6646 37.6643 37.664 37.6637 37.6635 37.6632 37.6629 37.6627
          37.6624 37.6622 37.6619 37.6617 37.6614 37.6612 37.6609 37.6607 37.6605 37.6602 37.66 37.6598
          37.6596 4.49733 4.55644 4.67873 4.87841 5.20252 5.71761 6.50972 7.67472 9.29753 11.4248 14.0422
          17.0649 20.3453 23.6942 26.9097 29.8092 32.2561 34.1791 35.5779 36.5132 37.0849 37.4027 37.5632
          37.6367 37.667 37.6781 37.6815 37.6819 37.6814 37.6806 37.6798 37.679 37.6782 37.6775 37.6768
          37.6761 37.6754 37.6748 37.6741 37.6735 37.6729 37.6724 37.6718 37.6713 37.6707 37.6702 37.6697
          37.6692 37.6688 37.6683 37.6678 37.6674 37.6669 37.6665 37.6661 37.6657 37.6652 37.6648 37.6644
          37.6641 37.6637 37.6633 37.6629 37.6626 37.6622 37.6619 37.6615 37.6612 37.6608 37.6605 37.6602
          37.6599 37.6595 37.6592 37.6589 37.6586 37.6583 37.658 37.6577 37.6574 37.6572 37.6569 37.6566
          37.6563 37.6561 37.6558 37.6555 37.6553 37.655 37.6548 37.6545 37.6543 37.654 37.6538 37.6535
          37.6533 37.6531 37.6528 37.6526 37.6524 37.6522 4.42577 4.48567 4.58575 4.75356 5.0292 5.47278
          6.16355 7.19246 8.64505 10.5781 12.9978 15.8504 19.0203 22.3446 25.6334 28.6944 31.3624 33.5252
          35.1432 36.2512 36.9409 37.3295 37.5271 37.6179 37.6556 37.6694 37.6737 37.6744 37.674 37.6733
          37.6724 37.6716 37.6708 37.6701 37.6694 37.6687 37.668 37.6674 37.6667 37.6661 37.6655 37.665
          37.6644 37.6639 37.6633 37.6628 37.6623 37.6618 37.6613 37.6609 37.6604 37.66 37.6595 37.6591
          37.6587 37.6582 37.6578 37.6574 37.657 37.6567 37.6563 37.6559 37.6555 37.6552 37.6548 37.6545
          37.6541 37.6538 37.6534 37.6531 37.6528 37.6525 37.6521 37.6518 37.6515 37.6512 37.6509 37.6506
          37.6503 37.65 37.6497 37.6495 37.6492 37.6489 37.6486 37.6484 37.6481 37.6479 37.6476 37.6473
          37.6471 37.6469 37.6466 37.6464 37.6461 37.6459 37.6457 37.6454 37.6452 37.645 37.6448 4.40276
          4.44775 4.53713 4.68699 4.93546 5.33887 5.97207 6.92181 8.27159 10.0809 12.3665 15.0901 18.1591
          21.4324 24.735 27.8777 30.6824 33.0111 34.7927 36.0364 36.8221 37.2687 37.4969 37.6017 37.645
          37.661 37.666 37.667 37.6666 37.6659 37.6651 37.6642 37.6634 37.6627 37.662 37.6613 37.6606
          37.66 37.6593 37.6587 37.6581 37.6576 37.657 37.6565 37.6559 37.6554 37.6549 37.6544 37.6539
          37.6535 37.653 37.6526 37.6521 37.6517 37.6513 37.6508 37.6504 37.65 37.6496 37.6492 37.6489
          37.6485 37.6481 37.6478 37.6474 37.647 37.6467 37.6464 37.646 37.6457 37.6454 37.645 37.6447
          37.6444 37.6441 37.6438 37.6435 37.6432 37.6429 37.6426 37.6423 37.6421 37.6418 37.6415 37.6412
          37.641 37.6407 37.6405 37.6402 37.6399 37.6397 37.6394 37.6392 37.639 37.6387 37.6385 37.6383
          37.638 37.6378 37.6376 37.6374 4.39614 4.43622 4.5214 4.66549 4.90516 5.29564 5.91028 6.83418
          8.14943 9.9156 12.1514 14.8237 17.847 21.0896 24.3842 27.5457 30.3945 32.7849 34.6333 35.9362
          36.765 37.238 37.4798 37.5907 37.6364 37.6532 37.6585 37.6595 37.6592 37.6585 37.6577 37.6568
          37.656 37.6553 37.6546 37.6539 37.6532 37.6525 37.6519 37.6513 37.6507 37.6501 37.6496 37.649
          37.6485 37.648 37.6475 37.647 37.6465 37.6461 37.6456 37.6451 37.6447 37.6443 37.6438 37.6434
          37.643 37.6426 37.6422 37.6418 37.6415 37.6411 37.6407 37.6404 37.64 37.6396 37.6393 37.639
          37.6386 37.6383 37.638 37.6376 37.6373 37.637 37.6367 37.6364 37.6361 37.6358 37.6355 37.6352
          37.6349 37.6347 37.6344 37.6341 37.6338 37.6336 37.6333 37.633 37.6328 37.6325 37.6323 37.632
          37.6318 37.6316 37.6313 37.6311 37.6309 37.6306 37.6304 37.6302 37.63
        </DataArray>
        <DataArray type="Float32" Name="mu" NumberOfComponents="1" format="ascii">
          1.32456e-05 1.32457e-05 1.32458e-05 1.32458e-05 1.32457e-05 1.32457e-05 1.32457e-05 1.32457e-05 1.32457e-05 1.32456e-05 1.32456e-05 1.32456e-05
          1.32456e-05 1.32455e-05 1.32456e-05 1.32454e-05 1.32456e-05 1.32454e-05 1.32456e-05 1.32454e-05 1.32455e-05 1.32453e-05 1.32455e-05 1.32453e-05
          1.32455e-05 1.32452e-05 1.32455e-05 1.32452e-05 1.32455e-05 1.32452e-05 1.32454e-05 1.32452e-05 1.32454e-05 1.32451e-05 1.32454e-05 1.32451e-05
          1.32454e-05 1.32451e-05 1.32453e-05 1.32451e-05 1.32453e-05 1.3245e-05 1.32453e-05 1.3245e-05 1.32453e-05 1.3245e-05 1.32452e-05 1.32449e-05
          1.32452e-05 1.32449e-05 1.32452e-05 1.32449e-05 1.32451e-05 1.32449e-05 1.32451e-05 1.32448e-05 1.32451e-05 1.32448e-05 1.32451e-05 1.32448e-05
          1.3245e-05 1.32448e-05 1.3245e-05 1.32447e-05 1.3245e-05 1.32447e-05 1.3245e-05 1.32447e-05 1.32449e-05 1.32447e-05 1.32449e-05 1.32446e-05
          1.32449e-05 1.32446e-05 1.32449e-05 1.32446e-05 1.32448e-05 1.32446e-05 1.32448e-05 1.32445e-05 1.32448e-05 1.32445e-05 1.32448e-05 1.32445e-05
          1.32448e-05 1.32445e-05 1.32447e-05 1.32445e-05 1.32447e-05 1.32444e-05 1.32447e-05 1.32444e-05 1.32447e-05 1.32444e-05 1.32447e-05 1.32444e-05
          1.32447e-05 1.32444e-05 1.32446e-05 1.32444e-05 1.32446e-05 1.32443e-05 1.32446e-05 1.32443e-05 1.32446e-05 1.32443e-05 1.32446e-05 1.32443e-05
          1.32446e-05 1.32443e-05 1.32445e-05 1.32443e-05 1.32445e-05 1.32442e-05 1.32445e-05 1.32442e-05 1.32445e-05 1.32442e-05 1.32445e-05 1.32442e-05
          1.32445e-05 1.32442e-05 1.32444e-05 1.32442e-05 1.32444e-05 1.32441e-05 1.32444e-05 1.32441e-05 1.32444e-05 1.32441e-05 1.32444e-05 1.32441e-05
          1.32444e-05 1.32441e-05 1.32444e-05 1.32441e-05 1.32444e-05 1.32441e-05 1.32443e-05 1.32441e-05 1.32443e-05 1.3244e-05 1.32443e-05 1.3244e-05
          1.32443e-05 1.3244e-05 1.32443e-05 1.3244e-05 1.32443e-05 1.3244e-05 1.32443e-05 1.3244e-05 1.32443e-05 1.3244e-05 1.32442e-05 1.3244e-05
          1.32442e-05 1.32439e-05 1.32442e-05 1.32439e-05 1.32442e-05 1.32439e-05 1.32442e-05 1.32439e-05 1.32442e-05 1.32439e-05 1.32442e-05 1.32439e-05
          1.32442e-05 1.32439e-05 1.32442e-05 1.32439e-05 1.32441e-05 1.32439e-05 1.32441e-05 1.32439e-05 1.32441e-05 1.32438e-05 1.32441e-05 1.32438e-05
          1.32441e-05 1.32438e-05 1.32441e-05 1.32438e-05 1.32441e-05 1.32438e-05 1.32441e-05 1.32438e-05 1.32441e-05 1.32438e-05 1.32441e-05 1.32438e-05
          1.32441e-05 1.32438e-05 1.3244e-05 1.32438e-05 1.3244e-05 1.32437e-05 1.3244e-05 1.32437e-05 1.3244e-05 1.32437e-05 1.32475e-05 1.32474e-05
          1.32471e-05 1.32468e-05 1.32465e-05 1.32463e-05 1.3246e-05 1.32458e-05 1.32456e-05 1.32454e-05 1.32453e-05 1.32451e-05 1.32451e-05 1.3245e-05
          1.32449e-05 1.32449e-05 1.32449e-05 1.32448e-05 1.32448e-05 1.32448e-05 1.32447e-05 1.32447e-05 1.32447e-05 1.32447e-05 1.32446e-05 1.32446e-05
          1.32446e-05 1.32446e-05 1.32445e-05 1.32445e-05 1.32445e-05 1.32445e-05 1.32444e-05 1.32444e-05 1.32444e-05 1.32444e-05 1.32443e-05 1.32443e-05
          1.32443e-05 1.32443e-05 1.32442e-05 1.32442e-05 1.32442e-05 1.32442e-05 1.32442e-05 1.32441e-05 1.32441e-05 1.32441e-05 1.32441e-05 1.32441e-05
          1.32441e-05 1.3244e-05 1.3244e-05 1.3244e-05 1.3244e-05 1.3244e-05 1.3244e-05 1.32439e-05 1.32439e-05 1.32439e-05 1.32439e-05 1.32439e-05
          1.32439e-05 1.32439e-05 1.32438e-05 1.32438e-05 1.32438e-05 1.32438e-05 1.32438e-05 1.32438e-05 1.32438e-05 1.32437e-05 1.32437e-05 1.32437e-05
          1.32437e-05 1.32437e-05 1.32437e-05 1.32437e-05 1.32437e-05 1.32437e-05 1.32436e-05 1.32436e-05 1.32436e-05 1.32436e-05 1.32436e-05 1.32436e-05
          1.32436e-05 1.32436e-05 1.32436e-05 1.32436e-05 1.32435e-05 1.32435e-05 1.32435e-05 1.32435e-05 1.32435e-05 1.32435e-05 1.32435e-05 1.32435e-05
          1.32435e-05 1.32435e-05 1.32434e-05 1.32525e-05 1.32523e-05 1.32517e-05 1.32508e-05 1.32499e-05 1.3249e-05 1.32481e-05 1.32474e-05 1.32467e-05
          1.32461e-05 1.32457e-05 1.32453e-05 1.32451e-05 1.32449e-05 1.32448e-05 1.32447e-05 1.32446e-05 1.32446e-05 1.32445e-05 1.32445e-05 1.32445e-05
          1.32444e-05 1.32444e-05 1.32444e-05 1.32444e-05 1.32443e-05 1.32443e-05 1.32443e-05 1.32442e-05 1.32442e-05 1.32442e-05 1.32442e-05 1.32441e-05
          1.32441e-05 1.32441e-05 1.32441e-05 1.3244e-05 1.3244e-05 1.3244e-05 1.3244e-05 1.3244e-05 1.32439e-05 1.32439e-05 1.32439e-05 1.32439e-05
          1.32439e-05 1.32438e-05 1.32438e-05 1.32438e-05 1.32438e-05 1.32438e-05 1.32438e-05 1.32437e-05 1.32437e-05 1.32437e-05 1.32437e-05 1.32437e-05
          1.32437e-05 1.32436e-05 1.32436e-05 1.32436e-05 1.32436e-05 1.32436e-05 1.32436e-05 1.32436e-05 1.32435e-05 1.32435e-05 1.32435e-05 1.32435e-05
          1.32435e-05 1.32435e-05 1.32435e-05 1.32435e-05 1.32434e-05 1.32434e-05 1.32434e-05 1.32434e-05 1.32434e-05 1.32434e-05 1.32434e-05 1.32434e-05
          1.32434e-05 1.32433e-05 1.32433e-05 1.32433e-05 1.32433e-05 1.32433e-05 1.32433e-05 1.32433e-05 1.32433e-05 1.32433e-05 1.32433e-05 1.32432e-05
          1.32432e-05 1.32432e-05 1.32432e-05 1.32432e-05 1.32432e-05 1.32432e-05 1.32432e-05 1.32432e-05 1.32643e-05 1.32637e-05 1.32623e-05 1.32603e-05
          1.32581e-05 1.32559e-05 1.32537e-05 1.32517e-05 1.32499e-05 1.32484e-05 1.32472e-05 1.32462e-05 1.32456e-05 1.32451e-05 1.32448e-05 1.32446e-05
          1.32444e-05 1.32443e-05 1.32443e-05 1.32442e-05 1.32442e-05 1.32442e-05 1.32441e-05 1.32441e-05 1.32441e-05 1.3244e-05 1.3244e-05 1.3244e-05
          1.3244e-05 1.32439e-05 1.32439e-05 1.32439e-05 1.32439e-05 1.32438e-05 1.32438e-05 1.32438e-05 1.32438e-05 1.32437e-05 1.32437e-05 1.32437e-05
          1.32437e-05 1.32437e-05 1.32436e-05 1.32436e-05 1.32436e-05 1.32436e-05 1.32436e-05 1.32435e-05 1.32435e-05 1.32435e-05 1.32435e-05 1.32435e-05
          1.32435e-05 1.32434e-05 1.32434e-05 1.32434e-05 1.32434e-05 1.32434e-05 1.32434e-05 1.32433e-05 1.32433e-05 1.32433e-05 1.32433e-05 1.32433e-05
          1.32433e-05 1.32433e-05 1.32432e-05 1.32432e-05 1.32432e-05 1.32432e-05 1.32432e-05 1.32432e-05 1.32432e-05 1.32432e-05 1.32431e-05 1.32431e-05
          1.32431e-05 1.32431e-05 1.32431e-05 1.32431e-05 1.32431e-05 1.32431e-05 1.32431e-05 1.3243e-05 1.3243e-05 1.3243e-05 1.3243e-05 1.3243e-05
          1.3243e-05 1.3243e-05 1.3243e-05 1.3243e-05 1.3243e-05 1.32429e-05 1.32429e-05 1.32429e-05 1.32429e-05 1.32429e-05 1.32429e-05 1.32429e-05
          1.32429e-05 1.32876e-05 1.32861e-05 1.3283e-05 1.3279e-05 1.32745e-05 1.32698e-05 1.32651e-05 1.32607e-05 1.32568e-05 1.32534e-05 1.32507e-05
          1.32485e-05 1.3247e-05 1.32459e-05 1.32451e-05 1.32446e-05 1.32443e-05 1.32442e-05 1.3244e-05 1.3244e-05 1.32439e-05 1.32439e-05 1.32439e-05
          1.32438e-05 1.32438e-05 1.32438e-05 1.32437e-05 1.32437e-05 1.32437e-05 1.32437e-05 1.32436e-05 1.32436e-05 1.32436e-05 1.32436e-05 1.32435e-05
          1.32435e-05 1.32435e-05 1.32435e-05 1.32434e-05 1.32434e-05 1.32434e-05 1.32434e-05 1.32434e-05 1.32433e-05 1.32433e-05 1.32433e-05 1.32433e-05
          1.32433e-05 1.32432e-05 1.32432e-05 1.32432e-05 1.32432e-05 1.32432e-05 1.32432e-05 1.32431e-05 1.32431e-05 1.32431e-05 1.32431e-05 1.32431e-05
          1.32431e-05 1.3243e-05 1.3243e-05 1.3243e-05 1.3243e-05 1.3243e-05 1.3243e-05 1.3243e-05 1.3243e-05 1.32429e-05 1.32429e-05 1.32429e-05
          1.32429e-05 1.32429e-05 1.32429e-05 1.32429e-05 1.32429e-05 1.32428e-05 1.32428e-05 1.32428e-05 1.32428e-05 1.32428e-05 1.32428e-05 1.32428e-05
          1.32428e-05 1.32428e-05 1.32427e-05 1.32427e-05 1.32427e-05 1.32427e-05 1.32427e-05 1.32427e-05 1.32427e-05 1.32427e-05 1.32427e-05 1.32427e-05
          1.32426e-05 1.32426e-05 1.32426e-05 1.32426e-05 1.32426e-05 1.32426e-05 1.33267e-05 1.33242e-05 1.33186e-05 1.33115e-05 1.33033e-05 1.32945e-05
          1.32856e-05 1.32772e-05 1.32695e-05 1.32629e-05 1.32575e-05 1.32532e-05 1.325e-05 1.32477e-05 1.32461e-05 1.32451e-05 1.32445e-05 1.32441e-05
          1.32439e-05 1.32438e-05 1.32437e-05 1.32436e-05 1.32436e-05 1.32436e-05 1.32435e-05 1.32435e-05 1.32435e-05 1.32434e-05 1.32434e-05 1.32434e-05
          1.32434e-05 1.32433e-05 1.32433e-05 1.32433e-05 1.32432e-05 1.32432e-05 1.32432e-05 1.32432e-05 1.32432e-05 1.32431e-05 1.32431e-05 1.32431e-05
          1.32431e-05 1.32431e-05 1.3243e-05 1.3243e-05 1.3243e-05 1.3243e-05 1.3243e-05 1.32429e-05 1.32429e-05 1.32429e-05 1.32429e-05 1.32429e-05
          1.32429e-05 1.32428e-05 1.32428e-05 1.32428e-05 1.32428e-05 1.32428e-05 1.32428e-05 1.32428e-05 1.32427e-05 1.32427e-05 1.32427e-05 1.32427e-05
          1.32427e-05 1.32427e-05 1.32427e-05 1.32426e-05 1.32426e-05 1.32426e-05 1.32426e-05 1.32426e-05 1.32426e-05 1.32426e-05 1.32426e-05 1.32425e-05
          1.32425e-05 1.32425e-05 1.32425e-05 1.32425e-05 1.32425e-05 1.32425e-05 1.32425e-05 1.32425e-05 1.32425e-05 1.32424e-05 1.32424e-05 1.32424e-05
          1.32424e-05 1.32424e-05 1.32424e-05 1.32424e-05 1.32424e-05 1.32424e-05 1.32424e-05 1.32423e-05 1.32423e-05 1.32423e-05 1.32423e-05 1.33744e-05
          1.33732e-05 1.33671e-05 1.33581e-05 1.33465e-05 1.33328e-05 1.33182e-05 1.33039e-05 1.32906e-05 1.32789e-05 1.32692e-05 1.32614e-05 1.32555e-05
          1.32512e-05 1.32482e-05 1.32462e-05 1.3245e-05 1.32443e-05 1.32438e-05 1.32436e-05 1.32435e-05 1.32434e-05 1.32433e-05 1.32433e-05 1.32432e-05
          1.32432e-05 1.32432e-05 1.32432e-05 1.32431e-05 1.32431e-05 1.32431e-05 1.3243e-05 1.3243e-05 1.3243e-05 1.3243e-05 1.32429e-05 1.32429e-05
          1.32429e-05 1.32429e-05 1.32429e-05 1.32428e-05 1.32428e-05 1.32428e-05 1.32428e-05 1.32427e-05 1.32427e-05 1.32427e-05 1.32427e-05 1.32427e-05
          1.32427e-05 1.32426e-05 1.32426e-05 1.32426e-05 1.32426e-05 1.32426e-05 1.32426e-05 1.32425e-05 1.32425e-05 1.32425e-05 1.32425e-05 1.32425e-05
          1.32425e-05 1.32425e-05 1.32424e-05 1.32424e-05 1.32424e-05 1.32424e-05 1.32424e-05 1.32424e-05 1.32424e-05 1.32423e-05 1.32423e-05 1.32423e-05
          1.32423e-05 1.32423e-05 1.32423e-05 1.32423e-05 1.32423e-05 1.32423e-05 1.32422e-05 1.32422e-05 1.32422e-05 1.32422e-05 1.32422e-05 1.32422e-05
          1.32422e-05 1.32422e-05 1.32422e-05 1.32422e-05 1.32421e-05 1.32421e-05 1.32421e-05 1.32421e-05 1.32421e-05 1.32421e-05 1.32421e-05 1.32421e-05
          1.32421e-05 1.32421e-05 1.3242e-05 1.3242e-05 1.3389e-05 1.33873e-05 1.33905e-05 1.33918e-05 1.33876e-05 1.33767e-05 1.33603e-05 1.3341e-05
          1.33213e-05 1.33031e-05 1.32874e-05 1.32746e-05 1.32646e-05 1.32572e-05 1.3252e-05 1.32484e-05 1.32461e-05 1.32448e-05 1.3244e-05 1.32435e-05
          1.32433e-05 1.32431e-05 1.32431e-05 1.3243e-05 1.3243e-05 1.32429e-05 1.32429e-05 1.32429e-05 1.32428e-05 1.32428e-05 1.32428e-05 1.32428e-05
          1.32427e-05 1.32427e-05 1.32427e-05 1.32427e-05 1.32426e-05 1.32426e-05 1.32426e-05 1.32426e-05 1.32425e-05 1.32425e-05 1.32425e-05 1.32425e-05
          1.32425e-05 1.32424e-05 1.32424e-05 1.32424e-05 1.32424e-05 1.32424e-05 1.32424e-05 1.32423e-05 1.32423e-05 1.32423e-05 1.32423e-05 1.32423e-05
          1.32423e-05 1.32422e-05 1.32422e-05 1.32422e-05 1.32422e-05 1.32422e-05 1.32422e-05 1.32422e-05 1.32421e-05 1.32421e-05 1.32421e-05 1.32421e-05
          1.32421e-05 1.32421e-05 1.32421e-05 1.32421e-05 1.3242e-05 1.3242e-05 1.3242e-05 1.3242e-05 1.3242e-05 1.3242e-05 1.3242e-05 1.3242e-05
          1.3242e-05 1.32419e-05 1.32419e-05 1.32419e-05 1.32419e-05 1.32419e-05 1.32419e-05 1.32419e-05 1.32419e-05 1.32419e-05 1.32419e-05 1.32418e-05
          1.32418e-05 1.32418e-05 1.32418e-05 1.32418e-05 1.32418e-05 1.32418e-05 1.32418e-05 1.32418e-05 1.32418e-05 1.33063e-05 1.32728e-05 1.32917e-05
          1.33307e-05 1.3367e-05 1.3388e-05 1.33907e-05 1.33787e-05 1.33582e-05 1.3335e-05 1.33129e-05 1.32938e-05 1.32784e-05 1.32666e-05 1.3258e-05
          1.32521e-05 1.32482e-05 1.32458e-05 1.32444e-05 1.32436e-05 1.32432e-05 1.32429e-05 1.32428e-05 1.32428e-05 1.32427e-05 1.32427e-05 1.32426e-05
          1.32426e-05 1.32426e-05 1.32425e-05 1.32425e-05 1.32425e-05 1.32425e-05 1.32424e-05 1.32424e-05 1.32424e-05 1.32424e-05 1.32423e-05 1.32423e-05
          1.32423e-05 1.32423e-05 1.32422e-05 1.32422e-05 1.32422e-05 1.32422e-05 1.32422e-05 1.32421e-05 1.32421e-05 1.32421e-05 1.32421e-05 1.32421e-05
          1.32421e-05 1.3242e-05 1.3242e-05 1.3242e-05 1.3242e-05 1.3242e-05 1.3242e-05 1.32419e-05 1.32419e-05 1.32419e-05 1.32419e-05 1.32419e-05
          1.32419e-05 1.32419e-05 1.32418e-05 1.32418e-05 1.32418e-05 1.32418e-05 1.32418e-05 1.32418e-05 1.32418e-05 1.32418e-05 1.32417e-05 1.32417e-05
          1.32417e-05 1.32417e-05 1.32417e-05 1.32417e-05 1.32417e-05 1.32417e-05 1.32417e-05 1.32416e-05 1.32416e-05 1.32416e-05 1.32416e-05 1.32416e-05
          1.32416e-05 1.32416e-05 1.32416e-05 1.32416e-05 1.32416e-05 1.32415e-05 1.32415e-05 1.32415e-05 1.32415e-05 1.32415e-05 1.32415e-05 1.32415e-05
          1.32415e-05 1.32415e-05 1.30774e-05 1.29668e-05 1.29873e-05 1.30838e-05 1.32004e-05 1.33e-05 1.33636e-05 1.33897e-05 1.33873e-05 1.33686e-05
          1.33437e-05 1.33189e-05 1.32973e-05 1.32801e-05 1.32671e-05 1.32578e-05 1.32516e-05 1.32476e-05 1.32453e-05 1.32439e-05 1.32432e-05 1.32428e-05
          1.32426e-05 1.32425e-05 1.32424e-05 1.32424e-05 1.32424e-05 1.32423e-05 1.32423e-05 1.32423e-05 1.32422e-05 1.32422e-05 1.32422e-05 1.32422e-05
          1.32421e-05 1.32421e-05 1.32421e-05 1.32421e-05 1.3242e-05 1.3242e-05 1.3242e-05 1.3242e-05 1.32419e-05 1.32419e-05 1.32419e-05 1.32419e-05
          1.32419e-05 1.32418e-05 1.32418e-05 1.32418e-05 1.32418e-05 1.32418e-05 1.32418e-05 1.32417e-05 1.32417e-05 1.32417e-05 1.32417e-05 1.32417e-05
          1.32417e-05 1.32417e-05 1.32416e-05 1.32416e-05 1.32416e-05 1.32416e-05 1.32416e-05 1.32416e-05 1.32416e-05 1.32415e-05 1.32415e-05 1.32415e-05
          1.32415e-05 1.32415e-05 1.32415e-05 1.32415e-05 1.32415e-05 1.32414e-05 1.32414e-05 1.32414e-05 1.32414e-05 1.32414e-05 1.32414e-05 1.32414e-05
          1.32414e-05 1.32414e-05 1.32413e-05 1.32413e-05 1.32413e-05 1.32413e-05 1.32413e-05 1.32413e-05 1.32413e-05 1.32413e-05 1.32413e-05 1.32413e-05
          1.32412e-05 1.32412e-05 1.32412e-05 1.32412e-05 1.32412e-05 1.32412e-05 1.32412e-05 1.26907e-05 1.24927e-05 1.25053e-05 1.26522e-05 1.28582e-05
          1.30649e-05 1.32305e-05 1.33357e-05 1.33835e-05 1.339e-05 1.33733e-05 1.33474e-05 1.3321e-05 1.32979e-05 1.32796e-05 1.32661e-05 1.32567e-05
          1.32506e-05 1.32468e-05 1.32445e-05 1.32433e-05 1.32427e-05 1.32424e-05 1.32423e-05 1.32422e-05 1.32421e-05 1.32421e-05 1.3242e-05 1.3242e-05
          1.3242e-05 1.3242e-05 1.32419e-05 1.32419e-05 1.32419e-05 1.32418e-05 1.32418e-05 1.32418e-05 1.32418e-05 1.32417e-05 1.32417e-05 1.32417e-05
          1.32417e-05 1.32417e-05 1.32416e-05 1.32416e-05 1.32416e-05 1.32416e-05 1.32416e-05 1.32415e-05 1.32415e-05 1.32415e-05 1.32415e-05 1.32415e-05
          1.32415e-05 1.32414e-05 1.32414e-05 1.32414e-05 1.32414e-05 1.32414e-05 1.32414e-05 1.32414e-05 1.32413e-05 1.32413e-05 1.32413e-05 1.32413e-05
          1.32413e-05 1.32413e-05 1.32413e-05 1.32412e-05 1.32412e-05 1.32412e-05 1.32412e-05 1.32412e-05 1.32412e-05 1.32412e-05 1.32412e-05 1.32412e-05
          1.32411e-05 1.32411e-05 1.32411e-05 1.32411e-05 1.32411e-05 1.32411e-05 1.32411e-05 1.32411e-05 1.32411e-05 1.3241e-05 1.3241e-05 1.3241e-05
          1.3241e-05 1.3241e-05 1.3241e-05 1.3241e-05 1.3241e-05 1.3241e-05 1.3241e-05 1.3241e-05 1.32409e-05 1.32409e-05 1.32409e-05 1.32409e-05
          1.21883e-05 1.19459e-05 1.19627e-05 1.21381e-05 1.24035e-05 1.27021e-05 1.29784e-05 1.319e-05 1.33208e-05 1.33802e-05 1.33903e-05 1.33737e-05
          1.33469e-05 1.33194e-05 1.32957e-05 1.32772e-05 1.32639e-05 1.32548e-05 1.32491e-05 1.32456e-05 1.32438e-05 1.32428e-05 1.32423e-05 1.3242e-05
          1.32419e-05 1.32419e-05 1.32418e-05 1.32418e-05 1.32417e-05 1.32417e-05 1.32417e-05 1.32416e-05 1.32416e-05 1.32416e-05 1.32416e-05 1.32415e-05
          1.32415e-05 1.32415e-05 1.32415e-05 1.32414e-05 1.32414e-05 1.32414e-05 1.32414e-05 1.32414e-05 1.32413e-05 1.32413e-05 1.32413e-05 1.32413e-05
          1.32413e-05 1.32412e-05 1.32412e-05 1.32412e-05 1.32412e-05 1.32412e-05 1.32412e-05 1.32411e-05 1.32411e-05 1.32411e-05 1.32411e-05 1.32411e-05
          1.32411e-05 1.32411e-05 1.3241e-05 1.3241e-05 1.3241e-05 1.3241e-05 1.3241e-05 1.3241e-05 1.3241e-05 1.3241e-05 1.32409e-05 1.32409e-05
          1.32409e-05 1.32409e-05 1.32409e-05 1.32409e-05 1.32409e-05 1.32409e-05 1.32408e-05 1.32408e-05 1.32408e-05 1.32408e-05 1.32408e-05 1.32408e-05
          1.32408e-05 1.32408e-05 1.32408e-05 1.32408e-05 1.32407e-05 1.32407e-05 1.32407e-05 1.32407e-05 1.32407e-05 1.32407e-05 1.32407e-05 1.32407e-05
          1.32407e-05 1.32407e-05 1.32407e-05 1.32406e-05 1.32406e-05 1.16547e-05 1.14373e-05 1.14757e-05 1.16581e-05 1.19402e-05 1.22853e-05 1.26431e-05
          1.29572e-05 1.31873e-05 1.33234e-05 1.33818e-05 1.33894e-05 1.33707e-05 1.33426e-05 1.33147e-05 1.32912e-05 1.32732e-05 1.32606e-05 1.32523e-05
          1.32473e-05 1.32445e-05 1.3243e-05 1.32422e-05 1.32419e-05 1.32417e-05 1.32416e-05 1.32415e-05 1.32415e-05 1.32415e-05 1.32414e-05 1.32414e-05
          1.32414e-05 1.32413e-05 1.32413e-05 1.32413e-05 1.32413e-05 1.32412e-05 1.32412e-05 1.32412e-05 1.32412e-05 1.32411e-05 1.32411e-05 1.32411e-05
          1.32411e-05 1.32411e-05 1.3241e-05 1.3241e-05 1.3241e-05 1.3241e-05 1.3241e-05 1.32409e-05 1.32409e-05 1.32409e-05 1.32409e-05 1.32409e-05
          1.32409e-05 1.32409e-05 1.32408e-05 1.32408e-05 1.32408e-05 1.32408e-05 1.32408e-05 1.32408e-05 1.32407e-05 1.32407e-05 1.32407e-05 1.32407e-05
          1.32407e-05 1.32407e-05 1.32407e-05 1.32407e-05 1.32406e-05 1.32406e-05 1.32406e-05 1.32406e-05 1.32406e-05 1.32406e-05 1.32406e-05 1.32406e-05
          1.32406e-05 1.32405e-05 1.32405e-05 1.32405e-05 1.32405e-05 1.32405e-05 1.32405e-05 1.32405e-05 1.32405e-05 1.32405e-05 1.32405e-05 1.32404e-05
          1.32404e-05 1.32404e-05 1.32404e-05 1.32404e-05 1.32404e-05 1.32404e-05 1.32404e-05 1.32404e-05 1.32404e-05 1.32404e-05 1.11775e-05 1.10382e-05
          1.11035e-05 1.12776e-05 1.15444e-05 1.18909e-05 1.22848e-05 1.26711e-05 1.29926e-05 1.32153e-05 1.33389e-05 1.33863e-05 1.33867e-05 1.33644e-05
          1.33351e-05 1.33074e-05 1.32847e-05 1.3268e-05 1.32567e-05 1.32496e-05 1.32455e-05 1.32433e-05 1.32422e-05 1.32417e-05 1.32414e-05 1.32413e-05
          1.32413e-05 1.32412e-05 1.32412e-05 1.32411e-05 1.32411e-05 1.32411e-05 1.32411e-05 1.3241e-05 1.3241e-05 1.3241e-05 1.3241e-05 1.32409e-05
          1.32409e-05 1.32409e-05 1.32409e-05 1.32408e-05 1.32408e-05 1.32408e-05 1.32408e-05 1.32408e-05 1.32407e-05 1.32407e-05 1.32407e-05 1.32407e-05
          1.32407e-05 1.32407e-05 1.32406e-05 1.32406e-05 1.32406e-05 1.32406e-05 1.32406e-05 1.32406e-05 1.32405e-05 1.32405e-05 1.32405e-05 1.32405e-05
          1.32405e-05 1.32405e-05 1.32405e-05 1.32404e-05 1.32404e-05 1.32404e-05 1.32404e-05 1.32404e-05 1.32404e-05 1.32404e-05 1.32404e-05 1.32403e-05
          1.32403e-05 1.32403e-05 1.32403e-05 1.32403e-05 1.32403e-05 1.32403e-05 1.32403e-05 1.32403e-05 1.32402e-05 1.32402e-05 1.32402e-05 1.32402e-05
          1.32402e-05 1.32402e-05 1.32402e-05 1.32402e-05 1.32402e-05 1.32402e-05 1.32401e-05 1.32401e-05 1.32401e-05 1.32401e-05 1.32401e-05 1.32401e-05
          1.32401e-05 1.32401e-05 1.32401e-05 1.08113e-05 1.07674e-05 1.08505e-05 1.10068e-05 1.12426e-05 1.15634e-05 1.19553e-05 1.23758e-05 1.27635e-05
          1.30656e-05 1.32606e-05 1.33594e-05 1.33899e-05 1.3381e-05 1.33548e-05 1.33248e-05 1.3298e-05 1.3277e-05 1.32622e-05 1.32526e-05 1.3247e-05
          1.32439e-05 1.32423e-05 1.32416e-05 1.32412e-05 1.32411e-05 1.3241e-05 1.32409e-05 1.32409e-05 1.32409e-05 1.32408e-05 1.32408e-05 1.32408e-05
          1.32408e-05 1.32407e-05 1.32407e-05 1.32407e-05 1.32406e-05 1.32406e-05 1.32406e-05 1.32406e-05 1.32406e-05 1.32405e-05 1.32405e-05 1.32405e-05
          1.32405e-05 1.32405e-05 1.32404e-05 1.32404e-05 1.32404e-05 1.32404e-05 1.32404e-05 1.32404e-05 1.32403e-05 1.32403e-05 1.32403e-05 1.32403e-05
          1.32403e-05 1.32403e-05 1.32402e-05 1.32402e-05 1.32402e-05 1.32402e-05 1.32402e-05 1.32402e-05 1.32402e-05 1.32401e-05 1.32401e-05 1.32401e-05
          1.32401e-05 1.32401e-05 1.32401e-05 1.32401e-05 1.32401e-05 1.324e-05 1.324e-05 1.324e-05 1.324e-05 1.324e-05 1.324e-05 1.324e-05
          1.324e-05 1.324e-05 1.32399e-05 1.32399e-05 1.32399e-05 1.32399e-05 1.32399e-05 1.32399e-05 1.32399e-05 1.32399e-05 1.32399e-05 1.32399e-05
          1.32399e-05 1.32398e-05 1.32398e-05 1.32398e-05 1.32398e-05 1.32398e-05 1.32398e-05 1.32398e-05 1.05725e-05 1.06096e-05 1.06923e-05 1.08263e-05
          1.10287e-05 1.13143e-05 1.16833e-05 1.21077e-05 1.25322e-05 1.28948e-05 1.31557e-05 1.33097e-05 1.33777e-05 1.33894e-05 1.33713e-05 1.33418e-05
          1.3312e-05 1.3287e-05 1.32686e-05 1.32562e-05 1.32487e-05 1.32446e-05 1.32425e-05 1.32415e-05 1.3241e-05 1.32408e-05 1.32407e-05 1.32407e-05
          1.32406e-05 1.32406e-05 1.32406e-05 1.32405e-05 1.32405e-05 1.32405e-05 1.32404e-05 1.32404e-05 1.32404e-05 1.32404e-05 1.32403e-05 1.32403e-05
          1.32403e-05 1.32403e-05 1.32403e-05 1.32402e-05 1.32402e-05 1.32402e-05 1.32402e-05 1.32402e-05 1.32401e-05 1.32401e-05 1.32401e-05 1.32401e-05
          1.32401e-05 1.32401e-05 1.324e-05 1.324e-05 1.324e-05 1.324e-05 1.324e-05 1.324e-05 1.32399e-05 1.32399e-05 1.32399e-05 1.32399e-05
          1.32399e-05 1.32399e-05 1.32399e-05 1.32399e-05 1.32398e-05 1.32398e-05 1.32398e-05 1.32398e-05 1.32398e-05 1.32398e-05 1.32398e-05 1.32398e-05
          1.32397e-05 1.32397e-05 1.32397e-05 1.32397e-05 1.32397e-05 1.32397e-05 1.32397e-05 1.32397e-05 1.32397e-05 1.32396e-05 1.32396e-05 1.32396e-05
          1.32396e-05 1.32396e-05 1.32396e-05 1.32396e-05 1.32396e-05 1.32396e-05 1.32396e-05 1.32396e-05 1.32395e-05 1.32395e-05 1.32395e-05 1.32395e-05
          1.32395e-05 1.04778e-05 1.05238e-05 1.05975e-05 1.07112e-05 1.08848e-05 1.11374e-05 1.14774e-05 1.18892e-05 1.23268e-05 1.27276e-05 1.30401e-05
          1.32447e-05 1.3352e-05 1.33885e-05 1.33826e-05 1.33568e-05 1.33256e-05 1.32974e-05 1.32754e-05 1.32602e-05 1.32508e-05 1.32454e-05 1.32427e-05
          1.32414e-05 1.32408e-05 1.32406e-05 1.32405e-05 1.32404e-05 1.32404e-05 1.32403e-05 1.32403e-05 1.32402e-05 1.32402e-05 1.32402e-05 1.32402e-05
          1.32401e-05 1.32401e-05 1.32401e-05 1.32401e-05 1.324e-05 1.324e-05 1.324e-05 1.324e-05 1.324e-05 1.32399e-05 1.32399e-05 1.32399e-05
          1.32399e-05 1.32399e-05 1.32398e-05 1.32398e-05 1.32398e-05 1.32398e-05 1.32398e-05 1.32398e-05 1.32397e-05 1.32397e-05 1.32397e-05 1.32397e-05
          1.32397e-05 1.32397e-05 1.32397e-05 1.32396e-05 1.32396e-05 1.32396e-05 1.32396e-05 1.32396e-05 1.32396e-05 1.32396e-05 1.32395e-05 1.32395e-05
          1.32395e-05 1.32395e-05 1.32395e-05 1.32395e-05 1.32395e-05 1.32395e-05 1.32395e-05 1.32394e-05 1.32394e-05 1.32394e-05 1.32394e-05 1.32394e-05
          1.32394e-05 1.32394e-05 1.32394e-05 1.32394e-05 1.32393e-05 1.32393e-05 1.32393e-05 1.32393e-05 1.32393e-05 1.32393e-05 1.32393e-05 1.32393e-05
          1.32393e-05 1.32393e-05 1.32393e-05 1.32392e-05 1.32392e-05 1.32392e-05 1.04326e-05 1.04802e-05 1.05429e-05 1.06412e-05 1.07938e-05 1.10209e-05
          1.13357e-05 1.17304e-05 1.21674e-05 1.25875e-05 1.29343e-05 1.31779e-05 1.33193e-05 1.33802e-05 1.33883e-05 1.33681e-05 1.33374e-05 1.33069e-05
          1.3282e-05 1.32641e-05 1.32528e-05 1.32463e-05 1.32429e-05 1.32413e-05 1.32406e-05 1.32403e-05 1.32402e-05 1.32401e-05 1.32401e-05 1.324e-05
          1.324e-05 1.324e-05 1.32399e-05 1.32399e-05 1.32399e-05 1.32399e-05 1.32398e-05 1.32398e-05 1.32398e-05 1.32398e-05 1.32397e-05 1.32397e-05
          1.32397e-05 1.32397e-05 1.32397e-05 1.32396e-05 1.32396e-05 1.32396e-05 1.32396e-05 1.32396e-05 1.32395e-05 1.32395e-05 1.32395e-05 1.32395e-05
          1.32395e-05 1.32395e-05 1.32394e-05 1.32394e-05 1.32394e-05 1.32394e-05 1.32394e-05 1.32394e-05 1.32394e-05 1.32393e-05 1.32393e-05 1.32393e-05
          1.32393e-05 1.32393e-05 1.32393e-05 1.32393e-05 1.32393e-05 1.32392e-05 1.32392e-05 1.32392e-05 1.32392e-05 1.32392e-05 1.32392e-05 1.32392e-05
          1.32392e-05 1.32391e-05 1.32391e-05 1.32391e-05 1.32391e-05 1.32391e-05 1.32391e-05 1.32391e-05 1.32391e-05 1.32391e-05 1.32391e-05 1.3239e-05
          1.3239e-05 1.3239e-05 1.3239e-05 1.3239e-05 1.3239e-05 1.3239e-05 1.3239e-05 1.3239e-05 1.3239e-05 1.3239e-05 1.32389e-05 1.04179e-05
          1.04568e-05 1.05138e-05 1.06031e-05 1.07431e-05 1.09547e-05 1.1253e-05 1.16344e-05 1.20667e-05 1.2494e-05 1.28589e-05 1.31262e-05 1.32908e-05
          1.33699e-05 1.33896e-05 1.33751e-05 1.33458e-05 1.33142e-05 1.32871e-05 1.32672e-05 1.32543e-05 1.32469e-05 1.3243e-05 1.32412e-05 1.32404e-05
          1.32401e-05 1.32399e-05 1.32398e-05 1.32398e-05 1.32398e-05 1.32397e-05 1.32397e-05 1.32397e-05 1.32396e-05 1.32396e-05 1.32396e-05 1.32395e-05
          1.32395e-05 1.32395e-05 1.32395e-05 1.32395e-05 1.32394e-05 1.32394e-05 1.32394e-05 1.32394e-05 1.32394e-05 1.32393e-05 1.32393e-05 1.32393e-05
          1.32393e-05 1.32393e-05 1.32392e-05 1.32392e-05 1.32392e-05 1.32392e-05 1.32392e-05 1.32392e-05 1.32391e-05 1.32391e-05 1.32391e-05 1.32391e-05
          1.32391e-05 1.32391e-05 1.32391e-05 1.3239e-05 1.3239e-05 1.3239e-05 1.3239e-05 1.3239e-05 1.3239e-05 1.3239e-05 1.3239e-05 1.32389e-05
          1.32389e-05 1.32389e-05 1.32389e-05 1.32389e-05 1.32389e-05 1.32389e-05 1.32389e-05 1.32389e-05 1.32388e-05 1.32388e-05 1.32388e-05 1.32388e-05
          1.32388e-05 1.32388e-05 1.32388e-05 1.32388e-05 1.32388e-05 1.32388e-05 1.32387e-05 1.32387e-05 1.32387e-05 1.32387e-05 1.32387e-05 1.32387e-05
          1.32387e-05 1.32387e-05 1.32387e-05 1.32387e-05 1.04137e-05 1.04497e-05 1.05044e-05 1.05907e-05 1.07266e-05 1.0933e-05 1.12256e-05 1.16022e-05
          1.20322e-05 1.24609e-05 1.28311e-05 1.31061e-05 1.32788e-05 1.33648e-05 1.33893e-05 1.33775e-05 1.3349e-05 1.33171e-05 1.32893e-05 1.32685e-05
          1.32549e-05 1.3247e-05 1.32429e-05 1.3241e-05 1.32401e-05 1.32398e-05 1.32396e-05 1.32396e-05 1.32395e-05 1.32395e-05 1.32394e-05 1.32394e-05
          1.32394e-05 1.32393e-05 1.32393e-05 1.32393e-05 1.32393e-05 1.32392e-05 1.32392e-05 1.32392e-05 1.32392e-05 1.32392e-05 1.32391e-05 1.32391e-05
          1.32391e-05 1.32391e-05 1.32391e-05 1.3239e-05 1.3239e-05 1.3239e-05 1.3239e-05 1.3239e-05 1.32389e-05 1.32389e-05 1.32389e-05 1.32389e-05
          1.32389e-05 1.32389e-05 1.32389e-05 1.32388e-05 1.32388e-05 1.32388e-05 1.32388e-05 1.32388e-05 1.32388e-05 1.32388e-05 1.32387e-05 1.32387e-05
          1.32387e-05 1.32387e-05 1.32387e-05 1.32387e-05 1.32387e-05 1.32387e-05 1.32386e-05 1.32386e-05 1.32386e-05 1.32386e-05 1.32386e-05 1.32386e-05
          1.32386e-05 1.32386e-05 1.32386e-05 1.32385e-05 1.32385e-05 1.32385e-05 1.32385e-05 1.32385e-05 1.32385e-05 1.32385e-05 1.32385e-05 1.32385e-05
          1.32385e-05 1.32384e-05 1.32384e-05 1.32384e-05 1.32384e-05 1.32384e-05 1.32384e-05 1.32384e-05 1.32384e-05
        </DataArray>
        <DataArray type="Float32" Name="x^CH4_gas" NumberOfComponents="1" format="ascii">
          0.99989 0.999866 0.999216 0.999248 0.999866 0.999343 0.999869 0.999432 0.999876 0.999511 0.999885 0.999586
          0.999898 0.999657 0.999913 0.999725 0.999928 0.999786 0.999944 0.99984 0.999958 0.999885 0.99997 0.999921
          0.999979 0.999948 0.999987 0.999967 0.999992 0.99998 0.999995 0.999989 0.999997 0.999994 0.999999 0.999997
          0.999999 0.999998 1 0.999999 1 1 1 1 1 1 1 1
          1 1 1 1 1 1 1 1 1 1 1 1
          1 1 1 1 1 1 1 1 1 1 1 1
          1 1 1 1 1 1 1 1 1 1 1 1
          1 1 1 1 1 1 1 1 1 1 1 1
          1 1 1 1 1 1 1 1 1 1 1 1
          1 1 1 1 1 1 1 1 1 1 1 1
          1 1 1 1 1 1 1 1 1 1 1 1
          1 1 1 1 1 1 1 1 1 1 1 1
          1 1 1 1 1 1 1 1 1 1 1 1
          1 1 1 1 1 1 1 1 1 1 1 1
          1 1 1 1 1 1 1 1 1 1 1 1
          1 1 1 1 1 1 1 1 1 1 1 1
          1 1 1 1 1 1 1 1 1 1 0.996271 0.996408
          0.996764 0.997218 0.997664 0.998081 0.998461 0.998801 0.999096 0.999343 0.999541 0.999692 0.999802 0.999878
          0.999928 0.99996 0.999978 0.999989 0.999995 0.999997 0.999999 1 1 1 1 1
          1 1 1 1 1 1 1 1 1 1 1 1
          1 1 1 1 1 1 1 1 1 1 1 1
          1 1 1 1 1 1 1 1 1 1 1 1
          1 1 1 1 1 1 1 1 1 1 1 1
          1 1 1 1 1 1 1 1 1 1 1 1
          1 1 1 1 1 1 1 1 1 1 1 1
          1 1 1 0.988041 0.988433 0.989354 0.990659 0.992074 0.993467 0.994771 0.995946 0.996963
          0.997809 0.99848 0.998988 0.999354 0.999606 0.99977 0.999871 0.999931 0.999965 0.999983 0.999992 0.999996
          0.999999 0.999999 1 1 1 1 1 1 1 1 1 1
          1 1 1 1 1 1 1 1 1 1 1 1
          1 1 1 1 1 1 1 1 1 1 1 1
          1 1 1 1 1 1 1 1 1 1 1 1
          1 1 1 1 1 1 1 1 1 1 1 1
          1 1 1 1 1 1 1 1 1 1 1 1
          1 1 1 1 1 1 1 1 0.969233 0.970261 0.972484 0.975555
          0.978986 0.982484 0.985856 0.988959 0.991686 0.993974 0.995803 0.997195 0.998204 0.9989 0.999356 0.99964
          0.999808 0.999902 0.999952 0.999978 0.99999 0.999996 0.999998 0.999999 1 1 1 1
          1 1 1 1 1 1 1 1 1 1 1 1
          1 1 1 1 1 1 1 1 1 1 1 1
          1 1 1 1 1 1 1 1 1 1 1 1
          1 1 1 1 1 1 1 1 1 1 1 1
          1 1 1 1 1 1 1 1 1 1 1 1
          1 1 1 1 1 1 1 1 1 1 1 1
          1 0.931208 0.933672 0.938781 0.945369 0.952672 0.960221 0.967616 0.974511 0.98064 0.985837 0.990039
          0.993276 0.995651 0.997308 0.998408 0.999102 0.999516 0.999752 0.999879 0.999944 0.999975 0.99999 0.999996
          0.999998 0.999999 1 1 1 1 1 1 1 1 1 1
          1 1 1 1 1 1 1 1 1 1 1 1
          1 1 1 1 1 1 1 1 1 1 1 1
          1 1 1 1 1 1 1 1 1 1 1 1
          1 1 1 1 1 1 1 1 1 1 1 1
          1 1 1 1 1 1 1 1 1 1 1 1
          1 1 1 1 1 1 0.861254 0.865888 0.876463 0.889516 0.904045 0.919181
          0.934035 0.947866 0.960151 0.970592 0.979088 0.985704 0.990625 0.994114 0.996469 0.99798 0.998899 0.999429
          0.999718 0.999868 0.999941 0.999975 0.99999 0.999996 0.999999 1 1 1 1 1
          1 1 1 1 1 1 1 1 1 1 1 1
          1 1 1 1 1 1 1 1 1 1 1 1
          1 1 1 1 1 1 1 1 1 1 1 1
          1 1 1 1 1 1 1 1 1 1 1 1
          1 1 1 1 1 1 1 1 1 1 1 1
          1 1 1 1 1 1 1 1 1 1 1 0.748474
          0.752105 0.77008 0.793341 0.82024 0.848714 0.876685 0.902549 0.925322 0.944561 0.960208 0.972459 0.981672
          0.988306 0.992866 0.995849 0.9977 0.998789 0.999395 0.999713 0.999871 0.999945 0.999978 0.999991 0.999997
          0.999999 1 1 1 1 1 1 1 1 1 1 1
          1 1 1 1 1 1 1 1 1 1 1 1
          1 1 1 1 1 1 1 1 1 1 1 1
          1 1 1 1 1 1 1 1 1 1 1 1
          1 1 1 1 1 1 1 1 1 1 1 1
          1 1 1 1 1 1 1 1 1 1 1 1
          1 1 1 1 0.604934 0.595717 0.6169 0.650929 0.693424 0.740267 0.787403 0.831524
          0.870502 0.903391 0.93011 0.951085 0.966984 0.978586 0.986701 0.992117 0.995553 0.997618 0.998791 0.999419
          0.999736 0.999886 0.999954 0.999982 0.999994 0.999998 0.999999 1 1 1 1 1
          1 1 1 1 1 1 1 1 1 1 1 1
          1 1 1 1 1 1 1 1 1 1 1 1
          1 1 1 1 1 1 1 1 1 1 1 1
          1 1 1 1 1 1 1 1 1 1 1 1
          1 1 1 1 1 1 1 1 1 1 1 1
          1 1 1 1 1 1 1 1 1 0.460079 0.43236 0.447257
          0.485071 0.538012 0.600586 0.667174 0.732389 0.791953 0.843293 0.885525 0.918963 0.944545 0.963446 0.976886
          0.986035 0.991969 0.995617 0.997736 0.998895 0.99949 0.999778 0.999909 0.999965 0.999987 0.999996 0.999999
          1 1 1 1 1 1 1 1 1 1 1 1
          1 1 1 1 1 1 1 1 1 1 1 1
          1 1 1 1 1 1 1 1 1 1 1 1
          1 1 1 1 1 1 1 1 1 1 1 1
          1 1 1 1 1 1 1 1 1 1 1 1
          1 1 1 1 1 1 1 1 1 1 1 1
          1 1 0.331536 0.294254 0.300572 0.333995 0.38679 0.454485 0.532055 0.613432 0.692377 0.763798
          0.824658 0.874027 0.912477 0.941347 0.962233 0.976738 0.986355 0.992407 0.996005 0.998017 0.999073 0.999592
          0.999831 0.999934 0.999976 0.999992 0.999997 0.999999 1 1 1 1 1 1
          1 1 1 1 1 1 1 1 1 1 1 1
          1 1 1 1 1 1 1 1 1 1 1 1
          1 1 1 1 1 1 1 1 1 1 1 1
          1 1 1 1 1 1 1 1 1 1 1 1
          1 1 1 1 1 1 1 1 1 1 1 1
          1 1 1 1 1 1 1 0.22652 0.190411 0.1925 0.218905 0.264352
          0.326934 0.404107 0.491328 0.582252 0.670047 0.749061 0.815935 0.869691 0.911057 0.94164 0.963342 0.978062
          0.987549 0.993324 0.99663 0.998401 0.999287 0.999702 0.999883 0.999957 0.999985 0.999995 0.999998 1
          1 1 1 1 1 1 1 1 1 1 1 1
          1 1 1 1 1 1 1 1 1 1 1 1
          1 1 1 1 1 1 1 1 1 1 1 1
          1 1 1 1 1 1 1 1 1 1 1 1
          1 1 1 1 1 1 1 1 1 1 1 1
          1 1 1 1 1 1 1 1 1 1 1 1
          0.146374 0.11788 0.119707 0.140079 0.176328 0.228885 0.297882 0.381405 0.474844 0.571495 0.664169 0.747016
          0.816643 0.872139 0.914364 0.945104 0.966473 0.980589 0.989395 0.994553 0.997377 0.998817 0.9995 0.999802
          0.999927 0.999974 0.999992 0.999997 0.999999 1 1 1 1 1 1 1
          1 1 1 1 1 1 1 1 1 1 1 1
          1 1 1 1 1 1 1 1 1 1 1 1
          1 1 1 1 1 1 1 1 1 1 1 1
          1 1 1 1 1 1 1 1 1 1 1 1
          1 1 1 1 1 1 1 1 1 1 1 1
          1 1 1 1 1 0.0888964 0.0700894 0.0732667 0.08922 0.11727 0.159266 0.217186
          0.291517 0.380075 0.477755 0.57749 0.672029 0.755706 0.825383 0.880355 0.921629 0.95113 0.971135 0.983932
          0.991607 0.995898 0.998128 0.999202 0.999682 0.999882 0.999959 0.999986 0.999996 0.999999 1 1
          1 1 1 1 1 1 1 1 1 1 1 1
          1 1 1 1 1 1 1 1 1 1 1 1
          1 1 1 1 1 1 1 1 1 1 1 1
          1 1 1 1 1 1 1 1 1 1 1 1
          1 1 1 1 1 1 1 1 1 1 1 1
          1 1 1 1 1 1 1 1 1 1 0.0500525 0.0402267
          0.0447626 0.0574954 0.0790971 0.112033 0.159201 0.222671 0.302402 0.395406 0.495933 0.596715 0.690768 0.772925
          0.840506 0.893103 0.931898 0.958963 0.976732 0.987646 0.993879 0.997176 0.998787 0.999514 0.999819 0.999936
          0.999979 0.999994 0.999998 0.999999 1 1 1 1 1 1 1 1
          1 1 1 1 1 1 1 1 1 1 1 1
          1 1 1 1 1 1 1 1 1 1 1 1
          1 1 1 1 1 1 1 1 1 1 1 1
          1 1 1 1 1 1 1 1 1 1 1 1
          1 1 1 1 1 1 1 1 1 1 1 1
          1 1 1 0.0253737 0.0226492 0.0278465 0.0380886 0.0548544 0.0807506 0.118915 0.17221 0.242062
          0.327393 0.424217 0.526245 0.626298 0.717947 0.796713 0.860464 0.909136 0.944142 0.967758 0.982614 0.991276
          0.995935 0.998242 0.999294 0.999736 0.999908 0.99997 0.999991 0.999997 0.999999 1 1 1
          1 1 1 1 1 1 1 1 1 1 1 1
          1 1 1 1 1 1 1 1 1 1 1 1
          1 1 1 1 1 1 1 1 1 1 1 1
          1 1 1 1 1 1 1 1 1 1 1 1
          1 1 1 1 1 1 1 1 1 1 1 1
          1 1 1 1 1 1 1 1 0.0110713 0.0132145 0.0180939 0.026318
          0.0395791 0.0603122 0.0915526 0.136412 0.197135 0.274028 0.364754 0.464418 0.566481 0.664149 0.751727 0.82548
          0.883849 0.927186 0.957247 0.976614 0.988132 0.994426 0.997578 0.999025 0.999635 0.999873 0.999958 0.999987
          0.999996 0.999999 1 1 1 1 1 1 1 1 1 1
          1 1 1 1 1 1 1 1 1 1 1 1
          1 1 1 1 1 1 1 1 1 1 1 1
          1 1 1 1 1 1 1 1 1 1 1 1
          1 1 1 1 1 1 1 1 1 1 1 1
          1 1 1 1 1 1 1 1 1 1 1 1
          1 0.00570556 0.00830413 0.0125145 0.0192304 0.0300474 0.0471719 0.0734208 0.111871 0.165117 0.234301 0.318339
          0.413694 0.514849 0.615333 0.708937 0.790757 0.857813 0.909196 0.945834 0.969991 0.984628 0.992737 0.996836
          0.998726 0.999525 0.999835 0.999946 0.999984 0.999995 0.999999 1 1 1 1 1
          1 1 1 1 1 1 1 1 1 1 1 1
          1 1 1 1 1 1 1 1 1 1 1 1
          1 1 1 1 1 1 1 1 1 1 1 1
          1 1 1 1 1 1 1 1 1 1 1 1
          1 1 1 1 1 1 1 1 1 1 1 1
          1 1 1 1 1 1 0.00321882 0.00586496 0.0093867 0.0150645 0.0242858 0.0390545
          0.0619775 0.0959972 0.143781 0.206887 0.285007 0.375675 0.474379 0.575293 0.672251 0.759734 0.833689 0.89202
          0.934689 0.963431 0.981136 0.991057 0.996103 0.998435 0.999418 0.999799 0.999935 0.99998 0.999994 0.999998
          1 1 1 1 1 1 1 1 1 1 1 1
          1 1 1 1 1 1 1 1 1 1 1 1
          1 1 1 1 1 1 1 1 1 1 1 1
          1 1 1 1 1 1 1 1 1 1 1 1
          1 1 1 1 1 1 1 1 1 1 1 1
          1 1 1 1 1 1 1 1 1 1 1 0.0024141
          0.00456859 0.00774863 0.0128413 0.0211688 0.0346132 0.0556436 0.0870782 0.131545 0.19074 0.264765 0.351724 0.447859
          0.547967 0.64617 0.73679 0.815193 0.878447 0.925687 0.95807 0.97828 0.989695 0.995519 0.998207 0.999337
          0.999772 0.999927 0.999978 0.999994 0.999998 1 1 1 1 1 1 1
          1 1 1 1 1 1 1 1 1 1 1 1
          1 1 1 1 1 1 1 1 1 1 1 1
          1 1 1 1 1 1 1 1 1 1 1 1
          1 1 1 1 1 1 1 1 1 1 1 1
          1 1 1 1 1 1 1 1 1 1 1 1
          1 1 1 1 0.00218531 0.00417746 0.00722096 0.0121254 0.0201634 0.0331817 0.0536024 0.0841932
          0.127545 0.185373 0.257864 0.343322 0.438235 0.537684 0.635976 0.727468 0.80739 0.872531 0.921669 0.955653
          0.977 0.989098 0.995271 0.998114 0.999305 0.999761 0.999923 0.999977 0.999993 0.999998 1 1
          1 1 1 1 1 1 1 1 1 1 1 1
          1 1 1 1 1 1 1 1 1 1 1 1
          1 1 1 1 1 1 1 1 1 1 1 1
          1 1 1 1 1 1 1 1 1 1 1 1
          1 1 1 1 1 1 1 1 1 1 1 1
          1 1 1 1 1 1 1 1 1
        </DataArray>
        <DataArray type="Float32" Name="x^SimpleH2O_gas" NumberOfComponents="1" format="ascii">
          -6.43338e-37 -3.7758e-37 -7.75101e-36 -2.49482e-36 -1.89529e-37 -9.06254e-37 -2.37777e-37 -1.32004e-36 -3.60558e-37 -1.82362e-36 -4.22304e-37 -1.80288e-36
          -3.9946e-37 -1.44354e-36 -3.36616e-37 -1.07177e-36 -2.75534e-37 -8.2747e-37 -2.26549e-37 -6.73745e-37 -1.82346e-37 -5.3878e-37 -1.39005e-37 -4.01284e-37
          -1.01013e-37 -2.81246e-37 -7.31762e-38 -1.95336e-37 -5.44611e-38 -1.38241e-37 -4.0586e-38 -9.67225e-38 -2.90225e-38 -6.43563e-38 -1.98663e-38 -4.12221e-38
          -1.34452e-38 -2.67696e-38 0 -1.73678e-38 0 0 0 0 0 0 0 0
          0 0 0 0 0 0 0 0 0 0 0 0
          0 0 0 0 0 0 0 0 0 0 0 0
          0 0 0 0 0 0 0 0 0 0 0 0
          0 0 0 0 0 0 0 0 0 0 0 0
          0 0 -0 0 -0 -0 -0 -0 -0 -0 -0 -0
          -0 -0 -0 -0 -0 -0 0 0 0 0 0 0
          0 0 0 0 0 0 0 0 -0 0 -0 -0
          -0 -0 -0 -0 -0 -0 -0 -0 -0 -0 -0 -0
          0 -0 0 0 0 0 0 0 0 0 0 0
          0 0 0 0 -0 0 -0 -0 -0 -0 -0 -0
          -0 -0 -0 -0 -0 -0 -0 -0 -0 -0 0 0
          0 0 0 0 0 0 0 0 0 0 0 0
          0 0 -0 0 -0 -0 -0 -0 0 0 -4.89592e-35 -9.6826e-36
          -4.04583e-36 -8.79625e-36 -1.09016e-35 -9.19348e-36 -6.38006e-36 -4.4077e-36 -3.48392e-36 -2.97287e-36 -2.40893e-36 -1.76405e-36 -1.20155e-36 -8.06866e-37
          -5.44758e-37 -3.57271e-37 -2.20517e-37 -1.31609e-37 -8.12259e-38 -5.11098e-38 -2.83078e-38 0 0 0 0 0
          0 0 0 0 0 0 0 0 0 0 0 0
          0 0 0 0 0 0 0 0 0 0 0 0
          -0 -0 -0 -0 -0 -0 -0 -0 0 0 0 0
          0 0 0 0 -0 -0 -0 -0 -0 -0 -0 -0
          0 0 0 0 0 0 0 0 -0 -0 -0 -0
          -0 -0 -0 -0 0 0 0 0 0 0 0 0
          0 -0 0 -1.93771e-34 -1.75456e-35 -1.38892e-35 -3.89834e-35 -4.25894e-35 -3.11516e-35 -1.94408e-35 -1.36771e-35 -1.20862e-35
          -1.10464e-35 -9.03185e-36 -6.5082e-36 -4.3493e-36 -2.85688e-36 -1.8604e-36 -1.15986e-36 -6.76568e-37 -3.82349e-37 -2.24254e-37 -1.34835e-37 -7.28727e-38
          -2.8004e-38 0 0 0 0 0 0 0 0 0 0 0
          0 0 0 0 0 0 0 0 0 0 0 0
          0 0 0 0 0 0 -0 -0 -0 -0 -0 -0
          -0 -0 0 0 0 0 0 0 0 -0 -0 -0
          -0 -0 -0 -0 -0 -0 0 0 0 0 0 0
          0 0 -0 -0 -0 -0 -0 -0 -0 -0 -0 0
          0 0 0 0 0 0 0 0 -5.72462e-34 -1.27869e-37 -4.50904e-35 -1.2697e-34
          -1.20215e-34 -7.6307e-35 -4.46538e-35 -3.54904e-35 -3.61789e-35 -3.45484e-35 -2.80624e-35 -1.9896e-35 -1.3135e-35 -8.49576e-36 -5.37573e-36 -3.22286e-36
          -1.80381e-36 -9.76355e-37 -5.42816e-37 -3.0859e-37 -1.62193e-37 -6.53747e-38 0 1.63811e-38 2.00999e-38 1.41867e-38 0 0
          0 0 0 0 0 0 0 0 0 0 0 0
          0 0 0 0 0 0 0 0 0 0 0 0
          -0 -0 -0 -0 -0 -0 -0 -0 0 0 0 0
          0 0 0 -0 -0 -0 -0 -0 -0 -0 -0 -0
          0 0 0 0 0 0 0 0 -0 -0 -0 -0
          -0 -0 -0 -0 -0 0 0 0 0 0 0 0
          0 -1.31157e-33 9.62982e-35 -1.41929e-34 -3.32139e-34 -2.6541e-34 -1.4589e-34 -8.72421e-35 -8.46608e-35 -9.51077e-35 -9.13208e-35 -7.29881e-35
          -5.11167e-35 -3.35531e-35 -2.14823e-35 -1.33039e-35 -7.75887e-36 -4.23081e-36 -2.22285e-36 -1.17656e-36 -6.32162e-37 -3.24795e-37 -1.37817e-37 -2.75187e-38
          2.51075e-38 3.73502e-38 2.87881e-38 1.5578e-38 0 0 0 0 0 0 0 0
          0 0 0 0 0 0 0 0 0 0 0 0
          0 0 0 0 0 0 -0 -0 -0 -0 -0 -0
          -0 0 0 0 0 0 0 0 0 -0 -0 -0
          -0 -0 -0 -0 -0 -0 0 0 0 0 0 0
          0 0 -0 -0 -0 -0 -0 -0 -0 -0 -0 0
          0 0 0 0 0 0 -2.2148e-33 3.5928e-34 -4.46035e-34 -7.2589e-34 -4.47122e-34 -2.21298e-34
          -1.64729e-34 -1.90975e-34 -2.18423e-34 -2.05767e-34 -1.61726e-34 -1.12544e-34 -7.3812e-35 -4.69661e-35 -2.86621e-35 -1.64553e-35 -8.88689e-36 -4.60738e-36
          -2.3564e-36 -1.21243e-36 -6.15257e-37 -2.73631e-37 -7.01682e-38 3.32323e-38 6.33707e-38 5.32067e-38 3.16381e-38 1.41817e-38 0 0
          0 0 0 0 0 0 0 0 0 0 0 0
          0 0 0 0 0 0 0 0 0 0 0 0
          -0 -0 -0 -0 -0 -0 -0 0 0 0 0 0
          0 0 0 -0 -0 -0 -0 -0 -0 -0 -0 -0
          0 0 0 0 0 0 0 0 -0 -0 -0 -0
          -0 -0 -0 -0 -0 0 0 0 0 0 0 -2.52503e-33
          1.68745e-33 -1.67555e-33 -1.11242e-33 -2.83416e-34 -2.43892e-34 -3.36026e-34 -3.95817e-34 -4.3741e-34 -4.01834e-34 -3.12003e-34 -2.16853e-34 -1.42494e-34
          -9.03707e-35 -5.47363e-35 -3.13333e-35 -1.70167e-35 -8.84097e-36 -4.45979e-36 -2.24619e-36 -1.13447e-36 -5.21603e-37 -1.61433e-37 2.57248e-38 8.98811e-38
          8.46758e-38 5.57536e-38 2.87379e-38 0 0 0 0 0 0 0 0 0
          0 0 0 0 0 0 0 0 0 -0 0 0
          0 0 0 0 0 -0 -0 -0 -0 -0 -0 -0
          -0 0 0 0 0 0 0 0 0 -0 -0 -0
          -0 -0 -0 -0 -0 -0 0 0 0 0 0 0
          0 0 -0 -0 -0 -0 -0 -0 -0 -0 -0 0
          0 0 0 0 -2.42865e-33 1.33412e-33 -1.20289e-33 -4.81602e-34 2.63477e-33 -6.14973e-34 -6.73826e-34 -7.16661e-34
          -7.67377e-34 -6.90741e-34 -5.33791e-34 -3.72044e-34 -2.45479e-34 -1.55794e-34 -9.44349e-35 -5.45251e-35 -3.0059e-35 -1.58019e-35 -7.99198e-36 -4.0032e-36
          -2.0097e-36 -9.42687e-37 -3.42374e-37 -3.0872e-38 9.26531e-38 1.09689e-37 8.28028e-38 4.88501e-38 2.30583e-38 0 0 0
          0 0 0 0 0 0 0 0 0 0 0 0
          0 0 -0 -0 0 0 0 0 0 0 0 -0
          -0 -0 -0 -0 -0 -0 -0 0 0 0 0 0
          0 0 0 -0 -0 -0 -0 -0 -0 -0 -0 -0
          0 0 0 0 0 0 0 0 0 -0 -0 -0
          -0 -0 -0 -0 -0 0 0 0 0 -1.81545e-33 6.62577e-34 -1.96726e-33
          -1.02681e-33 -3.5513e-34 -2.13419e-33 -8.24808e-34 -1.19464e-33 -1.16728e-33 -1.05017e-33 -8.15818e-34 -5.73749e-34 -3.82649e-34 -2.44724e-34 -1.49724e-34
          -8.77925e-35 -4.92705e-35 -2.63077e-35 -1.34364e-35 -6.71897e-36 -3.33615e-36 -1.58388e-36 -6.52403e-37 -1.75616e-37 3.8949e-38 1.07138e-37 1.02325e-37
          7.04689e-38 3.77682e-38 1.53132e-38 0 0 0 0 0 0 0 0 0
          0 0 0 0 0 0 0 0 -0 0 0 0
          0 0 0 0 0 -0 -0 -0 -0 -0 -0 -0
          -0 0 0 0 0 0 0 0 0 -0 -0 -0
          -0 -0 -0 -0 -0 -0 0 0 0 0 0 0
          0 0 0 -0 -0 -0 -0 -0 -0 -0 -0 -0
          0 0 -1.15603e-33 -3.88521e-34 -8.36602e-34 -2.47066e-34 -8.34363e-34 -1.30144e-33 -3.39159e-33 -1.45878e-33 -1.4953e-33 -1.39893e-33
          -1.10165e-33 -7.97505e-34 -5.46562e-34 -3.55672e-34 -2.21023e-34 -1.31858e-34 -7.52866e-35 -4.08718e-35 -2.11434e-35 -1.05795e-35 -5.19311e-36 -2.48055e-36
          -1.11685e-36 -4.33379e-37 -9.2012e-38 6.29136e-38 1.05818e-37 8.87546e-38 5.31302e-38 2.3492e-38 0 0 0 0
          0 0 0 0 0 0 0 0 0 0 0 0
          0 -0 -0 0 0 0 0 0 0 0 0 -0
          -0 -0 -0 -0 -0 -0 -0 0 0 0 0 0
          0 0 0 -0 -0 -0 -0 -0 -0 -0 -0 -0
          0 0 0 0 0 0 0 0 0 -0 -0 -0
          -0 -0 -0 -0 -0 -0 0 -7.76829e-34 -4.35093e-34 -5.6402e-34 -5.62118e-34 -8.84721e-34
          -2.09495e-33 -1.72901e-33 -1.25246e-33 -1.72742e-33 -1.54725e-33 -1.26123e-33 -1.01423e-33 -7.28755e-34 -4.84809e-34 -3.06568e-34 -1.8591e-34 -1.07809e-34
          -5.95592e-35 -3.13402e-35 -1.57942e-35 -7.71004e-36 -3.69622e-36 -1.76016e-36 -8.05019e-37 -2.91975e-37 -1.74677e-38 9.31164e-38 1.00797e-37 6.65492e-38
          3.13788e-38 0 0 0 0 0 0 0 0 0 0 0
          0 0 0 0 0 0 -0 -0 -0 0 0 0
          0 0 0 0 -0 -0 -0 -0 -0 -0 -0 -0
          -0 0 0 0 0 0 0 0 0 -0 -0 -0
          -0 -0 -0 -0 -0 -0 0 0 0 0 0 0
          0 0 0 -0 -0 -0 -0 -0 -0 -0 -0 0
          -4.87307e-34 -3.12617e-34 -3.64092e-34 -4.48684e-34 -6.96491e-34 -1.05741e-33 -1.57448e-33 -2.83191e-33 -2.40107e-33 -1.73813e-34 -1.35067e-33 -1.27928e-33
          -9.29227e-34 -6.25488e-34 -4.01951e-34 -2.4715e-34 -1.4543e-34 -8.18776e-35 -4.39783e-35 -2.25109e-35 -1.10695e-35 -5.35309e-36 -2.62616e-36 -1.2818e-36
          -5.38435e-37 -1.20615e-37 6.62952e-38 1.03657e-37 7.50526e-38 3.74635e-38 1.30446e-38 0 0 0 0 0
          0 0 0 0 0 0 0 0 0 0 -0 -0
          -0 -0 -0 0 0 0 0 0 0 0 -0 -0
          -0 -0 -0 -0 -0 -0 0 0 0 0 0 0
          0 0 0 -0 -0 -0 -0 -0 -0 -0 -0 -0
          0 0 0 0 0 0 0 0 0 -0 -0 -0
          -0 -0 -0 -0 0 -2.87518e-34 -2.02424e-34 -2.38382e-34 -3.23726e-34 -4.90453e-34 -7.48067e-34 -1.11614e-33
          -1.33573e-33 -5.21584e-34 -8.34547e-34 -2.41756e-33 -1.65586e-33 -1.13373e-33 -7.69881e-34 -5.00832e-34 -3.1147e-34 -1.86152e-34 -1.06838e-34 -5.86336e-35
          -3.07267e-35 -1.5426e-35 -7.56075e-36 -3.72781e-36 -1.82817e-36 -7.99201e-37 -2.33778e-37 2.50001e-38 9.31006e-38 7.51469e-38 3.98788e-38 1.50578e-38
          0 0 0 0 0 0 0 0 0 0 0 0
          0 0 -0 -0 -0 -0 -0 -0 0 0 0 0
          0 0 0 0 -0 -0 -0 -0 -0 -0 -0 -0
          0 0 0 0 0 0 0 0 0 -0 -0 -0
          -0 -0 -0 -0 -0 -0 0 0 0 0 0 0
          0 0 0 -0 -0 -0 -0 -0 -0 0 -1.59063e-34 -1.25329e-34
          -1.57406e-34 -2.26454e-34 -3.44921e-34 -5.2171e-34 -7.5335e-34 -9.98415e-34 -1.43011e-33 -1.64738e-33 -3.68011e-33 -1.94629e-33 -1.34441e-33 -9.11266e-34
          -5.98264e-34 -3.75892e-34 -2.28144e-34 -1.33073e-34 -7.45708e-35 -4.00866e-35 -2.06216e-35 -1.02318e-35 -4.99239e-36 -2.38609e-36 -1.04058e-36 -3.4388e-37
          -2.86231e-38 6.76146e-38 6.49088e-38 3.72019e-38 1.5268e-38 0 0 0 0 0 0 0
          0 0 0 0 0 0 0 -0 -0 -0 -0 -0
          -0 -0 0 0 0 0 0 0 0 0 -0 -0
          -0 -0 -0 -0 -0 -0 0 0 0 0 0 0
          0 0 0 -0 -0 -0 -0 -0 -0 -0 -0 -0
          0 0 0 0 0 0 0 0 0 -0 -0 -0
          -0 -0 0 -8.10023e-35 -7.62531e-35 -1.0447e-34 -1.5619e-34 -2.39142e-34 -3.61382e-34 -5.2944e-34 -7.53995e-34 -1.06391e-33
          -1.79214e-33 -3.02617e-33 -2.68547e-33 -1.47346e-33 -1.07602e-33 -6.98415e-34 -4.39497e-34 -2.68199e-34 -1.58581e-34 -9.07611e-35 -5.00436e-35 -2.63321e-35
          -1.31927e-35 -6.34687e-36 -2.93338e-36 -1.25347e-36 -4.42023e-37 -8.63549e-38 3.25116e-38 4.66638e-38 2.99013e-38 1.34204e-38 0 0
          0 0 0 0 0 0 0 0 0 0 0 0
          0 -0 -0 -0 -0 -0 -0 0 0 0 0 0
          0 0 0 0 -0 -0 -0 -0 -0 -0 -0 -0
          0 0 0 0 0 0 0 0 0 -0 -0 -0
          -0 -0 -0 -0 -0 -0 0 0 0 0 0 0
          0 0 0 -0 -0 -0 -0 0 -3.70614e-35 -4.75606e-35 -7.03139e-35 -1.08159e-34
          -1.67027e-34 -2.53869e-34 -3.76146e-34 -5.4122e-34 -7.54338e-34 -1.01463e-33 -1.20665e-33 -1.86296e-33 -2.81869e-33 -1.37985e-33 -8.19726e-34 -4.99286e-34
          -3.02732e-34 -1.80831e-34 -1.0578e-34 -5.98064e-35 -3.21398e-35 -1.6256e-35 -7.74368e-36 -3.47889e-36 -1.44924e-36 -5.26147e-37 -1.38462e-37 0
          2.60345e-38 2.03772e-38 0 0 0 0 0 0 0 0 0 0
          0 0 0 0 0 0 0 -0 -0 -0 -0 -0
          -0 0 0 0 0 0 0 0 0 -0 -0 -0
          -0 -0 -0 -0 -0 -0 0 0 0 0 0 0
          0 0 0 -0 -0 -0 -0 -0 -0 -0 -0 -0
          0 0 0 0 0 0 0 0 0 -0 -0 -0
          0 -2.04299e-35 -3.10134e-35 -4.8938e-35 -7.70962e-35 -1.20264e-34 -1.83774e-34 -2.72492e-34 -3.87117e-34 -5.14738e-34 -5.91794e-34 -2.35383e-34
          -9.23441e-34 -1.7599e-33 -1.90087e-33 -9.73565e-34 -5.42355e-34 -3.24587e-34 -1.974e-34 -1.18388e-34 -6.85803e-35 -3.75615e-35 -1.91889e-35 -9.10824e-36
          -4.01874e-36 -1.63851e-36 -5.9942e-37 -1.80176e-37 -3.16827e-38 0 0 0 0 0 0 0
          0 0 0 0 0 0 0 0 0 0 0 0
          0 -0 -0 -0 -0 -0 -0 0 0 0 0 0
          0 0 0 -0 -0 -0 -0 -0 -0 -0 -0 -0
          0 0 0 0 0 0 0 0 0 -0 -0 -0
          -0 -0 -0 -0 -0 -0 0 0 0 0 0 0
          0 0 0 -0 -0 0 -1.20976e-35 -2.22545e-35 -3.6233e-35 -5.81142e-35 -9.14559e-35 -1.40111e-34
          -2.06625e-34 -2.88761e-34 -3.71954e-34 -4.06114e-34 -1.26336e-34 -9.64477e-34 -1.57387e-33 -1.98557e-33 -9.14636e-34 -5.1269e-34 -3.25097e-34 -2.07647e-34
          -1.28798e-34 -7.62373e-35 -4.23233e-35 -2.17673e-35 -1.03187e-35 -4.50703e-36 -1.81151e-36 -6.61929e-37 -2.11077e-37 -5.19057e-38 0 0
          0 0 0 0 0 0 0 0 0 0 0 0
          0 0 0 0 0 0 -0 -0 -0 -0 -0 -0
          0 0 0 0 0 0 0 0 0 -0 -0 -0
          -0 -0 -0 -0 -0 -0 0 0 0 0 0 0
          0 0 0 -0 -0 -0 -0 -0 -0 -0 -0 -0
          0 0 0 0 0 0 0 0 0 -0 0 -9.15478e-36
          -1.73437e-35 -2.93435e-35 -4.77661e-35 -7.57098e-35 -1.16153e-34 -1.70485e-34 -2.36095e-34 -3.04444e-34 -3.61556e-34 -4.23405e-34 -6.46557e-34 -1.34866e-33
          -5.77895e-34 -4.96757e-34 -4.06835e-34 -3.05159e-34 -2.11579e-34 -1.36807e-34 -8.25102e-35 -4.61299e-35 -2.37488e-35 -1.12217e-35 -4.86711e-36 -1.93886e-36
          -7.06271e-37 -2.30733e-37 -6.3845e-38 -1.23357e-38 0 0 0 0 0 0 0 0
          0 0 0 0 0 0 -0 0 0 0 0 0
          -0 -0 -0 -0 -0 -0 0 0 0 0 0 0
          0 0 0 -0 -0 -0 -0 -0 -0 -0 -0 -0
          0 0 0 0 0 0 0 0 0 -0 -0 -0
          -0 -0 -0 -0 -0 -0 0 0 0 0 0 0
          0 0 0 0 -8.28494e-36 -1.58143e-35 -2.70838e-35 -4.43924e-35 -7.05993e-35 -1.08448e-34 -1.58973e-34 -2.1971e-34
          -2.86147e-34 -3.54878e-34 -4.33052e-34 -4.34001e-34 -2.79382e-34 4.18549e-34 -2.12102e-34 -3.26578e-34 -2.87e-34 -2.1166e-34 -1.40577e-34 -8.56344e-35
          -4.79521e-35 -2.46332e-35 -1.15968e-35 -5.0083e-36 -1.98676e-36 -7.22241e-37 -2.37408e-37 -6.77644e-38 -1.4839e-38 0 0 0
          0 0 0 0 0 0 0 0 0 0 0 -0
          -0 0 0 0 0 0 -0 -0 -0 -0 -0 0
          0 0 0 0 0 0 0 0 -0 -0 -0 -0
          -0 -0 -0 -0 -0 0 0 0 0 0 0 0
          0 0 0 -0 -0 -0 -0 -0 -0 -0 -0 -0
          0 0 0 0 0 0 0 0 0
        </DataArray>
        <DataArray type="Float32" Name="x^H2_gas" NumberOfComponents="1" format="ascii">
          0.000110248 0.000134206 0.000784413 0.000752297 0.000133734 0.000657166 0.000130745 0.000568384 0.000124462 0.000488493 0.000114845 0.00041374
          0.000102246 0.000342544 8.74994e-05 0.000275407 7.1772e-05 0.000213944 5.63103e-05 0.000159971 4.21958e-05 0.000114817 3.01709e-05 7.89496e-05
          2.0573e-05 5.19414e-05 1.33746e-05 3.26683e-05 8.28906e-06 1.96319e-05 4.89776e-06 1.12691e-05 2.7595e-06 6.17803e-06 1.48286e-06 3.23475e-06
          7.60213e-07 1.61769e-06 3.71942e-07 7.72838e-07 1.73734e-07 3.52799e-07 7.7508e-08 1.53941e-07 3.30419e-08 6.42298e-08 1.34668e-08 2.56379e-08
          5.25045e-09 9.7954e-09 1.95943e-09 3.58441e-09 7.00421e-10 1.25706e-09 2.39991e-10 4.22814e-10 7.88801e-11 1.36497e-10 2.48899e-11 4.23279e-11
          7.54607e-12 1.26188e-11 2.20004e-12 3.61963e-12 6.17343e-13 9.99867e-13 1.66876e-13 2.66215e-13 4.34922e-14 6.83777e-14 1.09387e-14 1.69578e-14
          2.6573e-15 4.06417e-15 6.24039e-16 9.42098e-16 1.41792e-16 2.11402e-16 3.11981e-17 4.59588e-17 6.6527e-18 9.68785e-18 1.37598e-18 1.98165e-18
          2.76256e-19 3.93644e-19 5.38799e-20 7.59937e-20 1.0216e-20 1.4268e-20 1.88445e-21 2.60716e-21 3.38406e-22 4.6396e-22 5.92015e-23 8.04614e-23
          1.0096e-23 1.3607e-23 1.67942e-24 2.24527e-24 2.72661e-25 3.61712e-25 4.32307e-26 5.69229e-26 6.69744e-27 8.75548e-27 1.01439e-27 1.31694e-27
          1.50282e-28 1.93807e-28 2.17885e-29 2.79187e-29 3.09298e-30 3.93868e-30 4.30086e-31 5.44413e-31 5.86076e-32 7.37594e-32 7.82996e-33 9.79942e-33
          1.02601e-33 1.27718e-33 1.31917e-34 1.63357e-34 1.66483e-35 2.05128e-35 2.06313e-36 2.52968e-36 2.5114e-37 3.06488e-37 3.00389e-38 3.6493e-38
          0 0 0 0 0 0 0 0 0 0 0 0
          0 0 0 0 0 0 0 0 0 0 0 0
          0 0 0 0 0 0 0 0 0 0 0 0
          0 0 -0 -0 -0 -0 -0 -0 -0 -0 -0 -0
          -0 -0 0 0 0 0 0 0 0 0 0 0
          0 0 0 0 0 0 -0 0 0 0 0.00372931 0.00359213
          0.00323595 0.00278228 0.00233572 0.00191923 0.00153888 0.00119887 0.000903695 0.000656798 0.000459 0.000307802 0.000197769 0.00012162
          7.15287e-05 4.02114e-05 2.16003e-05 1.10846e-05 5.43376e-06 2.54457e-06 1.13849e-06 4.86804e-07 1.98999e-07 7.7807e-08 2.91138e-08 1.0432e-08
          3.58204e-09 1.17958e-09 3.72828e-10 1.13201e-10 3.30475e-11 9.28466e-12 2.51265e-12 6.55592e-13 1.65071e-13 4.01455e-14 9.4389e-15 2.14736e-15
          4.73108e-16 1.0103e-16 2.09283e-17 4.20873e-18 8.22307e-19 1.5621e-19 2.88724e-20 5.19588e-21 9.11021e-22 1.55729e-22 2.59689e-23 4.22705e-24
          6.72005e-25 1.044e-25 1.5858e-26 2.35637e-27 3.42686e-28 4.87995e-29 6.80767e-30 9.30756e-31 1.24771e-31 1.6406e-32 2.11681e-33 2.68109e-34
          3.33465e-35 4.0743e-36 4.89178e-37 5.7734e-38 0 0 0 0 0 0 0 0
          0 0 0 0 0 0 0 0 0 0 0 0
          0 -0 -0 -0 -0 -0 0 0 0 0 0 0
          0 0 0 0.0119587 0.0115674 0.0106464 0.00934139 0.00792567 0.00653277 0.0052288 0.00405423 0.0030366
          0.00219132 0.00152021 0.00101208 0.000645694 0.000394328 0.000230316 0.000128568 6.8557e-05 3.49082e-05 1.69694e-05 7.8747e-06 3.48872e-06
          1.4759e-06 5.96433e-07 2.3035e-07 8.50744e-08 3.00676e-08 1.01772e-08 3.30193e-09 1.0278e-09 3.07234e-10 8.82817e-11 2.44088e-11 6.50024e-12
          1.66897e-12 4.1355e-13 9.8989e-14 2.29104e-14 5.13172e-15 1.11343e-15 2.34212e-16 4.78038e-17 9.47486e-18 1.82506e-18 3.41902e-19 6.23387e-20
          1.107e-20 1.91584e-21 3.23351e-22 5.32547e-23 8.56382e-24 1.3454e-24 2.06608e-25 3.103e-26 4.56011e-27 6.56054e-28 9.24435e-29 1.27638e-29
          1.7276e-30 2.29319e-31 2.9864e-32 3.81711e-33 4.79029e-34 5.90452e-35 7.1508e-36 8.51171e-37 9.96119e-38 0 0 0
          0 0 0 0 0 0 0 0 0 0 0 0
          0 0 0 0 0 0 0 -0 -0 -0 -0 -0
          0 0 0 0 0 0 0 0 0.0307667 0.0297394 0.0275157 0.0244449
          0.0210142 0.0175165 0.0141439 0.0110407 0.00831351 0.00602612 0.00419728 0.00280473 0.00179563 0.00110009 0.000644308 0.000360444
          0.000192469 9.80461e-05 4.76312e-05 2.2063e-05 9.74426e-06 4.10419e-06 1.64913e-06 6.32499e-07 2.31704e-07 8.11378e-08 2.71844e-08 8.72272e-09
          2.6833e-09 7.92216e-10 2.24725e-10 6.13158e-11 1.61097e-11 4.08003e-12 9.97157e-13 2.35416e-13 5.37423e-14 1.18747e-14 2.54192e-15 5.2762e-16
          1.06286e-16 2.07962e-17 3.95541e-18 7.3186e-19 1.31828e-19 2.31333e-20 3.95735e-21 6.60371e-22 1.07561e-22 1.71105e-23 2.65984e-24 4.04266e-25
          6.01071e-26 8.74675e-27 1.24635e-27 1.73981e-28 2.38028e-29 3.19301e-30 4.20145e-31 5.42493e-32 6.87624e-33 8.55908e-34 1.04659e-34 1.25761e-35
          1.48553e-36 1.72552e-37 1.97147e-38 0 0 0 0 0 0 0 0 0
          0 0 0 0 0 0 0 0 0 0 0 0
          0 -0 -0 -0 -0 -0 -0 0 0 0 0 0
          0 0.068792 0.0663275 0.0612192 0.0546309 0.047328 0.0397792 0.0323844 0.0254893 0.0193598 0.0141628 0.00996121
          0.00672411 0.00434928 0.00269167 0.00159178 0.000898469 0.000483583 0.000248002 0.000121121 5.63151e-05 2.49247e-05 1.05026e-05 4.21488e-06
          1.61193e-06 5.87901e-07 2.04673e-07 6.80866e-08 2.16672e-08 6.60387e-09 1.93014e-09 5.4164e-10 1.46119e-10 3.79413e-11 9.4939e-12 2.29197e-12
          5.34431e-13 1.20493e-13 2.62944e-14 5.55941e-15 1.13989e-15 2.26861e-16 4.38619e-17 8.24517e-18 1.50812e-18 2.68605e-19 4.66171e-20 7.88897e-21
          1.30262e-21 2.09995e-22 3.30708e-23 5.09063e-24 7.66342e-25 1.12881e-25 1.62773e-26 2.29886e-27 3.18132e-28 4.31575e-29 5.74174e-30 7.49448e-31
          9.60106e-32 1.20764e-32 1.49196e-33 1.81101e-34 2.16063e-35 2.53438e-36 2.92369e-37 3.31812e-38 0 0 0 0
          0 0 0 0 0 0 0 0 0 0 0 0
          0 0 0 0 0 0 0 0 -0 -0 -0 -0
          -0 0 0 0 0 0 0.138746 0.134112 0.123537 0.110484 0.0959546 0.0808189
          0.0659647 0.0521341 0.0398492 0.0294084 0.0209116 0.0142958 0.00937509 0.00588558 0.0035305 0.00202026 0.00110131 0.000571297
          0.000281782 0.00013208 5.88214e-05 2.48911e-05 1.0012e-05 3.83035e-06 1.39497e-06 4.84117e-07 1.60294e-07 5.0702e-08 1.53416e-08 4.44701e-09
          1.23659e-09 3.30338e-10 8.48901e-11 2.10136e-11 5.01695e-12 1.15667e-12 2.57815e-13 5.56188e-14 1.16252e-14 2.35656e-15 4.63727e-16 8.86618e-17
          1.64842e-17 2.98265e-18 5.25617e-19 9.02776e-20 1.51228e-20 2.47233e-21 3.94703e-22 6.15717e-23 9.39037e-24 1.4009e-24 2.04539e-25 2.92418e-26
          4.09537e-27 5.62133e-28 7.56535e-29 9.98715e-30 1.29375e-30 1.6452e-31 2.0545e-32 2.5204e-33 3.03845e-34 3.60079e-35 4.19609e-36 4.80978e-37
          5.4246e-38 0 0 0 0 0 0 0 0 0 0 0
          0 0 0 0 0 0 0 0 0 0 0 0
          0 0 -0 -0 -0 -0 -0 0 0 0 0 0.251526
          0.247895 0.22992 0.206659 0.17976 0.151286 0.123315 0.0974512 0.0746778 0.0554387 0.0397917 0.0275413 0.0183285
          0.0116939 0.00713373 0.00415116 0.00229959 0.00121077 0.000605173 0.000286915 0.000128975 5.49706e-05 2.22215e-05 8.52562e-06 3.10744e-06
          1.07725e-06 3.55682e-07 1.12016e-07 3.3702e-08 9.70237e-09 2.67697e-09 7.08982e-10 1.80516e-10 4.42511e-11 1.04584e-11 2.38627e-12 5.26297e-13
          1.12334e-13 2.32298e-14 4.65895e-15 9.07123e-16 1.71626e-16 3.15803e-17 5.65617e-18 9.86822e-19 1.67835e-19 2.78456e-20 4.50964e-21 7.13365e-22
          1.10286e-22 1.66731e-23 2.46619e-24 3.57087e-25 5.06373e-26 7.03587e-27 9.58318e-28 1.28006e-28 1.67747e-29 2.15753e-30 2.72456e-31 3.37934e-32
          4.11826e-33 4.93271e-34 5.80884e-35 6.72758e-36 7.66522e-37 8.59435e-38 0 0 0 0 0 0
          0 0 0 0 0 0 0 0 0 0 0 0
          0 0 0 0 0 0 0 0 -0 -0 -0 -0
          -0 0 0 0 0.395066 0.404283 0.3831 0.349071 0.306576 0.259733 0.212597 0.168476
          0.129498 0.0966091 0.0698897 0.0489154 0.0330159 0.0214137 0.0132987 0.00788251 0.00444666 0.00238188 0.00120938 0.000581348
          0.000264394 0.000113745 4.63034e-05 1.78483e-05 6.52151e-06 2.26176e-06 7.457e-07 2.3412e-07 7.01196e-08 2.00702e-08 5.49993e-09 1.4455e-09
          3.64978e-10 8.86764e-11 2.07637e-11 4.69226e-12 1.02477e-12 2.16566e-13 4.43386e-14 8.80407e-15 1.69724e-15 3.17963e-16 5.79402e-17 1.02782e-17
          1.77638e-18 2.99336e-19 4.92144e-20 7.89993e-21 1.23887e-21 1.89913e-22 2.84745e-23 4.17794e-24 6.00196e-25 8.44617e-26 1.16483e-26 1.57504e-27
          2.08895e-28 2.71864e-29 3.47317e-30 4.35726e-31 5.36993e-32 6.50339e-33 7.74228e-34 9.06344e-35 1.04363e-35 1.18237e-36 1.31839e-37 1.4472e-38
          0 0 0 0 0 0 0 0 0 0 0 0
          0 0 0 0 0 0 0 0 0 0 0 0
          0 0 0 -0 -0 -0 -0 0 0 0.539921 0.56764 0.552743
          0.514929 0.461988 0.399414 0.332826 0.267611 0.208047 0.156707 0.114475 0.0810371 0.0554553 0.0365536 0.0231142
          0.0139645 0.00803107 0.00438292 0.00226431 0.00110545 0.000509475 0.000221578 9.09594e-05 3.52702e-05 1.29336e-05 4.49197e-06 1.48022e-06
          4.63679e-07 1.38352e-07 3.94012e-08 1.07316e-08 2.80087e-09 7.01788e-10 1.69111e-10 3.92563e-11 8.79216e-12 1.90265e-12 3.98364e-13 8.07989e-14
          1.58941e-14 3.03559e-15 5.63455e-16 1.0174e-16 1.7886e-17 3.06395e-18 5.11832e-19 8.34371e-20 1.32822e-20 2.066e-21 3.14197e-22 4.67446e-23
          6.80687e-24 9.7067e-25 1.35616e-25 1.85724e-26 2.4942e-27 3.28609e-28 4.249e-29 5.3941e-30 6.72566e-31 8.23923e-32 9.92017e-33 1.17429e-33
          1.36705e-34 1.56561e-35 1.7644e-36 1.95723e-37 2.13765e-38 0 0 0 0 0 0 0
          0 0 0 0 0 0 0 0 0 0 0 0
          0 0 0 0 0 0 0 0 0 -0 -0 -0
          -0 0 0.668464 0.705746 0.699428 0.666005 0.61321 0.545515 0.467945 0.386568 0.307623 0.236202
          0.175342 0.125973 0.087523 0.0586534 0.0377667 0.0232618 0.0136453 0.00759305 0.00399521 0.00198301 0.000927098 0.000408006
          0.000169043 6.59866e-05 2.42998e-05 8.45632e-06 2.78647e-06 8.71295e-07 2.59116e-07 7.34557e-08 1.98943e-08 5.15861e-09 1.28329e-09 3.06861e-10
          7.0657e-11 1.56924e-11 3.36678e-12 6.98792e-13 1.40495e-13 2.73953e-14 5.18664e-15 9.54417e-16 1.70864e-16 2.97858e-17 5.06032e-18 8.38477e-19
          1.35601e-19 2.14185e-20 3.30631e-21 4.99102e-22 7.37173e-23 1.0659e-23 1.50956e-24 2.09497e-25 2.85033e-26 3.8036e-27 4.98026e-28 6.40087e-29
          8.0783e-30 1.0015e-30 1.22006e-31 1.46102e-32 1.72033e-33 1.99242e-34 2.27036e-35 2.54609e-36 2.81085e-37 3.05562e-38 0 0
          0 0 0 0 0 0 0 0 0 0 0 0
          0 0 0 0 0 0 0 0 0 0 0 0
          0 0 0 0 -0 -0 0 0.77348 0.809589 0.8075 0.781095 0.735648
          0.673066 0.595893 0.508672 0.417748 0.329953 0.250939 0.184065 0.130309 0.0889427 0.05836 0.0366577 0.0219382
          0.0124514 0.00667561 0.00337042 0.00159929 0.000712528 0.000298058 0.000117158 4.33348e-05 1.51125e-05 4.98021e-06 1.55465e-06 4.6088e-07
          1.3008e-07 3.50403e-08 9.0298e-09 2.23102e-09 5.2959e-10 1.2101e-10 2.66631e-11 5.6744e-12 1.16814e-12 2.32934e-13 4.50487e-14 8.4595e-15
          1.54414e-15 2.74241e-16 4.74332e-17 7.99655e-18 1.31502e-18 2.11103e-19 3.3104e-20 5.07424e-21 7.60723e-22 1.11607e-22 1.60324e-23 2.25615e-24
          3.11173e-25 4.20822e-26 5.58272e-27 7.26808e-28 9.28945e-29 1.16605e-29 1.438e-30 1.74284e-31 2.07663e-32 2.43332e-33 2.80483e-34 3.18134e-35
          3.55163e-36 3.9037e-37 4.22542e-38 0 0 0 0 0 0 0 0 0
          0 0 0 0 0 0 0 0 0 0 0 0
          0 0 0 0 0 0 0 0 0 0 0 0
          0.853626 0.88212 0.880293 0.859921 0.823672 0.771115 0.702118 0.618595 0.525156 0.428505 0.335831 0.252984
          0.183357 0.127861 0.0856356 0.0548963 0.0335272 0.0194114 0.0106052 0.00544702 0.00262343 0.00118324 0.000499685 0.000197744
          7.345e-05 2.56631e-05 8.45593e-06 2.63478e-06 7.78545e-07 2.18771e-07 5.86181e-08 1.50147e-08 3.68533e-09 8.68701e-10 1.97052e-10 4.30939e-11
          9.10155e-12 1.85933e-12 3.67922e-13 7.06124e-14 1.31598e-14 2.38416e-15 4.20318e-16 7.21738e-17 1.20813e-17 1.97297e-18 3.14578e-19 4.90039e-20
          7.46291e-21 1.11179e-21 1.62113e-22 2.31486e-23 3.23863e-24 4.44154e-25 5.9736e-26 7.8823e-27 1.02085e-27 1.29815e-28 1.62147e-29 1.99003e-30
          2.40065e-31 2.84743e-32 3.32174e-33 3.81239e-34 4.30597e-35 4.78746e-36 5.24101e-37 5.6508e-38 0 0 0 0
          0 0 0 0 0 0 0 0 0 0 0 0
          0 0 0 0 0 0 0 0 0 0 0 0
          0 0 0 0 0 0.911104 0.929911 0.926733 0.91078 0.88273 0.840734 0.782814
          0.708483 0.619925 0.522245 0.42251 0.327971 0.244294 0.174617 0.119645 0.0783708 0.0488699 0.0288649 0.0160678
          0.0083933 0.00410162 0.00187195 0.000797654 0.000317616 0.000118399 4.14214e-05 1.36392e-05 4.24019e-06 1.24845e-06 3.49207e-07 9.30647e-08
          2.36957e-08 5.77883e-09 1.35303e-09 3.0479e-10 6.61854e-11 1.38791e-11 2.81509e-12 5.53092e-13 1.05403e-13 1.95069e-14 3.50986e-15 6.14609e-16
          1.0484e-16 1.74359e-17 2.82947e-18 4.48363e-19 6.94251e-20 1.0511e-20 1.55697e-21 2.25767e-22 3.20641e-23 4.46245e-24 6.08871e-25 8.14834e-26
          1.07001e-26 1.37929e-27 1.74598e-28 2.17117e-29 2.6532e-30 3.18724e-31 3.76498e-32 4.3747e-33 5.00146e-34 5.62769e-35 6.234e-36 6.80014e-37
          7.3062e-38 0 0 0 0 0 0 0 0 0 0 0
          0 0 0 0 0 0 0 0 0 0 0 0
          0 0 0 0 0 0 0 0 0 0 0.949948 0.959773
          0.955237 0.942505 0.920903 0.887967 0.840799 0.777329 0.697598 0.604594 0.504067 0.403285 0.309232 0.227075
          0.159494 0.106897 0.0681016 0.0410374 0.0232676 0.0123542 0.00612116 0.00282446 0.00121322 0.000485596 0.000181488 6.3517e-05
          2.08845e-05 6.47374e-06 1.89841e-06 5.28417e-07 1.40051e-07 3.54473e-08 8.59081e-09 1.99846e-09 4.47232e-10 9.64751e-11 2.00971e-11 4.04951e-12
          7.90444e-13 1.49668e-13 2.75243e-14 4.92173e-15 8.56614e-16 1.45254e-16 2.40174e-17 3.87551e-18 6.10742e-19 9.40619e-20 1.41669e-20 2.08787e-21
          3.0126e-22 4.25813e-23 5.8986e-24 8.0119e-25 1.06751e-25 1.39584e-26 1.79185e-27 2.25909e-28 2.79825e-29 3.40651e-30 4.07705e-31 4.79878e-32
          5.55641e-33 6.33085e-34 7.09992e-35 7.83941e-36 8.5244e-37 9.13064e-38 0 0 0 0 0 0
          0 0 0 0 0 0 0 0 0 0 0 0
          0 0 0 0 0 0 0 0 0 0 0 0
          0 0 0 0.974626 0.977351 0.972154 0.961911 0.945146 0.919249 0.881085 0.82779 0.757938
          0.672607 0.575783 0.473755 0.373702 0.282053 0.203287 0.139536 0.0908637 0.0558577 0.0322417 0.0173861 0.00872444
          0.00406491 0.00175769 0.00070619 0.000264268 9.24129e-05 3.03111e-05 9.36121e-06 2.73261e-06 7.56668e-07 1.99422e-07 5.0178e-08 1.20875e-08
          2.79475e-09 6.21607e-10 1.33275e-10 2.75957e-11 5.52741e-12 1.07262e-12 2.01935e-13 3.6928e-14 6.56709e-15 1.13688e-15 1.91774e-16 3.15487e-17
          5.06567e-18 7.94472e-19 1.21788e-19 1.82599e-20 2.67925e-21 3.84942e-22 5.41838e-23 7.47568e-24 1.01144e-24 1.34254e-25 1.74901e-26 2.23721e-27
          2.81081e-28 3.46993e-29 4.21039e-30 5.02315e-31 5.89409e-32 6.80414e-33 7.72981e-34 8.64414e-35 9.51801e-36 1.03217e-36 1.10266e-37 0
          0 0 0 0 0 0 0 0 0 0 0 0
          0 0 0 0 0 0 0 0 0 0 0 0
          0 0 0 0 0 0 0 0 0.988929 0.986785 0.981906 0.973682
          0.960421 0.939688 0.908447 0.863588 0.802865 0.725972 0.635246 0.535582 0.433519 0.335851 0.248273 0.17452
          0.116151 0.0728136 0.0427528 0.0233862 0.0118679 0.00557403 0.002422 0.000975053 0.000364747 0.000127267 4.15946e-05 1.27885e-05
          3.71413e-06 1.02288e-06 2.68074e-07 6.70693e-08 1.60649e-08 3.69348e-09 8.16951e-10 1.74204e-10 3.58784e-11 7.14906e-12 1.38027e-12 2.58569e-13
          4.70572e-14 8.32925e-15 1.43538e-15 2.41057e-16 3.94861e-17 6.31376e-18 9.86217e-19 1.5059e-19 2.24924e-20 3.28812e-21 4.70735e-22 6.60305e-23
          9.07958e-24 1.22445e-24 1.62014e-25 2.1042e-26 2.68355e-27 3.36186e-28 4.13859e-29 5.00809e-30 5.95906e-31 6.97435e-32 8.03111e-33 9.10157e-34
          1.01541e-34 1.1155e-35 1.20698e-36 1.28659e-37 1.35142e-38 0 0 0 0 0 0 0
          0 0 0 0 0 0 0 0 0 0 0 0
          0 0 0 0 0 0 0 0 0 0 0 0
          0 0.994294 0.991696 0.987485 0.98077 0.969953 0.952828 0.926579 0.888129 0.834883 0.765699 0.681661
          0.586306 0.485151 0.384667 0.291063 0.209243 0.142187 0.0908036 0.0541662 0.0300089 0.0153719 0.00726254 0.00316416
          0.00127375 0.000475439 0.00016528 5.37692e-05 1.6447e-05 4.75111e-06 1.30141e-06 3.39248e-07 8.44333e-08 2.01214e-08 4.6033e-09 1.01334e-09
          2.15083e-10 4.40998e-11 8.74926e-12 1.68216e-12 3.13845e-13 5.6893e-14 1.0032e-14 1.72246e-15 2.88241e-16 4.70525e-17 7.49853e-18 1.1675e-18
          1.77714e-19 2.64633e-20 3.8573e-21 5.50653e-22 7.70286e-23 1.05637e-23 1.42092e-24 1.87541e-25 2.42984e-26 3.09158e-27 3.86421e-28 4.7465e-29
          5.7314e-30 6.80554e-31 7.94893e-32 9.13539e-33 1.03333e-33 1.15068e-34 1.26181e-35 1.36288e-36 1.45028e-37 1.52081e-38 0 0
          0 0 0 0 0 0 0 0 0 0 0 0
          0 0 0 0 0 0 0 0 0 0 0 0
          0 0 0 0 0 0 0.996781 0.994135 0.990613 0.984936 0.975714 0.960946
          0.938023 0.904003 0.856219 0.793113 0.714993 0.624325 0.525621 0.424707 0.327749 0.240266 0.166311 0.10798
          0.0653109 0.0365689 0.0188639 0.00894283 0.0038971 0.00156524 0.000581935 0.000201314 6.51471e-05 1.98216e-05 5.69651e-06 1.55272e-06
          4.02884e-07 9.98317e-08 2.36923e-08 5.39894e-09 1.18403e-09 2.50415e-10 5.11686e-11 1.01184e-11 1.93925e-12 3.60716e-13 6.51987e-14 1.14642e-14
          1.96302e-15 3.27636e-16 5.3348e-17 8.48103e-18 1.31735e-18 2.00067e-19 2.97262e-20 4.32365e-21 6.15953e-22 8.59911e-23 1.177e-23 1.58022e-24
          2.0819e-25 2.69264e-26 3.42011e-27 4.26781e-28 5.23387e-29 6.31012e-30 7.48144e-31 8.72563e-32 1.00138e-32 1.13112e-33 1.2579e-34 1.37758e-35
          1.48603e-36 1.57937e-37 1.65417e-38 0 0 0 0 0 0 0 0 0
          0 0 0 0 0 0 0 0 0 0 0 0
          0 0 0 0 0 0 0 0 0 0 0 0.997586
          0.995431 0.992251 0.987159 0.978831 0.965387 0.944356 0.912922 0.868455 0.80926 0.735235 0.648276 0.552141
          0.452033 0.35383 0.26321 0.184807 0.121553 0.0743132 0.0419305 0.0217203 0.0103046 0.00448112 0.00179263 0.000663195
          0.000228247 7.35002e-05 2.22624e-05 6.37199e-06 1.7305e-06 4.47524e-07 1.10558e-07 2.61647e-08 5.94686e-09 1.30102e-09 2.74527e-10 5.59733e-11
          1.10456e-11 2.11277e-12 3.92248e-13 7.07695e-14 1.24221e-14 2.12347e-15 3.53845e-16 5.75259e-17 9.13151e-18 1.41634e-18 2.148e-19 3.18723e-20
          4.62977e-21 6.58735e-22 9.1852e-23 1.25575e-23 1.68402e-24 2.21621e-25 2.86331e-26 3.63314e-27 4.52911e-28 5.54894e-29 6.68369e-30 7.91713e-31
          9.22562e-32 1.05785e-32 1.19391e-33 1.32664e-34 1.45172e-35 1.5648e-36 1.66184e-37 1.73927e-38 0 0 0 0
          0 0 0 0 0 0 0 0 0 0 0 0
          0 0 0 0 0 0 0 0 0 0 0 0
          0 0 0 0 0.997815 0.995823 0.992779 0.987875 0.979837 0.966818 0.946398 0.915807
          0.872455 0.814627 0.742136 0.656678 0.561765 0.462316 0.364024 0.272532 0.19261 0.127469 0.0783307 0.0443473
          0.0230001 0.0109018 0.00472911 0.00188575 0.000695363 0.000238616 7.66486e-05 2.31684e-05 6.62001e-06 1.79525e-06 4.63686e-07 1.14423e-07
          2.70521e-08 6.14285e-09 1.34274e-09 2.83103e-10 5.76784e-11 1.13739e-11 2.1741e-12 4.03372e-13 7.27314e-14 1.27588e-14 2.1798e-15 3.63032e-16
          5.89884e-17 9.35893e-18 1.45091e-18 2.19939e-19 3.26199e-20 4.7363e-21 6.73606e-22 9.38873e-23 1.28307e-23 1.72e-24 2.26272e-25 2.92235e-26
          3.70677e-27 4.61935e-28 5.65766e-29 6.8125e-30 8.06724e-31 9.39775e-32 1.07728e-32 1.2155e-33 1.35026e-34 1.47717e-35 1.59183e-36 1.69012e-37
          1.76843e-38 0 0 0 0 0 0 0 0 0 0 0
          0 0 0 0 0 0 0 0 0 0 0 0
          0 0 0 0 0 0 0 0 0
        </DataArray>
        <DataArray type="Float32" Name="x^CO2_gas" NumberOfComponents="1" format="ascii">
          0 0 0 0 0 0 0 0 0 0 0 0
          0 0 0 0 0 0 0 0 0 0 0 0
          0 0 0 0 0 0 0 0 0 0 0 0
          0 0 0 0 0 0 0 0 0 0 0 0
          0 0 0 0 0 0 0 0 0 0 0 0
          0 0 0 0 0 0 0 0 0 0 0 0
          0 0 0 0 0 0 0 0 0 0 0 0
          0 0 0 0 0 0 0 0 0 0 0 0
          0 0 0 0 0 0 0 0 0 0 0 0
          0 0 0 0 0 0 0 0 0 0 0 0
          0 0 0 0 0 0 0 0 0 0 0 0
          0 0 0 0 0 0 0 0 0 0 0 0
          0 0 0 0 0 0 0 0 0 0 0 0
          0 0 0 0 0 0 0 0 0 0 0 0
          0 0 0 0 0 0 0 0 0 0 0 0
          0 0 0 0 0 0 0 0 0 0 0 0
          0 0 0 0 0 0 0 0 0 0 0 0
          0 0 0 0 0 0 0 0 0 0 0 0
          0 0 0 0 0 0 0 0 0 0 0 0
          0 0 0 0 0 0 0 0 0 0 0 0
          0 0 0 0 0 0 0 0 0 0 0 0
          0 0 0 0 0 0 0 0 0 0 0 0
          0 0 0 0 0 0 0 0 0 0 0 0
          0 0 0 0 0 0 0 0 0 0 0 0
          0 0 0 0 0 0 0 0 0 0 0 0
          0 0 0 0 0 0 0 0 0 0 0 0
          0 0 0 0 0 0 0 0 0 0 0 0
          0 0 0 0 0 0 0 0 0 0 0 0
          0 0 0 0 0 0 0 0 0 0 0 0
          0 0 0 0 0 0 0 0 0 0 0 0
          0 0 0 0 0 0 0 0 0 0 0 0
          0 0 0 0 0 0 0 0 0 0 0 0
          0 0 0 0 0 0 0 0 0 0 0 0
          0 0 0 0 0 0 0 0 0 0 0 0
          0 0 0 0 0 0 0 0 0 0 0 0
          0 0 0 0 0 0 0 0 0 0 0 0
          0 0 0 0 0 0 0 0 0 0 0 0
          0 0 0 0 0 0 0 0 0 0 0 0
          0 0 0 0 0 0 0 0 0 0 0 0
          0 0 0 0 0 0 0 0 0 0 0 0
          0 0 0 0 0 0 0 0 0 0 0 0
          0 0 0 0 0 0 0 0 0 0 0 0
          0 0 0 0 0 0 0 0 0 0 0 0
          0 0 0 0 0 0 0 0 0 0 0 0
          0 0 0 0 0 0 0 0 0 0 0 0
          0 0 0 0 0 0 0 0 0 0 0 0
          0 0 0 0 0 0 0 0 0 0 0 0
          0 0 0 0 0 0 0 0 0 0 0 0
          0 0 0 0 0 0 0 0 0 0 0 0
          0 0 0 0 0 0 0 0 0 0 0 0
          0 0 0 0 0 0 0 0 0 0 0 0
          0 0 0 0 0 0 0 0 0 0 0 0
          0 0 0 0 0 0 0 0 0 0 0 0
          0 0 0 0 0 0 0 0 0 0 0 0
          0 0 0 0 0 0 0 0 0 0 0 0
          0 0 0 0 0 0 0 0 0 0 0 0
          0 0 0 0 0 0 0 0 0 0 0 0
          0 0 0 0 0 0 0 0 0 0 0 0
          0 0 0 0 0 0 0 0 0 0 0 0
          0 0 0 0 0 0 0 0 0 0 0 0
          0 0 0 0 0 0 0 0 0 0 0 0
          0 0 0 0 0 0 0 0 0 0 0 0
          0 0 0 0 0 0 0 0 0 0 0 0
          0 0 0 0 0 0 0 0 0 0 0 0
          0 0 0 0 0 0 0 0 0 0 0 0
          0 0 0 0 0 0 0 0 0 0 0 0
          0 0 0 0 0 0 0 0 0 0 0 0
          0 0 0 0 0 0 0 0 0 0 0 0
          0 0 0 0 0 0 0 0 0 0 0 0
          0 0 0 0 0 0 0 0 0 0 0 0
          0 0 0 0 0 0 0 0 0 0 0 0
          0 0 0 0 0 0 0 0 0 0 0 0
          0 0 0 0 0 0 0 0 0 0 0 0
          0 0 0 0 0 0 0 0 0 0 0 0
          0 0 0 0 0 0 0 0 0 0 0 0
          0 0 0 0 0 0 0 0 0 0 0 0
          0 0 0 0 0 0 0 0 0 0 0 0
          0 0 0 0 0 0 0 0 0 0 0 0
          0 0 0 0 0 0 0 0 0 0 0 0
          0 0 0 0 0 0 0 0 0 0 0 0
          0 0 0 0 0 0 0 0 0 0 0 0
          0 0 0 0 0 0 0 0 0 0 0 0
          0 0 0 0 0 0 0 0 0 0 0 0
          0 0 0 0 0 0 0 0 0 0 0 0
          0 0 0 0 0 0 0 0 0 0 0 0
          0 0 0 0 0 0 0 0 0 0 0 0
          0 0 0 0 0 0 0 0 0 0 0 0
          0 0 0 0 0 0 0 0 0 0 0 0
          0 0 0 0 0 0 0 0 0 0 0 0
          0 0 0 0 0 0 0 0 0 0 0 0
          0 0 0 0 0 0 0 0 0 0 0 0
          0 0 0 0 0 0 0 0 0 0 0 0
          0 0 0 0 0 0 0 0 0 0 0 0
          0 0 0 0 0 0 0 0 0 0 0 0
          0 0 0 0 0 0 0 0 0 0 0 0
          0 0 0 0 0 0 0 0 0 0 0 0
          0 0 0 0 0 0 0 0 0 0 0 0
          0 0 0 0 0 0 0 0 0 0 0 0
          0 0 0 0 0 0 0 0 0 0 0 0
          0 0 0 0 0 0 0 0 0 0 0 0
          0 0 0 0 0 0 0 0 0 0 0 0
          0 0 0 0 0 0 0 0 0 0 0 0
          0 0 0 0 0 0 0 0 0 0 0 0
          0 0 0 0 0 0 0 0 0 0 0 0
          0 0 0 0 0 0 0 0 0 0 0 0
          0 0 0 0 0 0 0 0 0 0 0 0
          0 0 0 0 0 0 0 0 0 0 0 0
          0 0 0 0 0 0 0 0 0 0 0 0
          0 0 0 0 0 0 0 0 0 0 0 0
          0 0 0 0 0 0 0 0 0 0 0 0
          0 0 0 0 0 0 0 0 0 0 0 0
          0 0 0 0 0 0 0 0 0 0 0 0
          0 0 0 0 0 0 0 0 0 0 0 0
          0 0 0 0 0 0 0 0 0 0 0 0
          0 0 0 0 0 0 0 0 0 0 0 0
          0 0 0 0 0 0 0 0 0 0 0 0
          0 0 0 0 0 0 0 0 0 0 0 0
          0 0 0 0 0 0 0 0 0 0 0 0
          0 0 0 0 0 0 0 0 0 0 0 0
          0 0 0 0 0 0 0 0 0 0 0 0
          0 0 0 0 0 0 0 0 0 0 0 0
          0 0 0 0 0 0 0 0 0 0 0 0
          0 0 0 0 0 0 0 0 0 0 0 0
          0 0 0 0 0 0 0 0 0 0 0 0
          0 0 0 0 0 0 0 0 0 0 0 0
          0 0 0 0 0 0 0 0 0 0 0 0
          0 0 0 0 0 0 0 0 0 0 0 0
          0 0 0 0 0 0 0 0 0 0 0 0
          0 0 0 0 0 0 0 0 0 0 0 0
          0 0 0 0 0 0 0 0 0 0 0 0
          0 0 0 0 0 0 0 0 0 0 0 0
          0 0 0 0 0 0 0 0 0 0 0 0
          0 0 0 0 0 0 0 0 0 0 0 0
          0 0 0 0 0 0 0 0 0 0 0 0
          0 0 0 0 0 0 0 0 0 0 0 0
          0 0 0 0 0 0 0 0 0 0 0 0
          0 0 0 0 0 0 0 0 0 0 0 0
          0 0 0 0 0 0 0 0 0 0 0 0
          0 0 0 0 0 0 0 0 0 0 0 0
          0 0 0 0 0 0 0 0 0 0 0 0
          0 0 0 0 0 0 0 0 0 0 0 0
          0 0 0 0 0 0 0 0 0 0 0 0
          0 0 0 0 0 0 0 0 0 0 0 0
          0 0 0 0 0 0 0 0 0 0 0 0
          0 0 0 0 0 0 0 0 0 0 0 0
          0 0 0 0 0 0 0 0 0 0 0 0
          0 0 0 0 0 0 0 0 0 0 0 0
          0 0 0 0 0 0 0 0 0 0 0 0
          0 0 0 0 0 0 0 0 0 0 0 0
          0 0 0 0 0 0 0 0 0 0 0 0
          0 0 0 0 0 0 0 0 0 0 0 0
          0 0 0 0 0 0 0 0 0 0 0 0
          0 0 0 0 0 0 0 0 0 0 0 0
          0 0 0 0 0 0 0 0 0 0 0 0
          0 0 0 0 0 0 0 0 0 0 0 0
          0 0 0 0 0 0 0 0 0 0 0 0
          0 0 0 0 0 0 0 0 0 0 0 0
          0 0 0 0 0 0 0 0 0 0 0 0
          0 0 0 0 0 0 0 0 0 0 0 0
          0 0 0 0 0 0 0 0 0 0 0 0
          0 0 0 0 0 0 0 0 0 0 0 0
          0 0 0 0 0 0 0 0 0 0 0 0
          0 0 0 0 0 0 0 0 0 0 0 0
          0 0 0 0 0 0 0 0 0 0 0 0
          0 0 0 0 0 0 0 0 0 0 0 0
          0 0 0 0 0 0 0 0 0 0 0 0
          0 0 0 0 0 0 0 0 0 0 0 0
          0 0 0 0 0 0 0 0 0 0 0 0
          0 0 0 0 0 0 0 0 0 0 0 0
          0 0 0 0 0 0 0 0 0 0 0 0
          0 0 0 0 0 0 0 0 0 0 0 0
          0 0 0 0 0 0 0 0 0 0 0 0
          0 0 0 0 0 0 0 0 0 0 0 0
          0 0 0 0 0 0 0 0 0 0 0 0
          0 0 0 0 0 0 0 0 0 0 0 0
          0 0 0 0 0 0 0 0 0 0 0 0
          0 0 0 0 0 0 0 0 0
        </DataArray>
        <DataArray type="Float32" Name="x^N2_gas" NumberOfComponents="1" format="ascii">
          0 0 0 0 0 0 0 0 0 0 0 0
          0 0 0 0 0 0 0 0 0 0 0 0
          0 0 0 0 0 0 0 0 0 0 0 0
          0 0 0 0 0 0 0 0 0 0 0 0
          0 0 0 0 0 0 0 0 0 0 0 0
          0 0 0 0 0 0 0 0 0 0 0 0
          0 0 0 0 0 0 0 0 0 0 0 0
          0 0 0 0 0 0 0 0 0 0 0 0
          0 0 0 0 0 0 0 0 0 0 0 0
          0 0 0 0 0 0 0 0 0 0 0 0
          0 0 0 0 0 0 0 0 0 0 0 0
          0 0 0 0 0 0 0 0 0 0 0 0
          0 0 0 0 0 0 0 0 0 0 0 0
          0 0 0 0 0 0 0 0 0 0 0 0
          0 0 0 0 0 0 0 0 0 0 0 0
          0 0 0 0 0 0 0 0 0 0 0 0
          0 0 0 0 0 0 0 0 0 0 0 0
          0 0 0 0 0 0 0 0 0 0 0 0
          0 0 0 0 0 0 0 0 0 0 0 0
          0 0 0 0 0 0 0 0 0 0 0 0
          0 0 0 0 0 0 0 0 0 0 0 0
          0 0 0 0 0 0 0 0 0 0 0 0
          0 0 0 0 0 0 0 0 0 0 0 0
          0 0 0 0 0 0 0 0 0 0 0 0
          0 0 0 0 0 0 0 0 0 0 0 0
          0 0 0 0 0 0 0 0 0 0 0 0
          0 0 0 0 0 0 0 0 0 0 0 0
          0 0 0 0 0 0 0 0 0 0 0 0
          0 0 0 0 0 0 0 0 0 0 0 0
          0 0 0 0 0 0 0 0 0 0 0 0
          0 0 0 0 0 0 0 0 0 0 0 0
          0 0 0 0 0 0 0 0 0 0 0 0
          0 0 0 0 0 0 0 0 0 0 0 0
          0 0 0 0 0 0 0 0 0 0 0 0
          0 0 0 0 0 0 0 0 0 0 0 0
          0 0 0 0 0 0 0 0 0 0 0 0
          0 0 0 0 0 0 0 0 0 0 0 0
          0 0 0 0 0 0 0 0 0 0 0 0
          0 0 0 0 0 0 0 0 0 0 0 0
          0 0 0 0 0 0 0 0 0 0 0 0
          0 0 0 0 0 0 0 0 0 0 0 0
          0 0 0 0 0 0 0 0 0 0 0 0
          0 0 0 0 0 0 0 0 0 0 0 0
          0 0 0 0 0 0 0 0 0 0 0 0
          0 0 0 0 0 0 0 0 0 0 0 0
          0 0 0 0 0 0 0 0 0 0 0 0
          0 0 0 0 0 0 0 0 0 0 0 0
          0 0 0 0 0 0 0 0 0 0 0 0
          0 0 0 0 0 0 0 0 0 0 0 0
          0 0 0 0 0 0 0 0 0 0 0 0
          0 0 0 0 0 0 0 0 0 0 0 0
          0 0 0 0 0 0 0 0 0 0 0 0
          0 0 0 0 0 0 0 0 0 0 0 0
          0 0 0 0 0 0 0 0 0 0 0 0
          0 0 0 0 0 0 0 0 0 0 0 0
          0 0 0 0 0 0 0 0 0 0 0 0
          0 0 0 0 0 0 0 0 0 0 0 0
          0 0 0 0 0 0 0 0 0 0 0 0
          0 0 0 0 0 0 0 0 0 0 0 0
          0 0 0 0 0 0 0 0 0 0 0 0
          0 0 0 0 0 0 0 0 0 0 0 0
          0 0 0 0 0 0 0 0 0 0 0 0
          0 0 0 0 0 0 0 0 0 0 0 0
          0 0 0 0 0 0 0 0 0 0 0 0
          0 0 0 0 0 0 0 0 0 0 0 0
          0 0 0 0 0 0 0 0 0 0 0 0
          0 0 0 0 0 0 0 0 0 0 0 0
          0 0 0 0 0 0 0 0 0 0 0 0
          0 0 0 0 0 0 0 0 0 0 0 0
          0 0 0 0 0 0 0 0 0 0 0 0
          0 0 0 0 0 0 0 0 0 0 0 0
          0 0 0 0 0 0 0 0 0 0 0 0
          0 0 0 0 0 0 0 0 0 0 0 0
          0 0 0 0 0 0 0 0 0 0 0 0
          0 0 0 0 0 0 0 0 0 0 0 0
          0 0 0 0 0 0 0 0 0 0 0 0
          0 0 0 0 0 0 0 0 0 0 0 0
          0 0 0 0 0 0 0 0 0 0 0 0
          0 0 0 0 0 0 0 0 0 0 0 0
          0 0 0 0 0 0 0 0 0 0 0 0
          0 0 0 0 0 0 0 0 0 0 0 0
          0 0 0 0 0 0 0 0 0 0 0 0
          0 0 0 0 0 0 0 0 0 0 0 0
          0 0 0 0 0 0 0 0 0 0 0 0
          0 0 0 0 0 0 0 0 0 0 0 0
          0 0 0 0 0 0 0 0 0 0 0 0
          0 0 0 0 0 0 0 0 0 0 0 0
          0 0 0 0 0 0 0 0 0 0 0 0
          0 0 0 0 0 0 0 0 0 0 0 0
          0 0 0 0 0 0 0 0 0 0 0 0
          0 0 0 0 0 0 0 0 0 0 0 0
          0 0 0 0 0 0 0 0 0 0 0 0
          0 0 0 0 0 0 0 0 0 0 0 0
          0 0 0 0 0 0 0 0 0 0 0 0
          0 0 0 0 0 0 0 0 0 0 0 0
          0 0 0 0 0 0 0 0 0 0 0 0
          0 0 0 0 0 0 0 0 0 0 0 0
          0 0 0 0 0 0 0 0 0 0 0 0
          0 0 0 0 0 0 0 0 0 0 0 0
          0 0 0 0 0 0 0 0 0 0 0 0
          0 0 0 0 0 0 0 0 0 0 0 0
          0 0 0 0 0 0 0 0 0 0 0 0
          0 0 0 0 0 0 0 0 0 0 0 0
          0 0 0 0 0 0 0 0 0 0 0 0
          0 0 0 0 0 0 0 0 0 0 0 0
          0 0 0 0 0 0 0 0 0 0 0 0
          0 0 0 0 0 0 0 0 0 0 0 0
          0 0 0 0 0 0 0 0 0 0 0 0
          0 0 0 0 0 0 0 0 0 0 0 0
          0 0 0 0 0 0 0 0 0 0 0 0
          0 0 0 0 0 0 0 0 0 0 0 0
          0 0 0 0 0 0 0 0 0 0 0 0
          0 0 0 0 0 0 0 0 0 0 0 0
          0 0 0 0 0 0 0 0 0 0 0 0
          0 0 0 0 0 0 0 0 0 0 0 0
          0 0 0 0 0 0 0 0 0 0 0 0
          0 0 0 0 0 0 0 0 0 0 0 0
          0 0 0 0 0 0 0 0 0 0 0 0
          0 0 0 0 0 0 0 0 0 0 0 0
          0 0 0 0 0 0 0 0 0 0 0 0
          0 0 0 0 0 0 0 0 0 0 0 0
          0 0 0 0 0 0 0 0 0 0 0 0
          0 0 0 0 0 0 0 0 0 0 0 0
          0 0 0 0 0 0 0 0 0 0 0 0
          0 0 0 0 0 0 0 0 0 0 0 0
          0 0 0 0 0 0 0 0 0 0 0 0
          0 0 0 0 0 0 0 0 0 0 0 0
          0 0 0 0 0 0 0 0 0 0 0 0
          0 0 0 0 0 0 0 0 0 0 0 0
          0 0 0 0 0 0 0 0 0 0 0 0
          0 0 0 0 0 0 0 0 0 0 0 0
          0 0 0 0 0 0 0 0 0 0 0 0
          0 0 0 0 0 0 0 0 0 0 0 0
          0 0 0 0 0 0 0 0 0 0 0 0
          0 0 0 0 0 0 0 0 0 0 0 0
          0 0 0 0 0 0 0 0 0 0 0 0
          0 0 0 0 0 0 0 0 0 0 0 0
          0 0 0 0 0 0 0 0 0 0 0 0
          0 0 0 0 0 0 0 0 0 0 0 0
          0 0 0 0 0 0 0 0 0 0 0 0
          0 0 0 0 0 0 0 0 0 0 0 0
          0 0 0 0 0 0 0 0 0 0 0 0
          0 0 0 0 0 0 0 0 0 0 0 0
          0 0 0 0 0 0 0 0 0 0 0 0
          0 0 0 0 0 0 0 0 0 0 0 0
          0 0 0 0 0 0 0 0 0 0 0 0
          0 0 0 0 0 0 0 0 0 0 0 0
          0 0 0 0 0 0 0 0 0 0 0 0
          0 0 0 0 0 0 0 0 0 0 0 0
          0 0 0 0 0 0 0 0 0 0 0 0
          0 0 0 0 0 0 0 0 0 0 0 0
          0 0 0 0 0 0 0 0 0 0 0 0
          0 0 0 0 0 0 0 0 0 0 0 0
          0 0 0 0 0 0 0 0 0 0 0 0
          0 0 0 0 0 0 0 0 0 0 0 0
          0 0 0 0 0 0 0 0 0 0 0 0
          0 0 0 0 0 0 0 0 0 0 0 0
          0 0 0 0 0 0 0 0 0 0 0 0
          0 0 0 0 0 0 0 0 0 0 0 0
          0 0 0 0 0 0 0 0 0 0 0 0
          0 0 0 0 0 0 0 0 0 0 0 0
          0 0 0 0 0 0 0 0 0 0 0 0
          0 0 0 0 0 0 0 0 0 0 0 0
          0 0 0 0 0 0 0 0 0 0 0 0
          0 0 0 0 0 0 0 0 0 0 0 0
          0 0 0 0 0 0 0 0 0 0 0 0
          0 0 0 0 0 0 0 0 0 0 0 0
          0 0 0 0 0 0 0 0 0 0 0 0
          0 0 0 0 0 0 0 0 0 0 0 0
          0 0 0 0 0 0 0 0 0 0 0 0
          0 0 0 0 0 0 0 0 0 0 0 0
          0 0 0 0 0 0 0 0 0 0 0 0
          0 0 0 0 0 0 0 0 0 0 0 0
          0 0 0 0 0 0 0 0 0 0 0 0
          0 0 0 0 0 0 0 0 0 0 0 0
          0 0 0 0 0 0 0 0 0 0 0 0
          0 0 0 0 0 0 0 0 0
        </DataArray>
        <DataArray type="Float32" Name="X^CH4_gas" NumberOfComponents="1" format="ascii">
          0.999986 0.999983 0.999901 0.999905 0.999983 0.999917 0.999984 0.999929 0.999984 0.999939 0.999986 0.999948
          0.999987 0.999957 0.999989 0.999965 0.999991 0.999973 0.999993 0.99998 0.999995 0.999986 0.999996 0.99999
          0.999997 0.999993 0.999998 0.999996 0.999999 0.999998 0.999999 0.999999 1 0.999999 1 1
          1 1 1 1 1 1 1 1 1 1 1 1
          1 1 1 1 1 1 1 1 1 1 1 1
          1 1 1 1 1 1 1 1 1 1 1 1
          1 1 1 1 1 1 1 1 1 1 1 1
          1 1 1 1 1 1 1 1 1 1 1 1
          1 1 1 1 1 1 1 1 1 1 1 1
          1 1 1 1 1 1 1 1 1 1 1 1
          1 1 1 1 1 1 1 1 1 1 1 1
          1 1 1 1 1 1 1 1 1 1 1 1
          1 1 1 1 1 1 1 1 1 1 1 1
          1 1 1 1 1 1 1 1 1 1 1 1
          1 1 1 1 1 1 1 1 1 1 1 1
          1 1 1 1 1 1 1 1 1 1 1 1
          1 1 1 1 1 1 1 1 1 1 0.99953 0.999547
          0.999592 0.99965 0.999706 0.999758 0.999806 0.999849 0.999886 0.999917 0.999942 0.999961 0.999975 0.999985
          0.999991 0.999995 0.999997 0.999999 0.999999 1 1 1 1 1 1 1
          1 1 1 1 1 1 1 1 1 1 1 1
          1 1 1 1 1 1 1 1 1 1 1 1
          1 1 1 1 1 1 1 1 1 1 1 1
          1 1 1 1 1 1 1 1 1 1 1 1
          1 1 1 1 1 1 1 1 1 1 1 1
          1 1 1 1 1 1 1 1 1 1 1 1
          1 1 1 0.998481 0.998532 0.99865 0.998817 0.998997 0.999174 0.99934 0.999489 0.999617
          0.999724 0.999809 0.999873 0.999919 0.99995 0.999971 0.999984 0.999991 0.999996 0.999998 0.999999 1
          1 1 1 1 1 1 1 1 1 1 1 1
          1 1 1 1 1 1 1 1 1 1 1 1
          1 1 1 1 1 1 1 1 1 1 1 1
          1 1 1 1 1 1 1 1 1 1 1 1
          1 1 1 1 1 1 1 1 1 1 1 1
          1 1 1 1 1 1 1 1 1 1 1 1
          1 1 1 1 1 1 1 1 0.996027 0.996163 0.996457 0.996861
          0.99731 0.997765 0.9982 0.998599 0.998948 0.999239 0.999471 0.999647 0.999774 0.999862 0.999919 0.999955
          0.999976 0.999988 0.999994 0.999997 0.999999 0.999999 1 1 1 1 1 1
          1 1 1 1 1 1 1 1 1 1 1 1
          1 1 1 1 1 1 1 1 1 1 1 1
          1 1 1 1 1 1 1 1 1 1 1 1
          1 1 1 1 1 1 1 1 1 1 1 1
          1 1 1 1 1 1 1 1 1 1 1 1
          1 1 1 1 1 1 1 1 1 1 1 1
          1 0.990803 0.991153 0.991872 0.992791 0.993796 0.994821 0.995812 0.996724 0.997525 0.998198 0.998737
          0.99915 0.999451 0.999661 0.9998 0.999887 0.999939 0.999969 0.999985 0.999993 0.999997 0.999999 0.999999
          1 1 1 1 1 1 1 1 1 1 1 1
          1 1 1 1 1 1 1 1 1 1 1 1
          1 1 1 1 1 1 1 1 1 1 1 1
          1 1 1 1 1 1 1 1 1 1 1 1
          1 1 1 1 1 1 1 1 1 1 1 1
          1 1 1 1 1 1 1 1 1 1 1 1
          1 1 1 1 1 1 0.980159 0.98091 0.982597 0.984633 0.986839 0.989073
          0.991204 0.993136 0.994812 0.996207 0.997323 0.998181 0.998812 0.999257 0.999555 0.999746 0.999861 0.999928
          0.999965 0.999983 0.999993 0.999997 0.999999 1 1 1 1 1 1 1
          1 1 1 1 1 1 1 1 1 1 1 1
          1 1 1 1 1 1 1 1 1 1 1 1
          1 1 1 1 1 1 1 1 1 1 1 1
          1 1 1 1 1 1 1 1 1 1 1 1
          1 1 1 1 1 1 1 1 1 1 1 1
          1 1 1 1 1 1 1 1 1 1 1 0.959484
          0.960231 0.96384 0.968305 0.9732 0.978092 0.982632 0.986614 0.989961 0.992679 0.99482 0.996454 0.997659
          0.998515 0.999098 0.999476 0.99971 0.999848 0.999924 0.999964 0.999984 0.999993 0.999997 0.999999 1
          1 1 1 1 1 1 1 1 1 1 1 1
          1 1 1 1 1 1 1 1 1 1 1 1
          1 1 1 1 1 1 1 1 1 1 1 1
          1 1 1 1 1 1 1 1 1 1 1 1
          1 1 1 1 1 1 1 1 1 1 1 1
          1 1 1 1 1 1 1 1 1 1 1 1
          1 1 1 1 0.924162 0.921425 0.927616 0.93687 0.947369 0.957774 0.967187 0.975173
          0.98165 0.986741 0.990646 0.993579 0.995728 0.997258 0.998309 0.999003 0.999439 0.9997 0.999848 0.999927
          0.999967 0.999986 0.999994 0.999998 0.999999 1 1 1 1 1 1 1
          1 1 1 1 1 1 1 1 1 1 1 1
          1 1 1 1 1 1 1 1 1 1 1 1
          1 1 1 1 1 1 1 1 1 1 1 1
          1 1 1 1 1 1 1 1 1 1 1 1
          1 1 1 1 1 1 1 1 1 1 1 1
          1 1 1 1 1 1 1 1 1 0.871489 0.858391 0.865583
          0.882309 0.902609 0.922879 0.941013 0.956102 0.968045 0.977183 0.984016 0.989041 0.992677 0.995255 0.997036
          0.998224 0.998984 0.999447 0.999715 0.999861 0.999936 0.999972 0.999989 0.999996 0.999998 0.999999 1
          1 1 1 1 1 1 1 1 1 1 1 1
          1 1 1 1 1 1 1 1 1 1 1 1
          1 1 1 1 1 1 1 1 1 1 1 1
          1 1 1 1 1 1 1 1 1 1 1 1
          1 1 1 1 1 1 1 1 1 1 1 1
          1 1 1 1 1 1 1 1 1 1 1 1
          1 1 0.79786 0.768419 0.773756 0.79964 0.833882 0.868944 0.900484 0.926626 0.947124 0.962595
          0.973978 0.982212 0.988091 0.992232 0.995092 0.997016 0.998265 0.99904 0.999496 0.99975 0.999883 0.999949
          0.999979 0.999992 0.999997 0.999999 1 1 1 1 1 1 1 1
          1 1 1 1 1 1 1 1 1 1 1 1
          1 1 1 1 1 1 1 1 1 1 1 1
          1 1 1 1 1 1 1 1 1 1 1 1
          1 1 1 1 1 1 1 1 1 1 1 1
          1 1 1 1 1 1 1 1 1 1 1 1
          1 1 1 1 1 1 1 0.699758 0.651781 0.654837 0.690436 0.740918
          0.794478 0.843675 0.884885 0.917302 0.941729 0.959605 0.972435 0.981521 0.987881 0.992272 0.995241 0.997189
          0.998418 0.999156 0.999575 0.999799 0.99991 0.999963 0.999985 0.999995 0.999998 0.999999 1 1
          1 1 1 1 1 1 1 1 1 1 1 1
          1 1 1 1 1 1 1 1 1 1 1 1
          1 1 1 1 1 1 1 1 1 1 1 1
          1 1 1 1 1 1 1 1 1 1 1 1
          1 1 1 1 1 1 1 1 1 1 1 1
          1 1 1 1 1 1 1 1 1 1 1 1
          0.577101 0.515385 0.519741 0.564534 0.630133 0.702577 0.771502 0.830705 0.877988 0.913897 0.940259 0.959183
          0.972561 0.981912 0.988369 0.992754 0.99566 0.997519 0.998655 0.999312 0.99967 0.999851 0.999937 0.999975
          0.999991 0.999997 0.999999 1 1 1 1 1 1 1 1 1
          1 1 1 1 1 1 1 1 1 1 1 1
          1 1 1 1 1 1 1 1 1 1 1 1
          1 1 1 1 1 1 1 1 1 1 1 1
          1 1 1 1 1 1 1 1 1 1 1 1
          1 1 1 1 1 1 1 1 1 1 1 1
          1 1 1 1 1 0.437093 0.374936 0.386193 0.438075 0.513917 0.601211 0.688276
          0.766059 0.829909 0.879232 0.915807 0.94222 0.960966 0.974105 0.98321 0.989428 0.993585 0.996279 0.997952
          0.998938 0.999483 0.999764 0.9999 0.99996 0.999985 0.999995 0.999998 0.999999 1 1 1
          1 1 1 1 1 1 1 1 1 1 1 1
          1 1 1 1 1 1 1 1 1 1 1 1
          1 1 1 1 1 1 1 1 1 1 1 1
          1 1 1 1 1 1 1 1 1 1 1 1
          1 1 1 1 1 1 1 1 1 1 1 1
          1 1 1 1 1 1 1 1 1 1 0.295438 0.250124
          0.27163 0.326816 0.406016 0.50102 0.601095 0.695096 0.775273 0.838833 0.886748 0.921725 0.946745 0.964399
          0.976711 0.985183 0.990901 0.994652 0.997016 0.998431 0.999227 0.999644 0.999847 0.999939 0.999977 0.999992
          0.999997 0.999999 1 1 1 1 1 1 1 1 1 1
          1 1 1 1 1 1 1 1 1 1 1 1
          1 1 1 1 1 1 1 1 1 1 1 1
          1 1 1 1 1 1 1 1 1 1 1 1
          1 1 1 1 1 1 1 1 1 1 1 1
          1 1 1 1 1 1 1 1 1 1 1 1
          1 1 1 0.171629 0.15571 0.18564 0.239615 0.315952 0.41145 0.51786 0.623438 0.717645
          0.794818 0.8543 0.898375 0.930253 0.952958 0.968934 0.98003 0.987597 0.992621 0.995831 0.997782 0.998895
          0.999487 0.999779 0.999911 0.999967 0.999988 0.999996 0.999999 1 1 1 1 1
          1 1 1 1 1 1 1 1 1 1 1 1
          1 1 1 1 1 1 1 1 1 1 1 1
          1 1 1 1 1 1 1 1 1 1 1 1
          1 1 1 1 1 1 1 1 1 1 1 1
          1 1 1 1 1 1 1 1 1 1 1 1
          1 1 1 1 1 1 1 1 0.0818068 0.0963097 0.127895 0.177028
          0.246967 0.338095 0.445071 0.556951 0.661485 0.750248 0.820454 0.873432 0.912274 0.940254 0.960154 0.974122
          0.983755 0.990229 0.994419 0.997 0.998493 0.999296 0.999695 0.999877 0.999954 0.999984 0.999995 0.999998
          1 1 1 1 1 1 1 1 1 1 1 1
          1 1 1 1 1 1 1 1 1 1 1 1
          1 1 1 1 1 1 1 1 1 1 1 1
          1 1 1 1 1 1 1 1 1 1 1 1
          1 1 1 1 1 1 1 1 1 1 1 1
          1 1 1 1 1 1 1 1 1 1 1 1
          1 0.0436727 0.0624767 0.0916167 0.13498 0.197776 0.282637 0.386731 0.500612 0.611489 0.708898 0.787982
          0.848836 0.894129 0.92717 0.950942 0.96782 0.979597 0.987606 0.992855 0.996128 0.998042 0.999082 0.999601
          0.99984 0.99994 0.999979 0.999993 0.999998 0.999999 1 1 1 1 1 1
          1 1 1 1 1 1 1 1 1 1 1 1
          1 1 1 1 1 1 1 1 1 1 1 1
          1 1 1 1 1 1 1 1 1 1 1 1
          1 1 1 1 1 1 1 1 1 1 1 1
          1 1 1 1 1 1 1 1 1 1 1 1
          1 1 1 1 1 1 0.0250552 0.0448451 0.0701222 0.108513 0.165335 0.244393
          0.344617 0.458025 0.571991 0.674898 0.760324 0.827251 0.877788 0.915111 0.942275 0.96178 0.975546 0.985017
          0.991296 0.995253 0.99759 0.998867 0.999509 0.999803 0.999927 0.999975 0.999992 0.999997 0.999999 1
          1 1 1 1 1 1 1 1 1 1 1 1
          1 1 1 1 1 1 1 1 1 1 1 1
          1 1 1 1 1 1 1 1 1 1 1 1
          1 1 1 1 1 1 1 1 1 1 1 1
          1 1 1 1 1 1 1 1 1 1 1 1
          1 1 1 1 1 1 1 1 1 1 1 0.0188948
          0.035238 0.0585112 0.0938126 0.146839 0.221995 0.319228 0.431526 0.546577 0.652264 0.741326 0.811953 0.865866
          0.906079 0.935623 0.95704 0.972303 0.98291 0.990013 0.994531 0.997218 0.998693 0.999435 0.999774 0.999917
          0.999971 0.999991 0.999997 0.999999 1 1 1 1 1 1 1 1
          1 1 1 1 1 1 1 1 1 1 1 1
          1 1 1 1 1 1 1 1 1 1 1 1
          1 1 1 1 1 1 1 1 1 1 1 1
          1 1 1 1 1 1 1 1 1 1 1 1
          1 1 1 1 1 1 1 1 1 1 1 1
          1 1 1 1 0.0171309 0.0323064 0.0547173 0.0889896 0.140722 0.214536 0.310699 0.422511
          0.537771 0.644249 0.73441 0.806229 0.861271 0.902493 0.932903 0.955042 0.970896 0.981974 0.989434 0.994203
          0.997051 0.998617 0.999403 0.999763 0.999913 0.99997 0.99999 0.999997 0.999999 1 1 1
          1 1 1 1 1 1 1 1 1 1 1 1
          1 1 1 1 1 1 1 1 1 1 1 1
          1 1 1 1 1 1 1 1 1 1 1 1
          1 1 1 1 1 1 1 1 1 1 1 1
          1 1 1 1 1 1 1 1 1 1 1 1
          1 1 1 1 1 1 1 1 1
        </DataArray>
        <DataArray type="Float32" Name="X^SimpleH2O_gas" NumberOfComponents="1" format="ascii">
          -7.21885e-37 -4.23688e-37 -8.70249e-36 -2.80099e-36 -2.12674e-37 -1.01739e-36 -2.66813e-37 -1.4818e-36 -4.04585e-37 -2.04695e-36 -4.73866e-37 -2.02354e-36
          -4.48229e-37 -1.62012e-36 -3.77707e-37 -1.2028e-36 -3.09165e-37 -9.28583e-37 -2.54197e-37 -7.56037e-37 -2.04597e-37 -6.04563e-37 -1.55966e-37 -4.50265e-37
          -1.13337e-37 -3.15568e-37 -8.21036e-38 -2.1917e-37 -6.11049e-38 -1.55106e-37 -4.55371e-38 -1.08522e-37 -3.25629e-38 -7.22071e-38 -2.22897e-38 -4.62506e-38
          -1.50853e-38 -3.00351e-38 0 -1.94864e-38 0 0 0 0 0 0 0 0
          0 0 0 0 0 0 0 0 0 0 0 0
          0 0 0 0 0 0 0 0 0 0 0 0
          0 0 0 0 0 0 0 0 0 0 0 0
          0 0 0 0 0 0 0 0 0 0 0 0
          0 0 -0 0 -0 -0 -0 -0 -0 -0 -0 -0
          -0 -0 -0 -0 -0 -0 0 0 0 0 0 0
          0 0 0 0 0 0 0 0 -0 0 -0 -0
          -0 -0 -0 -0 -0 -0 -0 -0 -0 -0 -0 -0
          0 -0 0 0 0 0 0 0 0 0 0 0
          0 0 0 0 -0 0 -0 -0 -0 -0 -0 -0
          -0 -0 -0 -0 -0 -0 -0 -0 -0 -0 0 0
          0 0 0 0 0 0 0 0 0 0 0 0
          0 0 -0 0 -0 -0 -0 -0 0 0 -5.51112e-35 -1.0898e-35
          -4.55223e-36 -9.89332e-36 -1.22564e-35 -1.03323e-35 -7.16797e-36 -4.95056e-36 -3.912e-36 -3.33743e-36 -2.70387e-36 -1.97977e-36 -1.34836e-36 -9.05387e-37
          -6.11248e-37 -4.00867e-37 -2.47421e-37 -1.47664e-37 -9.11346e-38 -5.73445e-38 -3.1761e-38 0 0 0 0 0
          0 0 0 0 0 0 0 0 0 0 0 0
          0 0 0 0 0 0 0 0 0 0 0 0
          -0 -0 -0 -0 -0 -0 -0 -0 0 0 0 0
          0 0 0 0 -0 -0 -0 -0 -0 -0 -0 -0
          0 0 0 0 0 0 0 0 -0 -0 -0 -0
          -0 -0 -0 -0 0 0 0 0 0 0 0 0
          0 -0 0 -2.19706e-34 -1.9887e-35 -1.57298e-35 -4.4099e-35 -4.81182e-35 -3.51524e-35 -2.19125e-35 -1.54001e-35 -1.35967e-35
          -1.24177e-35 -1.01471e-35 -7.30857e-36 -4.88261e-36 -3.20648e-36 -2.08776e-36 -1.30149e-36 -7.59144e-37 -4.29003e-37 -2.51613e-37 -1.51284e-37 -8.17623e-38
          -3.14201e-38 0 0 0 0 0 0 0 0 0 0 0
          0 0 0 0 0 0 0 0 0 0 0 0
          0 0 0 0 0 0 -0 -0 -0 -0 -0 -0
          -0 -0 0 0 0 0 0 0 0 -0 -0 -0
          -0 -0 -0 -0 -0 -0 0 0 0 0 0 0
          0 0 -0 -0 -0 -0 -0 -0 -0 -0 -0 0
          0 0 0 0 0 0 0 0 -6.60049e-34 -1.47297e-37 -5.18378e-35 -1.4557e-34
          -1.37404e-34 -8.69469e-35 -5.07282e-35 -4.02078e-35 -4.08893e-35 -3.8968e-35 -3.16015e-35 -2.23779e-35 -1.47605e-35 -9.54129e-36 -6.03489e-36 -3.61713e-36
          -2.02419e-36 -1.09555e-36 -6.09057e-37 -3.46239e-37 -1.8198e-37 -7.33497e-38 0 1.83793e-38 2.25518e-38 1.59173e-38 0 0
          0 0 0 0 0 0 0 0 0 0 0 0
          0 0 0 0 0 0 0 0 0 0 0 0
          -0 -0 -0 -0 -0 -0 -0 -0 0 0 0 0
          0 0 0 -0 -0 -0 -0 -0 -0 -0 -0 -0
          0 0 0 0 0 0 0 0 -0 -0 -0 -0
          -0 -0 -0 -0 -0 0 0 0 0 0 0 0
          0 -1.56574e-33 1.14697e-34 -1.68248e-34 -3.91348e-34 -3.10641e-34 -1.69585e-34 -1.00737e-34 -9.71534e-35 -1.08547e-34 -1.03745e-34 -8.2611e-35
          -5.76913e-35 -3.77898e-35 -2.41597e-35 -1.49476e-35 -8.71218e-36 -4.74891e-36 -2.49454e-36 -1.32023e-36 -7.09311e-37 -3.64423e-37 -1.54631e-37 -3.08756e-38
          2.81703e-38 4.19064e-38 3.22998e-38 1.74783e-38 0 0 0 0 0 0 0 0
          0 0 0 0 0 0 0 0 0 0 0 0
          0 0 0 0 0 0 -0 -0 -0 -0 -0 -0
          -0 0 0 0 0 0 0 0 0 -0 -0 -0
          -0 -0 -0 -0 -0 -0 0 0 0 0 0 0
          0 0 -0 -0 -0 -0 -0 -0 -0 -0 -0 0
          0 0 0 0 0 0 -2.82805e-33 4.56655e-34 -5.61045e-34 -9.01526e-34 -5.47606e-34 -2.67173e-34
          -1.96136e-34 -2.24504e-34 -2.53914e-34 -2.3696e-34 -1.84833e-34 -1.27871e-34 -8.35004e-35 -5.29678e-35 -3.2258e-35 -1.84953e-35 -9.98057e-36 -5.17199e-36
          -2.6445e-36 -1.36049e-36 -6.90344e-37 -3.07017e-37 -7.87284e-38 3.72863e-38 7.11011e-38 5.96972e-38 3.54974e-38 1.59116e-38 0 0
          0 0 0 0 0 0 0 0 0 0 0 0
          0 0 0 0 0 0 0 0 0 0 0 0
          -0 -0 -0 -0 -0 -0 -0 0 0 0 0 0
          0 0 0 -0 -0 -0 -0 -0 -0 -0 -0 -0
          0 0 0 0 0 0 0 0 -0 -0 -0 -0
          -0 -0 -0 -0 -0 0 0 0 0 0 0 -3.63174e-33
          2.41722e-33 -2.35295e-33 -1.52338e-33 -3.77287e-34 -3.15357e-34 -4.22578e-34 -4.85465e-34 -5.2505e-34 -4.73819e-34 -3.62681e-34 -2.4931e-34 -1.6248e-34
          -1.02442e-34 -6.17987e-35 -3.52836e-35 -1.9131e-35 -9.92994e-36 -5.00647e-36 -2.52082e-36 -1.27301e-36 -5.85259e-37 -1.81129e-37 2.88631e-38 1.00845e-37
          9.5005e-38 6.25547e-38 3.22435e-38 1.29328e-38 0 0 0 0 0 0 0 0
          0 0 0 0 0 0 0 0 0 -0 0 0
          0 0 0 0 0 -0 -0 -0 -0 -0 -0 -0
          -0 0 0 0 0 0 0 0 0 -0 -0 -0
          -0 -0 -0 -0 -0 -0 0 0 0 0 0 0
          0 0 -0 -0 -0 -0 -0 -0 -0 -0 -0 0
          0 0 0 0 -4.16286e-33 2.31526e-33 -2.02939e-33 -7.77715e-34 4.03877e-33 -8.92726e-34 -9.2864e-34 -9.42991e-34
          -9.70918e-34 -8.46505e-34 -6.37885e-34 -4.36079e-34 -2.83611e-34 -1.78134e-34 -1.07201e-34 -6.16009e-35 -3.38574e-35 -1.77665e-35 -8.97638e-36 -4.49381e-36
          -2.25537e-36 -1.05779e-36 -3.84154e-37 -3.46385e-38 1.03956e-37 1.2307e-37 9.29035e-38 5.48091e-38 2.5871e-38 0 0 0
          0 0 0 0 0 0 0 0 0 0 0 0
          0 0 -0 -0 0 0 0 0 0 0 0 -0
          -0 -0 -0 -0 -0 -0 -0 0 0 0 0 0
          0 0 0 -0 -0 -0 -0 -0 -0 -0 -0 -0
          0 0 0 0 0 0 0 0 0 -0 -0 -0
          -0 -0 -0 -0 -0 0 0 0 0 -3.85835e-33 1.47592e-33 -4.27171e-33
          -2.09553e-33 -6.68469e-34 -3.67951e-33 -1.30526e-33 -1.74979e-33 -1.60087e-33 -1.36535e-33 -1.01714e-33 -6.92827e-34 -4.51204e-34 -2.83642e-34 -1.71453e-34
          -9.97194e-35 -5.56717e-35 -2.96303e-35 -1.51053e-35 -7.54587e-36 -3.74478e-36 -1.77744e-36 -7.32044e-37 -1.97045e-37 4.37007e-38 1.20208e-37 1.14807e-37
          7.90651e-38 4.23753e-38 1.71812e-38 0 0 0 0 0 0 0 0 0
          0 0 0 0 0 0 0 0 -0 0 0 0
          0 0 0 0 0 -0 -0 -0 -0 -0 -0 -0
          -0 0 0 0 0 0 0 0 0 -0 -0 -0
          -0 -0 -0 -0 -0 -0 0 0 0 0 0 0
          0 0 0 -0 -0 -0 -0 -0 -0 -0 -0 -0
          0 0 -3.12142e-33 -1.13835e-33 -2.41636e-33 -6.63672e-34 -2.01823e-33 -2.79179e-33 -6.44035e-33 -2.47237e-33 -2.29498e-33 -1.9781e-33
          -1.45985e-33 -1.00554e-33 -6.64051e-34 -4.2063e-34 -2.56453e-34 -1.51014e-34 -8.54904e-35 -4.6164e-35 -2.38057e-35 -1.18907e-35 -5.83131e-36 -2.78413e-36
          -1.25327e-36 -4.86272e-37 -1.03238e-37 7.05886e-38 1.18727e-37 9.95814e-38 5.96113e-38 2.63577e-38 0 0 0 0
          0 0 0 0 0 0 0 0 0 0 0 0
          0 -0 -0 0 0 0 0 0 0 0 0 -0
          -0 -0 -0 -0 -0 -0 -0 0 0 0 0 0
          0 0 0 -0 -0 -0 -0 -0 -0 -0 -0 -0
          0 0 0 0 0 0 0 0 0 -0 -0 -0
          -0 -0 -0 -0 -0 -0 0 -2.69249e-33 -1.67101e-33 -2.1527e-33 -1.98922e-33 -2.78215e-33
          -5.71193e-33 -4.05009e-33 -2.53086e-33 -3.05342e-33 -2.43987e-33 -1.81283e-33 -1.35622e-33 -9.2279e-34 -5.89817e-34 -3.62459e-34 -2.15495e-34 -1.23326e-34
          -6.756e-35 -3.53696e-35 -1.77732e-35 -8.66266e-36 -4.14969e-36 -1.97539e-36 -9.03311e-37 -3.27604e-37 -1.95987e-38 1.04476e-37 1.13093e-37 7.46672e-38
          3.52065e-38 0 0 0 0 0 0 0 0 0 0 0
          0 0 0 0 0 0 -0 -0 -0 0 0 0
          0 0 0 0 -0 -0 -0 -0 -0 -0 -0 -0
          -0 0 0 0 0 0 0 0 0 -0 -0 -0
          -0 -0 -0 -0 -0 -0 0 0 0 0 0 0
          0 0 0 -0 -0 -0 -0 -0 -0 -0 -0 0
          -2.15565e-33 -1.53352e-33 -1.77365e-33 -2.02883e-33 -2.79263e-33 -3.6417e-33 -4.57527e-33 -6.92031e-33 -4.98115e-33 -3.11857e-34 -2.14538e-33 -1.843e-33
          -1.24163e-33 -7.90119e-34 -4.87483e-34 -2.91279e-34 -1.68098e-34 -9.34515e-35 -4.98048e-35 -2.53777e-35 -1.24484e-35 -6.01231e-36 -2.94779e-36 -1.4384e-36
          -6.04155e-37 -1.35331e-37 7.43828e-38 1.16302e-37 8.42079e-38 4.20335e-38 1.46358e-38 0 0 0 0 0
          0 0 0 0 0 0 0 0 0 0 -0 -0
          -0 -0 -0 0 0 0 0 0 0 0 -0 -0
          -0 -0 -0 -0 -0 -0 0 0 0 0 0 0
          0 0 0 -0 -0 -0 -0 -0 -0 -0 -0 -0
          0 0 0 0 0 0 0 0 0 -0 -0 -0
          -0 -0 -0 -0 0 -1.58614e-33 -1.21493e-33 -1.4098e-33 -1.78341e-33 -2.4115e-33 -3.16835e-33 -3.96859e-33
          -3.93824e-33 -1.27783e-33 -1.7232e-33 -4.30155e-33 -2.6048e-33 -1.61753e-33 -1.01944e-33 -6.27577e-34 -3.75173e-34 -2.18183e-34 -1.22974e-34 -6.67234e-35
          -3.47298e-35 -1.737e-35 -8.49695e-36 -4.18546e-36 -2.05175e-36 -8.96784e-37 -2.62305e-37 2.805e-38 1.04458e-37 8.43137e-38 4.47435e-38 1.68946e-38
          0 0 0 0 0 0 0 0 0 0 0 0
          0 0 -0 -0 -0 -0 -0 -0 0 0 0 0
          0 0 0 0 -0 -0 -0 -0 -0 -0 -0 -0
          0 0 0 0 0 0 0 0 0 -0 -0 -0
          -0 -0 -0 -0 -0 -0 0 0 0 0 0 0
          0 0 0 -0 -0 -0 -0 -0 -0 0 -1.05341e-33 -8.74337e-34
          -1.07169e-33 -1.44424e-33 -1.9865e-33 -2.61772e-33 -3.19141e-33 -3.49686e-33 -4.11365e-33 -3.92114e-33 -7.38288e-33 -3.3731e-33 -2.06737e-33 -1.27571e-33
          -7.80019e-34 -4.65227e-34 -2.7218e-34 -1.54862e-34 -8.54048e-35 -4.54677e-35 -2.32616e-35 -1.15084e-35 -5.60733e-36 -2.67829e-36 -1.1677e-36 -3.8585e-37
          -3.21153e-38 7.5863e-38 7.28268e-38 4.174e-38 1.71305e-38 0 0 0 0 0 0 0
          0 0 0 0 0 0 0 -0 -0 -0 -0 -0
          -0 -0 0 0 0 0 0 0 0 0 -0 -0
          -0 -0 -0 -0 -0 -0 0 0 0 0 0 0
          0 0 0 -0 -0 -0 -0 -0 -0 -0 -0 -0
          0 0 0 0 0 0 0 0 0 -0 -0 -0
          -0 -0 0 -6.14741e-34 -5.88175e-34 -7.81412e-34 -1.10245e-33 -1.54544e-33 -2.06597e-33 -2.5869e-33 -3.06261e-33 -3.53894e-33
          -4.88154e-33 -6.83758e-33 -5.1437e-33 -2.45554e-33 -1.60247e-33 -9.53e-34 -5.61629e-34 -3.26885e-34 -1.87061e-34 -1.04786e-34 -5.70149e-35 -2.97713e-35
          -1.48548e-35 -7.13205e-36 -3.29324e-36 -1.4067e-36 -4.95984e-37 -9.68914e-38 3.64778e-38 5.23562e-38 3.35488e-38 1.50575e-38 0 0
          0 0 0 0 0 0 0 0 0 0 0 0
          0 -0 -0 -0 -0 -0 -0 0 0 0 0 0
          0 0 0 0 -0 -0 -0 -0 -0 -0 -0 -0
          0 0 0 0 0 0 0 0 0 -0 -0 -0
          -0 -0 -0 -0 -0 -0 0 0 0 0 0 0
          0 0 0 -0 -0 -0 -0 0 -3.07255e-34 -3.88913e-34 -5.57633e-34 -8.16275e-34
          -1.16936e-33 -1.59672e-33 -2.05164e-33 -2.47928e-33 -2.83994e-33 -3.11678e-33 -3.04525e-33 -3.93106e-33 -5.093e-33 -2.19179e-33 -1.17473e-33 -6.61063e-34
          -3.78054e-34 -2.16684e-34 -1.23293e-34 -6.85025e-35 -3.64384e-35 -1.83283e-35 -8.70672e-36 -3.90659e-36 -1.62655e-36 -5.90394e-37 -1.55357e-37 0
          2.92104e-38 2.28629e-38 0 0 0 0 0 0 0 0 0 0
          0 0 0 0 0 0 0 -0 -0 -0 -0 -0
          -0 0 0 0 0 0 0 0 0 -0 -0 -0
          -0 -0 -0 -0 -0 -0 0 0 0 0 0 0
          0 0 0 -0 -0 -0 -0 -0 -0 -0 -0 -0
          0 0 0 0 0 0 0 0 0 -0 -0 -0
          0 -1.75455e-34 -2.61794e-34 -4.01969e-34 -6.07156e-34 -8.88152e-34 -1.23543e-33 -1.61039e-33 -1.94362e-33 -2.1388e-33 -2.00894e-33 -6.53715e-34
          -2.12589e-33 -3.42922e-33 -3.21357e-33 -1.4652e-33 -7.4477e-34 -4.15885e-34 -2.40581e-34 -1.39433e-34 -7.90194e-35 -4.27176e-35 -2.16673e-35 -1.02477e-35
          -4.51399e-36 -1.83915e-36 -6.72637e-37 -2.02164e-37 -3.55481e-38 0 1.27376e-38 0 0 0 0 0
          0 0 0 0 0 0 0 0 0 0 0 0
          0 -0 -0 -0 -0 -0 -0 0 0 0 0 0
          0 0 0 -0 -0 -0 -0 -0 -0 -0 -0 -0
          0 0 0 0 0 0 0 0 0 -0 -0 -0
          -0 -0 -0 -0 -0 -0 0 0 0 0 0 0
          0 0 0 -0 -0 0 -1.05654e-34 -1.90921e-34 -3.03693e-34 -4.69675e-34 -6.98569e-34 -9.83734e-34
          -1.28906e-33 -1.54581e-33 -1.66022e-33 -1.48642e-33 -3.78145e-34 -2.38289e-33 -3.26752e-33 -3.54369e-33 -1.43841e-33 -7.2821e-34 -4.26819e-34 -2.57266e-34
          -1.53261e-34 -8.83624e-35 -4.82824e-35 -2.46151e-35 -1.1617e-35 -5.06375e-36 -2.03352e-36 -7.42805e-37 -2.36838e-37 -5.82385e-38 0 0
          0 0 0 0 0 0 0 0 0 0 0 0
          0 0 0 0 0 0 -0 -0 -0 -0 -0 -0
          0 0 0 0 0 0 0 0 0 -0 -0 -0
          -0 -0 -0 -0 -0 -0 0 0 0 0 0 0
          0 0 0 -0 -0 -0 -0 -0 -0 -0 -0 -0
          0 0 0 0 0 0 0 0 0 -0 0 -8.03936e-35
          -1.50092e-34 -2.48607e-34 -3.91525e-34 -5.89228e-34 -8.3583e-34 -1.09738e-33 -1.31272e-33 -1.41929e-33 -1.38722e-33 -1.33012e-33 -1.67464e-33 -2.92549e-33
          -1.07213e-33 -8.07021e-34 -5.92913e-34 -4.0837e-34 -2.65618e-34 -1.64161e-34 -9.60983e-35 -5.27589e-35 -2.68881e-35 -1.26401e-35 -5.46939e-36 -2.17663e-36
          -7.92583e-37 -2.58896e-37 -7.16345e-38 -1.38406e-38 0 0 0 0 0 0 0 0
          0 0 0 0 0 0 -0 0 0 0 0 0
          -0 -0 -0 -0 -0 -0 0 0 0 0 0 0
          0 0 0 -0 -0 -0 -0 -0 -0 -0 -0 -0
          0 0 0 0 0 0 0 0 0 -0 -0 -0
          -0 -0 -0 -0 -0 -0 0 0 0 0 0 0
          0 0 0 0 -7.2869e-35 -1.37218e-34 -2.30265e-34 -3.65542e-34 -5.52825e-34 -7.86705e-34 -1.03387e-33 -1.23708e-33
          -1.35367e-33 -1.3838e-33 -1.38381e-33 -1.14349e-33 -6.16053e-34 7.88224e-34 -3.49082e-34 -4.81041e-34 -3.8722e-34 -2.67266e-34 -1.69322e-34 -9.99563e-35
          -5.49056e-35 -2.79041e-35 -1.30655e-35 -5.62851e-36 -2.23047e-36 -8.10512e-37 -2.66386e-37 -7.60322e-38 -1.66493e-38 0 0 0
          0 0 0 0 0 0 0 0 0 0 0 -0
          -0 0 0 0 0 0 -0 -0 -0 -0 -0 0
          0 0 0 0 0 0 0 0 -0 -0 -0 -0
          -0 -0 -0 -0 -0 0 0 0 0 0 0 0
          0 0 0 -0 -0 -0 -0 -0 -0 -0 -0 -0
          0 0 0 0 0 0 0 0 0
        </DataArray>
        <DataArray type="Float32" Name="X^H2_gas" NumberOfComponents="1" format="ascii">
          1.38545e-05 1.68656e-05 9.86329e-05 9.45919e-05 1.68062e-05 8.26235e-05 1.64306e-05 7.14557e-05 1.56409e-05 6.14077e-05 1.44323e-05 5.20072e-05
          1.28488e-05 4.30552e-05 1.09956e-05 3.46146e-05 9.01906e-06 2.68882e-05 7.07601e-06 2.0104e-05 5.30231e-06 1.44287e-05 3.79122e-06 9.92108e-06
          2.58515e-06 6.52698e-06 1.68061e-06 4.10505e-06 1.04157e-06 2.46688e-06 6.1543e-07 1.41603e-06 3.46745e-07 7.76304e-07 1.86329e-07 4.06462e-07
          9.55245e-08 2.03271e-07 4.67363e-08 9.71108e-08 2.18305e-08 4.43309e-08 9.73925e-09 1.93434e-08 4.15187e-09 8.07079e-09 1.69217e-09 3.22152e-09
          6.59744e-10 1.23084e-09 2.46212e-10 4.50399e-10 8.80113e-11 1.57956e-10 3.0156e-11 5.31286e-11 9.91166e-12 1.71515e-11 3.12754e-12 5.31871e-12
          9.482e-13 1.58561e-12 2.76445e-13 4.54824e-13 7.75722e-14 1.25638e-13 2.09687e-14 3.34512e-14 5.46501e-15 8.59198e-15 1.3745e-15 2.13082e-15
          3.33903e-16 5.10682e-16 7.84136e-17 1.18379e-16 1.78169e-17 2.65636e-17 3.92019e-18 5.77494e-18 8.35943e-19 1.21733e-18 1.72898e-19 2.49004e-19
          3.47128e-20 4.94632e-20 6.77027e-21 9.54897e-21 1.28369e-21 1.79285e-21 2.3679e-22 3.27602e-22 4.25223e-23 5.82988e-23 7.43895e-24 1.01104e-23
          1.26861e-24 1.70979e-24 2.11027e-25 2.82129e-25 3.42612e-26 4.54508e-26 5.43215e-27 7.15264e-27 8.41565e-28 1.10017e-27 1.27463e-28 1.6548e-28
          1.88836e-29 2.43528e-29 2.73783e-30 3.50812e-30 3.88648e-31 4.94914e-31 5.40424e-32 6.84081e-32 7.36433e-33 9.26823e-33 9.83873e-34 1.23134e-33
          1.28923e-34 1.60483e-34 1.65759e-35 2.05266e-35 2.09194e-36 2.57753e-36 2.59242e-37 3.17867e-37 3.15569e-38 3.85117e-38 0 0
          0 0 0 0 0 0 0 0 0 0 0 0
          0 0 0 0 0 0 0 0 0 0 0 0
          0 0 0 0 0 0 0 0 0 0 0 0
          0 0 -0 -0 -0 -0 -0 -0 -0 -0 -0 -0
          -0 -0 0 0 0 0 0 0 0 0 0 0
          0 0 0 0 0 0 -0 0 0 0 0.000470139 0.00045279
          0.000407767 0.00035046 0.000294095 0.000241566 0.000193628 0.000150802 0.000113643 8.25773e-05 5.76987e-05 3.86872e-05 2.4855e-05 1.52838e-05
          8.98849e-06 5.05294e-06 2.71423e-06 1.39285e-06 6.82782e-07 3.19738e-07 1.43056e-07 6.11693e-08 2.50052e-08 9.77682e-09 3.65828e-09 1.31083e-09
          4.50101e-10 1.48219e-10 4.68476e-11 1.42243e-11 4.15258e-12 1.16666e-12 3.15726e-13 8.23783e-14 2.0742e-14 5.04448e-15 1.18604e-15 2.69826e-16
          5.94483e-17 1.2695e-17 2.62974e-18 5.28847e-19 1.03327e-19 1.96285e-20 3.62795e-21 6.52887e-22 1.14474e-22 1.95681e-23 3.26311e-24 5.31149e-25
          8.44407e-26 1.31183e-26 1.99263e-27 2.96089e-28 4.30601e-29 6.13189e-30 8.55416e-31 1.16954e-31 1.5678e-32 2.0615e-33 2.65987e-34 3.36892e-35
          4.19015e-36 5.11956e-37 6.14675e-38 0 0 0 0 0 0 0 0 0
          0 0 0 0 0 0 0 0 0 0 0 0
          0 -0 -0 -0 -0 -0 0 0 0 0 0 0
          0 0 0 0.00151855 0.00146835 0.00135035 0.00118346 0.00100285 0.00082559 0.000660042 0.000511246 0.00038258
          0.000275878 0.000191276 0.000127285 8.11803e-05 4.95663e-05 2.89462e-05 1.61569e-05 8.61503e-06 4.38652e-06 2.13231e-06 9.89501e-07 4.38376e-07
          1.85454e-07 7.49447e-08 2.89446e-08 1.069e-08 3.77813e-09 1.27882e-09 4.14904e-10 1.29148e-10 3.86054e-11 1.1093e-11 3.06708e-12 8.16786e-13
          2.09714e-13 5.19645e-14 1.24384e-14 2.8788e-15 6.44825e-16 1.39908e-16 2.94299e-17 6.00678e-18 1.19056e-18 2.29328e-19 4.29616e-20 7.83315e-21
          1.391e-21 2.40735e-22 4.06306e-23 6.6917e-24 1.07609e-24 1.69056e-25 2.59613e-26 3.89906e-27 5.73e-28 8.24363e-29 1.1616e-29 1.60384e-30
          2.17081e-31 2.8815e-32 3.75256e-33 4.79638e-34 6.01923e-35 7.41931e-36 8.98532e-37 1.06954e-37 1.25167e-38 0 0 0
          0 0 0 0 0 0 0 0 0 0 0 0
          0 0 0 0 0 0 0 -0 -0 -0 -0 -0
          0 0 0 0 0 0 0 0 0.00397285 0.00383666 0.00354271 0.0031387
          0.00268996 0.00223527 0.0017995 0.00140084 0.00105228 0.000761221 0.000529351 0.000353295 0.000225984 0.000138365 8.10061e-05 4.53058e-05
          2.41887e-05 1.2321e-05 5.98533e-06 2.77237e-06 1.22442e-06 5.15713e-07 2.07221e-07 7.94765e-08 2.91147e-08 1.01954e-08 3.41586e-09 1.09605e-09
          3.3717e-10 9.95457e-11 2.82377e-11 7.70463e-12 2.02426e-12 5.12675e-13 1.25298e-13 2.95812e-14 6.75297e-15 1.49211e-15 3.19404e-16 6.62979e-17
          1.33553e-17 2.61315e-18 4.97017e-19 9.19617e-20 1.65649e-20 2.90681e-21 4.9726e-22 8.29788e-23 1.35156e-23 2.15002e-24 3.34221e-25 5.0798e-26
          7.55274e-27 1.09907e-27 1.56609e-28 2.18615e-29 2.99093e-30 4.01217e-31 5.27933e-32 6.81669e-33 8.64032e-34 1.07549e-34 1.31509e-35 1.58025e-36
          1.86664e-37 2.16819e-38 0 0 0 0 0 0 0 0 0 0
          0 0 0 0 0 0 0 0 0 0 0 0
          0 -0 -0 -0 -0 -0 -0 0 0 0 0 0
          0 0.00919724 0.00884747 0.00812753 0.00720898 0.00620371 0.00517857 0.00418784 0.00327586 0.00247453 0.00180194 0.00126267
          0.000849913 0.000548594 0.000339019 0.000200293 0.000112986 6.07902e-05 3.11694e-05 1.52211e-05 7.07661e-06 3.13197e-06 1.31971e-06 5.29622e-07
          2.02546e-07 7.38726e-08 2.57181e-08 8.55541e-09 2.72258e-09 8.29808e-10 2.42531e-10 6.80597e-11 1.83606e-11 4.76751e-12 1.19295e-12 2.87997e-13
          6.71538e-14 1.51405e-14 3.30402e-15 6.98566e-16 1.43233e-16 2.85062e-17 5.51145e-18 1.03604e-18 1.89502e-19 3.37515e-20 5.85766e-21 9.91287e-22
          1.63681e-22 2.63869e-23 4.15551e-24 6.39662e-25 9.62945e-26 1.41841e-26 2.04532e-27 2.88862e-28 3.99748e-29 5.42295e-30 7.21477e-31 9.41717e-32
          1.20642e-32 1.51746e-33 1.87471e-34 2.27562e-35 2.71493e-36 3.18457e-37 3.67376e-38 0 0 0 0 0
          0 0 0 0 0 0 0 0 0 0 0 0
          0 0 0 0 0 0 0 0 -0 -0 -0 -0
          -0 0 0 0 0 0 0.0198411 0.0190904 0.0174027 0.0153673 0.0131614 0.0109275
          0.0087961 0.00686377 0.00518801 0.00379284 0.00267659 0.00181907 0.00118776 0.000743376 0.000444998 0.000254305 0.000138518 7.18221e-05
          3.5416e-05 1.65984e-05 7.39157e-06 3.12776e-06 1.25807e-06 4.81304e-07 1.75284e-07 6.08317e-08 2.01417e-08 6.37095e-09 1.92775e-09 5.58788e-10
          1.55384e-10 4.15086e-11 1.06669e-11 2.64045e-12 6.30404e-13 1.45341e-13 3.23957e-14 6.98877e-15 1.46077e-15 2.96114e-16 5.82695e-17 1.11408e-17
          2.07132e-18 3.74784e-19 6.60463e-20 1.13438e-20 1.90025e-21 3.1066e-22 4.95963e-23 7.73678e-24 1.17994e-24 1.7603e-25 2.57013e-26 3.67437e-27
          5.14603e-28 7.06348e-29 9.50623e-30 1.25493e-30 1.62566e-31 2.06727e-32 2.58158e-33 3.167e-34 3.81795e-35 4.52456e-36 5.27258e-37 6.04372e-38
          0 0 0 0 0 0 0 0 0 0 0 0
          0 0 0 0 0 0 0 0 0 0 0 0
          0 0 -0 -0 -0 -0 -0 0 0 0 0 0.0405156
          0.0397689 0.0361596 0.0316947 0.0267998 0.0219078 0.0173678 0.0133858 0.0100391 0.00732101 0.00518024 0.00354609 0.00234057
          0.00148457 0.000902013 0.000523513 0.000289537 0.0001523 7.60831e-05 3.60613e-05 1.62082e-05 6.90765e-06 2.79229e-06 1.07129e-06 3.90466e-07
          1.35362e-07 4.46931e-08 1.40754e-08 4.23481e-09 1.21915e-09 3.36374e-10 8.9087e-11 2.26827e-11 5.56037e-12 1.31415e-12 2.99847e-13 6.61317e-14
          1.41153e-14 2.91893e-15 5.85419e-16 1.13984e-16 2.15656e-17 3.96821e-18 7.10725e-19 1.23999e-19 2.10893e-20 3.49893e-21 5.66658e-22 8.96378e-23
          1.3858e-23 2.09505e-24 3.09888e-25 4.48697e-26 6.36282e-27 8.84091e-28 1.20417e-28 1.60845e-29 2.10782e-30 2.71104e-31 3.42354e-32 4.2463e-33
          5.17479e-34 6.19819e-35 7.29909e-36 8.45353e-37 9.63172e-38 0 0 0 0 0 0 0
          0 0 0 0 0 0 0 0 0 0 0 0
          0 0 0 0 0 0 0 0 -0 -0 -0 -0
          -0 0 0 0 0.0758384 0.078575 0.0723842 0.0631303 0.0526305 0.0422261 0.0328132 0.024827
          0.0183496 0.0132594 0.00935356 0.00642108 0.00427193 0.00274207 0.00169071 0.000997349 0.000560924 0.000299919 0.000152125 7.30863e-05
          3.323e-05 1.42941e-05 5.81848e-06 2.24277e-06 8.19464e-07 2.84201e-07 9.37008e-08 2.94183e-08 8.81086e-09 2.52192e-09 6.91093e-10 1.81634e-10
          4.58613e-11 1.11426e-11 2.60906e-12 5.89605e-13 1.28768e-13 2.72125e-14 5.57136e-15 1.10627e-15 2.13266e-16 3.99536e-17 7.28046e-18 1.29151e-18
          2.23211e-19 3.7613e-20 6.18403e-21 9.92664e-22 1.5567e-22 2.38634e-23 3.57796e-24 5.24978e-25 7.54176e-26 1.0613e-26 1.46366e-27 1.97911e-28
          2.62487e-29 3.4161e-30 4.36421e-31 5.47511e-32 6.74758e-33 8.17182e-34 9.72854e-35 1.13887e-35 1.31137e-36 1.48571e-37 1.65662e-38 0
          0 0 0 0 0 0 0 0 0 0 0 0
          0 0 0 0 0 0 0 0 0 0 0 0
          0 0 0 -0 -0 -0 -0 0 0 0.128511 0.141609 0.134417
          0.117691 0.0973906 0.0771208 0.0589866 0.043898 0.0319549 0.0228174 0.0159842 0.0109592 0.00732331 0.00474479 0.00296432
          0.0017764 0.00101628 0.000552854 0.000285086 0.000139039 6.40465e-05 2.78477e-05 1.14304e-05 4.43201e-06 1.62519e-06 5.6444e-07 1.85997e-07
          5.82635e-08 1.73846e-08 4.95095e-09 1.34847e-09 3.51942e-10 8.8183e-11 2.12496e-11 4.93275e-12 1.10478e-12 2.39077e-13 5.00564e-14 1.01528e-14
          1.99718e-15 3.81437e-16 7.08008e-17 1.27841e-17 2.24746e-18 3.85001e-19 6.43142e-20 1.04843e-20 1.66897e-21 2.59603e-22 3.94804e-23 5.87368e-24
          8.55316e-25 1.21969e-25 1.70409e-26 2.33372e-27 3.13408e-28 4.12913e-29 5.33907e-30 6.77795e-31 8.45112e-32 1.0353e-32 1.24652e-33 1.47555e-34
          1.71777e-35 1.96727e-36 2.21705e-37 2.45935e-38 0 0 0 0 0 0 0 0
          0 0 0 0 0 0 0 0 0 0 0 0
          0 0 0 0 0 0 0 0 0 -0 -0 -0
          -0 0 0.20214 0.231581 0.226244 0.20036 0.166118 0.131056 0.0995161 0.0733741 0.0528763 0.0374048
          0.026022 0.0177884 0.011909 0.00776848 0.00490763 0.00298365 0.00173531 0.00096048 0.000503777 0.000249607 0.000116589 5.12862e-05
          2.12443e-05 8.29201e-06 3.05345e-06 1.06258e-06 3.50134e-07 1.09483e-07 3.25591e-08 9.23006e-09 2.49981e-09 6.48204e-10 1.61252e-10 3.85585e-11
          8.87839e-12 1.97183e-12 4.23052e-13 8.78066e-14 1.76538e-14 3.44236e-15 6.51726e-16 1.19927e-16 2.14699e-17 3.74274e-18 6.35854e-19 1.05359e-19
          1.70389e-20 2.69133e-21 4.15454e-22 6.27145e-23 9.26293e-24 1.33935e-24 1.89683e-25 2.63242e-26 3.58158e-27 4.7794e-28 6.25793e-29 8.043e-30
          1.01508e-30 1.25843e-31 1.53306e-32 1.83584e-33 2.16167e-34 2.50358e-35 2.85282e-36 3.19929e-37 3.53196e-38 0 0 0
          0 0 0 0 0 0 0 0 0 0 0 0
          0 0 0 0 0 0 0 0 0 0 0 0
          0 0 0 0 -0 -0 0 0.300242 0.348219 0.345163 0.309564 0.259082
          0.205522 0.156325 0.115115 0.0826979 0.0582709 0.0403945 0.0275649 0.0184794 0.0121185 0.00772752 0.00475873 0.00281055
          0.0015818 0.000843747 0.000424762 0.00020124 8.95884e-05 3.74622e-05 1.47229e-05 5.44543e-06 1.89898e-06 6.25789e-07 1.95349e-07 5.79117e-08
          1.63452e-08 4.40298e-09 1.13464e-09 2.80338e-10 6.65455e-11 1.52054e-11 3.35035e-12 7.13016e-13 1.46783e-13 2.92693e-14 5.66058e-15 1.06298e-15
          1.94028e-16 3.44597e-17 5.96021e-18 1.0048e-18 1.65239e-19 2.65261e-20 4.15968e-21 6.37603e-22 9.55885e-23 1.4024e-23 2.01455e-24 2.83496e-25
          3.91003e-26 5.28783e-27 7.01495e-28 9.13269e-29 1.16726e-29 1.4652e-30 1.80691e-31 2.18996e-32 2.60939e-33 3.05758e-34 3.52441e-35 3.9975e-36
          4.46279e-37 4.90519e-38 0 0 0 0 0 0 0 0 0 0
          0 0 0 0 0 0 0 0 0 0 0 0
          0 0 0 0 0 0 0 0 0 0 0 0
          0.422899 0.484615 0.480259 0.435466 0.369867 0.297423 0.228498 0.169295 0.122012 0.0861034 0.0597406 0.0408172
          0.0274385 0.0180885 0.0116314 0.00724576 0.00434008 0.00248124 0.00134506 0.00068772 0.000330404 0.000148833 6.28153e-05 2.48518e-05
          9.22994e-06 3.22476e-06 1.06254e-06 3.31074e-07 9.7828e-08 2.74896e-08 7.36565e-09 1.88667e-09 4.63079e-10 1.09156e-10 2.47605e-11 5.41495e-12
          1.14365e-12 2.33634e-13 4.62312e-14 8.87279e-15 1.65359e-15 2.99581e-16 5.2815e-17 9.06898e-18 1.51807e-18 2.47914e-19 3.95282e-20 6.15758e-21
          9.37751e-22 1.39702e-22 2.03703e-23 2.90873e-24 4.0695e-25 5.58101e-26 7.50611e-27 9.90449e-28 1.28274e-28 1.63119e-29 2.03745e-30 2.50057e-31
          3.01653e-32 3.57793e-33 4.17393e-34 4.79045e-35 5.41066e-36 6.01567e-37 6.58558e-38 0 0 0 0 0
          0 0 0 0 0 0 0 0 0 0 0 0
          0 0 0 0 0 0 0 0 0 0 0 0
          0 0 0 0 0 0.562907 0.625064 0.613807 0.561925 0.486083 0.398789 0.311724
          0.233941 0.170091 0.120768 0.0841931 0.0577802 0.0390344 0.025895 0.0167904 0.0105721 0.00641484 0.00372092 0.00204777
          0.00106246 0.000517243 0.000235605 0.000100299 3.99211e-05 1.48789e-05 5.20498e-06 1.71386e-06 5.32803e-07 1.56874e-07 4.38795e-08 1.1694e-08
          2.97748e-09 7.26138e-10 1.70015e-10 3.82984e-11 8.31652e-12 1.74397e-12 3.5373e-13 6.94987e-14 1.32444e-14 2.45114e-15 4.41031e-16 7.72286e-17
          1.31736e-17 2.19091e-18 3.55537e-19 5.63389e-20 8.7236e-21 1.32076e-21 1.9564e-22 2.83687e-23 4.02901e-24 5.60728e-25 7.65076e-26 1.02388e-26
          1.34452e-27 1.73315e-28 2.1939e-29 2.72817e-30 3.33387e-31 4.00491e-32 4.73088e-33 5.49702e-34 6.28457e-35 7.07147e-36 7.83332e-37 8.5447e-38
          0 0 0 0 0 0 0 0 0 0 0 0
          0 0 0 0 0 0 0 0 0 0 0 0
          0 0 0 0 0 0 0 0 0 0 0.704562 0.749875
          0.72837 0.673184 0.593984 0.49898 0.398905 0.304904 0.224727 0.161167 0.113252 0.0782754 0.0532554 0.0356014
          0.0232889 0.0148169 0.00909909 0.00534846 0.0029844 0.00156932 0.000773292 0.000355785 0.000152609 6.10434e-05 2.28085e-05 7.98166e-06
          2.62429e-06 8.13462e-07 2.38544e-07 6.63981e-08 1.75981e-08 4.45413e-09 1.07948e-09 2.51117e-10 5.61968e-11 1.21226e-11 2.5253e-12 5.0884e-13
          9.93231e-14 1.88066e-14 3.45856e-15 6.18439e-16 1.07638e-16 1.82519e-17 3.01791e-18 4.86976e-19 7.67427e-20 1.18193e-20 1.78014e-21 2.62351e-22
          3.78548e-23 5.35054e-24 7.41187e-25 1.00673e-25 1.34137e-26 1.75394e-27 2.25154e-28 2.83865e-29 3.51614e-30 4.28045e-31 5.12301e-32 6.0299e-33
          6.9819e-34 7.95502e-35 8.92139e-36 9.8506e-37 1.07113e-37 0 0 0 0 0 0 0
          0 0 0 0 0 0 0 0 0 0 0 0
          0 0 0 0 0 0 0 0 0 0 0 0
          0 0 0 0.828371 0.84429 0.81436 0.760385 0.684048 0.58855 0.48214 0.376562 0.282355
          0.205182 0.1457 0.101625 0.0697469 0.0470425 0.0310656 0.0199698 0.0124028 0.00737918 0.00416884 0.00221836 0.00110469
          0.000512597 0.000221202 8.87911e-05 3.32142e-05 1.16131e-05 3.80883e-06 1.17629e-06 3.43366e-07 9.5079e-08 2.50583e-08 6.3051e-09 1.51886e-09
          3.51174e-10 7.81079e-11 1.67466e-11 3.46753e-12 6.94546e-13 1.3478e-13 2.53741e-14 4.64018e-15 8.25187e-16 1.42854e-16 2.40974e-17 3.96425e-18
          6.36525e-19 9.98292e-20 1.53033e-20 2.29444e-21 3.36661e-22 4.83698e-23 6.80846e-24 9.39356e-25 1.27092e-25 1.68697e-26 2.19772e-27 2.81116e-28
          3.53192e-29 4.36013e-30 5.29055e-31 6.31183e-32 7.40621e-33 8.54973e-34 9.71288e-35 1.08618e-35 1.19598e-36 1.29697e-37 1.38554e-38 0
          0 0 0 0 0 0 0 0 0 0 0 0
          0 0 0 0 0 0 0 0 0 0 0 0
          0 0 0 0 0 0 0 0 0.918193 0.90369 0.872105 0.822972
          0.753033 0.661905 0.554929 0.443049 0.338515 0.249752 0.179546 0.126568 0.0877258 0.0597457 0.0398463 0.0258779
          0.0162446 0.00977147 0.00558071 0.00299993 0.0015069 0.000703834 0.000304981 0.000122625 4.58469e-05 1.59935e-05 5.22675e-06 1.60695e-06
          4.667e-07 1.2853e-07 3.36848e-08 8.42758e-09 2.01864e-09 4.64104e-10 1.02654e-10 2.18896e-11 4.5083e-12 8.98314e-13 1.73438e-13 3.24904e-14
          5.91296e-15 1.04661e-15 1.80362e-16 3.029e-17 4.96162e-18 7.93355e-19 1.23923e-19 1.89224e-20 2.82627e-21 4.13169e-22 5.91501e-23 8.29705e-24
          1.14089e-24 1.53857e-25 2.03579e-26 2.64403e-27 3.37201e-28 4.22434e-29 5.20034e-30 6.2929e-31 7.48785e-32 8.7636e-33 1.00915e-33 1.14366e-34
          1.27592e-35 1.40167e-36 1.51662e-37 1.61666e-38 0 0 0 0 0 0 0 0
          0 0 0 0 0 0 0 0 0 0 0 0
          0 0 0 0 0 0 0 0 0 0 0 0
          0 0.956327 0.937523 0.908383 0.86502 0.802224 0.717363 0.613269 0.499388 0.388511 0.291102 0.212018
          0.151164 0.105871 0.0728305 0.0490584 0.0321798 0.020403 0.0123939 0.00714461 0.00387236 0.00195787 0.000918405 0.000398695
          0.000160231 5.97661e-05 2.07712e-05 6.75668e-06 2.06667e-06 5.97002e-07 1.63529e-07 4.26282e-08 1.06095e-08 2.52835e-09 5.78427e-10 1.27331e-10
          2.70263e-11 5.54136e-12 1.09939e-12 2.11371e-13 3.94362e-14 7.14888e-15 1.26057e-15 2.16436e-16 3.62189e-17 5.91237e-18 9.42226e-19 1.46702e-19
          2.23306e-20 3.32524e-21 4.84689e-22 6.91922e-23 9.67901e-24 1.32738e-24 1.78545e-25 2.35655e-26 3.05322e-27 3.88471e-28 4.85557e-29 5.9642e-30
          7.20178e-31 8.55148e-32 9.98822e-33 1.14791e-33 1.29842e-34 1.44589e-35 1.58553e-36 1.71253e-37 1.82235e-38 0 0 0
          0 0 0 0 0 0 0 0 0 0 0 0
          0 0 0 0 0 0 0 0 0 0 0 0
          0 0 0 0 0 0 0.974945 0.955155 0.929878 0.891487 0.834665 0.755607
          0.655383 0.541975 0.428009 0.325102 0.239676 0.172749 0.122212 0.0848893 0.0577254 0.0382196 0.0244536 0.0149827
          0.00870364 0.00474683 0.00241009 0.00113257 0.000491363 0.000196949 7.31601e-05 2.53005e-05 8.18651e-06 2.49072e-06 7.15798e-07 1.95108e-07
          5.06243e-08 1.25443e-08 2.97706e-09 6.78403e-10 1.48779e-10 3.14659e-11 6.42958e-12 1.27142e-12 2.43676e-13 4.53257e-14 8.19253e-15 1.44053e-15
          2.46663e-16 4.11691e-17 6.70343e-18 1.06568e-18 1.65532e-19 2.51393e-20 3.73523e-21 5.43287e-22 7.73975e-23 1.08052e-23 1.47896e-24 1.98562e-25
          2.616e-26 3.38343e-27 4.29754e-28 5.36271e-29 6.57661e-30 7.92897e-31 9.40079e-32 1.09642e-32 1.25828e-33 1.42131e-34 1.58061e-35 1.73099e-36
          1.86727e-37 1.98455e-38 0 0 0 0 0 0 0 0 0 0
          0 0 0 0 0 0 0 0 0 0 0 0
          0 0 0 0 0 0 0 0 0 0 0 0.981105
          0.964762 0.941489 0.906187 0.853161 0.778005 0.680772 0.568474 0.453423 0.347736 0.258674 0.188047 0.134134
          0.0939205 0.0643766 0.0429602 0.0276973 0.01709 0.0099867 0.00546928 0.0027821 0.0013066 0.00056529 0.000225606 8.33819e-05
          2.86861e-05 9.23624e-06 2.79743e-06 8.00676e-07 2.17446e-07 5.62336e-08 1.38921e-08 3.28772e-09 7.47251e-10 1.63479e-10 3.44956e-11 7.03331e-12
          1.38793e-12 2.6548e-13 4.92879e-14 8.89253e-15 1.56089e-15 2.66825e-16 4.44623e-17 7.2284e-18 1.14742e-18 1.7797e-19 2.69907e-20 4.00491e-21
          5.81753e-22 8.27732e-23 1.15416e-23 1.57791e-24 2.11606e-25 2.78478e-26 3.59788e-27 4.56522e-28 5.69105e-29 6.97251e-30 8.39838e-31 9.94826e-32
          1.15924e-32 1.32924e-33 1.50021e-34 1.66699e-35 1.82415e-36 1.96625e-37 2.08818e-38 0 0 0 0 0
          0 0 0 0 0 0 0 0 0 0 0 0
          0 0 0 0 0 0 0 0 0 0 0 0
          0 0 0 0 0.982869 0.967694 0.945283 0.91101 0.859277 0.785464 0.689301 0.577489
          0.462229 0.355751 0.26559 0.193771 0.138729 0.0975067 0.0670974 0.0449579 0.0291036 0.0180262 0.0105663 0.00579724
          0.00294938 0.00138304 0.000596703 0.000237345 8.74289e-05 2.99894e-05 9.63191e-06 2.91128e-06 8.31841e-07 2.25582e-07 5.82644e-08 1.43778e-08
          3.39922e-09 7.71879e-10 1.68722e-10 3.55733e-11 7.24757e-12 1.42919e-12 2.73186e-13 5.06856e-14 9.13905e-15 1.60321e-15 2.73903e-16 4.56167e-17
          7.41218e-18 1.17599e-18 1.82314e-19 2.76363e-20 4.09885e-21 5.95139e-22 8.46419e-23 1.17974e-23 1.61223e-24 2.16126e-25 2.84322e-26 3.67207e-27
          4.65774e-28 5.80444e-29 7.10913e-30 8.56023e-31 1.01369e-31 1.18087e-32 1.35365e-33 1.52733e-34 1.69667e-35 1.85614e-36 2.00021e-37 2.12371e-38
          0 0 0 0 0 0 0 0 0 0 0 0
          0 0 0 0 0 0 0 0 0 0 0 0
          0 0 0 0 0 0 0 0 0
        </DataArray>
        <DataArray type="Float32" Name="X^CO2_gas" NumberOfComponents="1" format="ascii">
          0 0 0 0 0 0 0 0 0 0 0 0
          0 0 0 0 0 0 0 0 0 0 0 0
          0 0 0 0 0 0 0 0 0 0 0 0
          0 0 0 0 0 0 0 0 0 0 0 0
          0 0 0 0 0 0 0 0 0 0 0 0
          0 0 0 0 0 0 0 0 0 0 0 0
          0 0 0 0 0 0 0 0 0 0 0 0
          0 0 0 0 0 0 0 0 0 0 0 0
          0 0 0 0 0 0 0 0 0 0 0 0
          0 0 0 0 0 0 0 0 0 0 0 0
          0 0 0 0 0 0 0 0 0 0 0 0
          0 0 0 0 0 0 0 0 0 0 0 0
          0 0 0 0 0 0 0 0 0 0 0 0
          0 0 0 0 0 0 0 0 0 0 0 0
          0 0 0 0 0 0 0 0 0 0 0 0
          0 0 0 0 0 0 0 0 0 0 0 0
          0 0 0 0 0 0 0 0 0 0 0 0
          0 0 0 0 0 0 0 0 0 0 0 0
          0 0 0 0 0 0 0 0 0 0 0 0
          0 0 0 0 0 0 0 0 0 0 0 0
          0 0 0 0 0 0 0 0 0 0 0 0
          0 0 0 0 0 0 0 0 0 0 0 0
          0 0 0 0 0 0 0 0 0 0 0 0
          0 0 0 0 0 0 0 0 0 0 0 0
          0 0 0 0 0 0 0 0 0 0 0 0
          0 0 0 0 0 0 0 0 0 0 0 0
          0 0 0 0 0 0 0 0 0 0 0 0
          0 0 0 0 0 0 0 0 0 0 0 0
          0 0 0 0 0 0 0 0 0 0 0 0
          0 0 0 0 0 0 0 0 0 0 0 0
          0 0 0 0 0 0 0 0 0 0 0 0
          0 0 0 0 0 0 0 0 0 0 0 0
          0 0 0 0 0 0 0 0 0 0 0 0
          0 0 0 0 0 0 0 0 0 0 0 0
          0 0 0 0 0 0 0 0 0 0 0 0
          0 0 0 0 0 0 0 0 0 0 0 0
          0 0 0 0 0 0 0 0 0 0 0 0
          0 0 0 0 0 0 0 0 0 0 0 0
          0 0 0 0 0 0 0 0 0 0 0 0
          0 0 0 0 0 0 0 0 0 0 0 0
          0 0 0 0 0 0 0 0 0 0 0 0
          0 0 0 0 0 0 0 0 0 0 0 0
          0 0 0 0 0 0 0 0 0 0 0 0
          0 0 0 0 0 0 0 0 0 0 0 0
          0 0 0 0 0 0 0 0 0 0 0 0
          0 0 0 0 0 0 0 0 0 0 0 0
          0 0 0 0 0 0 0 0 0 0 0 0
          0 0 0 0 0 0 0 0 0 0 0 0
          0 0 0 0 0 0 0 0 0 0 0 0
          0 0 0 0 0 0 0 0 0 0 0 0
          0 0 0 0 0 0 0 0 0 0 0 0
          0 0 0 0 0 0 0 0 0 0 0 0
          0 0 0 0 0 0 0 0 0 0 0 0
          0 0 0 0 0 0 0 0 0 0 0 0
          0 0 0 0 0 0 0 0 0 0 0 0
          0 0 0 0 0 0 0 0 0 0 0 0
          0 0 0 0 0 0 0 0 0 0 0 0
          0 0 0 0 0 0 0 0 0 0 0 0
          0 0 0 0 0 0 0 0 0 0 0 0
          0 0 0 0 0 0 0 0 0 0 0 0
          0 0 0 0 0 0 0 0 0 0 0 0
          0 0 0 0 0 0 0 0 0 0 0 0
          0 0 0 0 0 0 0 0 0 0 0 0
          0 0 0 0 0 0 0 0 0 0 0 0
          0 0 0 0 0 0 0 0 0 0 0 0
          0 0 0 0 0 0 0 0 0 0 0 0
          0 0 0 0 0 0 0 0 0 0 0 0
          0 0 0 0 0 0 0 0 0 0 0 0
          0 0 0 0 0 0 0 0 0 0 0 0
          0 0 0 0 0 0 0 0 0 0 0 0
          0 0 0 0 0 0 0 0 0 0 0 0
          0 0 0 0 0 0 0 0 0 0 0 0
          0 0 0 0 0 0 0 0 0 0 0 0
          0 0 0 0 0 0 0 0 0 0 0 0
          0 0 0 0 0 0 0 0 0 0 0 0
          0 0 0 0 0 0 0 0 0 0 0 0
          0 0 0 0 0 0 0 0 0 0 0 0
          0 0 0 0 0 0 0 0 0 0 0 0
          0 0 0 0 0 0 0 0 0 0 0 0
          0 0 0 0 0 0 0 0 0 0 0 0
          0 0 0 0 0 0 0 0 0 0 0 0
          0 0 0 0 0 0 0 0 0 0 0 0
          0 0 0 0 0 0 0 0 0 0 0 0
          0 0 0 0 0 0 0 0 0 0 0 0
          0 0 0 0 0 0 0 0 0 0 0 0
          0 0 0 0 0 0 0 0 0 0 0 0
          0 0 0 0 0 0 0 0 0 0 0 0
          0 0 0 0 0 0 0 0 0 0 0 0
          0 0 0 0 0 0 0 0 0 0 0 0
          0 0 0 0 0 0 0 0 0 0 0 0
          0 0 0 0 0 0 0 0 0 0 0 0
          0 0 0 0 0 0 0 0 0 0 0 0
          0 0 0 0 0 0 0 0 0 0 0 0
          0 0 0 0 0 0 0 0 0 0 0 0
          0 0 0 0 0 0 0 0 0 0 0 0
          0 0 0 0 0 0 0 0 0 0 0 0
          0 0 0 0 0 0 0 0 0 0 0 0
          0 0 0 0 0 0 0 0 0 0 0 0
          0 0 0 0 0 0 0 0 0 0 0 0
          0 0 0 0 0 0 0 0 0 0 0 0
          0 0 0 0 0 0 0 0 0 0 0 0
          0 0 0 0 0 0 0 0 0 0 0 0
          0 0 0 0 0 0 0 0 0 0 0 0
          0 0 0 0 0 0 0 0 0 0 0 0
          0 0 0 0 0 0 0 0 0 0 0 0
          0 0 0 0 0 0 0 0 0 0 0 0
          0 0 0 0 0 0 0 0 0 0 0 0
          0 0 0 0 0 0 0 0 0 0 0 0
          0 0 0 0 0 0 0 0 0 0 0 0
          0 0 0 0 0 0 0 0 0 0 0 0
          0 0 0 0 0 0 0 0 0 0 0 0
          0 0 0 0 0 0 0 0 0 0 0 0
          0 0 0 0 0 0 0 0 0 0 0 0
          0 0 0 0 0 0 0 0 0 0 0 0
          0 0 0 0 0 0 0 0 0 0 0 0
          0 0 0 0 0 0 0 0 0 0 0 0
          0 0 0 0 0 0 0 0 0 0 0 0
          0 0 0 0 0 0 0 0 0 0 0 0
          0 0 0 0 0 0 0 0 0 0 0 0
          0 0 0 0 0 0 0 0 0 0 0 0
          0 0 0 0 0 0 0 0 0 0 0 0
          0 0 0 0 0 0 0 0 0 0 0 0
          0 0 0 0 0 0 0 0 0 0 0 0
          0 0 0 0 0 0 0 0 0 0 0 0
          0 0 0 0 0 0 0 0 0 0 0 0
          0 0 0 0 0 0 0 0 0 0 0 0
          0 0 0 0 0 0 0 0 0 0 0 0
          0 0 0 0 0 0 0 0 0 0 0 0
          0 0 0 0 0 0 0 0 0 0 0 0
          0 0 0 0 0 0 0 0 0 0 0 0
          0 0 0 0 0 0 0 0 0 0 0 0
          0 0 0 0 0 0 0 0 0 0 0 0
          0 0 0 0 0 0 0 0 0 0 0 0
          0 0 0 0 0 0 0 0 0 0 0 0
          0 0 0 0 0 0 0 0 0 0 0 0
          0 0 0 0 0 0 0 0 0 0 0 0
          0 0 0 0 0 0 0 0 0 0 0 0
          0 0 0 0 0 0 0 0 0 0 0 0
          0 0 0 0 0 0 0 0 0 0 0 0
          0 0 0 0 0 0 0 0 0 0 0 0
          0 0 0 0 0 0 0 0 0 0 0 0
          0 0 0 0 0 0 0 0 0 0 0 0
          0 0 0 0 0 0 0 0 0 0 0 0
          0 0 0 0 0 0 0 0 0 0 0 0
          0 0 0 0 0 0 0 0 0 0 0 0
          0 0 0 0 0 0 0 0 0 0 0 0
          0 0 0 0 0 0 0 0 0 0 0 0
          0 0 0 0 0 0 0 0 0 0 0 0
          0 0 0 0 0 0 0 0 0 0 0 0
          0 0 0 0 0 0 0 0 0 0 0 0
          0 0 0 0 0 0 0 0 0 0 0 0
          0 0 0 0 0 0 0 0 0 0 0 0
          0 0 0 0 0 0 0 0 0 0 0 0
          0 0 0 0 0 0 0 0 0 0 0 0
          0 0 0 0 0 0 0 0 0 0 0 0
          0 0 0 0 0 0 0 0 0 0 0 0
          0 0 0 0 0 0 0 0 0 0 0 0
          0 0 0 0 0 0 0 0 0 0 0 0
          0 0 0 0 0 0 0 0 0 0 0 0
          0 0 0 0 0 0 0 0 0 0 0 0
          0 0 0 0 0 0 0 0 0 0 0 0
          0 0 0 0 0 0 0 0 0 0 0 0
          0 0 0 0 0 0 0 0 0 0 0 0
          0 0 0 0 0 0 0 0 0 0 0 0
          0 0 0 0 0 0 0 0 0 0 0 0
          0 0 0 0 0 0 0 0 0 0 0 0
          0 0 0 0 0 0 0 0 0 0 0 0
          0 0 0 0 0 0 0 0 0 0 0 0
          0 0 0 0 0 0 0 0 0 0 0 0
          0 0 0 0 0 0 0 0 0 0 0 0
          0 0 0 0 0 0 0 0 0 0 0 0
          0 0 0 0 0 0 0 0 0 0 0 0
          0 0 0 0 0 0 0 0 0 0 0 0
          0 0 0 0 0 0 0 0 0 0 0 0
          0 0 0 0 0 0 0 0 0 0 0 0
          0 0 0 0 0 0 0 0 0 0 0 0
          0 0 0 0 0 0 0 0 0
        </DataArray>
        <DataArray type="Float32" Name="X^N2_gas" NumberOfComponents="1" format="ascii">
          0 0 0 0 0 0 0 0 0 0 0 0
          0 0 0 0 0 0 0 0 0 0 0 0
          0 0 0 0 0 0 0 0 0 0 0 0
          0 0 0 0 0 0 0 0 0 0 0 0
          0 0 0 0 0 0 0 0 0 0 0 0
          0 0 0 0 0 0 0 0 0 0 0 0
          0 0 0 0 0 0 0 0 0 0 0 0
          0 0 0 0 0 0 0 0 0 0 0 0
          0 0 0 0 0 0 0 0 0 0 0 0
          0 0 0 0 0 0 0 0 0 0 0 0
          0 0 0 0 0 0 0 0 0 0 0 0
          0 0 0 0 0 0 0 0 0 0 0 0
          0 0 0 0 0 0 0 0 0 0 0 0
          0 0 0 0 0 0 0 0 0 0 0 0
          0 0 0 0 0 0 0 0 0 0 0 0
          0 0 0 0 0 0 0 0 0 0 0 0
          0 0 0 0 0 0 0 0 0 0 0 0
          0 0 0 0 0 0 0 0 0 0 0 0
          0 0 0 0 0 0 0 0 0 0 0 0
          0 0 0 0 0 0 0 0 0 0 0 0
          0 0 0 0 0 0 0 0 0 0 0 0
          0 0 0 0 0 0 0 0 0 0 0 0
          0 0 0 0 0 0 0 0 0 0 0 0
          0 0 0 0 0 0 0 0 0 0 0 0
          0 0 0 0 0 0 0 0 0 0 0 0
          0 0 0 0 0 0 0 0 0 0 0 0
          0 0 0 0 0 0 0 0 0 0 0 0
          0 0 0 0 0 0 0 0 0 0 0 0
          0 0 0 0 0 0 0 0 0 0 0 0
          0 0 0 0 0 0 0 0 0 0 0 0
          0 0 0 0 0 0 0 0 0 0 0 0
          0 0 0 0 0 0 0 0 0 0 0 0
          0 0 0 0 0 0 0 0 0 0 0 0
          0 0 0 0 0 0 0 0 0 0 0 0
          0 0 0 0 0 0 0 0 0 0 0 0
          0 0 0 0 0 0 0 0 0 0 0 0
          0 0 0 0 0 0 0 0 0 0 0 0
          0 0 0 0 0 0 0 0 0 0 0 0
          0 0 0 0 0 0 0 0 0 0 0 0
          0 0 0 0 0 0 0 0 0 0 0 0
          0 0 0 0 0 0 0 0 0 0 0 0
          0 0 0 0 0 0 0 0 0 0 0 0
          0 0 0 0 0 0 0 0 0 0 0 0
          0 0 0 0 0 0 0 0 0 0 0 0
          0 0 0 0 0 0 0 0 0 0 0 0
          0 0 0 0 0 0 0 0 0 0 0 0
          0 0 0 0 0 0 0 0 0 0 0 0
          0 0 0 0 0 0 0 0 0 0 0 0
          0 0 0 0 0 0 0 0 0 0 0 0
          0 0 0 0 0 0 0 0 0 0 0 0
          0 0 0 0 0 0 0 0 0 0 0 0
          0 0 0 0 0 0 0 0 0 0 0 0
          0 0 0 0 0 0 0 0 0 0 0 0
          0 0 0 0 0 0 0 0 0 0 0 0
          0 0 0 0 0 0 0 0 0 0 0 0
          0 0 0 0 0 0 0 0 0 0 0 0
          0 0 0 0 0 0 0 0 0 0 0 0
          0 0 0 0 0 0 0 0 0 0 0 0
          0 0 0 0 0 0 0 0 0 0 0 0
          0 0 0 0 0 0 0 0 0 0 0 0
          0 0 0 0 0 0 0 0 0 0 0 0
          0 0 0 0 0 0 0 0 0 0 0 0
          0 0 0 0 0 0 0 0 0 0 0 0
          0 0 0 0 0 0 0 0 0 0 0 0
          0 0 0 0 0 0 0 0 0 0 0 0
          0 0 0 0 0 0 0 0 0 0 0 0
          0 0 0 0 0 0 0 0 0 0 0 0
          0 0 0 0 0 0 0 0 0 0 0 0
          0 0 0 0 0 0 0 0 0 0 0 0
          0 0 0 0 0 0 0 0 0 0 0 0
          0 0 0 0 0 0 0 0 0 0 0 0
          0 0 0 0 0 0 0 0 0 0 0 0
          0 0 0 0 0 0 0 0 0 0 0 0
          0 0 0 0 0 0 0 0 0 0 0 0
          0 0 0 0 0 0 0 0 0 0 0 0
          0 0 0 0 0 0 0 0 0 0 0 0
          0 0 0 0 0 0 0 0 0 0 0 0
          0 0 0 0 0 0 0 0 0 0 0 0
          0 0 0 0 0 0 0 0 0 0 0 0
          0 0 0 0 0 0 0 0 0 0 0 0
          0 0 0 0 0 0 0 0 0 0 0 0
          0 0 0 0 0 0 0 0 0 0 0 0
          0 0 0 0 0 0 0 0 0 0 0 0
          0 0 0 0 0 0 0 0 0 0 0 0
          0 0 0 0 0 0 0 0 0 0 0 0
          0 0 0 0 0 0 0 0 0 0 0 0
          0 0 0 0 0 0 0 0 0 0 0 0
          0 0 0 0 0 0 0 0 0 0 0 0
          0 0 0 0 0 0 0 0 0 0 0 0
          0 0 0 0 0 0 0 0 0 0 0 0
          0 0 0 0 0 0 0 0 0 0 0 0
          0 0 0 0 0 0 0 0 0 0 0 0
          0 0 0 0 0 0 0 0 0 0 0 0
          0 0 0 0 0 0 0 0 0 0 0 0
          0 0 0 0 0 0 0 0 0 0 0 0
          0 0 0 0 0 0 0 0 0 0 0 0
          0 0 0 0 0 0 0 0 0 0 0 0
          0 0 0 0 0 0 0 0 0 0 0 0
          0 0 0 0 0 0 0 0 0 0 0 0
          0 0 0 0 0 0 0 0 0 0 0 0
          0 0 0 0 0 0 0 0 0 0 0 0
          0 0 0 0 0 0 0 0 0 0 0 0
          0 0 0 0 0 0 0 0 0 0 0 0
          0 0 0 0 0 0 0 0 0 0 0 0
          0 0 0 0 0 0 0 0 0 0 0 0
          0 0 0 0 0 0 0 0 0 0 0 0
          0 0 0 0 0 0 0 0 0 0 0 0
          0 0 0 0 0 0 0 0 0 0 0 0
          0 0 0 0 0 0 0 0 0 0 0 0
          0 0 0 0 0 0 0 0 0 0 0 0
          0 0 0 0 0 0 0 0 0 0 0 0
          0 0 0 0 0 0 0 0 0 0 0 0
          0 0 0 0 0 0 0 0 0 0 0 0
          0 0 0 0 0 0 0 0 0 0 0 0
          0 0 0 0 0 0 0 0 0 0 0 0
          0 0 0 0 0 0 0 0 0 0 0 0
          0 0 0 0 0 0 0 0 0 0 0 0
          0 0 0 0 0 0 0 0 0 0 0 0
          0 0 0 0 0 0 0 0 0 0 0 0
          0 0 0 0 0 0 0 0 0 0 0 0
          0 0 0 0 0 0 0 0 0 0 0 0
          0 0 0 0 0 0 0 0 0 0 0 0
          0 0 0 0 0 0 0 0 0 0 0 0
          0 0 0 0 0 0 0 0 0 0 0 0
          0 0 0 0 0 0 0 0 0 0 0 0
          0 0 0 0 0 0 0 0 0 0 0 0
          0 0 0 0 0 0 0 0 0 0 0 0
          0 0 0 0 0 0 0 0 0 0 0 0
          0 0 0 0 0 0 0 0 0 0 0 0
          0 0 0 0 0 0 0 0 0 0 0 0
          0 0 0 0 0 0 0 0 0 0 0 0
          0 0 0 0 0 0 0 0 0 0 0 0
          0 0 0 0 0 0 0 0 0 0 0 0
          0 0 0 0 0 0 0 0 0 0 0 0
          0 0 0 0 0 0 0 0 0 0 0 0
          0 0 0 0 0 0 0 0 0 0 0 0
          0 0 0 0 0 0 0 0 0 0 0 0
          0 0 0 0 0 0 0 0 0 0 0 0
          0 0 0 0 0 0 0 0 0 0 0 0
          0 0 0 0 0 0 0 0 0 0 0 0
          0 0 0 0 0 0 0 0 0 0 0 0
          0 0 0 0 0 0 0 0 0 0 0 0
          0 0 0 0 0 0 0 0 0 0 0 0
          0 0 0 0 0 0 0 0 0 0 0 0
          0 0 0 0 0 0 0 0 0 0 0 0
          0 0 0 0 0 0 0 0 0 0 0 0
          0 0 0 0 0 0 0 0 0 0 0 0
          0 0 0 0 0 0 0 0 0 0 0 0
          0 0 0 0 0 0 0 0 0 0 0 0
          0 0 0 0 0 0 0 0 0 0 0 0
          0 0 0 0 0 0 0 0 0 0 0 0
          0 0 0 0 0 0 0 0 0 0 0 0
          0 0 0 0 0 0 0 0 0 0 0 0
          0 0 0 0 0 0 0 0 0 0 0 0
          0 0 0 0 0 0 0 0 0 0 0 0
          0 0 0 0 0 0 0 0 0 0 0 0
          0 0 0 0 0 0 0 0 0 0 0 0
          0 0 0 0 0 0 0 0 0 0 0 0
          0 0 0 0 0 0 0 0 0 0 0 0
          0 0 0 0 0 0 0 0 0 0 0 0
          0 0 0 0 0 0 0 0 0 0 0 0
          0 0 0 0 0 0 0 0 0 0 0 0
          0 0 0 0 0 0 0 0 0 0 0 0
          0 0 0 0 0 0 0 0 0 0 0 0
          0 0 0 0 0 0 0 0 0 0 0 0
          0 0 0 0 0 0 0 0 0 0 0 0
          0 0 0 0 0 0 0 0 0 0 0 0
          0 0 0 0 0 0 0 0 0 0 0 0
          0 0 0 0 0 0 0 0 0 0 0 0
          0 0 0 0 0 0 0 0 0 0 0 0
          0 0 0 0 0 0 0 0 0 0 0 0
          0 0 0 0 0 0 0 0 0 0 0 0
          0 0 0 0 0 0 0 0 0 0 0 0
          0 0 0 0 0 0 0 0 0 0 0 0
          0 0 0 0 0 0 0 0 0 0 0 0
          0 0 0 0 0 0 0 0 0 0 0 0
          0 0 0 0 0 0 0 0 0
        </DataArray>
        <DataArray type="Float32" Name="velocity_gas (m/s)" NumberOfComponents="3" format="ascii">
          7.28544e-08 -4.19573e-08 0 1.45018e-07 -4.27379e-08 0 7.09311e-08 -8.27406e-08 0 1.41635e-07 -8.44726e-08 0
          2.95066e-07 -4.50501e-08 0 2.89048e-07 -8.92467e-08 0 4.58481e-07 -4.82237e-08 0 4.50651e-07 -9.58222e-08 0
          6.37965e-07 -5.18002e-08 0 6.29305e-07 -1.03181e-07 0 8.34321e-07 -5.54763e-08 0 8.25606e-07 -1.10701e-07 0
          1.04702e-06 -5.90197e-08 0 1.03887e-06 -1.17938e-07 0 1.27444e-06 -6.22231e-08 0 1.26741e-06 -1.24484e-07 0
          1.51389e-06 -6.48889e-08 0 1.5085e-06 -1.29943e-07 0 1.76174e-06 -6.68408e-08 0 1.75843e-06 -1.33955e-07 0
          2.01357e-06 -6.79433e-08 0 2.01264e-06 -1.3624e-07 0 2.26448e-06 -6.81188e-08 0 2.26607e-06 -1.36638e-07 0
          2.50942e-06 -6.73535e-08 0 2.51351e-06 -1.35124e-07 0 2.74359e-06 -6.5694e-08 0 2.74999e-06 -1.31793e-07 0
          2.96269e-06 -6.32362e-08 0 2.97112e-06 -1.26843e-07 0 3.16318e-06 -6.01103e-08 0 3.17325e-06 -1.20541e-07 0
          3.3424e-06 -5.64651e-08 0 3.35369e-06 -1.13192e-07 0 3.49859e-06 -5.24544e-08 0 3.51067e-06 -1.05108e-07 0
          3.63085e-06 -4.82258e-08 0 3.64333e-06 -9.65904e-08 0 3.73911e-06 -4.39131e-08 0 3.75163e-06 -8.79095e-08 0
          3.82395e-06 -3.96312e-08 0 3.83619e-06 -7.92974e-08 0 3.88648e-06 -3.54739e-08 0 3.89822e-06 -7.09427e-08 0
          3.92826e-06 -3.15137e-08 0 3.93931e-06 -6.29908e-08 0 3.95108e-06 -2.78028e-08 0 3.96132e-06 -5.55455e-08 0
          3.95694e-06 -2.43749e-08 0 3.96628e-06 -4.86737e-08 0 3.94786e-06 -2.12483e-08 0 3.95629e-06 -4.24106e-08 0
          3.92588e-06 -1.84278e-08 0 3.93339e-06 -3.6765e-08 0 3.89296e-06 -1.59085e-08 0 3.89958e-06 -3.17257e-08 0
          3.85092e-06 -1.36775e-08 0 3.85671e-06 -2.72662e-08 0 3.80144e-06 -1.1717e-08 0 3.80646e-06 -2.33497e-08 0
          3.74605e-06 -1.00057e-08 0 3.75036e-06 -1.99331e-08 0 3.68608e-06 -8.52071e-09 0 3.68975e-06 -1.69698e-08 0
          3.62271e-06 -7.23872e-09 0 3.62581e-06 -1.44129e-08 0 3.55694e-06 -6.13692e-09 0 3.55955e-06 -1.22163e-08 0
          3.48964e-06 -5.19365e-09 0 3.49181e-06 -1.03365e-08 0 3.42151e-06 -4.38877e-09 0 3.4233e-06 -8.73308e-09 0
          3.35316e-06 -3.70394e-09 0 3.35462e-06 -7.36921e-09 0 3.28507e-06 -3.12267e-09 0 3.28625e-06 -6.21189e-09 0
          3.21762e-06 -2.63032e-09 0 3.21857e-06 -5.23184e-09 0 3.15114e-06 -2.214e-09 0 3.15188e-06 -4.40332e-09 0
          3.08585e-06 -1.8625e-09 0 3.08643e-06 -3.7039e-09 0 3.02195e-06 -1.56607e-09 0 3.02238e-06 -3.11418e-09 0
          2.95956e-06 -1.31635e-09 0 2.95987e-06 -2.61744e-09 0 2.89878e-06 -1.10616e-09 0 2.89899e-06 -2.19936e-09 0
          2.83967e-06 -9.2935e-10 0 2.83979e-06 -1.84773e-09 0 2.78226e-06 -7.80712e-10 0 2.78231e-06 -1.55214e-09 0
          2.72657e-06 -6.55816e-10 0 2.72657e-06 -1.30379e-09 0 2.67259e-06 -5.5091e-10 0 2.67254e-06 -1.0952e-09 0
          2.62031e-06 -4.62826e-10 0 2.62022e-06 -9.20069e-10 0 2.56969e-06 -3.8889e-10 0 2.56957e-06 -7.73072e-10 0
          2.52071e-06 -3.26848e-10 0 2.52056e-06 -6.49727e-10 0 2.47332e-06 -2.74804e-10 0 2.47315e-06 -5.46264e-10 0
          2.42747e-06 -2.31165e-10 0 2.42728e-06 -4.59511e-10 0 2.38312e-06 -1.94592e-10 0 2.38292e-06 -3.86806e-10 0
          2.34021e-06 -1.63961e-10 0 2.34e-06 -3.25915e-10 0 2.2987e-06 -1.38331e-10 0 2.29848e-06 -2.74966e-10 0
          2.25854e-06 -1.16913e-10 0 2.25831e-06 -2.32392e-10 0 2.21967e-06 -9.90481e-11 0 2.21943e-06 -1.9688e-10 0
          2.18204e-06 -8.4186e-11 0 2.1818e-06 -1.67337e-10 0 2.14561e-06 -7.18683e-11 0 2.14537e-06 -1.42852e-10 0
          2.11032e-06 -6.17146e-11 0 2.11008e-06 -1.2267e-10 0 2.07614e-06 -5.34107e-11 0 2.0759e-06 -1.06164e-10 0
          2.04302e-06 -4.66987e-11 0 2.04278e-06 -9.28218e-11 0 2.01091e-06 -4.13689e-11 0 2.01067e-06 -8.22274e-11 0
          1.97978e-06 -3.72533e-11 0 1.97954e-06 -7.40465e-11 0 1.94959e-06 -3.42204e-11 0 1.94935e-06 -6.80177e-11 0
          1.92029e-06 -3.2171e-11 0 1.92006e-06 -6.39436e-11 0 1.89187e-06 -3.10348e-11 0 1.89163e-06 -6.16846e-11 0
          1.86428e-06 -3.07683e-11 0 1.86404e-06 -6.11541e-11 0 1.83749e-06 -3.13535e-11 0 1.83726e-06 -6.2316e-11 0
          1.81148e-06 -3.27966e-11 0 1.81124e-06 -6.51829e-11 0 1.78621e-06 -3.5129e-11 0 1.78598e-06 -6.98167e-11 0
          1.76167e-06 -3.84073e-11 0 1.76144e-06 -7.63297e-11 0 1.73783e-06 -4.27158e-11 0 1.7376e-06 -8.48892e-11 0
          1.71467e-06 -4.81687e-11 0 1.71443e-06 -9.57218e-11 0 1.69217e-06 -5.49145e-11 0 1.69193e-06 -1.09122e-10 0
          1.67031e-06 -6.31406e-11 0 1.67008e-06 -1.25461e-10 0 1.64909e-06 -7.3081e-11 0 1.64885e-06 -1.45202e-10 0
          1.62849e-06 -8.50244e-11 0 1.62825e-06 -1.68919e-10 0 1.60851e-06 -9.93269e-11 0 1.60826e-06 -1.97315e-10 0
          1.58913e-06 -1.16427e-10 0 1.58888e-06 -2.31257e-10 0 1.57037e-06 -1.36865e-10 0 1.57011e-06 -2.71816e-10 0
          1.55223e-06 -1.61313e-10 0 1.55195e-06 -3.20317e-10 0 1.53471e-06 -1.90609e-10 0 1.53442e-06 -3.78414e-10 0
          1.51783e-06 -2.25809e-10 0 1.51753e-06 -4.48186e-10 0 1.50163e-06 -2.68256e-10 0 1.5013e-06 -5.32274e-10 0
          1.48613e-06 -3.19682e-10 0 1.48577e-06 -6.34078e-10 0 1.47139e-06 -3.82357e-10 0 1.471e-06 -7.58039e-10 0
          1.45747e-06 -4.59306e-10 0 1.45704e-06 -9.10058e-10 0 1.44447e-06 -5.54653e-10 0 1.44397e-06 -1.09814e-09 0
          1.43251e-06 -6.74162e-10 0 1.43193e-06 -1.33344e-09 0 1.42175e-06 -8.26153e-10 0 1.42106e-06 -1.63192e-09 0
          1.41244e-06 -1.02309e-09 0 1.4116e-06 -2.01729e-09 0 1.40492e-06 -1.28455e-09 0 1.40384e-06 -2.52634e-09 0
          1.39969e-06 -1.64314e-09 0 1.39826e-06 -3.2193e-09 0 1.39757e-06 -2.15764e-09 0 1.39556e-06 -4.20194e-09 0
          1.39995e-06 -2.94596e-09 0 1.39687e-06 -5.67789e-09 0 1.40952e-06 -4.28578e-09 0 1.40417e-06 -8.09311e-09 0
          1.43266e-06 -7.02484e-09 0 1.42108e-06 -1.26342e-08 0 1.49771e-06 -1.69361e-08 0 1.44809e-06 -2.38022e-08 0
          1.54665e-06 -4.27502e-08 0 1.46366e-06 -4.38537e-08 0 6.64621e-08 -1.61497e-07 0 1.3354e-07 -1.65414e-07 0
          2.74608e-07 -1.75524e-07 0 4.319e-07 -1.89407e-07 0 6.08315e-07 -2.04787e-07 0 8.04117e-07 -2.204e-07 0
          1.01847e-06 -2.35417e-07 0 1.24971e-06 -2.49048e-07 0 1.4951e-06 -2.60475e-07 0 1.75072e-06 -2.68937e-07 0
          2.01165e-06 -2.73841e-07 0 2.27236e-06 -2.74847e-07 0 2.5271e-06 -2.71898e-07 0 2.77044e-06 -2.65198e-07 0
          2.99758e-06 -2.55167e-07 0 3.20462e-06 -2.42366e-07 0 3.38871e-06 -2.27431e-07 0 3.54807e-06 -2.11015e-07 0
          3.68189e-06 -1.93736e-07 0 3.79026e-06 -1.76151e-07 0 3.87399e-06 -1.58733e-07 0 3.93444e-06 -1.41863e-07 0
          3.97341e-06 -1.25832e-07 0 3.99294e-06 -1.10848e-07 0 3.9952e-06 -9.70402e-08 0 3.98241e-06 -8.44749e-08 0
          3.95674e-06 -7.31655e-08 0 3.92025e-06 -6.3085e-08 0 3.87484e-06 -5.41763e-08 0 3.82224e-06 -4.63621e-08 0
          3.764e-06 -3.9553e-08 0 3.70147e-06 -3.36538e-08 0 3.63582e-06 -2.85684e-08 0 3.56804e-06 -2.42034e-08 0
          3.49898e-06 -2.04708e-08 0 3.42933e-06 -1.72891e-08 0 3.35967e-06 -1.45845e-08 0 3.29045e-06 -1.22907e-08 0
          3.22204e-06 -1.03492e-08 0 3.15474e-06 -8.70853e-09 0 3.08876e-06 -7.324e-09 0 3.02427e-06 -6.15697e-09 0
          2.96139e-06 -5.17421e-09 0 2.9002e-06 -4.34727e-09 0 2.84074e-06 -3.65189e-09 0 2.78304e-06 -3.06744e-09 0
          2.72711e-06 -2.57646e-09 0 2.67293e-06 -2.16413e-09 0 2.62048e-06 -1.81798e-09 0 2.56973e-06 -1.52746e-09 0
          2.52063e-06 -1.28371e-09 0 2.47314e-06 -1.07925e-09 0 2.42721e-06 -9.07833e-10 0 2.3828e-06 -7.64177e-10 0
          2.33984e-06 -6.43869e-10 0 2.29829e-06 -5.43207e-10 0 2.25809e-06 -4.59092e-10 0 2.21919e-06 -3.88934e-10 0
          2.18154e-06 -3.30569e-10 0 2.14509e-06 -2.82198e-10 0 2.10979e-06 -2.42325e-10 0 2.0756e-06 -2.09717e-10 0
          2.04247e-06 -1.8336e-10 0 2.01036e-06 -1.6243e-10 0 1.97922e-06 -1.46268e-10 0 1.94903e-06 -1.34357e-10 0
          1.91973e-06 -1.26307e-10 0 1.89131e-06 -1.21842e-10 0 1.86371e-06 -1.20791e-10 0 1.83692e-06 -1.23082e-10 0
          1.81091e-06 -1.28739e-10 0 1.78564e-06 -1.37883e-10 0 1.76109e-06 -1.50737e-10 0 1.73725e-06 -1.67628e-10 0
          1.71408e-06 -1.89003e-10 0 1.69157e-06 -2.15441e-10 0 1.6697e-06 -2.47671e-10 0 1.64847e-06 -2.86604e-10 0
          1.62785e-06 -3.33363e-10 0 1.60784e-06 -3.89329e-10 0 1.58843e-06 -4.56199e-10 0 1.56963e-06 -5.36064e-10 0
          1.55144e-06 -6.3151e-10 0 1.53386e-06 -7.45754e-10 0 1.51692e-06 -8.82831e-10 0 1.50062e-06 -1.04785e-09 0
          1.48501e-06 -1.24736e-09 0 1.47013e-06 -1.48986e-09 0 1.45603e-06 -1.78659e-09 0 1.44279e-06 -2.15268e-09 0
          1.4305e-06 -2.60897e-09 0 1.41932e-06 -3.18493e-09 0 1.4094e-06 -3.92359e-09 0 1.401e-06 -4.89015e-09 0
          1.39444e-06 -6.18794e-09 0 1.39017e-06 -7.9899e-09 0 1.38876e-06 -1.06049e-08 0 1.39077e-06 -1.4628e-08 0
          1.3957e-06 -2.12838e-08 0 1.39809e-06 -3.26036e-08 0 1.39748e-06 -4.451e-08 0 6.1963e-08 -2.34321e-07 0
          1.26179e-07 -2.4132e-07 0 2.62953e-07 -2.57868e-07 0 4.17904e-07 -2.79925e-07 0 5.92693e-07 -3.03994e-07 0
          7.87483e-07 -3.28357e-07 0 1.00209e-06 -3.51938e-07 0 1.23558e-06 -3.73559e-07 0 1.48564e-06 -3.91894e-07 0
          1.74832e-06 -4.0567e-07 0 2.01829e-06 -4.13888e-07 0 2.2893e-06 -4.15966e-07 0 2.5548e-06 -4.11797e-07 0
          2.8085e-06 -4.01707e-07 0 3.04491e-06 -3.86373e-07 0 3.2596e-06 -3.66706e-07 0 3.44941e-06 -3.43732e-07 0
          3.61244e-06 -3.18492e-07 0 3.74795e-06 -2.91968e-07 0 3.85623e-06 -2.65033e-07 0 3.93836e-06 -2.38419e-07 0
          3.996e-06 -2.12712e-07 0 4.03127e-06 -1.88351e-07 0 4.04649e-06 -1.65642e-07 0 4.0441e-06 -1.44772e-07 0
          4.02654e-06 -1.2583e-07 0 3.99615e-06 -1.08824e-07 0 3.95511e-06 -9.37015e-08 0 3.90543e-06 -8.03668e-08 0
          3.84888e-06 -6.86949e-08 0 3.78705e-06 -5.85438e-08 0 3.72129e-06 -4.97647e-08 0 3.65277e-06 -4.22087e-08 0
          3.58248e-06 -3.57325e-08 0 3.51122e-06 -3.02017e-08 0 3.43967e-06 -2.54927e-08 0 3.36836e-06 -2.14937e-08 0
          3.29773e-06 -1.81052e-08 0 3.22812e-06 -1.52393e-08 0 3.1598e-06 -1.28191e-08 0 3.09295e-06 -1.0778e-08 0
          3.02773e-06 -9.05836e-09 0 2.96422e-06 -7.61088e-09 0 2.90251e-06 -6.39335e-09 0 2.84261e-06 -5.36985e-09 0
          2.78454e-06 -4.50988e-09 0 2.7283e-06 -3.78759e-09 0 2.67386e-06 -3.18114e-09 0 2.6212e-06 -2.67209e-09 0
          2.57026e-06 -2.24493e-09 0 2.52101e-06 -1.88657e-09 0 2.4734e-06 -1.58602e-09 0 2.42737e-06 -1.33405e-09 0
          2.38287e-06 -1.12291e-09 0 2.33984e-06 -9.46098e-10 0 2.29823e-06 -7.98165e-10 0 2.25798e-06 -6.74555e-10 0
          2.21904e-06 -5.71459e-10 0 2.18136e-06 -4.85696e-10 0 2.14488e-06 -4.14619e-10 0 2.10956e-06 -3.56031e-10 0
          2.07535e-06 -3.08118e-10 0 2.0422e-06 -2.6939e-10 0 2.01007e-06 -2.38637e-10 0 1.97893e-06 -2.14888e-10 0
          1.94872e-06 -1.97385e-10 0 1.91942e-06 -1.85553e-10 0 1.89099e-06 -1.78987e-10 0 1.86339e-06 -1.77434e-10 0
          1.83659e-06 -1.80788e-10 0 1.81056e-06 -1.89084e-10 0 1.78529e-06 -2.02498e-10 0 1.76073e-06 -2.21353e-10 0
          1.73687e-06 -2.46129e-10 0 1.71369e-06 -2.77476e-10 0 1.69116e-06 -3.16238e-10 0 1.66928e-06 -3.63479e-10 0
          1.64802e-06 -4.20525e-10 0 1.62737e-06 -4.89005e-10 0 1.60733e-06 -5.70924e-10 0 1.58788e-06 -6.68739e-10 0
          1.56904e-06 -7.85466e-10 0 1.55078e-06 -9.24828e-10 0 1.53313e-06 -1.09143e-09 0 1.5161e-06 -1.29104e-09 0
          1.49969e-06 -1.5309e-09 0 1.48394e-06 -1.82024e-09 0 1.46888e-06 -2.17095e-09 0 1.45456e-06 -2.59856e-09 0
          1.44104e-06 -3.12375e-09 0 1.42838e-06 -3.77452e-09 0 1.4167e-06 -4.58966e-09 0 1.4061e-06 -5.62426e-09 0
          1.39674e-06 -6.9588e-09 0 1.38879e-06 -8.71442e-09 0 1.3824e-06 -1.10792e-08 0 1.37761e-06 -1.43525e-08 0
          1.37404e-06 -1.90078e-08 0 1.37006e-06 -2.57028e-08 0 1.362e-06 -3.49061e-08 0 1.35634e-06 -4.31654e-08 0
          6.46901e-08 -3.04596e-07 0 1.33051e-07 -3.15955e-07 0 2.78867e-07 -3.40123e-07 0 4.41488e-07 -3.7013e-07 0
          6.19253e-07 -4.02176e-07 0 8.13015e-07 -4.34932e-07 0 1.02505e-06 -4.67309e-07 0 1.25675e-06 -4.97655e-07 0
          1.50733e-06 -5.23941e-07 0 1.77361e-06 -5.4417e-07 0 2.05029e-06 -5.56741e-07 0 2.33055e-06 -5.60691e-07 0
          2.60688e-06 -5.55773e-07 0 2.87187e-06 -5.42414e-07 0 3.11889e-06 -5.21581e-07 0 3.34261e-06 -4.94599e-07 0
          3.53924e-06 -4.6297e-07 0 3.70654e-06 -4.28209e-07 0 3.84376e-06 -3.91735e-07 0 3.95136e-06 -3.54789e-07 0
          4.03075e-06 -3.18402e-07 0 4.08402e-06 -2.8338e-07 0 4.1137e-06 -2.50316e-07 0 4.12255e-06 -2.19611e-07 0
          4.11336e-06 -1.91499e-07 0 4.08888e-06 -1.66077e-07 0 4.05168e-06 -1.43333e-07 0 4.00412e-06 -1.23176e-07 0
          3.94834e-06 -1.05458e-07 0 3.88619e-06 -8.99947e-08 0 3.81928e-06 -7.65825e-08 0 3.74899e-06 -6.50117e-08 0
          3.67646e-06 -5.50752e-08 0 3.60264e-06 -4.65758e-08 0 3.52832e-06 -3.93301e-08 0 3.45412e-06 -3.31708e-08 0
          3.38053e-06 -2.79476e-08 0 3.30795e-06 -2.35272e-08 0 3.23668e-06 -1.97925e-08 0 3.16694e-06 -1.66416e-08 0
          3.09889e-06 -1.39863e-08 0 3.03265e-06 -1.17508e-08 0 2.96829e-06 -9.87021e-09 0 2.90586e-06 -8.28921e-09 0
          2.84535e-06 -6.96073e-09 0 2.78678e-06 -5.84493e-09 0 2.73011e-06 -4.90807e-09 0 2.67531e-06 -4.12167e-09 0
          2.62235e-06 -3.46174e-09 0 2.57116e-06 -2.90807e-09 0 2.52171e-06 -2.44366e-09 0 2.47392e-06 -2.05422e-09 0
          2.42774e-06 -1.72777e-09 0 2.38312e-06 -1.45424e-09 0 2.33999e-06 -1.22521e-09 0 2.29829e-06 -1.03359e-09 0
          2.25797e-06 -8.73498e-10 0 2.21897e-06 -7.39976e-10 0 2.18124e-06 -6.28908e-10 0 2.14473e-06 -5.36862e-10 0
          2.10937e-06 -4.60992e-10 0 2.07513e-06 -3.98947e-10 0 2.04196e-06 -3.48796e-10 0 2.00982e-06 -3.08971e-10 0
          1.97865e-06 -2.78216e-10 0 1.94843e-06 -2.55546e-10 0 1.91912e-06 -2.40218e-10 0 1.89067e-06 -2.31706e-10 0
          1.86305e-06 -2.29681e-10 0 1.83625e-06 -2.34004e-10 0 1.81021e-06 -2.44717e-10 0 1.78492e-06 -2.62048e-10 0
          1.76035e-06 -2.86409e-10 0 1.73647e-06 -3.18415e-10 0 1.71327e-06 -3.58902e-10 0 1.69072e-06 -4.0895e-10 0
          1.66881e-06 -4.69922e-10 0 1.64751e-06 -5.4351e-10 0 1.62683e-06 -6.31795e-10 0 1.60674e-06 -7.37325e-10 0
          1.58724e-06 -8.63218e-10 0 1.56832e-06 -1.01329e-09 0 1.54999e-06 -1.19221e-09 0 1.53224e-06 -1.40577e-09 0
          1.51508e-06 -1.66113e-09 0 1.49853e-06 -1.96723e-09 0 1.48259e-06 -2.33538e-09 0 1.4673e-06 -2.77994e-09 0
          1.45269e-06 -3.31947e-09 0 1.4388e-06 -3.97822e-09 0 1.42567e-06 -4.78833e-09 0 1.41336e-06 -5.79313e-09 0
          1.40194e-06 -7.05198e-09 0 1.39145e-06 -8.64753e-09 0 1.38193e-06 -1.06963e-08 0 1.3733e-06 -1.33627e-08 0
          1.36532e-06 -1.68739e-08 0 1.35729e-06 -2.15142e-08 0 1.3478e-06 -2.75434e-08 0 1.3347e-06 -3.49704e-08 0
          1.32694e-06 -4.11874e-08 0 9.51728e-08 -3.9135e-07 0 1.87706e-07 -4.05665e-07 0 3.76569e-07 -4.35647e-07 0
          5.68096e-07 -4.69448e-07 0 7.5791e-07 -5.0505e-07 0 9.50405e-07 -5.42962e-07 0 1.15322e-06 -5.82343e-07 0
          1.37256e-06 -6.20888e-07 0 1.61139e-06 -6.55547e-07 0 1.86906e-06 -6.83243e-07 0 2.14156e-06 -7.0143e-07 0
          2.4223e-06 -7.08453e-07 0 2.70304e-06 -7.03699e-07 0 2.97506e-06 -6.87568e-07 0 3.23015e-06 -6.61287e-07 0
          3.46148e-06 -6.26646e-07 0 3.66405e-06 -5.85723e-07 0 3.83485e-06 -5.40629e-07 0 3.97278e-06 -4.9333e-07 0
          4.07835e-06 -4.45531e-07 0 4.15326e-06 -3.98619e-07 0 4.20009e-06 -3.53658e-07 0 4.22188e-06 -3.11408e-07 0
          4.22191e-06 -2.72361e-07 0 4.20345e-06 -2.36783e-07 0 4.16963e-06 -2.0476e-07 0 4.12334e-06 -1.76242e-07 0
          4.06717e-06 -1.51077e-07 0 4.00337e-06 -1.29047e-07 0 3.9339e-06 -1.09893e-07 0 3.8604e-06 -9.33374e-08 0
          3.78425e-06 -7.91e-08 0 3.70656e-06 -6.69086e-08 0 3.62823e-06 -5.65073e-08 0 3.55e-06 -4.76604e-08 0
          3.47242e-06 -4.01552e-08 0 3.39594e-06 -3.3802e-08 0 3.32089e-06 -2.84335e-08 0 3.24752e-06 -2.3904e-08 0
          3.176e-06 -2.00869e-08 0 3.10644e-06 -1.68736e-08 0 3.03893e-06 -1.41706e-08 0 2.9735e-06 -1.18984e-08 0
          2.91016e-06 -9.98946e-09 0 2.8489e-06 -8.38628e-09 0 2.78968e-06 -7.04038e-09 0 2.73248e-06 -5.91077e-09 0
          2.67723e-06 -4.96291e-09 0 2.62389e-06 -4.16771e-09 0 2.57239e-06 -3.50072e-09 0 2.52267e-06 -2.94137e-09 0
          2.47467e-06 -2.47241e-09 0 2.42831e-06 -2.07935e-09 0 2.38353e-06 -1.75005e-09 0 2.34027e-06 -1.47435e-09 0
          2.29847e-06 -1.24372e-09 0 2.25806e-06 -1.05104e-09 0 2.21899e-06 -8.90347e-10 0 2.1812e-06 -7.56687e-10 0
          2.14463e-06 -6.45923e-10 0 2.10923e-06 -5.54628e-10 0 2.07495e-06 -4.79968e-10 0 2.04175e-06 -4.19622e-10 0
          2.00958e-06 -3.71701e-10 0 1.97839e-06 -3.34691e-10 0 1.94815e-06 -3.07407e-10 0 1.91882e-06 -2.88954e-10 0
          1.89035e-06 -2.78697e-10 0 1.86272e-06 -2.76239e-10 0 1.8359e-06 -2.8141e-10 0 1.80985e-06 -2.94259e-10 0
          1.78454e-06 -3.15053e-10 0 1.75994e-06 -3.44283e-10 0 1.73605e-06 -3.82682e-10 0 1.71282e-06 -4.31241e-10 0
          1.69024e-06 -4.91244e-10 0 1.66829e-06 -5.64308e-10 0 1.64696e-06 -6.52435e-10 0 1.62622e-06 -7.58082e-10 0
          1.60608e-06 -8.84249e-10 0 1.58651e-06 -1.03459e-09 0 1.56751e-06 -1.21356e-09 0 1.54907e-06 -1.4266e-09 0
          1.5312e-06 -1.68037e-09 0 1.51389e-06 -1.98308e-09 0 1.49716e-06 -2.34487e-09 0 1.48101e-06 -2.77842e-09 0
          1.46545e-06 -3.29965e-09 0 1.4505e-06 -3.92873e-09 0 1.43618e-06 -4.69151e-09 0 1.42251e-06 -5.62138e-09 0
          1.40951e-06 -6.76186e-09 0 1.39719e-06 -8.17013e-09 0 1.38552e-06 -9.92146e-09 0 1.37444e-06 -1.21142e-08 0
          1.36376e-06 -1.48732e-08 0 1.35312e-06 -1.83459e-08 0 1.34186e-06 -2.26758e-08 0 1.32895e-06 -2.79358e-08 0
          1.31315e-06 -3.40229e-08 0 1.30436e-06 -3.89355e-08 0 1.98047e-07 -5.51034e-07 0 3.57816e-07 -5.52881e-07 0
          6.58498e-07 -5.75082e-07 0 9.17689e-07 -5.98996e-07 0 1.13545e-06 -6.25899e-07 0 1.32431e-06 -6.59502e-07 0
          1.50202e-06 -6.99482e-07 0 1.6848e-06 -7.42622e-07 0 1.8841e-06 -7.84314e-07 0 2.10539e-06 -8.19761e-07 0
          2.3484e-06 -8.4483e-07 0 2.60809e-06 -8.56596e-07 0 2.87608e-06 -8.53614e-07 0 3.14224e-06 -8.35925e-07 0
          3.39623e-06 -8.04849e-07 0 3.62886e-06 -7.62625e-07 0 3.83301e-06 -7.11993e-07 0 4.0041e-06 -6.55813e-07 0
          4.14005e-06 -5.96763e-07 0 4.24099e-06 -5.37152e-07 0 4.30874e-06 -4.78833e-07 0 4.34629e-06 -4.23192e-07 0
          4.35725e-06 -3.71182e-07 0 4.34552e-06 -3.23388e-07 0 4.31491e-06 -2.80094e-07 0 4.26903e-06 -2.41353e-07 0
          4.21112e-06 -2.07045e-07 0 4.14403e-06 -1.76932e-07 0 4.07019e-06 -1.50702e-07 0 3.99161e-06 -1.28003e-07 0
          3.90997e-06 -1.08467e-07 0 3.82662e-06 -9.17312e-08 0 3.74263e-06 -7.74507e-08 0 3.65883e-06 -6.53048e-08 0
          3.57588e-06 -5.50028e-08 0 3.49424e-06 -4.62843e-08 0 3.4143e-06 -3.89197e-08 0 3.3363e-06 -3.27082e-08 0
          3.26042e-06 -2.74758e-08 0 3.18678e-06 -2.30727e-08 0 3.11544e-06 -1.93703e-08 0 3.04641e-06 -1.62592e-08 0
          2.97971e-06 -1.36463e-08 0 2.9153e-06 -1.14527e-08 0 2.85314e-06 -9.61175e-09 0 2.79318e-06 -8.06704e-09 0
          2.73534e-06 -6.77118e-09 0 2.67957e-06 -5.68426e-09 0 2.62578e-06 -4.77271e-09 0 2.57392e-06 -4.00834e-09 0
          2.52388e-06 -3.36749e-09 0 2.47562e-06 -2.8303e-09 0 2.42904e-06 -2.38015e-09 0 2.38408e-06 -2.00307e-09 0
          2.34068e-06 -1.68741e-09 0 2.29875e-06 -1.42337e-09 0 2.25823e-06 -1.2028e-09 0 2.21907e-06 -1.01887e-09 0
          2.18121e-06 -8.65889e-10 0 2.14457e-06 -7.39118e-10 0 2.10913e-06 -6.34633e-10 0 2.07481e-06 -5.49189e-10 0
          2.04157e-06 -4.80126e-10 0 2.00936e-06 -4.25282e-10 0 1.97815e-06 -3.82922e-10 0 1.94788e-06 -3.51691e-10 0
          1.91853e-06 -3.3056e-10 0 1.89004e-06 -3.18802e-10 0 1.86239e-06 -3.15961e-10 0 1.83555e-06 -3.21839e-10 0
          1.80947e-06 -3.36486e-10 0 1.78414e-06 -3.60203e-10 0 1.75953e-06 -3.93545e-10 0 1.7356e-06 -4.37337e-10 0
          1.71234e-06 -4.92699e-10 0 1.68973e-06 -5.61077e-10 0 1.66774e-06 -6.44291e-10 0 1.64636e-06 -7.44589e-10 0
          1.62557e-06 -8.6472e-10 0 1.60535e-06 -1.00803e-09 0 1.5857e-06 -1.17858e-09 0 1.5666e-06 -1.38129e-09 0
          1.54805e-06 -1.62213e-09 0 1.53004e-06 -1.90837e-09 0 1.51257e-06 -2.24887e-09 0 1.49563e-06 -2.65447e-09 0
          1.47923e-06 -3.13854e-09 0 1.46337e-06 -3.71762e-09 0 1.44805e-06 -4.41226e-09 0 1.43327e-06 -5.24816e-09 0
          1.41903e-06 -6.25758e-09 0 1.40532e-06 -7.48107e-09 0 1.39209e-06 -8.9694e-09 0 1.37929e-06 -1.07855e-08 0
          1.36679e-06 -1.3005e-08 0 1.35436e-06 -1.5714e-08 0 1.34163e-06 -1.89979e-08 0 1.32807e-06 -2.29179e-08 0
          1.31298e-06 -2.74695e-08 0 1.29561e-06 -3.25379e-08 0 1.28625e-06 -3.65416e-08 0 4.23453e-07 -8.9618e-07 0
          7.28793e-07 -8.41411e-07 0 1.26802e-06 -8.17811e-07 0 1.67113e-06 -8.00725e-07 0 1.95228e-06 -7.91533e-07 0
          2.13521e-06 -7.98575e-07 0 2.25629e-06 -8.23226e-07 0 2.3537e-06 -8.61231e-07 0 2.4583e-06 -9.0529e-07 0
          2.58938e-06 -9.47418e-07 0 2.75465e-06 -9.80544e-07 0 2.95248e-06 -9.99388e-07 0 3.17474e-06 -1.00084e-06 0
          3.40949e-06 -9.83973e-07 0 3.64334e-06 -9.49844e-07 0 3.86356e-06 -9.00983e-07 0 4.05957e-06 -8.40834e-07 0
          4.22393e-06 -7.73161e-07 0 4.35252e-06 -7.01576e-07 0 4.44435e-06 -6.29208e-07 0 4.50086e-06 -5.58547e-07 0
          4.52524e-06 -4.91413e-07 0 4.5216e-06 -4.29015e-07 0 4.49447e-06 -3.72044e-07 0 4.44831e-06 -3.20788e-07 0
          4.38723e-06 -2.75235e-07 0 4.31488e-06 -2.35164e-07 0 4.23438e-06 -2.00217e-07 0 4.14831e-06 -1.69959e-07 0
          4.05877e-06 -1.43918e-07 0 3.96741e-06 -1.2162e-07 0 3.87554e-06 -1.02605e-07 0 3.78414e-06 -8.64462e-08 0
          3.69394e-06 -7.2753e-08 0 3.60549e-06 -6.11758e-08 0 3.51917e-06 -5.14058e-08 0 3.43523e-06 -4.31733e-08 0
          3.35385e-06 -3.62447e-08 0 3.2751e-06 -3.04189e-08 0 3.19904e-06 -2.55243e-08 0 3.12566e-06 -2.14143e-08 0
          3.05492e-06 -1.79647e-08 0 2.98678e-06 -1.50704e-08 0 2.92116e-06 -1.26427e-08 0 2.85798e-06 -1.06067e-08 0
          2.79717e-06 -8.89944e-09 0 2.73862e-06 -7.46798e-09 0 2.68225e-06 -6.26786e-09 0 2.62797e-06 -5.26176e-09 0
          2.57568e-06 -4.41838e-09 0 2.5253e-06 -3.71148e-09 0 2.47674e-06 -3.11908e-09 0 2.42992e-06 -2.62274e-09 0
          2.38476e-06 -2.20706e-09 0 2.34118e-06 -1.85912e-09 0 2.29911e-06 -1.56813e-09 0 2.25847e-06 -1.32506e-09 0
          2.21921e-06 -1.12238e-09 0 2.18126e-06 -9.53822e-10 0 2.14456e-06 -8.1415e-10 0 2.10905e-06 -6.99035e-10 0
          2.07469e-06 -6.04903e-10 0 2.0414e-06 -5.28817e-10 0 2.00916e-06 -4.68394e-10 0 1.97792e-06 -4.21723e-10 0
          1.94762e-06 -3.87307e-10 0 1.91824e-06 -3.64013e-10 0 1.88973e-06 -3.51036e-10 0 1.86206e-06 -3.47871e-10 0
          1.83519e-06 -3.54296e-10 0 1.8091e-06 -3.70362e-10 0 1.78374e-06 -3.96393e-10 0 1.7591e-06 -4.32989e-10 0
          1.73514e-06 -4.81046e-10 0 1.71185e-06 -5.41778e-10 0 1.68919e-06 -6.16752e-10 0 1.66716e-06 -7.07934e-10 0
          1.64572e-06 -8.17747e-10 0 1.62487e-06 -9.49146e-10 0 1.60458e-06 -1.10571e-09 0 1.58484e-06 -1.29178e-09 0
          1.56563e-06 -1.51254e-09 0 1.54696e-06 -1.77429e-09 0 1.5288e-06 -2.08461e-09 0 1.51114e-06 -2.45264e-09 0
          1.49399e-06 -2.88947e-09 0 1.47733e-06 -3.40853e-09 0 1.46115e-06 -4.02618e-09 0 1.44544e-06 -4.76233e-09 0
          1.43019e-06 -5.64122e-09 0 1.41538e-06 -6.69236e-09 0 1.40096e-06 -7.95137e-09 0 1.38689e-06 -9.46072e-09 0
          1.37305e-06 -1.12697e-08 0 1.3593e-06 -1.34329e-08 0 1.34543e-06 -1.60049e-08 0 1.3311e-06 -1.90306e-08 0
          1.31591e-06 -2.25272e-08 0 1.29937e-06 -2.64623e-08 0 1.28103e-06 -3.07353e-08 0 1.27134e-06 -3.40651e-08 0
          7.61239e-07 -1.56778e-06 0 1.33225e-06 -1.39877e-06 0 2.32023e-06 -1.26483e-06 0 3.01369e-06 -1.1503e-06 0
          3.43596e-06 -1.05209e-06 0 3.62511e-06 -9.87267e-07 0 3.64942e-06 -9.62895e-07 0 3.58803e-06 -9.74461e-07 0
          3.51015e-06 -1.01005e-06 0 3.46342e-06 -1.05543e-06 0 3.47213e-06 -1.09768e-06 0 3.54158e-06 -1.12699e-06 0
          3.66432e-06 -1.1371e-06 0 3.82554e-06 -1.12519e-06 0 4.00727e-06 -1.09141e-06 0 4.19143e-06 -1.03829e-06 0
          4.36218e-06 -9.69905e-07 0 4.50741e-06 -8.91076e-07 0 4.61946e-06 -8.06607e-07 0 4.69496e-06 -7.20747e-07 0
          4.7342e-06 -6.36884e-07 0 4.74004e-06 -5.57464e-07 0 4.71693e-06 -4.84054e-07 0 4.66994e-06 -4.17493e-07 0
          4.60415e-06 -3.58069e-07 0 4.52425e-06 -3.05672e-07 0 4.43429e-06 -2.5994e-07 0 4.33766e-06 -2.20354e-07 0
          4.23707e-06 -1.86317e-07 0 4.13464e-06 -1.57214e-07 0 4.03197e-06 -1.32438e-07 0 3.93027e-06 -1.11423e-07 0
          3.83039e-06 -9.36474e-08 0 3.73293e-06 -7.86468e-08 0 3.63828e-06 -6.60104e-08 0 3.54669e-06 -5.53804e-08 0
          3.4583e-06 -4.64479e-08 0 3.37315e-06 -3.89481e-08 0 3.29123e-06 -3.26551e-08 0 3.2125e-06 -2.73771e-08 0
          3.13687e-06 -2.2952e-08 0 3.06425e-06 -1.92427e-08 0 2.99452e-06 -1.6134e-08 0 2.92758e-06 -1.35288e-08 0
          2.86329e-06 -1.13458e-08 0 2.80155e-06 -9.51647e-09 0 2.74222e-06 -7.98356e-09 0 2.6852e-06 -6.69901e-09 0
          2.63037e-06 -5.62259e-09 0 2.57763e-06 -4.72058e-09 0 2.52687e-06 -3.96477e-09 0 2.47799e-06 -3.33153e-09 0
          2.43091e-06 -2.8011e-09 0 2.38552e-06 -2.35694e-09 0 2.34176e-06 -1.98523e-09 0 2.29953e-06 -1.67439e-09 0
          2.25877e-06 -1.41477e-09 0 2.2194e-06 -1.19832e-09 0 2.18136e-06 -1.01831e-09 0 2.14458e-06 -8.69165e-10 0
          2.10901e-06 -7.46247e-10 0 2.07459e-06 -6.45735e-10 0 2.04126e-06 -5.64495e-10 0 2.00898e-06 -4.99976e-10 0
          1.9777e-06 -4.50138e-10 0 1.94737e-06 -4.1338e-10 0 1.91796e-06 -3.8849e-10 0 1.88943e-06 -3.74606e-10 0
          1.86173e-06 -3.71187e-10 0 1.83484e-06 -3.77989e-10 0 1.80871e-06 -3.95063e-10 0 1.78333e-06 -4.22744e-10 0
          1.75866e-06 -4.61662e-10 0 1.73467e-06 -5.12759e-10 0 1.71134e-06 -5.77308e-10 0 1.68864e-06 -6.56952e-10 0
          1.66656e-06 -7.53746e-10 0 1.64506e-06 -8.70217e-10 0 1.62414e-06 -1.00944e-09 0 1.60377e-06 -1.17512e-09 0
          1.58393e-06 -1.3717e-09 0 1.56462e-06 -1.60453e-09 0 1.54581e-06 -1.87998e-09 0 1.52749e-06 -2.20568e-09 0
          1.50964e-06 -2.59075e-09 0 1.49226e-06 -3.04608e-09 0 1.47533e-06 -3.58469e-09 0 1.45883e-06 -4.22212e-09 0
          1.44274e-06 -4.97689e-09 0 1.42703e-06 -5.87096e-09 0 1.41166e-06 -6.93015e-09 0 1.39659e-06 -8.1844e-09 0
          1.38173e-06 -9.66761e-09 0 1.36698e-06 -1.14166e-08 0 1.35219e-06 -1.34684e-08 0 1.33715e-06 -1.58557e-08 0
          1.3216e-06 -1.85981e-08 0 1.30523e-06 -2.16915e-08 0 1.28771e-06 -2.50963e-08 0 1.26873e-06 -2.87303e-08 0
          1.25884e-06 -3.15364e-08 0 1.17213e-06 -2.6814e-06 0 2.15272e-06 -2.37722e-06 0 3.86471e-06 -2.05953e-06 0
          5.06247e-06 -1.7606e-06 0 5.74412e-06 -1.48591e-06 0 5.97366e-06 -1.27213e-06 0 5.87086e-06 -1.13923e-06 0
          5.57543e-06 -1.08455e-06 0 5.21378e-06 -1.08964e-06 0 4.87931e-06 -1.12964e-06 0 4.62652e-06 -1.18092e-06 0
          4.47565e-06 -1.22512e-06 0 4.42276e-06 -1.25013e-06 0 4.44986e-06 -1.24957e-06 0 4.53255e-06 -1.22179e-06 0
          4.64521e-06 -1.16877e-06 0 4.76446e-06 -1.09506e-06 0 4.87134e-06 -1.00662e-06 0 4.95263e-06 -9.0972e-07 0
          5.00099e-06 -8.10114e-07 0 5.01428e-06 -7.12453e-07 0 4.99433e-06 -6.20091e-07 0 4.94542e-06 -5.35139e-07 0
          4.87301e-06 -4.58666e-07 0 4.78276e-06 -3.90964e-07 0 4.67986e-06 -3.31803e-07 0 4.56876e-06 -2.80625e-07 0
          4.45305e-06 -2.36705e-07 0 4.33552e-06 -1.99245e-07 0 4.21824e-06 -1.6745e-07 0 4.10269e-06 -1.40564e-07 0
          3.98991e-06 -1.17893e-07 0 3.88056e-06 -9.88192e-08 0 3.77505e-06 -8.27969e-08 0 3.67358e-06 -6.93541e-08 0
          3.57624e-06 -5.80853e-08 0 3.483e-06 -4.86446e-08 0 3.39377e-06 -4.07385e-08 0 3.30843e-06 -3.41194e-08 0
          3.22683e-06 -2.85785e-08 0 3.1488e-06 -2.39405e-08 0 3.07416e-06 -2.00581e-08 0 3.00275e-06 -1.68082e-08 0
          2.9344e-06 -1.40874e-08 0 2.86893e-06 -1.18094e-08 0 2.8062e-06 -9.90196e-09 0 2.74605e-06 -8.30452e-09 0
          2.68834e-06 -6.96661e-09 0 2.63294e-06 -5.84596e-09 0 2.57971e-06 -4.90724e-09 0 2.52855e-06 -4.12092e-09 0
          2.47934e-06 -3.4623e-09 0 2.43197e-06 -2.91074e-09 0 2.38635e-06 -2.44897e-09 0 2.34239e-06 -2.06258e-09 0
          2.3e-06 -1.73951e-09 0 2.2591e-06 -1.46972e-09 0 2.21962e-06 -1.2448e-09 0 2.18148e-06 -1.05776e-09 0
          2.14462e-06 -9.02801e-10 0 2.10898e-06 -7.75098e-10 0 2.0745e-06 -6.70678e-10 0 2.04112e-06 -5.86278e-10 0
          2.0088e-06 -5.19249e-10 0 1.97748e-06 -4.67468e-10 0 1.94713e-06 -4.2927e-10 0 1.91769e-06 -4.03393e-10 0
          1.88912e-06 -3.8894e-10 0 1.8614e-06 -3.85343e-10 0 1.83448e-06 -3.92347e-10 0 1.80833e-06 -4.09996e-10 0
          1.78292e-06 -4.38629e-10 0 1.75821e-06 -4.78891e-10 0 1.73419e-06 -5.3174e-10 0 1.71082e-06 -5.98476e-10 0
          1.68808e-06 -6.80771e-10 0 1.66594e-06 -7.80715e-10 0 1.64438e-06 -9.0087e-10 0 1.62339e-06 -1.04434e-09 0
          1.60293e-06 -1.21485e-09 0 1.583e-06 -1.41684e-09 0 1.56357e-06 -1.65563e-09 0 1.54462e-06 -1.9375e-09 0
          1.52614e-06 -2.2699e-09 0 1.50811e-06 -2.66163e-09 0 1.4905e-06 -3.12307e-09 0 1.4733e-06 -3.66645e-09 0
          1.45649e-06 -4.30608e-09 0 1.44002e-06 -5.0586e-09 0 1.42387e-06 -5.94324e-09 0 1.40799e-06 -6.98184e-09 0
          1.39231e-06 -8.19869e-09 0 1.37676e-06 -9.61986e-09 0 1.36122e-06 -1.12717e-08 0 1.34556e-06 -1.31785e-08 0
          1.32959e-06 -1.53576e-08 0 1.31311e-06 -1.78145e-08 0 1.29588e-06 -2.05356e-08 0 1.27766e-06 -2.34823e-08 0
          1.25826e-06 -2.6589e-08 0 1.24824e-06 -2.89728e-08 0 1.71756e-06 -4.3601e-06 0 3.27613e-06 -3.95085e-06 0
          6.02322e-06 -3.37337e-06 0 7.94397e-06 -2.76357e-06 0 8.98199e-06 -2.18352e-06 0 9.26196e-06 -1.71061e-06 0
          8.9934e-06 -1.38439e-06 0 8.3973e-06 -1.20394e-06 0 7.66519e-06 -1.14174e-06 0 6.94204e-06 -1.15833e-06 0
          6.32128e-06 -1.21417e-06 0 5.84799e-06 -1.27697e-06 0 5.52899e-06 -1.32446e-06 0 5.34626e-06 -1.34393e-06 0
          5.26911e-06 -1.33027e-06 0 5.2629e-06 -1.28411e-06 0 5.29455e-06 -1.21006e-06 0 5.33603e-06 -1.1152e-06 0
          5.36634e-06 -1.00754e-06 0 5.37221e-06 -8.94731e-07 0 5.34757e-06 -7.83173e-07 0 5.29209e-06 -6.77531e-07 0
          5.20928e-06 -5.80728e-07 0 5.10462e-06 -4.94202e-07 0 4.98414e-06 -4.18292e-07 0 4.85345e-06 -3.52615e-07 0
          4.71728e-06 -2.96374e-07 0 4.57934e-06 -2.48578e-07 0 4.44238e-06 -2.08184e-07 0 4.3083e-06 -1.74183e-07 0
          4.17838e-06 -1.45646e-07 0 4.05337e-06 -1.21743e-07 0 3.93367e-06 -1.01748e-07 0 3.81944e-06 -8.50368e-08 0
          3.71064e-06 -7.10773e-08 0 3.60715e-06 -5.94193e-08 0 3.50876e-06 -4.96839e-08 0 3.41523e-06 -4.15536e-08 0
          3.3263e-06 -3.47627e-08 0 3.24169e-06 -2.90894e-08 0 3.16115e-06 -2.43486e-08 0 3.08442e-06 -2.0386e-08 0
          3.01126e-06 -1.7073e-08 0 2.94144e-06 -1.43022e-08 0 2.87475e-06 -1.19845e-08 0 2.811e-06 -1.00451e-08 0
          2.75e-06 -8.42207e-09 0 2.69158e-06 -7.06342e-09 0 2.63558e-06 -5.92592e-09 0 2.58186e-06 -4.97345e-09 0
          2.53029e-06 -4.17587e-09 0 2.48073e-06 -3.50801e-09 0 2.43307e-06 -2.94884e-09 0 2.38721e-06 -2.48079e-09 0
          2.34305e-06 -2.08921e-09 0 2.30049e-06 -1.76185e-09 0 2.25945e-06 -1.4885e-09 0 2.21985e-06 -1.26064e-09 0
          2.18161e-06 -1.07118e-09 0 2.14467e-06 -9.14218e-10 0 2.10896e-06 -7.84872e-10 0 2.07442e-06 -6.79111e-10 0
          2.04099e-06 -5.93628e-10 0 2.00863e-06 -5.25738e-10 0 1.97727e-06 -4.73287e-10 0 1.94688e-06 -4.34587e-10 0
          1.91741e-06 -4.08358e-10 0 1.88882e-06 -3.93689e-10 0 1.86107e-06 -3.9e-10 0 1.83412e-06 -3.97029e-10 0
          1.80794e-06 -4.14812e-10 0 1.7825e-06 -4.43686e-10 0 1.75776e-06 -4.84288e-10 0 1.7337e-06 -5.37573e-10 0
          1.71029e-06 -6.04832e-10 0 1.68751e-06 -6.87725e-10 0 1.66532e-06 -7.88321e-10 0 1.6437e-06 -9.09151e-10 0
          1.62263e-06 -1.05327e-09 0 1.60209e-06 -1.22432e-09 0 1.58206e-06 -1.42663e-09 0 1.56252e-06 -1.66535e-09 0
          1.54343e-06 -1.9465e-09 0 1.52479e-06 -2.27716e-09 0 1.50657e-06 -2.66562e-09 0 1.48875e-06 -3.12151e-09 0
          1.47129e-06 -3.65598e-09 0 1.45417e-06 -4.28185e-09 0 1.43735e-06 -5.01369e-09 0 1.42079e-06 -5.86787e-09 0
          1.40444e-06 -6.86234e-09 0 1.38823e-06 -8.01627e-09 0 1.37207e-06 -9.34912e-09 0 1.35586e-06 -1.08792e-08 0
          1.33948e-06 -1.26212e-08 0 1.32277e-06 -1.45834e-08 0 1.30557e-06 -1.67633e-08 0 1.2877e-06 -1.91439e-08 0
          1.26899e-06 -2.16909e-08 0 1.24929e-06 -2.43521e-08 0 1.23919e-06 -2.63847e-08 0 2.60216e-06 -6.87483e-06 0
          5.00043e-06 -6.38217e-06 0 9.18333e-06 -5.41277e-06 0 1.19885e-05 -4.29049e-06 0 1.33591e-05 -3.21812e-06 0
          1.35784e-05 -2.34366e-06 0 1.30231e-05 -1.72401e-06 0 1.20277e-05 -1.34893e-06 0 1.08467e-05 -1.17339e-06 0
          9.66172e-06 -1.13905e-06 0 8.59423e-06 -1.18735e-06 0 7.7134e-06 -1.26815e-06 0 7.04279e-06 -1.34454e-06 0
          6.57117e-06 -1.39356e-06 0 6.26575e-06 -1.40407e-06 0 6.0842e-06 -1.37377e-06 0 5.98328e-06 -1.3066e-06 0
          5.92442e-06 -1.21046e-06 0 5.87696e-06 -1.09523e-06 0 5.8198e-06 -9.7089e-07 0 5.74124e-06 -8.46109e-07 0
          5.63753e-06 -7.27375e-07 0 5.51054e-06 -6.18799e-07 0 5.36526e-06 -5.22399e-07 0 5.20776e-06 -4.3863e-07 0
          5.04384e-06 -3.66945e-07 0 4.87832e-06 -3.06251e-07 0 4.71486e-06 -2.55237e-07 0 4.55597e-06 -2.12564e-07 0
          4.40324e-06 -1.76978e-07 0 4.25756e-06 -1.47357e-07 0 4.11932e-06 -1.22725e-07 0 3.98856e-06 -1.0225e-07 0
          3.86509e-06 -8.52307e-08 0 3.7486e-06 -7.10792e-08 0 3.6387e-06 -5.93075e-08 0 3.53498e-06 -4.95103e-08 0
          3.43702e-06 -4.13518e-08 0 3.34439e-06 -3.45538e-08 0 3.25671e-06 -2.88863e-08 0 3.17361e-06 -2.41586e-08 0
          3.09475e-06 -2.02127e-08 0 3.01982e-06 -1.69178e-08 0 2.94852e-06 -1.41652e-08 0 2.8806e-06 -1.18646e-08 0
          2.81583e-06 -9.94109e-09 0 2.75397e-06 -8.33231e-09 0 2.69483e-06 -6.98634e-09 0 2.63824e-06 -5.85998e-09 0
          2.58402e-06 -4.91721e-09 0 2.53203e-06 -4.12801e-09 0 2.48212e-06 -3.46735e-09 0 2.43418e-06 -2.91433e-09 0
          2.38807e-06 -2.45153e-09 0 2.34371e-06 -2.0644e-09 0 2.30098e-06 -1.74081e-09 0 2.2598e-06 -1.47064e-09 0
          2.22008e-06 -1.24545e-09 0 2.18175e-06 -1.05822e-09 0 2.14472e-06 -9.03125e-10 0 2.10894e-06 -7.75321e-10 0
          2.07434e-06 -6.70823e-10 0 2.04086e-06 -5.86362e-10 0 2.00845e-06 -5.19281e-10 0 1.97706e-06 -4.67452e-10 0
          1.94664e-06 -4.29203e-10 0 1.91713e-06 -4.03269e-10 0 1.88851e-06 -3.88744e-10 0 1.86074e-06 -3.85055e-10 0
          1.83376e-06 -3.91935e-10 0 1.80755e-06 -4.09416e-10 0 1.78208e-06 -4.37819e-10 0 1.75732e-06 -4.77763e-10 0
          1.73322e-06 -5.30172e-10 0 1.70977e-06 -5.963e-10 0 1.68694e-06 -6.77754e-10 0 1.66469e-06 -7.76532e-10 0
          1.64302e-06 -8.95071e-10 0 1.62188e-06 -1.0363e-09 0 1.60126e-06 -1.20371e-09 0 1.58113e-06 -1.40141e-09 0
          1.56147e-06 -1.63424e-09 0 1.54226e-06 -1.90787e-09 0 1.52346e-06 -2.22885e-09 0 1.50506e-06 -2.60478e-09 0
          1.48703e-06 -3.0444e-09 0 1.46933e-06 -3.55763e-09 0 1.45193e-06 -4.15568e-09 0 1.43478e-06 -4.85101e-09 0
          1.41785e-06 -5.65723e-09 0 1.40108e-06 -6.58877e-09 0 1.38439e-06 -7.6604e-09 0 1.36772e-06 -8.88627e-09 0
          1.35095e-06 -1.02786e-08 0 1.33398e-06 -1.18459e-08 0 1.31669e-06 -1.35904e-08 0 1.29893e-06 -1.5506e-08 0
          1.28058e-06 -1.75754e-08 0 1.2615e-06 -1.97692e-08 0 1.24161e-06 -2.2046e-08 0 1.23144e-06 -2.37791e-08 0
          4.20909e-06 -1.08349e-05 0 7.93057e-06 -1.01657e-05 0 1.41724e-05 -8.47339e-06 0 1.78988e-05 -6.46707e-06 0
          1.93131e-05 -4.61994e-06 0 1.91169e-05 -3.16796e-06 0 1.79874e-05 -2.1529e-06 0 1.64033e-05 -1.52191e-06 0
          1.46652e-05 -1.19218e-06 0 1.29584e-05 -1.07824e-06 0 1.14005e-05 -1.10112e-06 0 1.00642e-05 -1.19268e-06 0
          8.98388e-06 -1.29963e-06 0 8.15879e-06 -1.38562e-06 0 7.56079e-06 -1.43028e-06 0 7.14517e-06 -1.42605e-06 0
          6.86125e-06 -1.37473e-06 0 6.66054e-06 -1.28433e-06 0 6.50214e-06 -1.16642e-06 0 6.3558e-06 -1.03359e-06 0
          6.20279e-06 -8.97296e-07 0 6.03467e-06 -7.66433e-07 0 5.8507e-06 -6.46762e-07 0 5.65467e-06 -5.41156e-07 0
          5.45225e-06 -4.50297e-07 0 5.24903e-06 -3.73472e-07 0 5.04963e-06 -3.09245e-07 0 4.85731e-06 -2.55923e-07 0
          4.67411e-06 -2.11828e-07 0 4.50106e-06 -1.75433e-07 0 4.33849e-06 -1.45411e-07 0 4.18626e-06 -1.20641e-07 0
          4.04393e-06 -1.00188e-07 0 3.9109e-06 -8.32832e-08 0 3.78652e-06 -6.92952e-08 0 3.6701e-06 -5.7707e-08 0
          3.56099e-06 -4.80956e-08 0 3.45857e-06 -4.0115e-08 0 3.36225e-06 -3.34816e-08 0 3.2715e-06 -2.79626e-08 0
          3.18586e-06 -2.33669e-08 0 3.10489e-06 -1.95368e-08 0 3.02821e-06 -1.63425e-08 0 2.95546e-06 -1.36767e-08 0
          2.88632e-06 -1.14507e-08 0 2.82054e-06 -9.59092e-09 0 2.75784e-06 -8.03641e-09 0 2.698e-06 -6.73655e-09 0
          2.64082e-06 -5.64926e-09 0 2.58612e-06 -4.73954e-09 0 2.53372e-06 -3.97825e-09 0 2.48347e-06 -3.34112e-09 0
          2.43524e-06 -2.80793e-09 0 2.38891e-06 -2.36181e-09 0 2.34434e-06 -1.98869e-09 0 2.30145e-06 -1.67686e-09 0
          2.26013e-06 -1.41653e-09 0 2.2203e-06 -1.19957e-09 0 2.18187e-06 -1.01919e-09 0 2.14476e-06 -8.69783e-10 0
          2.10891e-06 -7.4667e-10 0 2.07425e-06 -6.46011e-10 0 2.04073e-06 -5.64654e-10 0 2.00828e-06 -5.00037e-10 0
          1.97685e-06 -4.50107e-10 0 1.94639e-06 -4.13253e-10 0 1.91686e-06 -3.88254e-10 0 1.88821e-06 -3.74235e-10 0
          1.8604e-06 -3.70639e-10 0 1.8334e-06 -3.77207e-10 0 1.80717e-06 -3.9396e-10 0 1.78167e-06 -4.21203e-10 0
          1.75687e-06 -4.59517e-10 0 1.73274e-06 -5.09778e-10 0 1.70925e-06 -5.73171e-10 0 1.68638e-06 -6.51213e-10 0
          1.66408e-06 -7.45788e-10 0 1.64235e-06 -8.59186e-10 0 1.62114e-06 -9.94148e-10 0 1.60044e-06 -1.15392e-09 0
          1.58022e-06 -1.34233e-09 0 1.56046e-06 -1.56383e-09 0 1.54112e-06 -1.8236e-09 0 1.52218e-06 -2.12757e-09 0
          1.50361e-06 -2.48257e-09 0 1.48538e-06 -2.8963e-09 0 1.46746e-06 -3.37744e-09 0 1.4498e-06 -3.93556e-09 0
          1.43236e-06 -4.5811e-09 0 1.4151e-06 -5.32514e-09 0 1.39796e-06 -6.17907e-09 0 1.38087e-06 -7.15401e-09 0
          1.36375e-06 -8.26004e-09 0 1.34652e-06 -9.50504e-09 0 1.32907e-06 -1.08933e-08 0 1.31131e-06 -1.24238e-08 0
          1.29313e-06 -1.40888e-08 0 1.27441e-06 -1.58724e-08 0 1.25507e-06 -1.77498e-08 0 1.23502e-06 -1.96885e-08 0
          1.22482e-06 -2.11604e-08 0 7.40245e-06 -1.75707e-05 0 1.34057e-05 -1.63093e-05 0 2.27124e-05 -1.30218e-05 0
          2.69733e-05 -9.3836e-06 0 2.75424e-05 -6.33788e-06 0 2.61557e-05 -4.1148e-06 0 2.39359e-05 -2.62209e-06 0
          2.14586e-05 -1.69901e-06 0 1.90036e-05 -1.1945e-06 0 1.67058e-05 -9.83589e-07 0 1.46348e-05 -9.65025e-07 0
          1.28324e-05 -1.05558e-06 0 1.1323e-05 -1.18816e-06 0 1.01099e-05 -1.31311e-06 0 9.17299e-06 -1.39881e-06 0
          8.47199e-06 -1.42989e-06 0 7.95494e-06 -1.40385e-06 0 7.56724e-06 -1.32745e-06 0 7.25939e-06 -1.21326e-06 0
          6.99224e-06 -1.07643e-06 0 6.73937e-06 -9.31599e-07 0 6.48675e-06 -7.90607e-07 0 6.23013e-06 -6.61367e-07 0
          5.97136e-06 -5.47932e-07 0 5.71502e-06 -4.51348e-07 0 5.46596e-06 -3.70746e-07 0 5.22803e-06 -3.04302e-07 0
          5.00368e-06 -2.49892e-07 0 4.79407e-06 -2.05465e-07 0 4.59937e-06 -1.69206e-07 0 4.41911e-06 -1.39587e-07 0
          4.25243e-06 -1.15351e-07 0 4.09831e-06 -9.54786e-08 0 3.95565e-06 -7.915e-08 0 3.82339e-06 -6.57049e-08 0
          3.70051e-06 -5.46121e-08 0 3.5861e-06 -4.54432e-08 0 3.47931e-06 -3.78518e-08 0 3.37939e-06 -3.15571e-08 0
          3.28568e-06 -2.63304e-08 0 3.19758e-06 -2.19855e-08 0 3.11458e-06 -1.83695e-08 0 3.0362e-06 -1.53574e-08 0
          2.96205e-06 -1.28463e-08 0 2.89176e-06 -1.07511e-08 0 2.825e-06 -9.00192e-09 0 2.7615e-06 -7.54074e-09 0
          2.701e-06 -6.31953e-09 0 2.64326e-06 -5.29847e-09 0 2.58809e-06 -4.44448e-09 0 2.5353e-06 -3.73004e-09 0
          2.48474e-06 -3.13228e-09 0 2.43624e-06 -2.63214e-09 0 2.38968e-06 -2.21375e-09 0 2.34493e-06 -1.86389e-09 0
          2.30188e-06 -1.57152e-09 0 2.26043e-06 -1.32748e-09 0 2.22049e-06 -1.1241e-09 0 2.18196e-06 -9.55037e-10 0
          2.14478e-06 -8.15001e-10 0 2.10887e-06 -6.99618e-10 0 2.07415e-06 -6.05283e-10 0 2.04058e-06 -5.29037e-10 0
          2.00809e-06 -4.68478e-10 0 1.97662e-06 -4.21681e-10 0 1.94614e-06 -3.87133e-10 0 1.91658e-06 -3.63688e-10 0
          1.8879e-06 -3.50524e-10 0 1.86007e-06 -3.47117e-10 0 1.83305e-06 -3.53219e-10 0 1.80679e-06 -3.68845e-10 0
          1.78126e-06 -3.94272e-10 0 1.75643e-06 -4.30036e-10 0 1.73227e-06 -4.76943e-10 0 1.70875e-06 -5.36083e-10 0
          1.68583e-06 -6.08853e-10 0 1.66349e-06 -6.96981e-10 0 1.6417e-06 -8.02563e-10 0 1.62043e-06 -9.281e-10 0
          1.59966e-06 -1.07654e-09 0 1.57935e-06 -1.25134e-09 0 1.55949e-06 -1.45651e-09 0 1.54004e-06 -1.69665e-09 0
          1.52096e-06 -1.97703e-09 0 1.50224e-06 -2.3036e-09 0 1.48384e-06 -2.68305e-09 0 1.46571e-06 -3.12274e-09 0
          1.44782e-06 -3.63073e-09 0 1.43013e-06 -4.21555e-09 0 1.41258e-06 -4.88608e-09 0 1.39512e-06 -5.65112e-09 0
          1.37768e-06 -6.51893e-09 0 1.36019e-06 -7.4965e-09 0 1.34258e-06 -8.58868e-09 0 1.32475e-06 -9.79712e-09 0
          1.30662e-06 -1.11192e-08 0 1.2881e-06 -1.25468e-08 0 1.26911e-06 -1.4066e-08 0 1.24956e-06 -1.56564e-08 0
          1.22941e-06 -1.72923e-08 0 1.21918e-06 -1.85318e-08 0 1.48288e-05 -3.0439e-05 0 2.51722e-05 -2.71068e-05 0
          3.88402e-05 -1.97073e-05 0 4.1485e-05 -1.29253e-05 0 3.89097e-05 -8.16124e-06 0 3.49245e-05 -5.03145e-06 0
          3.08556e-05 -3.0397e-06 0 2.70925e-05 -1.83243e-06 0 2.37296e-05 -1.16302e-06 0 2.07641e-05 -8.57716e-07 0
          1.81672e-05 -7.91723e-07 0 1.59142e-05 -8.70526e-07 0 1.39919e-05 -1.01887e-06 0 1.23917e-05 -1.17777e-06 0
          1.10971e-05 -1.30535e-06 0 1.00762e-05 -1.37712e-06 0 9.28304e-06 -1.38411e-06 0 8.66358e-06 -1.32985e-06 0
          8.16434e-06 -1.22665e-06 0 7.73974e-06 -1.09161e-06 0 7.35661e-06 -9.42595e-07 0 6.99525e-06 -7.94775e-07 0
          6.64732e-06 -6.58643e-07 0 6.31195e-06 -5.39739e-07 0 5.99178e-06 -4.39606e-07 0 5.69008e-06 -3.57238e-07 0
          5.40919e-06 -2.90389e-07 0 5.15008e-06 -2.36476e-07 0 4.91248e-06 -1.93063e-07 0 4.69533e-06 -1.5806e-07 0
          4.49705e-06 -1.29761e-07 0 4.31591e-06 -1.06804e-07 0 4.15013e-06 -8.81146e-08 0 3.99806e-06 -7.28483e-08 0
          3.85817e-06 -6.0339e-08 0 3.72908e-06 -5.00596e-08 0 3.60961e-06 -4.15912e-08 0 3.49867e-06 -3.45991e-08 0
          3.39535e-06 -2.88146e-08 0 3.29884e-06 -2.40208e-08 0 3.20844e-06 -2.0042e-08 0 3.12354e-06 -1.67353e-08 0
          3.04359e-06 -1.39838e-08 0 2.96813e-06 -1.16921e-08 0 2.89676e-06 -9.78154e-09 0 2.82911e-06 -8.18754e-09 0
          2.76486e-06 -6.85673e-09 0 2.70373e-06 -5.74502e-09 0 2.64548e-06 -4.81588e-09 0 2.58988e-06 -4.03903e-09 0
          2.53674e-06 -3.38931e-09 0 2.48587e-06 -2.84583e-09 0 2.43713e-06 -2.3912e-09 0 2.39036e-06 -2.01095e-09 0
          2.34543e-06 -1.69302e-09 0 2.30224e-06 -1.42737e-09 0 2.26067e-06 -1.20565e-09 0 2.22063e-06 -1.0209e-09 0
          2.18202e-06 -8.6732e-10 0 2.14477e-06 -7.4012e-10 0 2.1088e-06 -6.35319e-10 0 2.07403e-06 -5.49637e-10 0
          2.04042e-06 -4.80386e-10 0 2.00789e-06 -4.25381e-10 0 1.97639e-06 -3.82873e-10 0 1.94588e-06 -3.51487e-10 0
          1.91629e-06 -3.30179e-10 0 1.8876e-06 -3.18202e-10 0 1.85974e-06 -3.15076e-10 0 1.83269e-06 -3.20573e-10 0
          1.80641e-06 -3.34704e-10 0 1.78086e-06 -3.57711e-10 0 1.75601e-06 -3.90075e-10 0 1.73182e-06 -4.32514e-10 0
          1.70826e-06 -4.86005e-10 0 1.6853e-06 -5.51792e-10 0 1.66292e-06 -6.31416e-10 0 1.64108e-06 -7.26739e-10 0
          1.61976e-06 -8.39976e-10 0 1.59892e-06 -9.73732e-10 0 1.57854e-06 -1.13104e-09 0 1.55858e-06 -1.3154e-09 0
          1.53903e-06 -1.5308e-09 0 1.51983e-06 -1.78179e-09 0 1.50098e-06 -2.07345e-09 0 1.48241e-06 -2.4114e-09 0
          1.46411e-06 -2.80179e-09 0 1.44603e-06 -3.25119e-09 0 1.42811e-06 -3.76648e-09 0 1.41031e-06 -4.35462e-09 0
          1.39258e-06 -5.02228e-09 0 1.37486e-06 -5.7755e-09 0 1.35707e-06 -6.619e-09 0 1.33914e-06 -7.55561e-09 0
          1.32101e-06 -8.58542e-09 0 1.30259e-06 -9.70507e-09 0 1.28381e-06 -1.09071e-08 0 1.2646e-06 -1.21796e-08 0
          1.24491e-06 -1.35062e-08 0 1.22468e-06 -1.48665e-08 0 1.21443e-06 -1.58958e-08 0 3.83079e-05 -6.11343e-05 0
          5.70802e-05 -4.87171e-05 0 7.29696e-05 -2.84357e-05 0 6.44037e-05 -1.63452e-05 0 5.39406e-05 -9.65131e-06 0
          4.53688e-05 -5.68335e-06 0 3.85638e-05 -3.28493e-06 0 3.31153e-05 -1.86369e-06 0 2.86743e-05 -1.0748e-06 0
          2.49851e-05 -6.99708e-07 0 2.18667e-05 -5.93723e-07 0 1.91976e-05 -6.55679e-07 0 1.69046e-05 -8.08499e-07 0
          1.4949e-05 -9.90261e-07 0 1.3307e-05 -1.15303e-06 0 1.19538e-05 -1.26436e-06 0 1.08542e-05 -1.30785e-06 0
          9.96255e-06 -1.28185e-06 0 9.22861e-06 -1.19659e-06 0 8.6057e-06 -1.06996e-06 0 8.057e-06 -9.22511e-07 0
          7.55843e-06 -7.72726e-07 0 7.09761e-06 -6.33883e-07 0 6.6702e-06 -5.13184e-07 0 6.27585e-06 -4.12751e-07 0
          5.91501e-06 -3.31445e-07 0 5.58743e-06 -2.66595e-07 0 5.29166e-06 -2.15166e-07 0 5.02536e-06 -1.74374e-07 0
          4.7857e-06 -1.41907e-07 0 4.56974e-06 -1.15939e-07 0 4.37462e-06 -9.50561e-08 0 4.19774e-06 -7.81762e-08 0
          4.0368e-06 -6.44668e-08 0 3.88979e-06 -5.32854e-08 0 3.75496e-06 -4.4132e-08 0 3.63082e-06 -3.66146e-08 0
          3.51609e-06 -3.04236e-08 0 3.40968e-06 -2.53126e-08 0 3.31063e-06 -2.10844e-08 0 3.21814e-06 -1.75801e-08 0
          3.13152e-06 -1.46713e-08 0 3.05015e-06 -1.22534e-08 0 2.97352e-06 -1.02412e-08 0 2.90118e-06 -8.56485e-09 0
          2.83272e-06 -7.16711e-09 0 2.7678e-06 -6.00074e-09 0 2.70612e-06 -5.02682e-09 0 2.64741e-06 -4.21312e-09 0
          2.59143e-06 -3.533e-09 0 2.53797e-06 -2.96433e-09 0 2.48684e-06 -2.48874e-09 0 2.43787e-06 -2.09098e-09 0
          2.39092e-06 -1.75834e-09 0 2.34584e-06 -1.48025e-09 0 2.30252e-06 -1.24793e-09 0 2.26085e-06 -1.05403e-09 0
          2.22071e-06 -8.92477e-10 0 2.18203e-06 -7.58194e-10 0 2.14472e-06 -6.46979e-10 0 2.10869e-06 -5.55351e-10 0
          2.07389e-06 -4.80441e-10 0 2.04024e-06 -4.19896e-10 0 2.00768e-06 -3.71807e-10 0 1.97615e-06 -3.3464e-10 0
          1.94561e-06 -3.07193e-10 0 1.916e-06 -2.88554e-10 0 1.88729e-06 -2.78066e-10 0 1.85941e-06 -2.75309e-10 0
          1.83235e-06 -2.80081e-10 0 1.80604e-06 -2.92386e-10 0 1.78047e-06 -3.12433e-10 0 1.7556e-06 -3.40635e-10 0
          1.73138e-06 -3.77612e-10 0 1.70779e-06 -4.24203e-10 0 1.68481e-06 -4.81482e-10 0 1.66238e-06 -5.5077e-10 0
          1.6405e-06 -6.33666e-10 0 1.61913e-06 -7.32062e-10 0 1.59823e-06 -8.48179e-10 0 1.57778e-06 -9.8459e-10 0
          1.55775e-06 -1.14425e-09 0 1.5381e-06 -1.33051e-09 0 1.51881e-06 -1.54716e-09 0 1.49983e-06 -1.79839e-09 0
          1.48114e-06 -2.08882e-09 0 1.46269e-06 -2.42341e-09 0 1.44443e-06 -2.8074e-09 0 1.42633e-06 -3.24619e-09 0
          1.40833e-06 -3.74509e-09 0 1.39038e-06 -4.3091e-09 0 1.37241e-06 -4.9425e-09 0 1.35438e-06 -5.64843e-09 0
          1.33621e-06 -6.42837e-09 0 1.31783e-06 -7.28163e-09 0 1.29919e-06 -8.2048e-09 0 1.28021e-06 -9.19137e-09 0
          1.26084e-06 -1.02316e-08 0 1.24103e-06 -1.13124e-08 0 1.22076e-06 -1.24183e-08 0 1.21049e-06 -1.32541e-08 0
          0.00023794 -0.000219935 0 0.000204554 -8.88737e-05 0 0.000140974 -3.46521e-05 0 9.58918e-05 -1.81831e-05 0
          7.19554e-05 -1.02185e-05 0 5.68937e-05 -5.8095e-06 0 4.66276e-05 -3.23949e-06 0 3.92193e-05 -1.74265e-06 0
          3.36178e-05 -9.13976e-07 0 2.92069e-05 -5.12338e-07 0 2.56073e-05 -3.85172e-07 0 2.258e-05 -4.31573e-07 0
          1.99787e-05 -5.78684e-07 0 1.77214e-05 -7.68208e-07 0 1.57663e-05 -9.52118e-07 0 1.40894e-05 -1.09381e-06 0
          1.26674e-05 -1.17056e-06 0 1.14695e-05 -1.17468e-06 0 1.04576e-05 -1.11252e-06 0 9.59178e-06 -1.00101e-06 0
          8.83741e-06 -8.62181e-07 0 8.16914e-06 -7.17163e-07 0 7.57142e-06 -5.81731e-07 0 7.03579e-06 -4.64629e-07 0
          6.55735e-06 -3.68503e-07 0 6.13207e-06 -2.92074e-07 0 5.7555e-06 -2.3228e-07 0 5.42261e-06 -1.85727e-07 0
          5.12812e-06 -1.49395e-07 0 4.86694e-06 -1.20865e-07 0 4.63441e-06 -9.82914e-08 0 4.42642e-06 -8.02944e-08 0
          4.23947e-06 -6.58453e-08 0 4.07057e-06 -5.41729e-08 0 3.91723e-06 -4.46934e-08 0 3.77732e-06 -3.69598e-08 0
          3.64909e-06 -3.06261e-08 0 3.53105e-06 -2.54217e-08 0 3.42194e-06 -2.11331e-08 0 3.32069e-06 -1.75907e-08 0
          3.2264e-06 -1.46585e-08 0 3.13829e-06 -1.22271e-08 0 3.05571e-06 -1.02079e-08 0 2.97807e-06 -8.52866e-09 0
          2.90489e-06 -7.13061e-09 0 2.83575e-06 -5.96549e-09 0 2.77026e-06 -4.99366e-09 0 2.7081e-06 -4.18247e-09 0
          2.649e-06 -3.50494e-09 0 2.59269e-06 -2.93878e-09 0 2.53896e-06 -2.4655e-09 0 2.4876e-06 -2.06977e-09 0
          2.43845e-06 -1.73884e-09 0 2.39134e-06 -1.46213e-09 0 2.34613e-06 -1.23082e-09 0 2.3027e-06 -1.0376e-09 0
          2.26094e-06 -8.7635e-10 0 2.22073e-06 -7.42004e-10 0 2.18199e-06 -6.30344e-10 0 2.14462e-06 -5.37868e-10 0
          2.10855e-06 -4.61682e-10 0 2.07371e-06 -3.99398e-10 0 2.04003e-06 -3.49058e-10 0 2.00744e-06 -3.09073e-10 0
          1.97589e-06 -2.78168e-10 0 1.94533e-06 -2.55344e-10 0 1.91571e-06 -2.39839e-10 0 1.88697e-06 -2.31107e-10 0
          1.85908e-06 -2.28797e-10 0 1.832e-06 -2.3274e-10 0 1.80568e-06 -2.42937e-10 0 1.78009e-06 -2.59558e-10 0
          1.7552e-06 -2.8294e-10 0 1.73096e-06 -3.13595e-10 0 1.70735e-06 -3.52211e-10 0 1.68434e-06 -3.99667e-10 0
          1.66188e-06 -4.57048e-10 0 1.63997e-06 -5.2566e-10 0 1.61855e-06 -6.07047e-10 0 1.5976e-06 -7.03016e-10 0
          1.5771e-06 -8.15651e-10 0 1.557e-06 -9.47337e-10 0 1.53728e-06 -1.10077e-09 0 1.5179e-06 -1.27897e-09 0
          1.49883e-06 -1.48526e-09 0 1.48003e-06 -1.72326e-09 0 1.46145e-06 -1.99685e-09 0 1.44306e-06 -2.31005e-09 0
          1.4248e-06 -2.66694e-09 0 1.40664e-06 -3.07147e-09 0 1.38851e-06 -3.52724e-09 0 1.37036e-06 -4.03724e-09 0
          1.35214e-06 -4.60348e-09 0 1.33377e-06 -5.22664e-09 0 1.31521e-06 -5.90571e-09 0 1.29639e-06 -6.63764e-09 0
          1.27727e-06 -7.41709e-09 0 1.25778e-06 -8.2364e-09 0 1.23789e-06 -9.08564e-09 0 1.21757e-06 -9.95302e-09 0
          1.2073e-06 -1.0608e-08 0 0.0011106 -0.000217401 0 0.000697548 -8.71539e-05 0 0.00022075 -3.32851e-05 0
          0.000130754 -1.70863e-05 0 9.06073e-05 -9.39994e-06 0 6.83006e-05 -5.22756e-06 0 5.43691e-05 -2.83198e-06 0
          4.49927e-05 -1.44835e-06 0 3.82973e-05 -6.83588e-07 0 3.32568e-05 -3.10051e-07 0 2.92712e-05 -1.86475e-07 0
          2.59762e-05 -2.22085e-07 0 2.31489e-05 -3.5419e-07 0 2.06598e-05 -5.33623e-07 0 1.84416e-05 -7.18202e-07 0
          1.64644e-05 -8.72514e-07 0 1.4715e-05 -9.70888e-07 0 1.31818e-05 -1.00061e-06 0 1.18478e-05 -9.63253e-07 0
          1.06904e-05 -8.72895e-07 0 9.68546e-06 -7.51029e-07 0 8.81164e-06 -6.19823e-07 0 8.05188e-06 -4.96437e-07 0
          7.39269e-06 -3.90522e-07 0 6.82239e-06 -3.04962e-07 0 6.32995e-06 -2.38317e-07 0 5.90462e-06 -1.87289e-07 0
          5.53627e-06 -1.48344e-07 0 5.21579e-06 -1.18461e-07 0 4.93533e-06 -9.53113e-08 0 4.68829e-06 -7.71867e-08 0
          4.46924e-06 -6.2852e-08 0 4.27374e-06 -5.14134e-08 0 4.09816e-06 -4.22165e-08 0 3.93954e-06 -3.47747e-08 0
          3.79543e-06 -2.87212e-08 0 3.66384e-06 -2.37749e-08 0 3.54308e-06 -1.97182e-08 0 3.43177e-06 -1.63805e-08 0
          3.32873e-06 -1.36269e-08 0 3.23297e-06 -1.13501e-08 0 3.14366e-06 -9.4637e-09 0 3.06009e-06 -7.8982e-09 0
          2.98164e-06 -6.5971e-09 0 2.90779e-06 -5.51439e-09 0 2.83809e-06 -4.61246e-09 0 2.77214e-06 -3.86042e-09 0
          2.70961e-06 -3.23287e-09 0 2.65019e-06 -2.70886e-09 0 2.59362e-06 -2.27107e-09 0 2.53966e-06 -1.90516e-09 0
          2.48813e-06 -1.59926e-09 0 2.43882e-06 -1.34348e-09 0 2.39159e-06 -1.12962e-09 0 2.34628e-06 -9.50882e-10 0
          2.30277e-06 -8.01575e-10 0 2.26093e-06 -6.76985e-10 0 2.22067e-06 -5.73187e-10 0 2.18187e-06 -4.86919e-10 0
          2.14447e-06 -4.15477e-10 0 2.10837e-06 -3.5662e-10 0 2.0735e-06 -3.08503e-10 0 2.03979e-06 -2.69615e-10 0
          2.00718e-06 -2.38725e-10 0 1.97562e-06 -2.14849e-10 0 1.94504e-06 -1.97214e-10 0 1.9154e-06 -1.85231e-10 0
          1.88666e-06 -1.78479e-10 0 1.85876e-06 -1.76684e-10 0 1.83166e-06 -1.79714e-10 0 1.80533e-06 -1.8757e-10 0
          1.77973e-06 -2.00381e-10 0 1.75482e-06 -2.18404e-10 0 1.73057e-06 -2.42029e-10 0 1.70694e-06 -2.71785e-10 0
          1.6839e-06 -3.08342e-10 0 1.66143e-06 -3.52529e-10 0 1.63948e-06 -4.05341e-10 0 1.61803e-06 -4.67953e-10 0
          1.59705e-06 -5.41735e-10 0 1.5765e-06 -6.28267e-10 0 1.55635e-06 -7.29345e-10 0 1.53657e-06 -8.46998e-10 0
          1.51713e-06 -9.83478e-10 0 1.49798e-06 -1.14126e-09 0 1.47909e-06 -1.32302e-09 0 1.46042e-06 -1.53159e-09 0
          1.44192e-06 -1.7699e-09 0 1.42355e-06 -2.04085e-09 0 1.40526e-06 -2.34724e-09 0 1.387e-06 -2.69155e-09 0
          1.36871e-06 -3.07575e-09 0 1.35034e-06 -3.5011e-09 0 1.33183e-06 -3.96782e-09 0 1.31313e-06 -4.47493e-09 0
          1.29419e-06 -5.01997e-09 0 1.27495e-06 -5.5989e-09 0 1.25538e-06 -6.20606e-09 0 1.23543e-06 -6.83426e-09 0
          1.21509e-06 -7.47507e-09 0 1.20482e-06 -7.95865e-09 0 0.00130974 -5.46295e-05 0 0.00084426 -4.3368e-05 0
          0.000287304 -2.40806e-05 0 0.000160281 -1.29268e-05 0 0.000106646 -7.14218e-06 0 7.80669e-05 -3.92751e-06 0
          6.09837e-05 -2.07535e-06 0 4.99769e-05 -1.00557e-06 0 4.24386e-05 -4.13893e-07 0 3.69669e-05 -1.24503e-07 0
          3.27562e-05 -2.87082e-08 0 2.93242e-05 -5.70211e-08 0 2.63767e-05 -1.63101e-07 0 2.37386e-05 -3.11188e-07 0
          2.13151e-05 -4.69776e-07 0 1.90665e-05 -6.10236e-07 0 1.69874e-05 -7.09117e-07 0 1.50888e-05 -7.51967e-07 0
          1.33838e-05 -7.36348e-07 0 1.18795e-05 -6.71987e-07 0 1.0574e-05 -5.77071e-07 0 9.45689e-06 -4.7183e-07 0
          8.51148e-06 -3.72447e-07 0 7.71732e-06 -2.88035e-07 0 7.05228e-06 -2.21157e-07 0 6.49464e-06 -1.70275e-07 0
          6.02465e-06 -1.32224e-07 0 5.62546e-06 -1.03787e-07 0 5.28331e-06 -8.23345e-08 0 4.98728e-06 -6.59301e-08 0
          4.7288e-06 -5.3208e-08 0 4.50118e-06 -4.32154e-08 0 4.29914e-06 -3.52818e-08 0 4.1185e-06 -2.89269e-08 0
          3.95591e-06 -2.37996e-08 0 3.80866e-06 -1.96379e-08 0 3.67456e-06 -1.62435e-08 0 3.55179e-06 -1.34634e-08 0
          3.43885e-06 -1.11787e-08 0 3.33449e-06 -9.29565e-09 0 3.23765e-06 -7.73977e-09 0 3.14746e-06 -6.45154e-09 0
          3.06316e-06 -5.38301e-09 0 2.98412e-06 -4.49533e-09 0 2.90978e-06 -3.75692e-09 0 2.83968e-06 -3.14199e-09 0
          2.77339e-06 -2.62939e-09 0 2.71058e-06 -2.20173e-09 0 2.65093e-06 -1.8447e-09 0 2.59417e-06 -1.54646e-09 0
          2.54007e-06 -1.29722e-09 0 2.4884e-06 -1.08887e-09 0 2.43899e-06 -9.14682e-10 0 2.39167e-06 -7.69057e-10 0
          2.34628e-06 -6.47347e-10 0 2.30271e-06 -5.45687e-10 0 2.26082e-06 -4.60859e-10 0 2.22052e-06 -3.90191e-10 0
          2.18169e-06 -3.31459e-10 0 2.14426e-06 -2.82822e-10 0 2.10813e-06 -2.42754e-10 0 2.07324e-06 -2.09998e-10 0
          2.03952e-06 -1.83524e-10 0 2.0069e-06 -1.62495e-10 0 1.97532e-06 -1.4624e-10 0 1.94474e-06 -1.34234e-10 0
          1.91509e-06 -1.26074e-10 0 1.88634e-06 -1.21473e-10 0 1.85843e-06 -1.20246e-10 0 1.83133e-06 -1.22302e-10 0
          1.80499e-06 -1.27639e-10 0 1.77938e-06 -1.36345e-10 0 1.75446e-06 -1.48595e-10 0 1.73019e-06 -1.6465e-10 0
          1.70655e-06 -1.84869e-10 0 1.6835e-06 -2.09705e-10 0 1.66101e-06 -2.39715e-10 0 1.63905e-06 -2.75572e-10 0
          1.61757e-06 -3.18066e-10 0 1.59656e-06 -3.68119e-10 0 1.57599e-06 -4.26788e-10 0 1.5558e-06 -4.95278e-10 0
          1.53598e-06 -5.74938e-10 0 1.51649e-06 -6.67268e-10 0 1.49729e-06 -7.73907e-10 0 1.47834e-06 -8.96615e-10 0
          1.4596e-06 -1.03725e-09 0 1.44103e-06 -1.1977e-09 0 1.42258e-06 -1.37985e-09 0 1.4042e-06 -1.58548e-09 0
          1.38584e-06 -1.81613e-09 0 1.36745e-06 -2.07301e-09 0 1.34899e-06 -2.35682e-09 0 1.33038e-06 -2.6676e-09 0
          1.31159e-06 -3.00459e-09 0 1.29256e-06 -3.36607e-09 0 1.27325e-06 -3.74935e-09 0 1.25362e-06 -4.1507e-09 0
          1.23364e-06 -4.56545e-09 0 1.21328e-06 -4.98816e-09 0 1.203e-06 -5.30702e-09 0 0.00133079 -1.99084e-05 0
          0.000873201 -1.73184e-05 0 0.000317434 -1.16561e-05 0 0.000178671 -6.81226e-06 0 0.000117361 -3.82108e-06 0
          8.48107e-05 -2.08793e-06 0 6.57223e-05 -1.0772e-06 0 5.37497e-05 -4.90652e-07 0 4.57989e-05 -1.65536e-07 0
          4.01998e-05 -6.98136e-09 0 3.59908e-05 4.3981e-08 0 3.25954e-05 2.53091e-08 0 2.96595e-05 -3.82465e-08 0
          2.69675e-05 -1.27726e-07 0 2.43982e-05 -2.25992e-07 0 2.19012e-05 -3.16463e-07 0 1.94791e-05 -3.84224e-07 0
          1.71708e-05 -4.18697e-07 0 1.50316e-05 -4.16411e-07 0 1.31139e-05 -3.82126e-07 0 1.14524e-05 -3.27052e-07 0
          1.00556e-05 -2.64553e-07 0 8.90788e-06 -2.0557e-07 0 7.97675e-06 -1.5618e-07 0 7.22331e-06 -1.17901e-07 0
          6.60997e-06 -8.9493e-08 0 6.1049e-06 -6.87491e-08 0 5.68316e-06 -5.35537e-08 0 5.32602e-06 -4.22648e-08 0
          5.01965e-06 -3.37258e-08 0 4.75378e-06 -2.71525e-08 0 4.52071e-06 -2.20156e-08 0 4.31456e-06 -1.79513e-08 0
          4.13076e-06 -1.47039e-08 0 3.96572e-06 -1.20886e-08 0 3.81654e-06 -9.96888e-09 0 3.6809e-06 -8.24183e-09 0
          3.55689e-06 -6.82862e-09 0 3.44295e-06 -5.66803e-09 0 3.33779e-06 -4.71201e-09 0 3.2403e-06 -3.92248e-09 0
          3.14957e-06 -3.26903e-09 0 3.06484e-06 -2.72719e-09 0 2.98543e-06 -2.27718e-09 0 2.9108e-06 -1.90293e-09 0
          2.84045e-06 -1.59132e-09 0 2.77397e-06 -1.3316e-09 0 2.71099e-06 -1.11496e-09 0 2.65121e-06 -9.34107e-10 0
          2.59434e-06 -7.83051e-10 0 2.54014e-06 -6.56825e-10 0 2.48839e-06 -5.51315e-10 0 2.43892e-06 -4.63107e-10 0
          2.39155e-06 -3.89368e-10 0 2.34613e-06 -3.27741e-10 0 2.30252e-06 -2.76267e-10 0 2.2606e-06 -2.33318e-10 0
          2.22027e-06 -1.97539e-10 0 2.18143e-06 -1.67804e-10 0 2.14398e-06 -1.43179e-10 0 2.10784e-06 -1.22894e-10 0
          2.07295e-06 -1.0631e-10 0 2.03921e-06 -9.2907e-11 0 2.00659e-06 -8.22605e-11 0 1.97501e-06 -7.40312e-11 0
          1.94442e-06 -6.7952e-11 0 1.91477e-06 -6.38203e-11 0 1.88601e-06 -6.149e-11 0 1.8581e-06 -6.08672e-11 0
          1.831e-06 -6.19055e-11 0 1.80465e-06 -6.46043e-11 0 1.77904e-06 -6.90075e-11 0 1.75412e-06 -7.52027e-11 0
          1.72985e-06 -8.33228e-11 0 1.7062e-06 -9.35473e-11 0 1.68315e-06 -1.06105e-10 0 1.66065e-06 -1.21277e-10 0
          1.63867e-06 -1.39401e-10 0 1.61719e-06 -1.60875e-10 0 1.59616e-06 -1.86161e-10 0 1.57557e-06 -2.15791e-10 0
          1.55536e-06 -2.50366e-10 0 1.53552e-06 -2.90564e-10 0 1.516e-06 -3.3713e-10 0 1.49677e-06 -3.90882e-10 0
          1.47779e-06 -4.52692e-10 0 1.45901e-06 -5.23476e-10 0 1.44039e-06 -6.0417e-10 0 1.42189e-06 -6.95692e-10 0
          1.40346e-06 -7.98904e-10 0 1.38505e-06 -9.14551e-10 0 1.36661e-06 -1.0432e-09 0 1.34808e-06 -1.18516e-09 0
          1.32942e-06 -1.34043e-09 0 1.31057e-06 -1.50859e-09 0 1.2915e-06 -1.68877e-09 0 1.27215e-06 -1.87961e-09 0
          1.25248e-06 -2.07927e-09 0 1.23248e-06 -2.28544e-09 0 1.21211e-06 -2.49548e-09 0 1.20184e-06 -2.65388e-09 0
          0.0013349 -8.74202e-06 0 0.000879548 -7.82297e-06 0 0.000325389 -5.61375e-06 0 0.000184689 -3.45139e-06 0
          0.000121241 -1.96349e-06 0 8.74515e-05 -1.0663e-06 0 6.77953e-05 -5.36901e-07 0 5.56455e-05 -2.27894e-07 0
          4.77329e-05 -5.61818e-08 0 4.22773e-05 2.71055e-08 0 3.82442e-05 5.2685e-08 0 3.50073e-05 4.03996e-08 0
          3.2177e-05 3.16518e-09 0 2.95102e-05 -4.92246e-08 0 2.68666e-05 -1.07632e-07 0 2.41881e-05 -1.62762e-07 0
          2.14861e-05 -2.05666e-07 0 1.88266e-05 -2.29392e-07 0 1.63072e-05 -2.31001e-07 0 1.40282e-05 -2.12743e-07 0
          1.20621e-05 -1.81299e-07 0 1.04367e-05 -1.45067e-07 0 9.13465e-06 -1.11019e-07 0 8.10842e-06 -8.29458e-08 0
          7.30026e-06 -6.16541e-08 0 6.65663e-06 -4.62207e-08 0 6.13482e-06 -3.51931e-08 0 5.70352e-06 -2.72553e-08 0
          5.34058e-06 -2.14319e-08 0 5.03044e-06 -1.70634e-08 0 4.76198e-06 -1.37181e-08 0 4.52703e-06 -1.11121e-08 0
          4.31949e-06 -9.0546e-09 0 4.13463e-06 -7.4129e-09 0 3.96876e-06 -6.09206e-09 0 3.81894e-06 -5.02231e-09 0
          3.68278e-06 -4.15121e-09 0 3.55837e-06 -3.43873e-09 0 3.44411e-06 -2.85383e-09 0 3.33867e-06 -2.37216e-09 0
          3.24097e-06 -1.97448e-09 0 3.15007e-06 -1.6454e-09 0 3.06519e-06 -1.37257e-09 0 2.98567e-06 -1.14601e-09 0
          2.91094e-06 -9.57616e-10 0 2.84052e-06 -8.00768e-10 0 2.77398e-06 -6.70051e-10 0 2.71095e-06 -5.61018e-10 0
          2.65112e-06 -4.70007e-10 0 2.59422e-06 -3.93993e-10 0 2.53999e-06 -3.30476e-10 0 2.48823e-06 -2.77385e-10 0
          2.43873e-06 -2.33001e-10 0 2.39135e-06 -1.95899e-10 0 2.34591e-06 -1.64892e-10 0 2.3023e-06 -1.38993e-10 0
          2.26038e-06 -1.17384e-10 0 2.22004e-06 -9.93828e-11 0 2.18119e-06 -8.44224e-11 0 2.14374e-06 -7.20336e-11 0
          2.10761e-06 -6.18276e-11 0 2.07271e-06 -5.34842e-11 0 2.03898e-06 -4.67409e-11 0 2.00635e-06 -4.13846e-11 0
          1.97477e-06 -3.72442e-11 0 1.94418e-06 -3.41857e-11 0 1.91453e-06 -3.21067e-11 0 1.88578e-06 -3.09341e-11 0
          1.85787e-06 -3.06203e-11 0 1.83076e-06 -3.11421e-11 0 1.80442e-06 -3.24991e-11 0 1.77881e-06 -3.47132e-11 0
          1.75389e-06 -3.78285e-11 0 1.72962e-06 -4.19116e-11 0 1.70597e-06 -4.70527e-11 0 1.68291e-06 -5.33666e-11 0
          1.66041e-06 -6.09943e-11 0 1.63843e-06 -7.01052e-11 0 1.61695e-06 -8.08988e-11 0 1.59592e-06 -9.36069e-11 0
          1.57532e-06 -1.08495e-10 0 1.55511e-06 -1.25866e-10 0 1.53526e-06 -1.46056e-10 0 1.51574e-06 -1.69439e-10 0
          1.49649e-06 -1.96422e-10 0 1.4775e-06 -2.2744e-10 0 1.45871e-06 -2.62948e-10 0 1.44008e-06 -3.0341e-10 0
          1.42156e-06 -3.49281e-10 0 1.40312e-06 -4.00984e-10 0 1.38469e-06 -4.58885e-10 0 1.36623e-06 -5.23258e-10 0
          1.34769e-06 -5.94253e-10 0 1.32901e-06 -6.71853e-10 0 1.31015e-06 -7.55845e-10 0 1.29106e-06 -8.45791e-10 0
          1.27169e-06 -9.41012e-10 0 1.25202e-06 -1.04059e-09 0 1.23201e-06 -1.14338e-09 0 1.21164e-06 -1.24807e-09 0
          1.20137e-06 -1.32704e-09 0
        </DataArray>
      </PointData>
      <CellData Scalars="process rank">
        <DataArray type="Float32" Name="process rank" NumberOfComponents="1" format="ascii">
          0 0 0 0 0 0 0 0 0 0 0 0
          0 0 0 0 0 0 0 0 0 0 0 0
          0 0 0 0 0 0 0 0 0 0 0 0
          0 0 0 0 0 0 0 0 0 0 0 0
          0 0 0 0 0 0 0 0 0 0 0 0
          0 0 0 0 0 0 0 0 0 0 0 0
          0 0 0 0 0 0 0 0 0 0 0 0
          0 0 0 0 0 0 0 0 0 0 0 0
          0 0 0 0 0 0 0 0 0 0 0 0
          0 0 0 0 0 0 0 0 0 0 0 0
          0 0 0 0 0 0 0 0 0 0 0 0
          0 0 0 0 0 0 0 0 0 0 0 0
          0 0 0 0 0 0 0 0 0 0 0 0
          0 0 0 0 0 0 0 0 0 0 0 0
          0 0 0 0 0 0 0 0 0 0 0 0
          0 0 0 0 0 0 0 0 0 0 0 0
          0 0 0 0 0 0 0 0 0 0 0 0
          0 0 0 0 0 0 0 0 0 0 0 0
          0 0 0 0 0 0 0 0 0 0 0 0
          0 0 0 0 0 0 0 0 0 0 0 0
          0 0 0 0 0 0 0 0 0 0 0 0
          0 0 0 0 0 0 0 0 0 0 0 0
          0 0 0 0 0 0 0 0 0 0 0 0
          0 0 0 0 0 0 0 0 0 0 0 0
          0 0 0 0 0 0 0 0 0 0 0 0
          0 0 0 0 0 0 0 0 0 0 0 0
          0 0 0 0 0 0 0 0 0 0 0 0
          0 0 0 0 0 0 0 0 0 0 0 0
          0 0 0 0 0 0 0 0 0 0 0 0
          0 0 0 0 0 0 0 0 0 0 0 0
          0 0 0 0 0 0 0 0 0 0 0 0
          0 0 0 0 0 0 0 0 0 0 0 0
          0 0 0 0 0 0 0 0 0 0 0 0
          0 0 0 0 0 0 0 0 0 0 0 0
          0 0 0 0 0 0 0 0 0 0 0 0
          0 0 0 0 0 0 0 0 0 0 0 0
          0 0 0 0 0 0 0 0 0 0 0 0
          0 0 0 0 0 0 0 0 0 0 0 0
          0 0 0 0 0 0 0 0 0 0 0 0
          0 0 0 0 0 0 0 0 0 0 0 0
          0 0 0 0 0 0 0 0 0 0 0 0
          0 0 0 0 0 0 0 0 0 0 0 0
          0 0 0 0 0 0 0 0 0 0 0 0
          0 0 0 0 0 0 0 0 0 0 0 0
          0 0 0 0 0 0 0 0 0 0 0 0
          0 0 0 0 0 0 0 0 0 0 0 0
          0 0 0 0 0 0 0 0 0 0 0 0
          0 0 0 0 0 0 0 0 0 0 0 0
          0 0 0 0 0 0 0 0 0 0 0 0
          0 0 0 0 0 0 0 0 0 0 0 0
          0 0 0 0 0 0 0 0 0 0 0 0
          0 0 0 0 0 0 0 0 0 0 0 0
          0 0 0 0 0 0 0 0 0 0 0 0
          0 0 0 0 0 0 0 0 0 0 0 0
          0 0 0 0 0 0 0 0 0 0 0 0
          0 0 0 0 0 0 0 0 0 0 0 0
          0 0 0 0 0 0 0 0 0 0 0 0
          0 0 0 0 0 0 0 0 0 0 0 0
          0 0 0 0 0 0 0 0 0 0 0 0
          0 0 0 0 0 0 0 0 0 0 0 0
          0 0 0 0 0 0 0 0 0 0 0 0
          0 0 0 0 0 0 0 0 0 0 0 0
          0 0 0 0 0 0 0 0 0 0 0 0
          0 0 0 0 0 0 0 0 0 0 0 0
          0 0 0 0 0 0 0 0 0 0 0 0
          0 0 0 0 0 0 0 0 0 0 0 0
          0 0 0 0 0 0 0 0 0 0 0 0
          0 0 0 0 0 0 0 0 0 0 0 0
          0 0 0 0 0 0 0 0 0 0 0 0
          0 0 0 0 0 0 0 0 0 0 0 0
          0 0 0 0 0 0 0 0 0 0 0 0
          0 0 0 0 0 0 0 0 0 0 0 0
          0 0 0 0 0 0 0 0 0 0 0 0
          0 0 0 0 0 0 0 0 0 0 0 0
          0 0 0 0 0 0 0 0 0 0 0 0
          0 0 0 0 0 0 0 0 0 0 0 0
          0 0 0 0 0 0 0 0 0 0 0 0
          0 0 0 0 0 0 0 0 0 0 0 0
          0 0 0 0 0 0 0 0 0 0 0 0
          0 0 0 0 0 0 0 0 0 0 0 0
          0 0 0 0 0 0 0 0 0 0 0 0
          0 0 0 0 0 0 0 0 0 0 0 0
          0 0 0 0 0 0 0 0 0 0 0 0
          0 0 0 0 0 0 0 0 0 0 0 0
          0 0 0 0 0 0 0 0 0 0 0 0
          0 0 0 0 0 0 0 0 0 0 0 0
          0 0 0 0 0 0 0 0 0 0 0 0
          0 0 0 0 0 0 0 0 0 0 0 0
          0 0 0 0 0 0 0 0 0 0 0 0
          0 0 0 0 0 0 0 0 0 0 0 0
          0 0 0 0 0 0 0 0 0 0 0 0
          0 0 0 0 0 0 0 0 0 0 0 0
          0 0 0 0 0 0 0 0 0 0 0 0
          0 0 0 0 0 0 0 0 0 0 0 0
          0 0 0 0 0 0 0 0 0 0 0 0
          0 0 0 0 0 0 0 0 0 0 0 0
          0 0 0 0 0 0 0 0 0 0 0 0
          0 0 0 0 0 0 0 0 0 0 0 0
          0 0 0 0 0 0 0 0 0 0 0 0
          0 0 0 0 0 0 0 0 0 0 0 0
          0 0 0 0 0 0 0 0 0 0 0 0
          0 0 0 0 0 0 0 0 0 0 0 0
          0 0 0 0 0 0 0 0 0 0 0 0
          0 0 0 0 0 0 0 0 0 0 0 0
          0 0 0 0 0 0 0 0 0 0 0 0
          0 0 0 0 0 0 0 0 0 0 0 0
          0 0 0 0 0 0 0 0 0 0 0 0
          0 0 0 0 0 0 0 0 0 0 0 0
          0 0 0 0 0 0 0 0 0 0 0 0
          0 0 0 0 0 0 0 0 0 0 0 0
          0 0 0 0 0 0 0 0 0 0 0 0
          0 0 0 0 0 0 0 0 0 0 0 0
          0 0 0 0 0 0 0 0 0 0 0 0
          0 0 0 0 0 0 0 0 0 0 0 0
          0 0 0 0 0 0 0 0 0 0 0 0
          0 0 0 0 0 0 0 0 0 0 0 0
          0 0 0 0 0 0 0 0 0 0 0 0
          0 0 0 0 0 0 0 0 0 0 0 0
          0 0 0 0 0 0 0 0 0 0 0 0
          0 0 0 0 0 0 0 0 0 0 0 0
          0 0 0 0 0 0 0 0 0 0 0 0
          0 0 0 0 0 0 0 0 0 0 0 0
          0 0 0 0 0 0 0 0 0 0 0 0
          0 0 0 0 0 0 0 0 0 0 0 0
          0 0 0 0 0 0 0 0 0 0 0 0
          0 0 0 0 0 0 0 0 0 0 0 0
          0 0 0 0 0 0 0 0 0 0 0 0
          0 0 0 0 0 0 0 0 0 0 0 0
          0 0 0 0 0 0 0 0 0 0 0 0
          0 0 0 0 0 0 0 0 0 0 0 0
          0 0 0 0 0 0 0 0 0 0 0 0
          0 0 0 0 0 0 0 0 0 0 0 0
          0 0 0 0 0 0 0 0 0 0 0 0
          0 0 0 0 0 0 0 0 0 0 0 0
          0 0 0 0 0 0 0 0 0 0 0 0
          0 0 0 0 0 0 0 0 0 0 0 0
          0 0 0 0 0 0 0 0 0 0 0 0
          0 0 0 0 0 0 0 0 0 0 0 0
          0 0 0 0 0 0 0 0 0 0 0 0
          0 0 0 0 0 0 0 0 0 0 0 0
          0 0 0 0 0 0 0 0 0 0 0 0
          0 0 0 0 0 0 0 0 0 0 0 0
          0 0 0 0 0 0 0 0 0 0 0 0
          0 0 0 0 0 0 0 0 0 0 0 0
          0 0 0 0 0 0 0 0 0 0 0 0
          0 0 0 0 0 0 0 0 0 0 0 0
          0 0 0 0 0 0 0 0 0 0 0 0
          0 0 0 0 0 0 0 0 0 0 0 0
          0 0 0 0 0 0 0 0 0 0 0 0
          0 0 0 0 0 0 0 0 0 0 0 0
          0 0 0 0 0 0 0 0 0 0 0 0
          0 0 0 0 0 0 0 0 0 0 0 0
          0 0 0 0 0 0 0 0 0 0 0 0
          0 0 0 0 0 0 0 0 0 0 0 0
          0 0 0 0 0 0 0 0 0 0 0 0
          0 0 0 0 0 0 0 0 0 0 0 0
          0 0 0 0 0 0 0 0 0 0 0 0
          0 0 0 0 0 0 0 0 0 0 0 0
          0 0 0 0 0 0 0 0 0 0 0 0
          0 0 0 0 0 0 0 0 0 0 0 0
          0 0 0 0 0 0 0 0 0 0 0 0
          0 0 0 0 0 0 0 0 0 0 0 0
          0 0 0 0 0 0 0 0 0 0 0 0
          0 0 0 0 0 0 0 0 0 0 0 0
          0 0 0 0 0 0 0 0 0 0 0 0
          0 0 0 0 0 0 0 0 0 0 0 0
          0 0 0 0 0 0 0 0
        </DataArray>
      </CellData>
      <Points>
        <DataArray type="Float32" Name="Coordinates" NumberOfComponents="3" format="ascii">
          0.2 0 0 10.2 0 0 0.2 3 0 10.2 3 0
          20.2 0 0 20.2 3 0 30.2 0 0 30.2 3 0
          40.2 0 0 40.2 3 0 50.2 0 0 50.2 3 0
          60.2 0 0 60.2 3 0 70.2 0 0 70.2 3 0
          80.2 0 0 80.2 3 0 90.2 0 0 90.2 3 0
          100.2 0 0 100.2 3 0 110.2 0 0 110.2 3 0
          120.2 0 0 120.2 3 0 130.2 0 0 130.2 3 0
          140.2 0 0 140.2 3 0 150.2 0 0 150.2 3 0
          160.2 0 0 160.2 3 0 170.2 0 0 170.2 3 0
          180.2 0 0 180.2 3 0 190.2 0 0 190.2 3 0
          200.2 0 0 200.2 3 0 210.2 0 0 210.2 3 0
          220.2 0 0 220.2 3 0 230.2 0 0 230.2 3 0
          240.2 0 0 240.2 3 0 250.2 0 0 250.2 3 0
          260.2 0 0 260.2 3 0 270.2 0 0 270.2 3 0
          280.2 0 0 280.2 3 0 290.2 0 0 290.2 3 0
          300.2 0 0 300.2 3 0 310.2 0 0 310.2 3 0
          320.2 0 0 320.2 3 0 330.2 0 0 330.2 3 0
          340.2 0 0 340.2 3 0 350.2 0 0 350.2 3 0
          360.2 0 0 360.2 3 0 370.2 0 0 370.2 3 0
          380.2 0 0 380.2 3 0 390.2 0 0 390.2 3 0
          400.2 0 0 400.2 3 0 410.2 0 0 410.2 3 0
          420.2 0 0 420.2 3 0 430.2 0 0 430.2 3 0
          440.2 0 0 440.2 3 0 450.2 0 0 450.2 3 0
          460.2 0 0 460.2 3 0 470.2 0 0 470.2 3 0
          480.2 0 0 480.2 3 0 490.2 0 0 490.2 3 0
          500.2 0 0 500.2 3 0 510.2 0 0 510.2 3 0
          520.2 0 0 520.2 3 0 530.2 0 0 530.2 3 0
          540.2 0 0 540.2 3 0 550.2 0 0 550.2 3 0
          560.2 0 0 560.2 3 0 570.2 0 0 570.2 3 0
          580.2 0 0 580.2 3 0 590.2 0 0 590.2 3 0
          600.2 0 0 600.2 3 0 610.2 0 0 610.2 3 0
          620.2 0 0 620.2 3 0 630.2 0 0 630.2 3 0
          640.2 0 0 640.2 3 0 650.2 0 0 650.2 3 0
          660.2 0 0 660.2 3 0 670.2 0 0 670.2 3 0
          680.2 0 0 680.2 3 0 690.2 0 0 690.2 3 0
          700.2 0 0 700.2 3 0 710.2 0 0 710.2 3 0
          720.2 0 0 720.2 3 0 730.2 0 0 730.2 3 0
          740.2 0 0 740.2 3 0 750.2 0 0 750.2 3 0
          760.2 0 0 760.2 3 0 770.2 0 0 770.2 3 0
          780.2 0 0 780.2 3 0 790.2 0 0 790.2 3 0
          800.2 0 0 800.2 3 0 810.2 0 0 810.2 3 0
          820.2 0 0 820.2 3 0 830.2 0 0 830.2 3 0
          840.2 0 0 840.2 3 0 850.2 0 0 850.2 3 0
          860.2 0 0 860.2 3 0 870.2 0 0 870.2 3 0
          880.2 0 0 880.2 3 0 890.2 0 0 890.2 3 0
          900.2 0 0 900.2 3 0 910.2 0 0 910.2 3 0
          920.2 0 0 920.2 3 0 930.2 0 0 930.2 3 0
          940.2 0 0 940.2 3 0 950.2 0 0 950.2 3 0
          960.2 0 0 960.2 3 0 970.2 0 0 970.2 3 0
          980.2 0 0 980.2 3 0 990.2 0 0 990.2 3 0
          1000.2 0 0 1000.2 3 0 0.2 6 0 10.2 6 0
          20.2 6 0 30.2 6 0 40.2 6 0 50.2 6 0
          60.2 6 0 70.2 6 0 80.2 6 0 90.2 6 0
          100.2 6 0 110.2 6 0 120.2 6 0 130.2 6 0
          140.2 6 0 150.2 6 0 160.2 6 0 170.2 6 0
          180.2 6 0 190.2 6 0 200.2 6 0 210.2 6 0
          220.2 6 0 230.2 6 0 240.2 6 0 250.2 6 0
          260.2 6 0 270.2 6 0 280.2 6 0 290.2 6 0
          300.2 6 0 310.2 6 0 320.2 6 0 330.2 6 0
          340.2 6 0 350.2 6 0 360.2 6 0 370.2 6 0
          380.2 6 0 390.2 6 0 400.2 6 0 410.2 6 0
          420.2 6 0 430.2 6 0 440.2 6 0 450.2 6 0
          460.2 6 0 470.2 6 0 480.2 6 0 490.2 6 0
          500.2 6 0 510.2 6 0 520.2 6 0 530.2 6 0
          540.2 6 0 550.2 6 0 560.2 6 0 570.2 6 0
          580.2 6 0 590.2 6 0 600.2 6 0 610.2 6 0
          620.2 6 0 630.2 6 0 640.2 6 0 650.2 6 0
          660.2 6 0 670.2 6 0 680.2 6 0 690.2 6 0
          700.2 6 0 710.2 6 0 720.2 6 0 730.2 6 0
          740.2 6 0 750.2 6 0 760.2 6 0 770.2 6 0
          780.2 6 0 790.2 6 0 800.2 6 0 810.2 6 0
          820.2 6 0 830.2 6 0 840.2 6 0 850.2 6 0
          860.2 6 0 870.2 6 0 880.2 6 0 890.2 6 0
          900.2 6 0 910.2 6 0 920.2 6 0 930.2 6 0
          940.2 6 0 950.2 6 0 960.2 6 0 970.2 6 0
          980.2 6 0 990.2 6 0 1000.2 6 0 0.2 9 0
          10.2 9 0 20.2 9 0 30.2 9 0 40.2 9 0
          50.2 9 0 60.2 9 0 70.2 9 0 80.2 9 0
          90.2 9 0 100.2 9 0 110.2 9 0 120.2 9 0
          130.2 9 0 140.2 9 0 150.2 9 0 160.2 9 0
          170.2 9 0 180.2 9 0 190.2 9 0 200.2 9 0
          210.2 9 0 220.2 9 0 230.2 9 0 240.2 9 0
          250.2 9 0 260.2 9 0 270.2 9 0 280.2 9 0
          290.2 9 0 300.2 9 0 310.2 9 0 320.2 9 0
          330.2 9 0 340.2 9 0 350.2 9 0 360.2 9 0
          370.2 9 0 380.2 9 0 390.2 9 0 400.2 9 0
          410.2 9 0 420.2 9 0 430.2 9 0 440.2 9 0
          450.2 9 0 460.2 9 0 470.2 9 0 480.2 9 0
          490.2 9 0 500.2 9 0 510.2 9 0 520.2 9 0
          530.2 9 0 540.2 9 0 550.2 9 0 560.2 9 0
          570.2 9 0 580.2 9 0 590.2 9 0 600.2 9 0
          610.2 9 0 620.2 9 0 630.2 9 0 640.2 9 0
          650.2 9 0 660.2 9 0 670.2 9 0 680.2 9 0
          690.2 9 0 700.2 9 0 710.2 9 0 720.2 9 0
          730.2 9 0 740.2 9 0 750.2 9 0 760.2 9 0
          770.2 9 0 780.2 9 0 790.2 9 0 800.2 9 0
          810.2 9 0 820.2 9 0 830.2 9 0 840.2 9 0
          850.2 9 0 860.2 9 0 870.2 9 0 880.2 9 0
          890.2 9 0 900.2 9 0 910.2 9 0 920.2 9 0
          930.2 9 0 940.2 9 0 950.2 9 0 960.2 9 0
          970.2 9 0 980.2 9 0 990.2 9 0 1000.2 9 0
          0.2 12 0 10.2 12 0 20.2 12 0 30.2 12 0
          40.2 12 0 50.2 12 0 60.2 12 0 70.2 12 0
          80.2 12 0 90.2 12 0 100.2 12 0 110.2 12 0
          120.2 12 0 130.2 12 0 140.2 12 0 150.2 12 0
          160.2 12 0 170.2 12 0 180.2 12 0 190.2 12 0
          200.2 12 0 210.2 12 0 220.2 12 0 230.2 12 0
          240.2 12 0 250.2 12 0 260.2 12 0 270.2 12 0
          280.2 12 0 290.2 12 0 300.2 12 0 310.2 12 0
          320.2 12 0 330.2 12 0 340.2 12 0 350.2 12 0
          360.2 12 0 370.2 12 0 380.2 12 0 390.2 12 0
          400.2 12 0 410.2 12 0 420.2 12 0 430.2 12 0
          440.2 12 0 450.2 12 0 460.2 12 0 470.2 12 0
          480.2 12 0 490.2 12 0 500.2 12 0 510.2 12 0
          520.2 12 0 530.2 12 0 540.2 12 0 550.2 12 0
          560.2 12 0 570.2 12 0 580.2 12 0 590.2 12 0
          600.2 12 0 610.2 12 0 620.2 12 0 630.2 12 0
          640.2 12 0 650.2 12 0 660.2 12 0 670.2 12 0
          680.2 12 0 690.2 12 0 700.2 12 0 710.2 12 0
          720.2 12 0 730.2 12 0 740.2 12 0 750.2 12 0
          760.2 12 0 770.2 12 0 780.2 12 0 790.2 12 0
          800.2 12 0 810.2 12 0 820.2 12 0 830.2 12 0
          840.2 12 0 850.2 12 0 860.2 12 0 870.2 12 0
          880.2 12 0 890.2 12 0 900.2 12 0 910.2 12 0
          920.2 12 0 930.2 12 0 940.2 12 0 950.2 12 0
          960.2 12 0 970.2 12 0 980.2 12 0 990.2 12 0
          1000.2 12 0 0.2 15 0 10.2 15 0 20.2 15 0
          30.2 15 0 40.2 15 0 50.2 15 0 60.2 15 0
          70.2 15 0 80.2 15 0 90.2 15 0 100.2 15 0
          110.2 15 0 120.2 15 0 130.2 15 0 140.2 15 0
          150.2 15 0 160.2 15 0 170.2 15 0 180.2 15 0
          190.2 15 0 200.2 15 0 210.2 15 0 220.2 15 0
          230.2 15 0 240.2 15 0 250.2 15 0 260.2 15 0
          270.2 15 0 280.2 15 0 290.2 15 0 300.2 15 0
          310.2 15 0 320.2 15 0 330.2 15 0 340.2 15 0
          350.2 15 0 360.2 15 0 370.2 15 0 380.2 15 0
          390.2 15 0 400.2 15 0 410.2 15 0 420.2 15 0
          430.2 15 0 440.2 15 0 450.2 15 0 460.2 15 0
          470.2 15 0 480.2 15 0 490.2 15 0 500.2 15 0
          510.2 15 0 520.2 15 0 530.2 15 0 540.2 15 0
          550.2 15 0 560.2 15 0 570.2 15 0 580.2 15 0
          590.2 15 0 600.2 15 0 610.2 15 0 620.2 15 0
          630.2 15 0 640.2 15 0 650.2 15 0 660.2 15 0
          670.2 15 0 680.2 15 0 690.2 15 0 700.2 15 0
          710.2 15 0 720.2 15 0 730.2 15 0 740.2 15 0
          750.2 15 0 760.2 15 0 770.2 15 0 780.2 15 0
          790.2 15 0 800.2 15 0 810.2 15 0 820.2 15 0
          830.2 15 0 840.2 15 0 850.2 15 0 860.2 15 0
          870.2 15 0 880.2 15 0 890.2 15 0 900.2 15 0
          910.2 15 0 920.2 15 0 930.2 15 0 940.2 15 0
          950.2 15 0 960.2 15 0 970.2 15 0 980.2 15 0
          990.2 15 0 1000.2 15 0 0.2 18 0 10.2 18 0
          20.2 18 0 30.2 18 0 40.2 18 0 50.2 18 0
          60.2 18 0 70.2 18 0 80.2 18 0 90.2 18 0
          100.2 18 0 110.2 18 0 120.2 18 0 130.2 18 0
          140.2 18 0 150.2 18 0 160.2 18 0 170.2 18 0
          180.2 18 0 190.2 18 0 200.2 18 0 210.2 18 0
          220.2 18 0 230.2 18 0 240.2 18 0 250.2 18 0
          260.2 18 0 270.2 18 0 280.2 18 0 290.2 18 0
          300.2 18 0 310.2 18 0 320.2 18 0 330.2 18 0
          340.2 18 0 350.2 18 0 360.2 18 0 370.2 18 0
          380.2 18 0 390.2 18 0 400.2 18 0 410.2 18 0
          420.2 18 0 430.2 18 0 440.2 18 0 450.2 18 0
          460.2 18 0 470.2 18 0 480.2 18 0 490.2 18 0
          500.2 18 0 510.2 18 0 520.2 18 0 530.2 18 0
          540.2 18 0 550.2 18 0 560.2 18 0 570.2 18 0
          580.2 18 0 590.2 18 0 600.2 18 0 610.2 18 0
          620.2 18 0 630.2 18 0 640.2 18 0 650.2 18 0
          660.2 18 0 670.2 18 0 680.2 18 0 690.2 18 0
          700.2 18 0 710.2 18 0 720.2 18 0 730.2 18 0
          740.2 18 0 750.2 18 0 760.2 18 0 770.2 18 0
          780.2 18 0 790.2 18 0 800.2 18 0 810.2 18 0
          820.2 18 0 830.2 18 0 840.2 18 0 850.2 18 0
          860.2 18 0 870.2 18 0 880.2 18 0 890.2 18 0
          900.2 18 0 910.2 18 0 920.2 18 0 930.2 18 0
          940.2 18 0 950.2 18 0 960.2 18 0 970.2 18 0
          980.2 18 0 990.2 18 0 1000.2 18 0 0.2 21 0
          10.2 21 0 20.2 21 0 30.2 21 0 40.2 21 0
          50.2 21 0 60.2 21 0 70.2 21 0 80.2 21 0
          90.2 21 0 100.2 21 0 110.2 21 0 120.2 21 0
          130.2 21 0 140.2 21 0 150.2 21 0 160.2 21 0
          170.2 21 0 180.2 21 0 190.2 21 0 200.2 21 0
          210.2 21 0 220.2 21 0 230.2 21 0 240.2 21 0
          250.2 21 0 260.2 21 0 270.2 21 0 280.2 21 0
          290.2 21 0 300.2 21 0 310.2 21 0 320.2 21 0
          330.2 21 0 340.2 21 0 350.2 21 0 360.2 21 0
          370.2 21 0 380.2 21 0 390.2 21 0 400.2 21 0
          410.2 21 0 420.2 21 0 430.2 21 0 440.2 21 0
          450.2 21 0 460.2 21 0 470.2 21 0 480.2 21 0
          490.2 21 0 500.2 21 0 510.2 21 0 520.2 21 0
          530.2 21 0 540.2 21 0 550.2 21 0 560.2 21 0
          570.2 21 0 580.2 21 0 590.2 21 0 600.2 21 0
          610.2 21 0 620.2 21 0 630.2 21 0 640.2 21 0
          650.2 21 0 660.2 21 0 670.2 21 0 680.2 21 0
          690.2 21 0 700.2 21 0 710.2 21 0 720.2 21 0
          730.2 21 0 740.2 21 0 750.2 21 0 760.2 21 0
          770.2 21 0 780.2 21 0 790.2 21 0 800.2 21 0
          810.2 21 0 820.2 21 0 830.2 21 0 840.2 21 0
          850.2 21 0 860.2 21 0 870.2 21 0 880.2 21 0
          890.2 21 0 900.2 21 0 910.2 21 0 920.2 21 0
          930.2 21 0 940.2 21 0 950.2 21 0 960.2 21 0
          970.2 21 0 980.2 21 0 990.2 21 0 1000.2 21 0
          0.2 24 0 10.2 24 0 20.2 24 0 30.2 24 0
          40.2 24 0 50.2 24 0 60.2 24 0 70.2 24 0
          80.2 24 0 90.2 24 0 100.2 24 0 110.2 24 0
          120.2 24 0 130.2 24 0 140.2 24 0 150.2 24 0
          160.2 24 0 170.2 24 0 180.2 24 0 190.2 24 0
          200.2 24 0 210.2 24 0 220.2 24 0 230.2 24 0
          240.2 24 0 250.2 24 0 260.2 24 0 270.2 24 0
          280.2 24 0 290.2 24 0 300.2 24 0 310.2 24 0
          320.2 24 0 330.2 24 0 340.2 24 0 350.2 24 0
          360.2 24 0 370.2 24 0 380.2 24 0 390.2 24 0
          400.2 24 0 410.2 24 0 420.2 24 0 430.2 24 0
          440.2 24 0 450.2 24 0 460.2 24 0 470.2 24 0
          480.2 24 0 490.2 24 0 500.2 24 0 510.2 24 0
          520.2 24 0 530.2 24 0 540.2 24 0 550.2 24 0
          560.2 24 0 570.2 24 0 580.2 24 0 590.2 24 0
          600.2 24 0 610.2 24 0 620.2 24 0 630.2 24 0
          640.2 24 0 650.2 24 0 660.2 24 0 670.2 24 0
          680.2 24 0 690.2 24 0 700.2 24 0 710.2 24 0
          720.2 24 0 730.2 24 0 740.2 24 0 750.2 24 0
          760.2 24 0 770.2 24 0 780.2 24 0 790.2 24 0
          800.2 24 0 810.2 24 0 820.2 24 0 830.2 24 0
          840.2 24 0 850.2 24 0 860.2 24 0 870.2 24 0
          880.2 24 0 890.2 24 0 900.2 24 0 910.2 24 0
          920.2 24 0 930.2 24 0 940.2 24 0 950.2 24 0
          960.2 24 0 970.2 24 0 980.2 24 0 990.2 24 0
          1000.2 24 0 0.2 27 0 10.2 27 0 20.2 27 0
          30.2 27 0 40.2 27 0 50.2 27 0 60.2 27 0
          70.2 27 0 80.2 27 0 90.2 27 0 100.2 27 0
          110.2 27 0 120.2 27 0 130.2 27 0 140.2 27 0
          150.2 27 0 160.2 27 0 170.2 27 0 180.2 27 0
          190.2 27 0 200.2 27 0 210.2 27 0 220.2 27 0
          230.2 27 0 240.2 27 0 250.2 27 0 260.2 27 0
          270.2 27 0 280.2 27 0 290.2 27 0 300.2 27 0
          310.2 27 0 320.2 27 0 330.2 27 0 340.2 27 0
          350.2 27 0 360.2 27 0 370.2 27 0 380.2 27 0
          390.2 27 0 400.2 27 0 410.2 27 0 420.2 27 0
          430.2 27 0 440.2 27 0 450.2 27 0 460.2 27 0
          470.2 27 0 480.2 27 0 490.2 27 0 500.2 27 0
          510.2 27 0 520.2 27 0 530.2 27 0 540.2 27 0
          550.2 27 0 560.2 27 0 570.2 27 0 580.2 27 0
          590.2 27 0 600.2 27 0 610.2 27 0 620.2 27 0
          630.2 27 0 640.2 27 0 650.2 27 0 660.2 27 0
          670.2 27 0 680.2 27 0 690.2 27 0 700.2 27 0
          710.2 27 0 720.2 27 0 730.2 27 0 740.2 27 0
          750.2 27 0 760.2 27 0 770.2 27 0 780.2 27 0
          790.2 27 0 800.2 27 0 810.2 27 0 820.2 27 0
          830.2 27 0 840.2 27 0 850.2 27 0 860.2 27 0
          870.2 27 0 880.2 27 0 890.2 27 0 900.2 27 0
          910.2 27 0 920.2 27 0 930.2 27 0 940.2 27 0
          950.2 27 0 960.2 27 0 970.2 27 0 980.2 27 0
          990.2 27 0 1000.2 27 0 0.2 30 0 10.2 30 0
          20.2 30 0 30.2 30 0 40.2 30 0 50.2 30 0
          60.2 30 0 70.2 30 0 80.2 30 0 90.2 30 0
          100.2 30 0 110.2 30 0 120.2 30 0 130.2 30 0
          140.2 30 0 150.2 30 0 160.2 30 0 170.2 30 0
          180.2 30 0 190.2 30 0 200.2 30 0 210.2 30 0
          220.2 30 0 230.2 30 0 240.2 30 0 250.2 30 0
          260.2 30 0 270.2 30 0 280.2 30 0 290.2 30 0
          300.2 30 0 310.2 30 0 320.2 30 0 330.2 30 0
          340.2 30 0 350.2 30 0 360.2 30 0 370.2 30 0
          380.2 30 0 390.2 30 0 400.2 30 0 410.2 30 0
          420.2 30 0 430.2 30 0 440.2 30 0 450.2 30 0
          460.2 30 0 470.2 30 0 480.2 30 0 490.2 30 0
          500.2 30 0 510.2 30 0 520.2 30 0 530.2 30 0
          540.2 30 0 550.2 30 0 560.2 30 0 570.2 30 0
          580.2 30 0 590.2 30 0 600.2 30 0 610.2 30 0
          620.2 30 0 630.2 30 0 640.2 30 0 650.2 30 0
          660.2 30 0 670.2 30 0 680.2 30 0 690.2 30 0
          700.2 30 0 710.2 30 0 720.2 30 0 730.2 30 0
          740.2 30 0 750.2 30 0 760.2 30 0 770.2 30 0
          780.2 30 0 790.2 30 0 800.2 30 0 810.2 30 0
          820.2 30 0 830.2 30 0 840.2 30 0 850.2 30 0
          860.2 30 0 870.2 30 0 880.2 30 0 890.2 30 0
          900.2 30 0 910.2 30 0 920.2 30 0 930.2 30 0
          940.2 30 0 950.2 30 0 960.2 30 0 970.2 30 0
          980.2 30 0 990.2 30 0 1000.2 30 0 0.2 33 0
          10.2 33 0 20.2 33 0 30.2 33 0 40.2 33 0
          50.2 33 0 60.2 33 0 70.2 33 0 80.2 33 0
          90.2 33 0 100.2 33 0 110.2 33 0 120.2 33 0
          130.2 33 0 140.2 33 0 150.2 33 0 160.2 33 0
          170.2 33 0 180.2 33 0 190.2 33 0 200.2 33 0
          210.2 33 0 220.2 33 0 230.2 33 0 240.2 33 0
          250.2 33 0 260.2 33 0 270.2 33 0 280.2 33 0
          290.2 33 0 300.2 33 0 310.2 33 0 320.2 33 0
          330.2 33 0 340.2 33 0 350.2 33 0 360.2 33 0
          370.2 33 0 380.2 33 0 390.2 33 0 400.2 33 0
          410.2 33 0 420.2 33 0 430.2 33 0 440.2 33 0
          450.2 33 0 460.2 33 0 470.2 33 0 480.2 33 0
          490.2 33 0 500.2 33 0 510.2 33 0 520.2 33 0
          530.2 33 0 540.2 33 0 550.2 33 0 560.2 33 0
          570.2 33 0 580.2 33 0 590.2 33 0 600.2 33 0
          610.2 33 0 620.2 33 0 630.2 33 0 640.2 33 0
          650.2 33 0 660.2 33 0 670.2 33 0 680.2 33 0
          690.2 33 0 700.2 33 0 710.2 33 0 720.2 33 0
          730.2 33 0 740.2 33 0 750.2 33 0 760.2 33 0
          770.2 33 0 780.2 33 0 790.2 33 0 800.2 33 0
          810.2 33 0 820.2 33 0 830.2 33 0 840.2 33 0
          850.2 33 0 860.2 33 0 870.2 33 0 880.2 33 0
          890.2 33 0 900.2 33 0 910.2 33 0 920.2 33 0
          930.2 33 0 940.2 33 0 950.2 33 0 960.2 33 0
          970.2 33 0 980.2 33 0 990.2 33 0 1000.2 33 0
          0.2 36 0 10.2 36 0 20.2 36 0 30.2 36 0
          40.2 36 0 50.2 36 0 60.2 36 0 70.2 36 0
          80.2 36 0 90.2 36 0 100.2 36 0 110.2 36 0
          120.2 36 0 130.2 36 0 140.2 36 0 150.2 36 0
          160.2 36 0 170.2 36 0 180.2 36 0 190.2 36 0
          200.2 36 0 210.2 36 0 220.2 36 0 230.2 36 0
          240.2 36 0 250.2 36 0 260.2 36 0 270.2 36 0
          280.2 36 0 290.2 36 0 300.2 36 0 310.2 36 0
          320.2 36 0 330.2 36 0 340.2 36 0 350.2 36 0
          360.2 36 0 370.2 36 0 380.2 36 0 390.2 36 0
          400.2 36 0 410.2 36 0 420.2 36 0 430.2 36 0
          440.2 36 0 450.2 36 0 460.2 36 0 470.2 36 0
          480.2 36 0 490.2 36 0 500.2 36 0 510.2 36 0
          520.2 36 0 530.2 36 0 540.2 36 0 550.2 36 0
          560.2 36 0 570.2 36 0 580.2 36 0 590.2 36 0
          600.2 36 0 610.2 36 0 620.2 36 0 630.2 36 0
          640.2 36 0 650.2 36 0 660.2 36 0 670.2 36 0
          680.2 36 0 690.2 36 0 700.2 36 0 710.2 36 0
          720.2 36 0 730.2 36 0 740.2 36 0 750.2 36 0
          760.2 36 0 770.2 36 0 780.2 36 0 790.2 36 0
          800.2 36 0 810.2 36 0 820.2 36 0 830.2 36 0
          840.2 36 0 850.2 36 0 860.2 36 0 870.2 36 0
          880.2 36 0 890.2 36 0 900.2 36 0 910.2 36 0
          920.2 36 0 930.2 36 0 940.2 36 0 950.2 36 0
          960.2 36 0 970.2 36 0 980.2 36 0 990.2 36 0
          1000.2 36 0 0.2 39 0 10.2 39 0 20.2 39 0
          30.2 39 0 40.2 39 0 50.2 39 0 60.2 39 0
          70.2 39 0 80.2 39 0 90.2 39 0 100.2 39 0
          110.2 39 0 120.2 39 0 130.2 39 0 140.2 39 0
          150.2 39 0 160.2 39 0 170.2 39 0 180.2 39 0
          190.2 39 0 200.2 39 0 210.2 39 0 220.2 39 0
          230.2 39 0 240.2 39 0 250.2 39 0 260.2 39 0
          270.2 39 0 280.2 39 0 290.2 39 0 300.2 39 0
          310.2 39 0 320.2 39 0 330.2 39 0 340.2 39 0
          350.2 39 0 360.2 39 0 370.2 39 0 380.2 39 0
          390.2 39 0 400.2 39 0 410.2 39 0 420.2 39 0
          430.2 39 0 440.2 39 0 450.2 39 0 460.2 39 0
          470.2 39 0 480.2 39 0 490.2 39 0 500.2 39 0
          510.2 39 0 520.2 39 0 530.2 39 0 540.2 39 0
          550.2 39 0 560.2 39 0 570.2 39 0 580.2 39 0
          590.2 39 0 600.2 39 0 610.2 39 0 620.2 39 0
          630.2 39 0 640.2 39 0 650.2 39 0 660.2 39 0
          670.2 39 0 680.2 39 0 690.2 39 0 700.2 39 0
          710.2 39 0 720.2 39 0 730.2 39 0 740.2 39 0
          750.2 39 0 760.2 39 0 770.2 39 0 780.2 39 0
          790.2 39 0 800.2 39 0 810.2 39 0 820.2 39 0
          830.2 39 0 840.2 39 0 850.2 39 0 860.2 39 0
          870.2 39 0 880.2 39 0 890.2 39 0 900.2 39 0
          910.2 39 0 920.2 39 0 930.2 39 0 940.2 39 0
          950.2 39 0 960.2 39 0 970.2 39 0 980.2 39 0
          990.2 39 0 1000.2 39 0 0.2 42 0 10.2 42 0
          20.2 42 0 30.2 42 0 40.2 42 0 50.2 42 0
          60.2 42 0 70.2 42 0 80.2 42 0 90.2 42 0
          100.2 42 0 110.2 42 0 120.2 42 0 130.2 42 0
          140.2 42 0 150.2 42 0 160.2 42 0 170.2 42 0
          180.2 42 0 190.2 42 0 200.2 42 0 210.2 42 0
          220.2 42 0 230.2 42 0 240.2 42 0 250.2 42 0
          260.2 42 0 270.2 42 0 280.2 42 0 290.2 42 0
          300.2 42 0 310.2 42 0 320.2 42 0 330.2 42 0
          340.2 42 0 350.2 42 0 360.2 42 0 370.2 42 0
          380.2 42 0 390.2 42 0 400.2 42 0 410.2 42 0
          420.2 42 0 430.2 42 0 440.2 42 0 450.2 42 0
          460.2 42 0 470.2 42 0 480.2 42 0 490.2 42 0
          500.2 42 0 510.2 42 0 520.2 42 0 530.2 42 0
          540.2 42 0 550.2 42 0 560.2 42 0 570.2 42 0
          580.2 42 0 590.2 42 0 600.2 42 0 610.2 42 0
          620.2 42 0 630.2 42 0 640.2 42 0 650.2 42 0
          660.2 42 0 670.2 42 0 680.2 42 0 690.2 42 0
          700.2 42 0 710.2 42 0 720.2 42 0 730.2 42 0
          740.2 42 0 750.2 42 0 760.2 42 0 770.2 42 0
          780.2 42 0 790.2 42 0 800.2 42 0 810.2 42 0
          820.2 42 0 830.2 42 0 840.2 42 0 850.2 42 0
          860.2 42 0 870.2 42 0 880.2 42 0 890.2 42 0
          900.2 42 0 910.2 42 0 920.2 42 0 930.2 42 0
          940.2 42 0 950.2 42 0 960.2 42 0 970.2 42 0
          980.2 42 0 990.2 42 0 1000.2 42 0 0.2 45 0
          10.2 45 0 20.2 45 0 30.2 45 0 40.2 45 0
          50.2 45 0 60.2 45 0 70.2 45 0 80.2 45 0
          90.2 45 0 100.2 45 0 110.2 45 0 120.2 45 0
          130.2 45 0 140.2 45 0 150.2 45 0 160.2 45 0
          170.2 45 0 180.2 45 0 190.2 45 0 200.2 45 0
          210.2 45 0 220.2 45 0 230.2 45 0 240.2 45 0
          250.2 45 0 260.2 45 0 270.2 45 0 280.2 45 0
          290.2 45 0 300.2 45 0 310.2 45 0 320.2 45 0
          330.2 45 0 340.2 45 0 350.2 45 0 360.2 45 0
          370.2 45 0 380.2 45 0 390.2 45 0 400.2 45 0
          410.2 45 0 420.2 45 0 430.2 45 0 440.2 45 0
          450.2 45 0 460.2 45 0 470.2 45 0 480.2 45 0
          490.2 45 0 500.2 45 0 510.2 45 0 520.2 45 0
          530.2 45 0 540.2 45 0 550.2 45 0 560.2 45 0
          570.2 45 0 580.2 45 0 590.2 45 0 600.2 45 0
          610.2 45 0 620.2 45 0 630.2 45 0 640.2 45 0
          650.2 45 0 660.2 45 0 670.2 45 0 680.2 45 0
          690.2 45 0 700.2 45 0 710.2 45 0 720.2 45 0
          730.2 45 0 740.2 45 0 750.2 45 0 760.2 45 0
          770.2 45 0 780.2 45 0 790.2 45 0 800.2 45 0
          810.2 45 0 820.2 45 0 830.2 45 0 840.2 45 0
          850.2 45 0 860.2 45 0 870.2 45 0 880.2 45 0
          890.2 45 0 900.2 45 0 910.2 45 0 920.2 45 0
          930.2 45 0 940.2 45 0 950.2 45 0 960.2 45 0
          970.2 45 0 980.2 45 0 990.2 45 0 1000.2 45 0
          0.2 48 0 10.2 48 0 20.2 48 0 30.2 48 0
          40.2 48 0 50.2 48 0 60.2 48 0 70.2 48 0
          80.2 48 0 90.2 48 0 100.2 48 0 110.2 48 0
          120.2 48 0 130.2 48 0 140.2 48 0 150.2 48 0
          160.2 48 0 170.2 48 0 180.2 48 0 190.2 48 0
          200.2 48 0 210.2 48 0 220.2 48 0 230.2 48 0
          240.2 48 0 250.2 48 0 260.2 48 0 270.2 48 0
          280.2 48 0 290.2 48 0 300.2 48 0 310.2 48 0
          320.2 48 0 330.2 48 0 340.2 48 0 350.2 48 0
          360.2 48 0 370.2 48 0 380.2 48 0 390.2 48 0
          400.2 48 0 410.2 48 0 420.2 48 0 430.2 48 0
          440.2 48 0 450.2 48 0 460.2 48 0 470.2 48 0
          480.2 48 0 490.2 48 0 500.2 48 0 510.2 48 0
          520.2 48 0 530.2 48 0 540.2 48 0 550.2 48 0
          560.2 48 0 570.2 48 0 580.2 48 0 590.2 48 0
          600.2 48 0 610.2 48 0 620.2 48 0 630.2 48 0
          640.2 48 0 650.2 48 0 660.2 48 0 670.2 48 0
          680.2 48 0 690.2 48 0 700.2 48 0 710.2 48 0
          720.2 48 0 730.2 48 0 740.2 48 0 750.2 48 0
          760.2 48 0 770.2 48 0 780.2 48 0 790.2 48 0
          800.2 48 0 810.2 48 0 820.2 48 0 830.2 48 0
          840.2 48 0 850.2 48 0 860.2 48 0 870.2 48 0
          880.2 48 0 890.2 48 0 900.2 48 0 910.2 48 0
          920.2 48 0 930.2 48 0 940.2 48 0 950.2 48 0
          960.2 48 0 970.2 48 0 980.2 48 0 990.2 48 0
          1000.2 48 0 0.2 51 0 10.2 51 0 20.2 51 0
          30.2 51 0 40.2 51 0 50.2 51 0 60.2 51 0
          70.2 51 0 80.2 51 0 90.2 51 0 100.2 51 0
          110.2 51 0 120.2 51 0 130.2 51 0 140.2 51 0
          150.2 51 0 160.2 51 0 170.2 51 0 180.2 51 0
          190.2 51 0 200.2 51 0 210.2 51 0 220.2 51 0
          230.2 51 0 240.2 51 0 250.2 51 0 260.2 51 0
          270.2 51 0 280.2 51 0 290.2 51 0 300.2 51 0
          310.2 51 0 320.2 51 0 330.2 51 0 340.2 51 0
          350.2 51 0 360.2 51 0 370.2 51 0 380.2 51 0
          390.2 51 0 400.2 51 0 410.2 51 0 420.2 51 0
          430.2 51 0 440.2 51 0 450.2 51 0 460.2 51 0
          470.2 51 0 480.2 51 0 490.2 51 0 500.2 51 0
          510.2 51 0 520.2 51 0 530.2 51 0 540.2 51 0
          550.2 51 0 560.2 51 0 570.2 51 0 580.2 51 0
          590.2 51 0 600.2 51 0 610.2 51 0 620.2 51 0
          630.2 51 0 640.2 51 0 650.2 51 0 660.2 51 0
          670.2 51 0 680.2 51 0 690.2 51 0 700.2 51 0
          710.2 51 0 720.2 51 0 730.2 51 0 740.2 51 0
          750.2 51 0 760.2 51 0 770.2 51 0 780.2 51 0
          790.2 51 0 800.2 51 0 810.2 51 0 820.2 51 0
          830.2 51 0 840.2 51 0 850.2 51 0 860.2 51 0
          870.2 51 0 880.2 51 0 890.2 51 0 900.2 51 0
          910.2 51 0 920.2 51 0 930.2 51 0 940.2 51 0
          950.2 51 0 960.2 51 0 970.2 51 0 980.2 51 0
          990.2 51 0 1000.2 51 0 0.2 54 0 10.2 54 0
          20.2 54 0 30.2 54 0 40.2 54 0 50.2 54 0
          60.2 54 0 70.2 54 0 80.2 54 0 90.2 54 0
          100.2 54 0 110.2 54 0 120.2 54 0 130.2 54 0
          140.2 54 0 150.2 54 0 160.2 54 0 170.2 54 0
          180.2 54 0 190.2 54 0 200.2 54 0 210.2 54 0
          220.2 54 0 230.2 54 0 240.2 54 0 250.2 54 0
          260.2 54 0 270.2 54 0 280.2 54 0 290.2 54 0
          300.2 54 0 310.2 54 0 320.2 54 0 330.2 54 0
          340.2 54 0 350.2 54 0 360.2 54 0 370.2 54 0
          380.2 54 0 390.2 54 0 400.2 54 0 410.2 54 0
          420.2 54 0 430.2 54 0 440.2 54 0 450.2 54 0
          460.2 54 0 470.2 54 0 480.2 54 0 490.2 54 0
          500.2 54 0 510.2 54 0 520.2 54 0 530.2 54 0
          540.2 54 0 550.2 54 0 560.2 54 0 570.2 54 0
          580.2 54 0 590.2 54 0 600.2 54 0 610.2 54 0
          620.2 54 0 630.2 54 0 640.2 54 0 650.2 54 0
          660.2 54 0 670.2 54 0 680.2 54 0 690.2 54 0
          700.2 54 0 710.2 54 0 720.2 54 0 730.2 54 0
          740.2 54 0 750.2 54 0 760.2 54 0 770.2 54 0
          780.2 54 0 790.2 54 0 800.2 54 0 810.2 54 0
          820.2 54 0 830.2 54 0 840.2 54 0 850.2 54 0
          860.2 54 0 870.2 54 0 880.2 54 0 890.2 54 0
          900.2 54 0 910.2 54 0 920.2 54 0 930.2 54 0
          940.2 54 0 950.2 54 0 960.2 54 0 970.2 54 0
          980.2 54 0 990.2 54 0 1000.2 54 0 0.2 57 0
          10.2 57 0 20.2 57 0 30.2 57 0 40.2 57 0
          50.2 57 0 60.2 57 0 70.2 57 0 80.2 57 0
          90.2 57 0 100.2 57 0 110.2 57 0 120.2 57 0
          130.2 57 0 140.2 57 0 150.2 57 0 160.2 57 0
          170.2 57 0 180.2 57 0 190.2 57 0 200.2 57 0
          210.2 57 0 220.2 57 0 230.2 57 0 240.2 57 0
          250.2 57 0 260.2 57 0 270.2 57 0 280.2 57 0
          290.2 57 0 300.2 57 0 310.2 57 0 320.2 57 0
          330.2 57 0 340.2 57 0 350.2 57 0 360.2 57 0
          370.2 57 0 380.2 57 0 390.2 57 0 400.2 57 0
          410.2 57 0 420.2 57 0 430.2 57 0 440.2 57 0
          450.2 57 0 460.2 57 0 470.2 57 0 480.2 57 0
          490.2 57 0 500.2 57 0 510.2 57 0 520.2 57 0
          530.2 57 0 540.2 57 0 550.2 57 0 560.2 57 0
          570.2 57 0 580.2 57 0 590.2 57 0 600.2 57 0
          610.2 57 0 620.2 57 0 630.2 57 0 640.2 57 0
          650.2 57 0 660.2 57 0 670.2 57 0 680.2 57 0
          690.2 57 0 700.2 57 0 710.2 57 0 720.2 57 0
          730.2 57 0 740.2 57 0 750.2 57 0 760.2 57 0
          770.2 57 0 780.2 57 0 790.2 57 0 800.2 57 0
          810.2 57 0 820.2 57 0 830.2 57 0 840.2 57 0
          850.2 57 0 860.2 57 0 870.2 57 0 880.2 57 0
          890.2 57 0 900.2 57 0 910.2 57 0 920.2 57 0
          930.2 57 0 940.2 57 0 950.2 57 0 960.2 57 0
          970.2 57 0 980.2 57 0 990.2 57 0 1000.2 57 0
          0.2 60 0 10.2 60 0 20.2 60 0 30.2 60 0
          40.2 60 0 50.2 60 0 60.2 60 0 70.2 60 0
          80.2 60 0 90.2 60 0 100.2 60 0 110.2 60 0
          120.2 60 0 130.2 60 0 140.2 60 0 150.2 60 0
          160.2 60 0 170.2 60 0 180.2 60 0 190.2 60 0
          200.2 60 0 210.2 60 0 220.2 60 0 230.2 60 0
          240.2 60 0 250.2 60 0 260.2 60 0 270.2 60 0
          280.2 60 0 290.2 60 0 300.2 60 0 310.2 60 0
          320.2 60 0 330.2 60 0 340.2 60 0 350.2 60 0
          360.2 60 0 370.2 60 0 380.2 60 0 390.2 60 0
          400.2 60 0 410.2 60 0 420.2 60 0 430.2 60 0
          440.2 60 0 450.2 60 0 460.2 60 0 470.2 60 0
          480.2 60 0 490.2 60 0 500.2 60 0 510.2 60 0
          520.2 60 0 530.2 60 0 540.2 60 0 550.2 60 0
          560.2 60 0 570.2 60 0 580.2 60 0 590.2 60 0
          600.2 60 0 610.2 60 0 620.2 60 0 630.2 60 0
          640.2 60 0 650.2 60 0 660.2 60 0 670.2 60 0
          680.2 60 0 690.2 60 0 700.2 60 0 710.2 60 0
          720.2 60 0 730.2 60 0 740.2 60 0 750.2 60 0
          760.2 60 0 770.2 60 0 780.2 60 0 790.2 60 0
          800.2 60 0 810.2 60 0 820.2 60 0 830.2 60 0
          840.2 60 0 850.2 60 0 860.2 60 0 870.2 60 0
          880.2 60 0 890.2 60 0 900.2 60 0 910.2 60 0
          920.2 60 0 930.2 60 0 940.2 60 0 950.2 60 0
          960.2 60 0 970.2 60 0 980.2 60 0 990.2 60 0
          1000.2 60 0
        </DataArray>
      </Points>
      <Cells>
        <DataArray type="Int32" Name="connectivity" NumberOfComponents="1" format="ascii">
          0 1 3 2 1 4 5 3 4 6 7 5
          6 8 9 7 8 10 11 9 10 12 13 11
          12 14 15 13 14 16 17 15 16 18 19 17
          18 20 21 19 20 22 23 21 22 24 25 23
          24 26 27 25 26 28 29 27 28 30 31 29
          30 32 33 31 32 34 35 33 34 36 37 35
          36 38 39 37 38 40 41 39 40 42 43 41
          42 44 45 43 44 46 47 45 46 48 49 47
          48 50 51 49 50 52 53 51 52 54 55 53
          54 56 57 55 56 58 59 57 58 60 61 59
          60 62 63 61 62 64 65 63 64 66 67 65
          66 68 69 67 68 70 71 69 70 72 73 71
          72 74 75 73 74 76 77 75 76 78 79 77
          78 80 81 79 80 82 83 81 82 84 85 83
          84 86 87 85 86 88 89 87 88 90 91 89
          90 92 93 91 92 94 95 93 94 96 97 95
          96 98 99 97 98 100 101 99 100 102 103 101
          102 104 105 103 104 106 107 105 106 108 109 107
          108 110 111 109 110 112 113 111 112 114 115 113
          114 116 117 115 116 118 119 117 118 120 121 119
          120 122 123 121 122 124 125 123 124 126 127 125
          126 128 129 127 128 130 131 129 130 132 133 131
          132 134 135 133 134 136 137 135 136 138 139 137
          138 140 141 139 140 142 143 141 142 144 145 143
          144 146 147 145 146 148 149 147 148 150 151 149
          150 152 153 151 152 154 155 153 154 156 157 155
          156 158 159 157 158 160 161 159 160 162 163 161
          162 164 165 163 164 166 167 165 166 168 169 167
          168 170 171 169 170 172 173 171 172 174 175 173
          174 176 177 175 176 178 179 177 178 180 181 179
          180 182 183 181 182 184 185 183 184 186 187 185
          186 188 189 187 188 190 191 189 190 192 193 191
          192 194 195 193 194 196 197 195 196 198 199 197
          198 200 201 199 2 3 203 202 3 5 204 203
          5 7 205 204 7 9 206 205 9 11 207 206
          11 13 208 207 13 15 209 208 15 17 210 209
          17 19 211 210 19 21 212 211 21 23 213 212
          23 25 214 213 25 27 215 214 27 29 216 215
          29 31 217 216 31 33 218 217 33 35 219 218
          35 37 220 219 37 39 221 220 39 41 222 221
          41 43 223 222 43 45 224 223 45 47 225 224
          47 49 226 225 49 51 227 226 51 53 228 227
          53 55 229 228 55 57 230 229 57 59 231 230
          59 61 232 231 61 63 233 232 63 65 234 233
          65 67 235 234 67 69 236 235 69 71 237 236
          71 73 238 237 73 75 239 238 75 77 240 239
          77 79 241 240 79 81 242 241 81 83 243 242
          83 85 244 243 85 87 245 244 87 89 246 245
          89 91 247 246 91 93 248 247 93 95 249 248
          95 97 250 249 97 99 251 250 99 101 252 251
          101 103 253 252 103 105 254 253 105 107 255 254
          107 109 256 255 109 111 257 256 111 113 258 257
          113 115 259 258 115 117 260 259 117 119 261 260
          119 121 262 261 121 123 263 262 123 125 264 263
          125 127 265 264 127 129 266 265 129 131 267 266
          131 133 268 267 133 135 269 268 135 137 270 269
          137 139 271 270 139 141 272 271 141 143 273 272
          143 145 274 273 145 147 275 274 147 149 276 275
          149 151 277 276 151 153 278 277 153 155 279 278
          155 157 280 279 157 159 281 280 159 161 282 281
          161 163 283 282 163 165 284 283 165 167 285 284
          167 169 286 285 169 171 287 286 171 173 288 287
          173 175 289 288 175 177 290 289 177 179 291 290
          179 181 292 291 181 183 293 292 183 185 294 293
          185 187 295 294 187 189 296 295 189 191 297 296
          191 193 298 297 193 195 299 298 195 197 300 299
          197 199 301 300 199 201 302 301 202 203 304 303
          203 204 305 304 204 205 306 305 205 206 307 306
          206 207 308 307 207 208 309 308 208 209 310 309
          209 210 311 310 210 211 312 311 211 212 313 312
          212 213 314 313 213 214 315 314 214 215 316 315
          215 216 317 316 216 217 318 317 217 218 319 318
          218 219 320 319 219 220 321 320 220 221 322 321
          221 222 323 322 222 223 324 323 223 224 325 324
          224 225 326 325 225 226 327 326 226 227 328 327
          227 228 329 328 228 229 330 329 229 230 331 330
          230 231 332 331 231 232 333 332 232 233 334 333
          233 234 335 334 234 235 336 335 235 236 337 336
          236 237 338 337 237 238 339 338 238 239 340 339
          239 240 341 340 240 241 342 341 241 242 343 342
          242 243 344 343 243 244 345 344 244 245 346 345
          245 246 347 346 246 247 348 347 247 248 349 348
          248 249 350 349 249 250 351 350 250 251 352 351
          251 252 353 352 252 253 354 353 253 254 355 354
          254 255 356 355 255 256 357 356 256 257 358 357
          257 258 359 358 258 259 360 359 259 260 361 360
          260 261 362 361 261 262 363 362 262 263 364 363
          263 264 365 364 264 265 366 365 265 266 367 366
          266 267 368 367 267 268 369 368 268 269 370 369
          269 270 371 370 270 271 372 371 271 272 373 372
          272 273 374 373 273 274 375 374 274 275 376 375
          275 276 377 376 276 277 378 377 277 278 379 378
          278 279 380 379 279 280 381 380 280 281 382 381
          281 282 383 382 282 283 384 383 283 284 385 384
          284 285 386 385 285 286 387 386 286 287 388 387
          287 288 389 388 288 289 390 389 289 290 391 390
          290 291 392 391 291 292 393 392 292 293 394 393
          293 294 395 394 294 295 396 395 295 296 397 396
          296 297 398 397 297 298 399 398 298 299 400 399
          299 300 401 400 300 301 402 401 301 302 403 402
          303 304 405 404 304 305 406 405 305 306 407 406
          306 307 408 407 307 308 409 408 308 309 410 409
          309 310 411 410 310 311 412 411 311 312 413 412
          312 313 414 413 313 314 415 414 314 315 416 415
          315 316 417 416 316 317 418 417 317 318 419 418
          318 319 420 419 319 320 421 420 320 321 422 421
          321 322 423 422 322 323 424 423 323 324 425 424
          324 325 426 425 325 326 427 426 326 327 428 427
          327 328 429 428 328 329 430 429 329 330 431 430
          330 331 432 431 331 332 433 432 332 333 434 433
          333 334 435 434 334 335 436 435 335 336 437 436
          336 337 438 437 337 338 439 438 338 339 440 439
          339 340 441 440 340 341 442 441 341 342 443 442
          342 343 444 443 343 344 445 444 344 345 446 445
          345 346 447 446 346 347 448 447 347 348 449 448
          348 349 450 449 349 350 451 450 350 351 452 451
          351 352 453 452 352 353 454 453 353 354 455 454
          354 355 456 455 355 356 457 456 356 357 458 457
          357 358 459 458 358 359 460 459 359 360 461 460
          360 361 462 461 361 362 463 462 362 363 464 463
          363 364 465 464 364 365 466 465 365 366 467 466
          366 367 468 467 367 368 469 468 368 369 470 469
          369 370 471 470 370 371 472 471 371 372 473 472
          372 373 474 473 373 374 475 474 374 375 476 475
          375 376 477 476 376 377 478 477 377 378 479 478
          378 379 480 479 379 380 481 480 380 381 482 481
          381 382 483 482 382 383 484 483 383 384 485 484
          384 385 486 485 385 386 487 486 386 387 488 487
          387 388 489 488 388 389 490 489 389 390 491 490
          390 391 492 491 391 392 493 492 392 393 494 493
          393 394 495 494 394 395 496 495 395 396 497 496
          396 397 498 497 397 398 499 498 398 399 500 499
          399 400 501 500 400 401 502 501 401 402 503 502
          402 403 504 503 404 405 506 505 405 406 507 506
          406 407 508 507 407 408 509 508 408 409 510 509
          409 410 511 510 410 411 512 511 411 412 513 512
          412 413 514 513 413 414 515 514 414 415 516 515
          415 416 517 516 416 417 518 517 417 418 519 518
          418 419 520 519 419 420 521 520 420 421 522 521
          421 422 523 522 422 423 524 523 423 424 525 524
          424 425 526 525 425 426 527 526 426 427 528 527
          427 428 529 528 428 429 530 529 429 430 531 530
          430 431 532 531 431 432 533 532 432 433 534 533
          433 434 535 534 434 435 536 535 435 436 537 536
          436 437 538 537 437 438 539 538 438 439 540 539
          439 440 541 540 440 441 542 541 441 442 543 542
          442 443 544 543 443 444 545 544 444 445 546 545
          445 446 547 546 446 447 548 547 447 448 549 548
          448 449 550 549 449 450 551 550 450 451 552 551
          451 452 553 552 452 453 554 553 453 454 555 554
          454 455 556 555 455 456 557 556 456 457 558 557
          457 458 559 558 458 459 560 559 459 460 561 560
          460 461 562 561 461 462 563 562 462 463 564 563
          463 464 565 564 464 465 566 565 465 466 567 566
          466 467 568 567 467 468 569 568 468 469 570 569
          469 470 571 570 470 471 572 571 471 472 573 572
          472 473 574 573 473 474 575 574 474 475 576 575
          475 476 577 576 476 477 578 577 477 478 579 578
          478 479 580 579 479 480 581 580 480 481 582 581
          481 482 583 582 482 483 584 583 483 484 585 584
          484 485 586 585 485 486 587 586 486 487 588 587
          487 488 589 588 488 489 590 589 489 490 591 590
          490 491 592 591 491 492 593 592 492 493 594 593
          493 494 595 594 494 495 596 595 495 496 597 596
          496 497 598 597 497 498 599 598 498 499 600 599
          499 500 601 600 500 501 602 601 501 502 603 602
          502 503 604 603 503 504 605 604 505 506 607 606
          506 507 608 607 507 508 609 608 508 509 610 609
          509 510 611 610 510 511 612 611 511 512 613 612
          512 513 614 613 513 514 615 614 514 515 616 615
          515 516 617 616 516 517 618 617 517 518 619 618
          518 519 620 619 519 520 621 620 520 521 622 621
          521 522 623 622 522 523 624 623 523 524 625 624
          524 525 626 625 525 526 627 626 526 527 628 627
          527 528 629 628 528 529 630 629 529 530 631 630
          530 531 632 631 531 532 633 632 532 533 634 633
          533 534 635 634 534 535 636 635 535 536 637 636
          536 537 638 637 537 538 639 638 538 539 640 639
          539 540 641 640 540 541 642 641 541 542 643 642
          542 543 644 643 543 544 645 644 544 545 646 645
          545 546 647 646 546 547 648 647 547 548 649 648
          548 549 650 649 549 550 651 650 550 551 652 651
          551 552 653 652 552 553 654 653 553 554 655 654
          554 555 656 655 555 556 657 656 556 557 658 657
          557 558 659 658 558 559 660 659 559 560 661 660
          560 561 662 661 561 562 663 662 562 563 664 663
          563 564 665 664 564 565 666 665 565 566 667 666
          566 567 668 667 567 568 669 668 568 569 670 669
          569 570 671 670 570 571 672 671 571 572 673 672
          572 573 674 673 573 574 675 674 574 575 676 675
          575 576 677 676 576 577 678 677 577 578 679 678
          578 579 680 679 579 580 681 680 580 581 682 681
          581 582 683 682 582 583 684 683 583 584 685 684
          584 585 686 685 585 586 687 686 586 587 688 687
          587 588 689 688 588 589 690 689 589 590 691 690
          590 591 692 691 591 592 693 692 592 593 694 693
          593 594 695 694 594 595 696 695 595 596 697 696
          596 597 698 697 597 598 699 698 598 599 700 699
          599 600 701 700 600 601 702 701 601 602 703 702
          602 603 704 703 603 604 705 704 604 605 706 705
          606 607 708 707 607 608 709 708 608 609 710 709
          609 610 711 710 610 611 712 711 611 612 713 712
          612 613 714 713 613 614 715 714 614 615 716 715
          615 616 717 716 616 617 718 717 617 618 719 718
          618 619 720 719 619 620 721 720 620 621 722 721
          621 622 723 722 622 623 724 723 623 624 725 724
          624 625 726 725 625 626 727 726 626 627 728 727
          627 628 729 728 628 629 730 729 629 630 731 730
          630 631 732 731 631 632 733 732 632 633 734 733
          633 634 735 734 634 635 736 735 635 636 737 736
          636 637 738 737 637 638 739 738 638 639 740 739
          639 640 741 740 640 641 742 741 641 642 743 742
          642 643 744 743 643 644 745 744 644 645 746 745
          645 646 747 746 646 647 748 747 647 648 749 748
          648 649 750 749 649 650 751 750 650 651 752 751
          651 652 753 752 652 653 754 753 653 654 755 754
          654 655 756 755 655 656 757 756 656 657 758 757
          657 658 759 758 658 659 760 759 659 660 761 760
          660 661 762 761 661 662 763 762 662 663 764 763
          663 664 765 764 664 665 766 765 665 666 767 766
          666 667 768 767 667 668 769 768 668 669 770 769
          669 670 771 770 670 671 772 771 671 672 773 772
          672 673 774 773 673 674 775 774 674 675 776 775
          675 676 777 776 676 677 778 777 677 678 779 778
          678 679 780 779 679 680 781 780 680 681 782 781
          681 682 783 782 682 683 784 783 683 684 785 784
          684 685 786 785 685 686 787 786 686 687 788 787
          687 688 789 788 688 689 790 789 689 690 791 790
          690 691 792 791 691 692 793 792 692 693 794 793
          693 694 795 794 694 695 796 795 695 696 797 796
          696 697 798 797 697 698 799 798 698 699 800 799
          699 700 801 800 700 701 802 801 701 702 803 802
          702 703 804 803 703 704 805 804 704 705 806 805
          705 706 807 806 707 708 809 808 708 709 810 809
          709 710 811 810 710 711 812 811 711 712 813 812
          712 713 814 813 713 714 815 814 714 715 816 815
          715 716 817 816 716 717 818 817 717 718 819 818
          718 719 820 819 719 720 821 820 720 721 822 821
          721 722 823 822 722 723 824 823 723 724 825 824
          724 725 826 825 725 726 827 826 726 727 828 827
          727 728 829 828 728 729 830 829 729 730 831 830
          730 731 832 831 731 732 833 832 732 733 834 833
          733 734 835 834 734 735 836 835 735 736 837 836
          736 737 838 837 737 738 839 838 738 739 840 839
          739 740 841 840 740 741 842 841 741 742 843 842
          742 743 844 843 743 744 845 844 744 745 846 845
          745 746 847 846 746 747 848 847 747 748 849 848
          748 749 850 849 749 750 851 850 750 751 852 851
          751 752 853 852 752 753 854 853 753 754 855 854
          754 755 856 855 755 756 857 856 756 757 858 857
          757 758 859 858 758 759 860 859 759 760 861 860
          760 761 862 861 761 762 863 862 762 763 864 863
          763 764 865 864 764 765 866 865 765 766 867 866
          766 767 868 867 767 768 869 868 768 769 870 869
          769 770 871 870 770 771 872 871 771 772 873 872
          772 773 874 873 773 774 875 874 774 775 876 875
          775 776 877 876 776 777 878 877 777 778 879 878
          778 779 880 879 779 780 881 880 780 781 882 881
          781 782 883 882 782 783 884 883 783 784 885 884
          784 785 886 885 785 786 887 886 786 787 888 887
          787 788 889 888 788 789 890 889 789 790 891 890
          790 791 892 891 791 792 893 892 792 793 894 893
          793 794 895 894 794 795 896 895 795 796 897 896
          796 797 898 897 797 798 899 898 798 799 900 899
          799 800 901 900 800 801 902 901 801 802 903 902
          802 803 904 903 803 804 905 904 804 805 906 905
          805 806 907 906 806 807 908 907 808 809 910 909
          809 810 911 910 810 811 912 911 811 812 913 912
          812 813 914 913 813 814 915 914 814 815 916 915
          815 816 917 916 816 817 918 917 817 818 919 918
          818 819 920 919 819 820 921 920 820 821 922 921
          821 822 923 922 822 823 924 923 823 824 925 924
          824 825 926 925 825 826 927 926 826 827 928 927
          827 828 929 928 828 829 930 929 829 830 931 930
          830 831 932 931 831 832 933 932 832 833 934 933
          833 834 935 934 834 835 936 935 835 836 937 936
          836 837 938 937 837 838 939 938 838 839 940 939
          839 840 941 940 840 841 942 941 841 842 943 942
          842 843 944 943 843 844 945 944 844 845 946 945
          845 846 947 946 846 847 948 947 847 848 949 948
          848 849 950 949 849 850 951 950 850 851 952 951
          851 852 953 952 852 853 954 953 853 854 955 954
          854 855 956 955 855 856 957 956 856 857 958 957
          857 858 959 958 858 859 960 959 859 860 961 960
          860 861 962 961 861 862 963 962 862 863 964 963
          863 864 965 964 864 865 966 965 865 866 967 966
          866 867 968 967 867 868 969 968 868 869 970 969
          869 870 971 970 870 871 972 971 871 872 973 972
          872 873 974 973 873 874 975 974 874 875 976 975
          875 876 977 976 876 877 978 977 877 878 979 978
          878 879 980 979 879 880 981 980 880 881 982 981
          881 882 983 982 882 883 984 983 883 884 985 984
          884 885 986 985 885 886 987 986 886 887 988 987
          887 888 989 988 888 889 990 989 889 890 991 990
          890 891 992 991 891 892 993 992 892 893 994 993
          893 894 995 994 894 895 996 995 895 896 997 996
          896 897 998 997 897 898 999 998 898 899 1000 999
          899 900 1001 1000 900 901 1002 1001 901 902 1003 1002
          902 903 1004 1003 903 904 1005 1004 904 905 1006 1005
          905 906 1007 1006 906 907 1008 1007 907 908 1009 1008
          909 910 1011 1010 910 911 1012 1011 911 912 1013 1012
          912 913 1014 1013 913 914 1015 1014 914 915 1016 1015
          915 916 1017 1016 916 917 1018 1017 917 918 1019 1018
          918 919 1020 1019 919 920 1021 1020 920 921 1022 1021
          921 922 1023 1022 922 923 1024 1023 923 924 1025 1024
          924 925 1026 1025 925 926 1027 1026 926 927 1028 1027
          927 928 1029 1028 928 929 1030 1029 929 930 1031 1030
          930 931 1032 1031 931 932 1033 1032 932 933 1034 1033
          933 934 1035 1034 934 935 1036 1035 935 936 1037 1036
          936 937 1038 1037 937 938 1039 1038 938 939 1040 1039
          939 940 1041 1040 940 941 1042 1041 941 942 1043 1042
          942 943 1044 1043 943 944 1045 1044 944 945 1046 1045
          945 946 1047 1046 946 947 1048 1047 947 948 1049 1048
          948 949 1050 1049 949 950 1051 1050 950 951 1052 1051
          951 952 1053 1052 952 953 1054 1053 953 954 1055 1054
          954 955 1056 1055 955 956 1057 1056 956 957 1058 1057
          957 958 1059 1058 958 959 1060 1059 959 960 1061 1060
          960 961 1062 1061 961 962 1063 1062 962 963 1064 1063
          963 964 1065 1064 964 965 1066 1065 965 966 1067 1066
          966 967 1068 1067 967 968 1069 1068 968 969 1070 1069
          969 970 1071 1070 970 971 1072 1071 971 972 1073 1072
          972 973 1074 1073 973 974 1075 1074 974 975 1076 1075
          975 976 1077 1076 976 977 1078 1077 977 978 1079 1078
          978 979 1080 1079 979 980 1081 1080 980 981 1082 1081
          981 982 1083 1082 982 983 1084 1083 983 984 1085 1084
          984 985 1086 1085 985 986 1087 1086 986 987 1088 1087
          987 988 1089 1088 988 989 1090 1089 989 990 1091 1090
          990 991 1092 1091 991 992 1093 1092 992 993 1094 1093
          993 994 1095 1094 994 995 1096 1095 995 996 1097 1096
          996 997 1098 1097 997 998 1099 1098 998 999 1100 1099
          999 1000 1101 1100 1000 1001 1102 1101 1001 1002 1103 1102
          1002 1003 1104 1103 1003 1004 1105 1104 1004 1005 1106 1105
          1005 1006 1107 1106 1006 1007 1108 1107 1007 1008 1109 1108
          1008 1009 1110 1109 1010 1011 1112 1111 1011 1012 1113 1112
          1012 1013 1114 1113 1013 1014 1115 1114 1014 1015 1116 1115
          1015 1016 1117 1116 1016 1017 1118 1117 1017 1018 1119 1118
          1018 1019 1120 1119 1019 1020 1121 1120 1020 1021 1122 1121
          1021 1022 1123 1122 1022 1023 1124 1123 1023 1024 1125 1124
          1024 1025 1126 1125 1025 1026 1127 1126 1026 1027 1128 1127
          1027 1028 1129 1128 1028 1029 1130 1129 1029 1030 1131 1130
          1030 1031 1132 1131 1031 1032 1133 1132 1032 1033 1134 1133
          1033 1034 1135 1134 1034 1035 1136 1135 1035 1036 1137 1136
          1036 1037 1138 1137 1037 1038 1139 1138 1038 1039 1140 1139
          1039 1040 1141 1140 1040 1041 1142 1141 1041 1042 1143 1142
          1042 1043 1144 1143 1043 1044 1145 1144 1044 1045 1146 1145
          1045 1046 1147 1146 1046 1047 1148 1147 1047 1048 1149 1148
          1048 1049 1150 1149 1049 1050 1151 1150 1050 1051 1152 1151
          1051 1052 1153 1152 1052 1053 1154 1153 1053 1054 1155 1154
          1054 1055 1156 1155 1055 1056 1157 1156 1056 1057 1158 1157
          1057 1058 1159 1158 1058 1059 1160 1159 1059 1060 1161 1160
          1060 1061 1162 1161 1061 1062 1163 1162 1062 1063 1164 1163
          1063 1064 1165 1164 1064 1065 1166 1165 1065 1066 1167 1166
          1066 1067 1168 1167 1067 1068 1169 1168 1068 1069 1170 1169
          1069 1070 1171 1170 1070 1071 1172 1171 1071 1072 1173 1172
          1072 1073 1174 1173 1073 1074 1175 1174 1074 1075 1176 1175
          1075 1076 1177 1176 1076 1077 1178 1177 1077 1078 1179 1178
          1078 1079 1180 1179 1079 1080 1181 1180 1080 1081 1182 1181
          1081 1082 1183 1182 1082 1083 1184 1183 1083 1084 1185 1184
          1084 1085 1186 1185 1085 1086 1187 1186 1086 1087 1188 1187
          1087 1088 1189 1188 1088 1089 1190 1189 1089 1090 1191 1190
          1090 1091 1192 1191 1091 1092 1193 1192 1092 1093 1194 1193
          1093 1094 1195 1194 1094 1095 1196 1195 1095 1096 1197 1196
          1096 1097 1198 1197 1097 1098 1199 1198 1098 1099 1200 1199
          1099 1100 1201 1200 1100 1101 1202 1201 1101 1102 1203 1202
          1102 1103 1204 1203 1103 1104 1205 1204 1104 1105 1206 1205
          1105 1106 1207 1206 1106 1107 1208 1207 1107 1108 1209 1208
          1108 1109 1210 1209 1109 1110 1211 1210 1111 1112 1213 1212
          1112 1113 1214 1213 1113 1114 1215 1214 1114 1115 1216 1215
          1115 1116 1217 1216 1116 1117 1218 1217 1117 1118 1219 1218
          1118 1119 1220 1219 1119 1120 1221 1220 1120 1121 1222 1221
          1121 1122 1223 1222 1122 1123 1224 1223 1123 1124 1225 1224
          1124 1125 1226 1225 1125 1126 1227 1226 1126 1127 1228 1227
          1127 1128 1229 1228 1128 1129 1230 1229 1129 1130 1231 1230
          1130 1131 1232 1231 1131 1132 1233 1232 1132 1133 1234 1233
          1133 1134 1235 1234 1134 1135 1236 1235 1135 1136 1237 1236
          1136 1137 1238 1237 1137 1138 1239 1238 1138 1139 1240 1239
          1139 1140 1241 1240 1140 1141 1242 1241 1141 1142 1243 1242
          1142 1143 1244 1243 1143 1144 1245 1244 1144 1145 1246 1245
          1145 1146 1247 1246 1146 1147 1248 1247 1147 1148 1249 1248
          1148 1149 1250 1249 1149 1150 1251 1250 1150 1151 1252 1251
          1151 1152 1253 1252 1152 1153 1254 1253 1153 1154 1255 1254
          1154 1155 1256 1255 1155 1156 1257 1256 1156 1157 1258 1257
          1157 1158 1259 1258 1158 1159 1260 1259 1159 1160 1261 1260
          1160 1161 1262 1261 1161 1162 1263 1262 1162 1163 1264 1263
          1163 1164 1265 1264 1164 1165 1266 1265 1165 1166 1267 1266
          1166 1167 1268 1267 1167 1168 1269 1268 1168 1169 1270 1269
          1169 1170 1271 1270 1170 1171 1272 1271 1171 1172 1273 1272
          1172 1173 1274 1273 1173 1174 1275 1274 1174 1175 1276 1275
          1175 1176 1277 1276 1176 1177 1278 1277 1177 1178 1279 1278
          1178 1179 1280 1279 1179 1180 1281 1280 1180 1181 1282 1281
          1181 1182 1283 1282 1182 1183 1284 1283 1183 1184 1285 1284
          1184 1185 1286 1285 1185 1186 1287 1286 1186 1187 1288 1287
          1187 1188 1289 1288 1188 1189 1290 1289 1189 1190 1291 1290
          1190 1191 1292 1291 1191 1192 1293 1292 1192 1193 1294 1293
          1193 1194 1295 1294 1194 1195 1296 1295 1195 1196 1297 1296
          1196 1197 1298 1297 1197 1198 1299 1298 1198 1199 1300 1299
          1199 1200 1301 1300 1200 1201 1302 1301 1201 1202 1303 1302
          1202 1203 1304 1303 1203 1204 1305 1304 1204 1205 1306 1305
          1205 1206 1307 1306 1206 1207 1308 1307 1207 1208 1309 1308
          1208 1209 1310 1309 1209 1210 1311 1310 1210 1211 1312 1311
          1212 1213 1314 1313 1213 1214 1315 1314 1214 1215 1316 1315
          1215 1216 1317 1316 1216 1217 1318 1317 1217 1218 1319 1318
          1218 1219 1320 1319 1219 1220 1321 1320 1220 1221 1322 1321
          1221 1222 1323 1322 1222 1223 1324 1323 1223 1224 1325 1324
          1224 1225 1326 1325 1225 1226 1327 1326 1226 1227 1328 1327
          1227 1228 1329 1328 1228 1229 1330 1329 1229 1230 1331 1330
          1230 1231 1332 1331 1231 1232 1333 1332 1232 1233 1334 1333
          1233 1234 1335 1334 1234 1235 1336 1335 1235 1236 1337 1336
          1236 1237 1338 1337 1237 1238 1339 1338 1238 1239 1340 1339
          1239 1240 1341 1340 1240 1241 1342 1341 1241 1242 1343 1342
          1242 1243 1344 1343 1243 1244 1345 1344 1244 1245 1346 1345
          1245 1246 1347 1346 1246 1247 1348 1347 1247 1248 1349 1348
          1248 1249 1350 1349 1249 1250 1351 1350 1250 1251 1352 1351
          1251 1252 1353 1352 1252 1253 1354 1353 1253 1254 1355 1354
          1254 1255 1356 1355 1255 1256 1357 1356 1256 1257 1358 1357
          1257 1258 1359 1358 1258 1259 1360 1359 1259 1260 1361 1360
          1260 1261 1362 1361 1261 1262 1363 1362 1262 1263 1364 1363
          1263 1264 1365 1364 1264 1265 1366 1365 1265 1266 1367 1366
          1266 1267 1368 1367 1267 1268 1369 1368 1268 1269 1370 1369
          1269 1270 1371 1370 1270 1271 1372 1371 1271 1272 1373 1372
          1272 1273 1374 1373 1273 1274 1375 1374 1274 1275 1376 1375
          1275 1276 1377 1376 1276 1277 1378 1377 1277 1278 1379 1378
          1278 1279 1380 1379 1279 1280 1381 1380 1280 1281 1382 1381
          1281 1282 1383 1382 1282 1283 1384 1383 1283 1284 1385 1384
          1284 1285 1386 1385 1285 1286 1387 1386 1286 1287 1388 1387
          1287 1288 1389 1388 1288 1289 1390 1389 1289 1290 1391 1390
          1290 1291 1392 1391 1291 1292 1393 1392 1292 1293 1394 1393
          1293 1294 1395 1394 1294 1295 1396 1395 1295 1296 1397 1396
          1296 1297 1398 1397 1297 1298 1399 1398 1298 1299 1400 1399
          1299 1300 1401 1400 1300 1301 1402 1401 1301 1302 1403 1402
          1302 1303 1404 1403 1303 1304 1405 1404 1304 1305 1406 1405
          1305 1306 1407 1406 1306 1307 1408 1407 1307 1308 1409 1408
          1308 1309 1410 1409 1309 1310 1411 1410 1310 1311 1412 1411
          1311 1312 1413 1412 1313 1314 1415 1414 1314 1315 1416 1415
          1315 1316 1417 1416 1316 1317 1418 1417 1317 1318 1419 1418
          1318 1319 1420 1419 1319 1320 1421 1420 1320 1321 1422 1421
          1321 1322 1423 1422 1322 1323 1424 1423 1323 1324 1425 1424
          1324 1325 1426 1425 1325 1326 1427 1426 1326 1327 1428 1427
          1327 1328 1429 1428 1328 1329 1430 1429 1329 1330 1431 1430
          1330 1331 1432 1431 1331 1332 1433 1432 1332 1333 1434 1433
          1333 1334 1435 1434 1334 1335 1436 1435 1335 1336 1437 1436
          1336 1337 1438 1437 1337 1338 1439 1438 1338 1339 1440 1439
          1339 1340 1441 1440 1340 1341 1442 1441 1341 1342 1443 1442
          1342 1343 1444 1443 1343 1344 1445 1444 1344 1345 1446 1445
          1345 1346 1447 1446 1346 1347 1448 1447 1347 1348 1449 1448
          1348 1349 1450 1449 1349 1350 1451 1450 1350 1351 1452 1451
          1351 1352 1453 1452 1352 1353 1454 1453 1353 1354 1455 1454
          1354 1355 1456 1455 1355 1356 1457 1456 1356 1357 1458 1457
          1357 1358 1459 1458 1358 1359 1460 1459 1359 1360 1461 1460
          1360 1361 1462 1461 1361 1362 1463 1462 1362 1363 1464 1463
          1363 1364 1465 1464 1364 1365 1466 1465 1365 1366 1467 1466
          1366 1367 1468 1467 1367 1368 1469 1468 1368 1369 1470 1469
          1369 1370 1471 1470 1370 1371 1472 1471 1371 1372 1473 1472
          1372 1373 1474 1473 1373 1374 1475 1474 1374 1375 1476 1475
          1375 1376 1477 1476 1376 1377 1478 1477 1377 1378 1479 1478
          1378 1379 1480 1479 1379 1380 1481 1480 1380 1381 1482 1481
          1381 1382 1483 1482 1382 1383 1484 1483 1383 1384 1485 1484
          1384 1385 1486 1485 1385 1386 1487 1486 1386 1387 1488 1487
          1387 1388 1489 1488 1388 1389 1490 1489 1389 1390 1491 1490
          1390 1391 1492 1491 1391 1392 1493 1492 1392 1393 1494 1493
          1393 1394 1495 1494 1394 1395 1496 1495 1395 1396 1497 1496
          1396 1397 1498 1497 1397 1398 1499 1498 1398 1399 1500 1499
          1399 1400 1501 1500 1400 1401 1502 1501 1401 1402 1503 1502
          1402 1403 1504 1503 1403 1404 1505 1504 1404 1405 1506 1505
          1405 1406 1507 1506 1406 1407 1508 1507 1407 1408 1509 1508
          1408 1409 1510 1509 1409 1410 1511 1510 1410 1411 1512 1511
          1411 1412 1513 1512 1412 1413 1514 1513 1414 1415 1516 1515
          1415 1416 1517 1516 1416 1417 1518 1517 1417 1418 1519 1518
          1418 1419 1520 1519 1419 1420 1521 1520 1420 1421 1522 1521
          1421 1422 1523 1522 1422 1423 1524 1523 1423 1424 1525 1524
          1424 1425 1526 1525 1425 1426 1527 1526 1426 1427 1528 1527
          1427 1428 1529 1528 1428 1429 1530 1529 1429 1430 1531 1530
          1430 1431 1532 1531 1431 1432 1533 1532 1432 1433 1534 1533
          1433 1434 1535 1534 1434 1435 1536 1535 1435 1436 1537 1536
          1436 1437 1538 1537 1437 1438 1539 1538 1438 1439 1540 1539
          1439 1440 1541 1540 1440 1441 1542 1541 1441 1442 1543 1542
          1442 1443 1544 1543 1443 1444 1545 1544 1444 1445 1546 1545
          1445 1446 1547 1546 1446 1447 1548 1547 1447 1448 1549 1548
          1448 1449 1550 1549 1449 1450 1551 1550 1450 1451 1552 1551
          1451 1452 1553 1552 1452 1453 1554 1553 1453 1454 1555 1554
          1454 1455 1556 1555 1455 1456 1557 1556 1456 1457 1558 1557
          1457 1458 1559 1558 1458 1459 1560 1559 1459 1460 1561 1560
          1460 1461 1562 1561 1461 1462 1563 1562 1462 1463 1564 1563
          1463 1464 1565 1564 1464 1465 1566 1565 1465 1466 1567 1566
          1466 1467 1568 1567 1467 1468 1569 1568 1468 1469 1570 1569
          1469 1470 1571 1570 1470 1471 1572 1571 1471 1472 1573 1572
          1472 1473 1574 1573 1473 1474 1575 1574 1474 1475 1576 1575
          1475 1476 1577 1576 1476 1477 1578 1577 1477 1478 1579 1578
          1478 1479 1580 1579 1479 1480 1581 1580 1480 1481 1582 1581
          1481 1482 1583 1582 1482 1483 1584 1583 1483 1484 1585 1584
          1484 1485 1586 1585 1485 1486 1587 1586 1486 1487 1588 1587
          1487 1488 1589 1588 1488 1489 1590 1589 1489 1490 1591 1590
          1490 1491 1592 1591 1491 1492 1593 1592 1492 1493 1594 1593
          1493 1494 1595 1594 1494 1495 1596 1595 1495 1496 1597 1596
          1496 1497 1598 1597 1497 1498 1599 1598 1498 1499 1600 1599
          1499 1500 1601 1600 1500 1501 1602 1601 1501 1502 1603 1602
          1502 1503 1604 1603 1503 1504 1605 1604 1504 1505 1606 1605
          1505 1506 1607 1606 1506 1507 1608 1607 1507 1508 1609 1608
          1508 1509 1610 1609 1509 1510 1611 1610 1510 1511 1612 1611
          1511 1512 1613 1612 1512 1513 1614 1613 1513 1514 1615 1614
          1515 1516 1617 1616 1516 1517 1618 1617 1517 1518 1619 1618
          1518 1519 1620 1619 1519 1520 1621 1620 1520 1521 1622 1621
          1521 1522 1623 1622 1522 1523 1624 1623 1523 1524 1625 1624
          1524 1525 1626 1625 1525 1526 1627 1626 1526 1527 1628 1627
          1527 1528 1629 1628 1528 1529 1630 1629 1529 1530 1631 1630
          1530 1531 1632 1631 1531 1532 1633 1632 1532 1533 1634 1633
          1533 1534 1635 1634 1534 1535 1636 1635 1535 1536 1637 1636
          1536 1537 1638 1637 1537 1538 1639 1638 1538 1539 1640 1639
          1539 1540 1641 1640 1540 1541 1642 1641 1541 1542 1643 1642
          1542 1543 1644 1643 1543 1544 1645 1644 1544 1545 1646 1645
          1545 1546 1647 1646 1546 1547 1648 1647 1547 1548 1649 1648
          1548 1549 1650 1649 1549 1550 1651 1650 1550 1551 1652 1651
          1551 1552 1653 1652 1552 1553 1654 1653 1553 1554 1655 1654
          1554 1555 1656 1655 1555 1556 1657 1656 1556 1557 1658 1657
          1557 1558 1659 1658 1558 1559 1660 1659 1559 1560 1661 1660
          1560 1561 1662 1661 1561 1562 1663 1662 1562 1563 1664 1663
          1563 1564 1665 1664 1564 1565 1666 1665 1565 1566 1667 1666
          1566 1567 1668 1667 1567 1568 1669 1668 1568 1569 1670 1669
          1569 1570 1671 1670 1570 1571 1672 1671 1571 1572 1673 1672
          1572 1573 1674 1673 1573 1574 1675 1674 1574 1575 1676 1675
          1575 1576 1677 1676 1576 1577 1678 1677 1577 1578 1679 1678
          1578 1579 1680 1679 1579 1580 1681 1680 1580 1581 1682 1681
          1581 1582 1683 1682 1582 1583 1684 1683 1583 1584 1685 1684
          1584 1585 1686 1685 1585 1586 1687 1686 1586 1587 1688 1687
          1587 1588 1689 1688 1588 1589 1690 1689 1589 1590 1691 1690
          1590 1591 1692 1691 1591 1592 1693 1692 1592 1593 1694 1693
          1593 1594 1695 1694 1594 1595 1696 1695 1595 1596 1697 1696
          1596 1597 1698 1697 1597 1598 1699 1698 1598 1599 1700 1699
          1599 1600 1701 1700 1600 1601 1702 1701 1601 1602 1703 1702
          1602 1603 1704 1703 1603 1604 1705 1704 1604 1605 1706 1705
          1605 1606 1707 1706 1606 1607 1708 1707 1607 1608 1709 1708
          1608 1609 1710 1709 1609 1610 1711 1710 1610 1611 1712 1711
          1611 1612 1713 1712 1612 1613 1714 1713 1613 1614 1715 1714
          1614 1615 1716 1715 1616 1617 1718 1717 1617 1618 1719 1718
          1618 1619 1720 1719 1619 1620 1721 1720 1620 1621 1722 1721
          1621 1622 1723 1722 1622 1623 1724 1723 1623 1624 1725 1724
          1624 1625 1726 1725 1625 1626 1727 1726 1626 1627 1728 1727
          1627 1628 1729 1728 1628 1629 1730 1729 1629 1630 1731 1730
          1630 1631 1732 1731 1631 1632 1733 1732 1632 1633 1734 1733
          1633 1634 1735 1734 1634 1635 1736 1735 1635 1636 1737 1736
          1636 1637 1738 1737 1637 1638 1739 1738 1638 1639 1740 1739
          1639 1640 1741 1740 1640 1641 1742 1741 1641 1642 1743 1742
          1642 1643 1744 1743 1643 1644 1745 1744 1644 1645 1746 1745
          1645 1646 1747 1746 1646 1647 1748 1747 1647 1648 1749 1748
          1648 1649 1750 1749 1649 1650 1751 1750 1650 1651 1752 1751
          1651 1652 1753 1752 1652 1653 1754 1753 1653 1654 1755 1754
          1654 1655 1756 1755 1655 1656 1757 1756 1656 1657 1758 1757
          1657 1658 1759 1758 1658 1659 1760 1759 1659 1660 1761 1760
          1660 1661 1762 1761 1661 1662 1763 1762 1662 1663 1764 1763
          1663 1664 1765 1764 1664 1665 1766 1765 1665 1666 1767 1766
          1666 1667 1768 1767 1667 1668 1769 1768 1668 1669 1770 1769
          1669 1670 1771 1770 1670 1671 1772 1771 1671 1672 1773 1772
          1672 1673 1774 1773 1673 1674 1775 1774 1674 1675 1776 1775
          1675 1676 1777 1776 1676 1677 1778 1777 1677 1678 1779 1778
          1678 1679 1780 1779 1679 1680 1781 1780 1680 1681 1782 1781
          1681 1682 1783 1782 1682 1683 1784 1783 1683 1684 1785 1784
          1684 1685 1786 1785 1685 1686 1787 1786 1686 1687 1788 1787
          1687 1688 1789 1788 1688 1689 1790 1789 1689 1690 1791 1790
          1690 1691 1792 1791 1691 1692 1793 1792 1692 1693 1794 1793
          1693 1694 1795 1794 1694 1695 1796 1795 1695 1696 1797 1796
          1696 1697 1798 1797 1697 1698 1799 1798 1698 1699 1800 1799
          1699 1700 1801 1800 1700 1701 1802 1801 1701 1702 1803 1802
          1702 1703 1804 1803 1703 1704 1805 1804 1704 1705 1806 1805
          1705 1706 1807 1806 1706 1707 1808 1807 1707 1708 1809 1808
          1708 1709 1810 1809 1709 1710 1811 1810 1710 1711 1812 1811
          1711 1712 1813 1812 1712 1713 1814 1813 1713 1714 1815 1814
          1714 1715 1816 1815 1715 1716 1817 1816 1717 1718 1819 1818
          1718 1719 1820 1819 1719 1720 1821 1820 1720 1721 1822 1821
          1721 1722 1823 1822 1722 1723 1824 1823 1723 1724 1825 1824
          1724 1725 1826 1825 1725 1726 1827 1826 1726 1727 1828 1827
          1727 1728 1829 1828 1728 1729 1830 1829 1729 1730 1831 1830
          1730 1731 1832 1831 1731 1732 1833 1832 1732 1733 1834 1833
          1733 1734 1835 1834 1734 1735 1836 1835 1735 1736 1837 1836
          1736 1737 1838 1837 1737 1738 1839 1838 1738 1739 1840 1839
          1739 1740 1841 1840 1740 1741 1842 1841 1741 1742 1843 1842
          1742 1743 1844 1843 1743 1744 1845 1844 1744 1745 1846 1845
          1745 1746 1847 1846 1746 1747 1848 1847 1747 1748 1849 1848
          1748 1749 1850 1849 1749 1750 1851 1850 1750 1751 1852 1851
          1751 1752 1853 1852 1752 1753 1854 1853 1753 1754 1855 1854
          1754 1755 1856 1855 1755 1756 1857 1856 1756 1757 1858 1857
          1757 1758 1859 1858 1758 1759 1860 1859 1759 1760 1861 1860
          1760 1761 1862 1861 1761 1762 1863 1862 1762 1763 1864 1863
          1763 1764 1865 1864 1764 1765 1866 1865 1765 1766 1867 1866
          1766 1767 1868 1867 1767 1768 1869 1868 1768 1769 1870 1869
          1769 1770 1871 1870 1770 1771 1872 1871 1771 1772 1873 1872
          1772 1773 1874 1873 1773 1774 1875 1874 1774 1775 1876 1875
          1775 1776 1877 1876 1776 1777 1878 1877 1777 1778 1879 1878
          1778 1779 1880 1879 1779 1780 1881 1880 1780 1781 1882 1881
          1781 1782 1883 1882 1782 1783 1884 1883 1783 1784 1885 1884
          1784 1785 1886 1885 1785 1786 1887 1886 1786 1787 1888 1887
          1787 1788 1889 1888 1788 1789 1890 1889 1789 1790 1891 1890
          1790 1791 1892 1891 1791 1792 1893 1892 1792 1793 1894 1893
          1793 1794 1895 1894 1794 1795 1896 1895 1795 1796 1897 1896
          1796 1797 1898 1897 1797 1798 1899 1898 1798 1799 1900 1899
          1799 1800 1901 1900 1800 1801 1902 1901 1801 1802 1903 1902
          1802 1803 1904 1903 1803 1804 1905 1904 1804 1805 1906 1905
          1805 1806 1907 1906 1806 1807 1908 1907 1807 1808 1909 1908
          1808 1809 1910 1909 1809 1810 1911 1910 1810 1811 1912 1911
          1811 1812 1913 1912 1812 1813 1914 1913 1813 1814 1915 1914
          1814 1815 1916 1915 1815 1816 1917 1916 1816 1817 1918 1917
          1818 1819 1920 1919 1819 1820 1921 1920 1820 1821 1922 1921
          1821 1822 1923 1922 1822 1823 1924 1923 1823 1824 1925 1924
          1824 1825 1926 1925 1825 1826 1927 1926 1826 1827 1928 1927
          1827 1828 1929 1928 1828 1829 1930 1929 1829 1830 1931 1930
          1830 1831 1932 1931 1831 1832 1933 1932 1832 1833 1934 1933
          1833 1834 1935 1934 1834 1835 1936 1935 1835 1836 1937 1936
          1836 1837 1938 1937 1837 1838 1939 1938 1838 1839 1940 1939
          1839 1840 1941 1940 1840 1841 1942 1941 1841 1842 1943 1942
          1842 1843 1944 1943 1843 1844 1945 1944 1844 1845 1946 1945
          1845 1846 1947 1946 1846 1847 1948 1947 1847 1848 1949 1948
          1848 1849 1950 1949 1849 1850 1951 1950 1850 1851 1952 1951
          1851 1852 1953 1952 1852 1853 1954 1953 1853 1854 1955 1954
          1854 1855 1956 1955 1855 1856 1957 1956 1856 1857 1958 1957
          1857 1858 1959 1958 1858 1859 1960 1959 1859 1860 1961 1960
          1860 1861 1962 1961 1861 1862 1963 1962 1862 1863 1964 1963
          1863 1864 1965 1964 1864 1865 1966 1965 1865 1866 1967 1966
          1866 1867 1968 1967 1867 1868 1969 1968 1868 1869 1970 1969
          1869 1870 1971 1970 1870 1871 1972 1971 1871 1872 1973 1972
          1872 1873 1974 1973 1873 1874 1975 1974 1874 1875 1976 1975
          1875 1876 1977 1976 1876 1877 1978 1977 1877 1878 1979 1978
          1878 1879 1980 1979 1879 1880 1981 1980 1880 1881 1982 1981
          1881 1882 1983 1982 1882 1883 1984 1983 1883 1884 1985 1984
          1884 1885 1986 1985 1885 1886 1987 1986 1886 1887 1988 1987
          1887 1888 1989 1988 1888 1889 1990 1989 1889 1890 1991 1990
          1890 1891 1992 1991 1891 1892 1993 1992 1892 1893 1994 1993
          1893 1894 1995 1994 1894 1895 1996 1995 1895 1896 1997 1996
          1896 1897 1998 1997 1897 1898 1999 1998 1898 1899 2000 1999
          1899 1900 2001 2000 1900 1901 2002 2001 1901 1902 2003 2002
          1902 1903 2004 2003 1903 1904 2005 2004 1904 1905 2006 2005
          1905 1906 2007 2006 1906 1907 2008 2007 1907 1908 2009 2008
          1908 1909 2010 2009 1909 1910 2011 2010 1910 1911 2012 2011
          1911 1912 2013 2012 1912 1913 2014 2013 1913 1914 2015 2014
          1914 1915 2016 2015 1915 1916 2017 2016 1916 1917 2018 2017
          1917 1918 2019 2018 1919 1920 2021 2020 1920 1921 2022 2021
          1921 1922 2023 2022 1922 1923 2024 2023 1923 1924 2025 2024
          1924 1925 2026 2025 1925 1926 2027 2026 1926 1927 2028 2027
          1927 1928 2029 2028 1928 1929 2030 2029 1929 1930 2031 2030
          1930 1931 2032 2031 1931 1932 2033 2032 1932 1933 2034 2033
          1933 1934 2035 2034 1934 1935 2036 2035 1935 1936 2037 2036
          1936 1937 2038 2037 1937 1938 2039 2038 1938 1939 2040 2039
          1939 1940 2041 2040 1940 1941 2042 2041 1941 1942 2043 2042
          1942 1943 2044 2043 1943 1944 2045 2044 1944 1945 2046 2045
          1945 1946 2047 2046 1946 1947 2048 2047 1947 1948 2049 2048
          1948 1949 2050 2049 1949 1950 2051 2050 1950 1951 2052 2051
          1951 1952 2053 2052 1952 1953 2054 2053 1953 1954 2055 2054
          1954 1955 2056 2055 1955 1956 2057 2056 1956 1957 2058 2057
          1957 1958 2059 2058 1958 1959 2060 2059 1959 1960 2061 2060
          1960 1961 2062 2061 1961 1962 2063 2062 1962 1963 2064 2063
          1963 1964 2065 2064 1964 1965 2066 2065 1965 1966 2067 2066
          1966 1967 2068 2067 1967 1968 2069 2068 1968 1969 2070 2069
          1969 1970 2071 2070 1970 1971 2072 2071 1971 1972 2073 2072
          1972 1973 2074 2073 1973 1974 2075 2074 1974 1975 2076 2075
          1975 1976 2077 2076 1976 1977 2078 2077 1977 1978 2079 2078
          1978 1979 2080 2079 1979 1980 2081 2080 1980 1981 2082 2081
          1981 1982 2083 2082 1982 1983 2084 2083 1983 1984 2085 2084
          1984 1985 2086 2085 1985 1986 2087 2086 1986 1987 2088 2087
          1987 1988 2089 2088 1988 1989 2090 2089 1989 1990 2091 2090
          1990 1991 2092 2091 1991 1992 2093 2092 1992 1993 2094 2093
          1993 1994 2095 2094 1994 1995 2096 2095 1995 1996 2097 2096
          1996 1997 2098 2097 1997 1998 2099 2098 1998 1999 2100 2099
          1999 2000 2101 2100 2000 2001 2102 2101 2001 2002 2103 2102
          2002 2003 2104 2103 2003 2004 2105 2104 2004 2005 2106 2105
          2005 2006 2107 2106 2006 2007 2108 2107 2007 2008 2109 2108
          2008 2009 2110 2109 2009 2010 2111 2110 2010 2011 2112 2111
          2011 2012 2113 2112 2012 2013 2114 2113 2013 2014 2115 2114
          2014 2015 2116 2115 2015 2016 2117 2116 2016 2017 2118 2117
          2017 2018 2119 2118 2018 2019 2120 2119
        </DataArray>
        <DataArray type="Int32" Name="offsets" NumberOfComponents="1" format="ascii">
          4 8 12 16 20 24 28 32 36 40 44 48
          52 56 60 64 68 72 76 80 84 88 92 96
          100 104 108 112 116 120 124 128 132 136 140 144
          148 152 156 160 164 168 172 176 180 184 188 192
          196 200 204 208 212 216 220 224 228 232 236 240
          244 248 252 256 260 264 268 272 276 280 284 288
          292 296 300 304 308 312 316 320 324 328 332 336
          340 344 348 352 356 360 364 368 372 376 380 384
          388 392 396 400 404 408 412 416 420 424 428 432
          436 440 444 448 452 456 460 464 468 472 476 480
          484 488 492 496 500 504 508 512 516 520 524 528
          532 536 540 544 548 552 556 560 564 568 572 576
          580 584 588 592 596 600 604 608 612 616 620 624
          628 632 636 640 644 648 652 656 660 664 668 672
          676 680 684 688 692 696 700 704 708 712 716 720
          724 728 732 736 740 744 748 752 756 760 764 768
          772 776 780 784 788 792 796 800 804 808 812 816
          820 824 828 832 836 840 844 848 852 856 860 864
          868 872 876 880 884 888 892 896 900 904 908 912
          916 920 924 928 932 936 940 944 948 952 956 960
          964 968 972 976 980 984 988 992 996 1000 1004 1008
          1012 1016 1020 1024 1028 1032 1036 1040 1044 1048 1052 1056
          1060 1064 1068 1072 1076 1080 1084 1088 1092 1096 1100 1104
          1108 1112 1116 1120 1124 1128 1132 1136 1140 1144 1148 1152
          1156 1160 1164 1168 1172 1176 1180 1184 1188 1192 1196 1200
          1204 1208 1212 1216 1220 1224 1228 1232 1236 1240 1244 1248
          1252 1256 1260 1264 1268 1272 1276 1280 1284 1288 1292 1296
          1300 1304 1308 1312 1316 1320 1324 1328 1332 1336 1340 1344
          1348 1352 1356 1360 1364 1368 1372 1376 1380 1384 1388 1392
          1396 1400 1404 1408 1412 1416 1420 1424 1428 1432 1436 1440
          1444 1448 1452 1456 1460 1464 1468 1472 1476 1480 1484 1488
          1492 1496 1500 1504 1508 1512 1516 1520 1524 1528 1532 1536
          1540 1544 1548 1552 1556 1560 1564 1568 1572 1576 1580 1584
          1588 1592 1596 1600 1604 1608 1612 1616 1620 1624 1628 1632
          1636 1640 1644 1648 1652 1656 1660 1664 1668 1672 1676 1680
          1684 1688 1692 1696 1700 1704 1708 1712 1716 1720 1724 1728
          1732 1736 1740 1744 1748 1752 1756 1760 1764 1768 1772 1776
          1780 1784 1788 1792 1796 1800 1804 1808 1812 1816 1820 1824
          1828 1832 1836 1840 1844 1848 1852 1856 1860 1864 1868 1872
          1876 1880 1884 1888 1892 1896 1900 1904 1908 1912 1916 1920
          1924 1928 1932 1936 1940 1944 1948 1952 1956 1960 1964 1968
          1972 1976 1980 1984 1988 1992 1996 2000 2004 2008 2012 2016
          2020 2024 2028 2032 2036 2040 2044 2048 2052 2056 2060 2064
          2068 2072 2076 2080 2084 2088 2092 2096 2100 2104 2108 2112
          2116 2120 2124 2128 2132 2136 2140 2144 2148 2152 2156 2160
          2164 2168 2172 2176 2180 2184 2188 2192 2196 2200 2204 2208
          2212 2216 2220 2224 2228 2232 2236 2240 2244 2248 2252 2256
          2260 2264 2268 2272 2276 2280 2284 2288 2292 2296 2300 2304
          2308 2312 2316 2320 2324 2328 2332 2336 2340 2344 2348 2352
          2356 2360 2364 2368 2372 2376 2380 2384 2388 2392 2396 2400
          2404 2408 2412 2416 2420 2424 2428 2432 2436 2440 2444 2448
          2452 2456 2460 2464 2468 2472 2476 2480 2484 2488 2492 2496
          2500 2504 2508 2512 2516 2520 2524 2528 2532 2536 2540 2544
          2548 2552 2556 2560 2564 2568 2572 2576 2580 2584 2588 2592
          2596 2600 2604 2608 2612 2616 2620 2624 2628 2632 2636 2640
          2644 2648 2652 2656 2660 2664 2668 2672 2676 2680 2684 2688
          2692 2696 2700 2704 2708 2712 2716 2720 2724 2728 2732 2736
          2740 2744 2748 2752 2756 2760 2764 2768 2772 2776 2780 2784
          2788 2792 2796 2800 2804 2808 2812 2816 2820 2824 2828 2832
          2836 2840 2844 2848 2852 2856 2860 2864 2868 2872 2876 2880
          2884 2888 2892 2896 2900 2904 2908 2912 2916 2920 2924 2928
          2932 2936 2940 2944 2948 2952 2956 2960 2964 2968 2972 2976
          2980 2984 2988 2992 2996 3000 3004 3008 3012 3016 3020 3024
          3028 3032 3036 3040 3044 3048 3052 3056 3060 3064 3068 3072
          3076 3080 3084 3088 3092 3096 3100 3104 3108 3112 3116 3120
          3124 3128 3132 3136 3140 3144 3148 3152 3156 3160 3164 3168
          3172 3176 3180 3184 3188 3192 3196 3200 3204 3208 3212 3216
          3220 3224 3228 3232 3236 3240 3244 3248 3252 3256 3260 3264
          3268 3272 3276 3280 3284 3288 3292 3296 3300 3304 3308 3312
          3316 3320 3324 3328 3332 3336 3340 3344 3348 3352 3356 3360
          3364 3368 3372 3376 3380 3384 3388 3392 3396 3400 3404 3408
          3412 3416 3420 3424 3428 3432 3436 3440 3444 3448 3452 3456
          3460 3464 3468 3472 3476 3480 3484 3488 3492 3496 3500 3504
          3508 3512 3516 3520 3524 3528 3532 3536 3540 3544 3548 3552
          3556 3560 3564 3568 3572 3576 3580 3584 3588 3592 3596 3600
          3604 3608 3612 3616 3620 3624 3628 3632 3636 3640 3644 3648
          3652 3656 3660 3664 3668 3672 3676 3680 3684 3688 3692 3696
          3700 3704 3708 3712 3716 3720 3724 3728 3732 3736 3740 3744
          3748 3752 3756 3760 3764 3768 3772 3776 3780 3784 3788 3792
          3796 3800 3804 3808 3812 3816 3820 3824 3828 3832 3836 3840
          3844 3848 3852 3856 3860 3864 3868 3872 3876 3880 3884 3888
          3892 3896 3900 3904 3908 3912 3916 3920 3924 3928 3932 3936
          3940 3944 3948 3952 3956 3960 3964 3968 3972 3976 3980 3984
          3988 3992 3996 4000 4004 4008 4012 4016 4020 4024 4028 4032
          4036 4040 4044 4048 4052 4056 4060 4064 4068 4072 4076 4080
          4084 4088 4092 4096 4100 4104 4108 4112 4116 4120 4124 4128
          4132 4136 4140 4144 4148 4152 4156 4160 4164 4168 4172 4176
          4180 4184 4188 4192 4196 4200 4204 4208 4212 4216 4220 4224
          4228 4232 4236 4240 4244 4248 4252 4256 4260 4264 4268 4272
          4276 4280 4284 4288 4292 4296 4300 4304 4308 4312 4316 4320
          4324 4328 4332 4336 4340 4344 4348 4352 4356 4360 4364 4368
          4372 4376 4380 4384 4388 4392 4396 4400 4404 4408 4412 4416
          4420 4424 4428 4432 4436 4440 4444 4448 4452 4456 4460 4464
          4468 4472 4476 4480 4484 4488 4492 4496 4500 4504 4508 4512
          4516 4520 4524 4528 4532 4536 4540 4544 4548 4552 4556 4560
          4564 4568 4572 4576 4580 4584 4588 4592 4596 4600 4604 4608
          4612 4616 4620 4624 4628 4632 4636 4640 4644 4648 4652 4656
          4660 4664 4668 4672 4676 4680 4684 4688 4692 4696 4700 4704
          4708 4712 4716 4720 4724 4728 4732 4736 4740 4744 4748 4752
          4756 4760 4764 4768 4772 4776 4780 4784 4788 4792 4796 4800
          4804 4808 4812 4816 4820 4824 4828 4832 4836 4840 4844 4848
          4852 4856 4860 4864 4868 4872 4876 4880 4884 4888 4892 4896
          4900 4904 4908 4912 4916 4920 4924 4928 4932 4936 4940 4944
          4948 4952 4956 4960 4964 4968 4972 4976 4980 4984 4988 4992
          4996 5000 5004 5008 5012 5016 5020 5024 5028 5032 5036 5040
          5044 5048 5052 5056 5060 5064 5068 5072 5076 5080 5084 5088
          5092 5096 5100 5104 5108 5112 5116 5120 5124 5128 5132 5136
          5140 5144 5148 5152 5156 5160 5164 5168 5172 5176 5180 5184
          5188 5192 5196 5200 5204 5208 5212 5216 5220 5224 5228 5232
          5236 5240 5244 5248 5252 5256 5260 5264 5268 5272 5276 5280
          5284 5288 5292 5296 5300 5304 5308 5312 5316 5320 5324 5328
          5332 5336 5340 5344 5348 5352 5356 5360 5364 5368 5372 5376
          5380 5384 5388 5392 5396 5400 5404 5408 5412 5416 5420 5424
          5428 5432 5436 5440 5444 5448 5452 5456 5460 5464 5468 5472
          5476 5480 5484 5488 5492 5496 5500 5504 5508 5512 5516 5520
          5524 5528 5532 5536 5540 5544 5548 5552 5556 5560 5564 5568
          5572 5576 5580 5584 5588 5592 5596 5600 5604 5608 5612 5616
          5620 5624 5628 5632 5636 5640 5644 5648 5652 5656 5660 5664
          5668 5672 5676 5680 5684 5688 5692 5696 5700 5704 5708 5712
          5716 5720 5724 5728 5732 5736 5740 5744 5748 5752 5756 5760
          5764 5768 5772 5776 5780 5784 5788 5792 5796 5800 5804 5808
          5812 5816 5820 5824 5828 5832 5836 5840 5844 5848 5852 5856
          5860 5864 5868 5872 5876 5880 5884 5888 5892 5896 5900 5904
          5908 5912 5916 5920 5924 5928 5932 5936 5940 5944 5948 5952
          5956 5960 5964 5968 5972 5976 5980 5984 5988 5992 5996 6000
          6004 6008 6012 6016 6020 6024 6028 6032 6036 6040 6044 6048
          6052 6056 6060 6064 6068 6072 6076 6080 6084 6088 6092 6096
          6100 6104 6108 6112 6116 6120 6124 6128 6132 6136 6140 6144
          6148 6152 6156 6160 6164 6168 6172 6176 6180 6184 6188 6192
          6196 6200 6204 6208 6212 6216 6220 6224 6228 6232 6236 6240
          6244 6248 6252 6256 6260 6264 6268 6272 6276 6280 6284 6288
          6292 6296 6300 6304 6308 6312 6316 6320 6324 6328 6332 6336
          6340 6344 6348 6352 6356 6360 6364 6368 6372 6376 6380 6384
          6388 6392 6396 6400 6404 6408 6412 6416 6420 6424 6428 6432
          6436 6440 6444 6448 6452 6456 6460 6464 6468 6472 6476 6480
          6484 6488 6492 6496 6500 6504 6508 6512 6516 6520 6524 6528
          6532 6536 6540 6544 6548 6552 6556 6560 6564 6568 6572 6576
          6580 6584 6588 6592 6596 6600 6604 6608 6612 6616 6620 6624
          6628 6632 6636 6640 6644 6648 6652 6656 6660 6664 6668 6672
          6676 6680 6684 6688 6692 6696 6700 6704 6708 6712 6716 6720
          6724 6728 6732 6736 6740 6744 6748 6752 6756 6760 6764 6768
          6772 6776 6780 6784 6788 6792 6796 6800 6804 6808 6812 6816
          6820 6824 6828 6832 6836 6840 6844 6848 6852 6856 6860 6864
          6868 6872 6876 6880 6884 6888 6892 6896 6900 6904 6908 6912
          6916 6920 6924 6928 6932 6936 6940 6944 6948 6952 6956 6960
          6964 6968 6972 6976 6980 6984 6988 6992 6996 7000 7004 7008
          7012 7016 7020 7024 7028 7032 7036 7040 7044 7048 7052 7056
          7060 7064 7068 7072 7076 7080 7084 7088 7092 7096 7100 7104
          7108 7112 7116 7120 7124 7128 7132 7136 7140 7144 7148 7152
          7156 7160 7164 7168 7172 7176 7180 7184 7188 7192 7196 7200
          7204 7208 7212 7216 7220 7224 7228 7232 7236 7240 7244 7248
          7252 7256 7260 7264 7268 7272 7276 7280 7284 7288 7292 7296
          7300 7304 7308 7312 7316 7320 7324 7328 7332 7336 7340 7344
          7348 7352 7356 7360 7364 7368 7372 7376 7380 7384 7388 7392
          7396 7400 7404 7408 7412 7416 7420 7424 7428 7432 7436 7440
          7444 7448 7452 7456 7460 7464 7468 7472 7476 7480 7484 7488
          7492 7496 7500 7504 7508 7512 7516 7520 7524 7528 7532 7536
          7540 7544 7548 7552 7556 7560 7564 7568 7572 7576 7580 7584
          7588 7592 7596 7600 7604 7608 7612 7616 7620 7624 7628 7632
          7636 7640 7644 7648 7652 7656 7660 7664 7668 7672 7676 7680
          7684 7688 7692 7696 7700 7704 7708 7712 7716 7720 7724 7728
          7732 7736 7740 7744 7748 7752 7756 7760 7764 7768 7772 7776
          7780 7784 7788 7792 7796 7800 7804 7808 7812 7816 7820 7824
          7828 7832 7836 7840 7844 7848 7852 7856 7860 7864 7868 7872
          7876 7880 7884 7888 7892 7896 7900 7904 7908 7912 7916 7920
          7924 7928 7932 7936 7940 7944 7948 7952 7956 7960 7964 7968
          7972 7976 7980 7984 7988 7992 7996 8000
        </DataArray>
        <DataArray type="UInt8" Name="types" NumberOfComponents="1" format="ascii">
          9 9 9 9 9 9 9 9 9 9 9 9
          9 9 9 9 9 9 9 9 9 9 9 9
          9 9 9 9 9 9 9 9 9 9 9 9
          9 9 9 9 9 9 9 9 9 9 9 9
          9 9 9 9 9 9 9 9 9 9 9 9
          9 9 9 9 9 9 9 9 9 9 9 9
          9 9 9 9 9 9 9 9 9 9 9 9
          9 9 9 9 9 9 9 9 9 9 9 9
          9 9 9 9 9 9 9 9 9 9 9 9
          9 9 9 9 9 9 9 9 9 9 9 9
          9 9 9 9 9 9 9 9 9 9 9 9
          9 9 9 9 9 9 9 9 9 9 9 9
          9 9 9 9 9 9 9 9 9 9 9 9
          9 9 9 9 9 9 9 9 9 9 9 9
          9 9 9 9 9 9 9 9 9 9 9 9
          9 9 9 9 9 9 9 9 9 9 9 9
          9 9 9 9 9 9 9 9 9 9 9 9
          9 9 9 9 9 9 9 9 9 9 9 9
          9 9 9 9 9 9 9 9 9 9 9 9
          9 9 9 9 9 9 9 9 9 9 9 9
          9 9 9 9 9 9 9 9 9 9 9 9
          9 9 9 9 9 9 9 9 9 9 9 9
          9 9 9 9 9 9 9 9 9 9 9 9
          9 9 9 9 9 9 9 9 9 9 9 9
          9 9 9 9 9 9 9 9 9 9 9 9
          9 9 9 9 9 9 9 9 9 9 9 9
          9 9 9 9 9 9 9 9 9 9 9 9
          9 9 9 9 9 9 9 9 9 9 9 9
          9 9 9 9 9 9 9 9 9 9 9 9
          9 9 9 9 9 9 9 9 9 9 9 9
          9 9 9 9 9 9 9 9 9 9 9 9
          9 9 9 9 9 9 9 9 9 9 9 9
          9 9 9 9 9 9 9 9 9 9 9 9
          9 9 9 9 9 9 9 9 9 9 9 9
          9 9 9 9 9 9 9 9 9 9 9 9
          9 9 9 9 9 9 9 9 9 9 9 9
          9 9 9 9 9 9 9 9 9 9 9 9
          9 9 9 9 9 9 9 9 9 9 9 9
          9 9 9 9 9 9 9 9 9 9 9 9
          9 9 9 9 9 9 9 9 9 9 9 9
          9 9 9 9 9 9 9 9 9 9 9 9
          9 9 9 9 9 9 9 9 9 9 9 9
          9 9 9 9 9 9 9 9 9 9 9 9
          9 9 9 9 9 9 9 9 9 9 9 9
          9 9 9 9 9 9 9 9 9 9 9 9
          9 9 9 9 9 9 9 9 9 9 9 9
          9 9 9 9 9 9 9 9 9 9 9 9
          9 9 9 9 9 9 9 9 9 9 9 9
          9 9 9 9 9 9 9 9 9 9 9 9
          9 9 9 9 9 9 9 9 9 9 9 9
          9 9 9 9 9 9 9 9 9 9 9 9
          9 9 9 9 9 9 9 9 9 9 9 9
          9 9 9 9 9 9 9 9 9 9 9 9
          9 9 9 9 9 9 9 9 9 9 9 9
          9 9 9 9 9 9 9 9 9 9 9 9
          9 9 9 9 9 9 9 9 9 9 9 9
          9 9 9 9 9 9 9 9 9 9 9 9
          9 9 9 9 9 9 9 9 9 9 9 9
          9 9 9 9 9 9 9 9 9 9 9 9
          9 9 9 9 9 9 9 9 9 9 9 9
          9 9 9 9 9 9 9 9 9 9 9 9
          9 9 9 9 9 9 9 9 9 9 9 9
          9 9 9 9 9 9 9 9 9 9 9 9
          9 9 9 9 9 9 9 9 9 9 9 9
          9 9 9 9 9 9 9 9 9 9 9 9
          9 9 9 9 9 9 9 9 9 9 9 9
          9 9 9 9 9 9 9 9 9 9 9 9
          9 9 9 9 9 9 9 9 9 9 9 9
          9 9 9 9 9 9 9 9 9 9 9 9
          9 9 9 9 9 9 9 9 9 9 9 9
          9 9 9 9 9 9 9 9 9 9 9 9
          9 9 9 9 9 9 9 9 9 9 9 9
          9 9 9 9 9 9 9 9 9 9 9 9
          9 9 9 9 9 9 9 9 9 9 9 9
          9 9 9 9 9 9 9 9 9 9 9 9
          9 9 9 9 9 9 9 9 9 9 9 9
          9 9 9 9 9 9 9 9 9 9 9 9
          9 9 9 9 9 9 9 9 9 9 9 9
          9 9 9 9 9 9 9 9 9 9 9 9
          9 9 9 9 9 9 9 9 9 9 9 9
          9 9 9 9 9 9 9 9 9 9 9 9
          9 9 9 9 9 9 9 9 9 9 9 9
          9 9 9 9 9 9 9 9 9 9 9 9
          9 9 9 9 9 9 9 9 9 9 9 9
          9 9 9 9 9 9 9 9 9 9 9 9
          9 9 9 9 9 9 9 9 9 9 9 9
          9 9 9 9 9 9 9 9 9 9 9 9
          9 9 9 9 9 9 9 9 9 9 9 9
          9 9 9 9 9 9 9 9 9 9 9 9
          9 9 9 9 9 9 9 9 9 9 9 9
          9 9 9 9 9 9 9 9 9 9 9 9
          9 9 9 9 9 9 9 9 9 9 9 9
          9 9 9 9 9 9 9 9 9 9 9 9
          9 9 9 9 9 9 9 9 9 9 9 9
          9 9 9 9 9 9 9 9 9 9 9 9
          9 9 9 9 9 9 9 9 9 9 9 9
          9 9 9 9 9 9 9 9 9 9 9 9
          9 9 9 9 9 9 9 9 9 9 9 9
          9 9 9 9 9 9 9 9 9 9 9 9
          9 9 9 9 9 9 9 9 9 9 9 9
          9 9 9 9 9 9 9 9 9 9 9 9
          9 9 9 9 9 9 9 9 9 9 9 9
          9 9 9 9 9 9 9 9 9 9 9 9
          9 9 9 9 9 9 9 9 9 9 9 9
          9 9 9 9 9 9 9 9 9 9 9 9
          9 9 9 9 9 9 9 9 9 9 9 9
          9 9 9 9 9 9 9 9 9 9 9 9
          9 9 9 9 9 9 9 9 9 9 9 9
          9 9 9 9 9 9 9 9 9 9 9 9
          9 9 9 9 9 9 9 9 9 9 9 9
          9 9 9 9 9 9 9 9 9 9 9 9
          9 9 9 9 9 9 9 9 9 9 9 9
          9 9 9 9 9 9 9 9 9 9 9 9
          9 9 9 9 9 9 9 9 9 9 9 9
          9 9 9 9 9 9 9 9 9 9 9 9
          9 9 9 9 9 9 9 9 9 9 9 9
          9 9 9 9 9 9 9 9 9 9 9 9
          9 9 9 9 9 9 9 9 9 9 9 9
          9 9 9 9 9 9 9 9 9 9 9 9
          9 9 9 9 9 9 9 9 9 9 9 9
          9 9 9 9 9 9 9 9 9 9 9 9
          9 9 9 9 9 9 9 9 9 9 9 9
          9 9 9 9 9 9 9 9 9 9 9 9
          9 9 9 9 9 9 9 9 9 9 9 9
          9 9 9 9 9 9 9 9 9 9 9 9
          9 9 9 9 9 9 9 9 9 9 9 9
          9 9 9 9 9 9 9 9 9 9 9 9
          9 9 9 9 9 9 9 9 9 9 9 9
          9 9 9 9 9 9 9 9 9 9 9 9
          9 9 9 9 9 9 9 9 9 9 9 9
          9 9 9 9 9 9 9 9 9 9 9 9
          9 9 9 9 9 9 9 9 9 9 9 9
          9 9 9 9 9 9 9 9 9 9 9 9
          9 9 9 9 9 9 9 9 9 9 9 9
          9 9 9 9 9 9 9 9 9 9 9 9
          9 9 9 9 9 9 9 9 9 9 9 9
          9 9 9 9 9 9 9 9 9 9 9 9
          9 9 9 9 9 9 9 9 9 9 9 9
          9 9 9 9 9 9 9 9 9 9 9 9
          9 9 9 9 9 9 9 9 9 9 9 9
          9 9 9 9 9 9 9 9 9 9 9 9
          9 9 9 9 9 9 9 9 9 9 9 9
          9 9 9 9 9 9 9 9 9 9 9 9
          9 9 9 9 9 9 9 9 9 9 9 9
          9 9 9 9 9 9 9 9 9 9 9 9
          9 9 9 9 9 9 9 9 9 9 9 9
          9 9 9 9 9 9 9 9 9 9 9 9
          9 9 9 9 9 9 9 9 9 9 9 9
          9 9 9 9 9 9 9 9 9 9 9 9
          9 9 9 9 9 9 9 9 9 9 9 9
          9 9 9 9 9 9 9 9 9 9 9 9
          9 9 9 9 9 9 9 9 9 9 9 9
          9 9 9 9 9 9 9 9 9 9 9 9
          9 9 9 9 9 9 9 9 9 9 9 9
          9 9 9 9 9 9 9 9 9 9 9 9
          9 9 9 9 9 9 9 9 9 9 9 9
          9 9 9 9 9 9 9 9 9 9 9 9
          9 9 9 9 9 9 9 9 9 9 9 9
          9 9 9 9 9 9 9 9 9 9 9 9
          9 9 9 9 9 9 9 9 9 9 9 9
          9 9 9 9 9 9 9 9 9 9 9 9
          9 9 9 9 9 9 9 9 9 9 9 9
          9 9 9 9 9 9 9 9 9 9 9 9
          9 9 9 9 9 9 9 9 9 9 9 9
          9 9 9 9 9 9 9 9 9 9 9 9
          9 9 9 9 9 9 9 9 9 9 9 9
          9 9 9 9 9 9 9 9
        </DataArray>
      </Cells>
    </Piece>
  </UnstructuredGrid>
</VTKFile>
