<?xml version="1.0"?>
<VTKFile type="UnstructuredGrid" version="0.1" byte_order="LittleEndian">
  <UnstructuredGrid>
    <Piece NumberOfCells="2000" NumberOfPoints="2121">
      <PointData Scalars="p" Vectors="velocity_gas (m/s)">
        <DataArray type="Float32" Name="p" NumberOfComponents="1" format="ascii">
          5.96584e+06 5.96596e+06 5.96464e+06 5.96475e+06 5.96628e+06 5.96508e+06 5.96681e+06 5.9656e+06 5.96752e+06 5.96632e+06 5.9684e+06 5.9672e+06
          5.96942e+06 5.96822e+06 5.97055e+06 5.96936e+06 5.97178e+06 5.97059e+06 5.97308e+06 5.9719e+06 5.97444e+06 5.97327e+06 5.97583e+06 5.97467e+06
          5.97724e+06 5.97609e+06 5.97866e+06 5.97751e+06 5.98008e+06 5.97893e+06 5.98148e+06 5.98034e+06 5.98285e+06 5.98172e+06 5.9842e+06 5.98307e+06
          5.98552e+06 5.9844e+06 5.98681e+06 5.98568e+06 5.98805e+06 5.98693e+06 5.98926e+06 5.98814e+06 5.99043e+06 5.98932e+06 5.99156e+06 5.99045e+06
          5.99266e+06 5.99154e+06 5.99371e+06 5.9926e+06 5.99472e+06 5.99361e+06 5.9957e+06 5.99459e+06 5.99665e+06 5.99554e+06 5.99756e+06 5.99645e+06
          5.99843e+06 5.99732e+06 5.99927e+06 5.99816e+06 6.00008e+06 5.99898e+06 6.00087e+06 5.99976e+06 6.00162e+06 6.00051e+06 6.00234e+06 6.00124e+06
          6.00304e+06 6.00193e+06 6.00372e+06 6.00261e+06 6.00437e+06 6.00326e+06 6.00499e+06 6.00388e+06 6.0056e+06 6.00449e+06 6.00618e+06 6.00507e+06
          6.00674e+06 6.00563e+06 6.00729e+06 6.00618e+06 6.00781e+06 6.0067e+06 6.00832e+06 6.00721e+06 6.00881e+06 6.0077e+06 6.00928e+06 6.00817e+06
          6.00974e+06 6.00863e+06 6.01018e+06 6.00907e+06 6.01061e+06 6.0095e+06 6.01103e+06 6.00992e+06 6.01143e+06 6.01032e+06 6.01182e+06 6.01071e+06
          6.01219e+06 6.01108e+06 6.01256e+06 6.01145e+06 6.01291e+06 6.0118e+06 6.01326e+06 6.01215e+06 6.01359e+06 6.01248e+06 6.01392e+06 6.01281e+06
          6.01423e+06 6.01312e+06 6.01454e+06 6.01342e+06 6.01483e+06 6.01372e+06 6.01512e+06 6.01401e+06 6.0154e+06 6.01429e+06 6.01567e+06 6.01456e+06
          6.01594e+06 6.01483e+06 6.0162e+06 6.01509e+06 6.01645e+06 6.01534e+06 6.01669e+06 6.01558e+06 6.01693e+06 6.01582e+06 6.01716e+06 6.01605e+06
          6.01739e+06 6.01628e+06 6.01761e+06 6.0165e+06 6.01783e+06 6.01672e+06 6.01804e+06 6.01693e+06 6.01825e+06 6.01714e+06 6.01845e+06 6.01734e+06
          6.01864e+06 6.01753e+06 6.01884e+06 6.01773e+06 6.01903e+06 6.01792e+06 6.01921e+06 6.0181e+06 6.01939e+06 6.01828e+06 6.01957e+06 6.01846e+06
          6.01974e+06 6.01863e+06 6.01992e+06 6.0188e+06 6.02008e+06 6.01897e+06 6.02025e+06 6.01914e+06 6.02041e+06 6.0193e+06 6.02057e+06 6.01946e+06
          6.02072e+06 6.01961e+06 6.02088e+06 6.01977e+06 6.02103e+06 6.01992e+06 6.02118e+06 6.02007e+06 6.02132e+06 6.02021e+06 6.02147e+06 6.02036e+06
          6.02161e+06 6.0205e+06 6.02175e+06 6.02064e+06 6.02189e+06 6.02077e+06 6.02202e+06 6.02091e+06 6.02215e+06 6.02104e+06 5.96305e+06 5.96317e+06
          5.9635e+06 5.96405e+06 5.96479e+06 5.96569e+06 5.96675e+06 5.96792e+06 5.96919e+06 5.97054e+06 5.97193e+06 5.97336e+06 5.97481e+06 5.97626e+06
          5.9777e+06 5.97912e+06 5.98052e+06 5.98189e+06 5.98323e+06 5.98452e+06 5.98578e+06 5.987e+06 5.98818e+06 5.98932e+06 5.99041e+06 5.99147e+06
          5.99249e+06 5.99347e+06 5.99442e+06 5.99533e+06 5.99621e+06 5.99705e+06 5.99786e+06 5.99864e+06 5.9994e+06 6.00012e+06 6.00082e+06 6.0015e+06
          6.00215e+06 6.00277e+06 6.00338e+06 6.00396e+06 6.00452e+06 6.00507e+06 6.00559e+06 6.0061e+06 6.00659e+06 6.00706e+06 6.00752e+06 6.00796e+06
          6.00839e+06 6.00881e+06 6.00921e+06 6.0096e+06 6.00998e+06 6.01034e+06 6.0107e+06 6.01104e+06 6.01137e+06 6.0117e+06 6.01201e+06 6.01232e+06
          6.01261e+06 6.0129e+06 6.01318e+06 6.01345e+06 6.01372e+06 6.01398e+06 6.01423e+06 6.01447e+06 6.01471e+06 6.01494e+06 6.01517e+06 6.01539e+06
          6.01561e+06 6.01582e+06 6.01602e+06 6.01623e+06 6.01642e+06 6.01662e+06 6.0168e+06 6.01699e+06 6.01717e+06 6.01735e+06 6.01752e+06 6.01769e+06
          6.01786e+06 6.01802e+06 6.01819e+06 6.01834e+06 6.0185e+06 6.01865e+06 6.01881e+06 6.01895e+06 6.0191e+06 6.01924e+06 6.01939e+06 6.01953e+06
          6.01966e+06 6.0198e+06 6.01993e+06 5.96107e+06 5.9612e+06 5.96156e+06 5.96214e+06 5.96292e+06 5.96388e+06 5.965e+06 5.96624e+06 5.96757e+06
          5.96898e+06 5.97043e+06 5.97191e+06 5.97341e+06 5.9749e+06 5.97638e+06 5.97784e+06 5.97926e+06 5.98066e+06 5.98201e+06 5.98333e+06 5.9846e+06
          5.98583e+06 5.98702e+06 5.98817e+06 5.98927e+06 5.99034e+06 5.99136e+06 5.99235e+06 5.9933e+06 5.99421e+06 5.99509e+06 5.99593e+06 5.99675e+06
          5.99753e+06 5.99829e+06 5.99901e+06 5.99971e+06 6.00039e+06 6.00104e+06 6.00166e+06 6.00227e+06 6.00285e+06 6.00342e+06 6.00396e+06 6.00448e+06
          6.00499e+06 6.00548e+06 6.00595e+06 6.00641e+06 6.00685e+06 6.00728e+06 6.0077e+06 6.0081e+06 6.00849e+06 6.00887e+06 6.00923e+06 6.00959e+06
          6.00993e+06 6.01026e+06 6.01059e+06 6.0109e+06 6.0112e+06 6.0115e+06 6.01179e+06 6.01207e+06 6.01234e+06 6.01261e+06 6.01287e+06 6.01312e+06
          6.01336e+06 6.0136e+06 6.01383e+06 6.01406e+06 6.01428e+06 6.0145e+06 6.01471e+06 6.01491e+06 6.01512e+06 6.01531e+06 6.01551e+06 6.01569e+06
          6.01588e+06 6.01606e+06 6.01624e+06 6.01641e+06 6.01658e+06 6.01675e+06 6.01691e+06 6.01708e+06 6.01723e+06 6.01739e+06 6.01754e+06 6.0177e+06
          6.01784e+06 6.01799e+06 6.01813e+06 6.01828e+06 6.01842e+06 6.01856e+06 6.01869e+06 6.01883e+06 5.95868e+06 5.95881e+06 5.95921e+06 5.95985e+06
          5.96071e+06 5.96176e+06 5.96297e+06 5.9643e+06 5.96573e+06 5.96723e+06 5.96877e+06 5.97033e+06 5.97189e+06 5.97345e+06 5.97498e+06 5.97648e+06
          5.97795e+06 5.97938e+06 5.98076e+06 5.9821e+06 5.98339e+06 5.98464e+06 5.98584e+06 5.987e+06 5.98812e+06 5.98919e+06 5.99022e+06 5.99121e+06
          5.99216e+06 5.99308e+06 5.99396e+06 5.99481e+06 5.99563e+06 5.99641e+06 5.99717e+06 5.9979e+06 5.9986e+06 5.99928e+06 5.99993e+06 6.00055e+06
          6.00116e+06 6.00174e+06 6.0023e+06 6.00285e+06 6.00337e+06 6.00388e+06 6.00437e+06 6.00484e+06 6.0053e+06 6.00575e+06 6.00617e+06 6.00659e+06
          6.00699e+06 6.00738e+06 6.00776e+06 6.00812e+06 6.00848e+06 6.00882e+06 6.00915e+06 6.00948e+06 6.00979e+06 6.0101e+06 6.01039e+06 6.01068e+06
          6.01096e+06 6.01123e+06 6.0115e+06 6.01176e+06 6.01201e+06 6.01225e+06 6.01249e+06 6.01272e+06 6.01295e+06 6.01317e+06 6.01339e+06 6.0136e+06
          6.0138e+06 6.01401e+06 6.0142e+06 6.0144e+06 6.01458e+06 6.01477e+06 6.01495e+06 6.01513e+06 6.0153e+06 6.01547e+06 6.01564e+06 6.0158e+06
          6.01596e+06 6.01612e+06 6.01628e+06 6.01643e+06 6.01658e+06 6.01673e+06 6.01688e+06 6.01702e+06 6.01717e+06 6.01731e+06 6.01745e+06 6.01758e+06
          6.01772e+06 5.95582e+06 5.95597e+06 5.95643e+06 5.95715e+06 5.95812e+06 5.9593e+06 5.96064e+06 5.96211e+06 5.96367e+06 5.96529e+06 5.96694e+06
          5.96861e+06 5.97026e+06 5.9719e+06 5.9735e+06 5.97506e+06 5.97658e+06 5.97805e+06 5.97947e+06 5.98084e+06 5.98216e+06 5.98343e+06 5.98465e+06
          5.98582e+06 5.98695e+06 5.98803e+06 5.98907e+06 5.99007e+06 5.99103e+06 5.99195e+06 5.99284e+06 5.99369e+06 5.99451e+06 5.9953e+06 5.99605e+06
          5.99678e+06 5.99748e+06 5.99816e+06 5.99881e+06 5.99944e+06 6.00005e+06 6.00063e+06 6.0012e+06 6.00174e+06 6.00226e+06 6.00277e+06 6.00326e+06
          6.00374e+06 6.00419e+06 6.00464e+06 6.00506e+06 6.00548e+06 6.00588e+06 6.00627e+06 6.00665e+06 6.00701e+06 6.00737e+06 6.00771e+06 6.00804e+06
          6.00837e+06 6.00868e+06 6.00899e+06 6.00928e+06 6.00957e+06 6.00985e+06 6.01012e+06 6.01039e+06 6.01065e+06 6.0109e+06 6.01114e+06 6.01138e+06
          6.01161e+06 6.01184e+06 6.01206e+06 6.01228e+06 6.01249e+06 6.01269e+06 6.0129e+06 6.01309e+06 6.01329e+06 6.01347e+06 6.01366e+06 6.01384e+06
          6.01402e+06 6.01419e+06 6.01436e+06 6.01453e+06 6.01469e+06 6.01486e+06 6.01501e+06 6.01517e+06 6.01532e+06 6.01547e+06 6.01562e+06 6.01577e+06
          6.01592e+06 6.01606e+06 6.0162e+06 6.01634e+06 6.01648e+06 6.01661e+06 5.95243e+06 5.95261e+06 5.95314e+06 5.95399e+06 5.95511e+06 5.95646e+06
          5.95799e+06 5.95964e+06 5.96137e+06 5.96316e+06 5.96496e+06 5.96675e+06 5.96852e+06 5.97026e+06 5.97194e+06 5.97358e+06 5.97516e+06 5.97668e+06
          5.97815e+06 5.97955e+06 5.9809e+06 5.9822e+06 5.98344e+06 5.98463e+06 5.98577e+06 5.98686e+06 5.98792e+06 5.98892e+06 5.98989e+06 5.99082e+06
          5.99171e+06 5.99256e+06 5.99338e+06 5.99417e+06 5.99494e+06 5.99567e+06 5.99637e+06 5.99705e+06 5.9977e+06 5.99833e+06 5.99894e+06 5.99952e+06
          6.00008e+06 6.00063e+06 6.00115e+06 6.00166e+06 6.00215e+06 6.00263e+06 6.00308e+06 6.00353e+06 6.00396e+06 6.00437e+06 6.00477e+06 6.00516e+06
          6.00554e+06 6.0059e+06 6.00626e+06 6.0066e+06 6.00693e+06 6.00726e+06 6.00757e+06 6.00788e+06 6.00817e+06 6.00846e+06 6.00874e+06 6.00901e+06
          6.00928e+06 6.00954e+06 6.00979e+06 6.01003e+06 6.01027e+06 6.0105e+06 6.01073e+06 6.01095e+06 6.01117e+06 6.01138e+06 6.01158e+06 6.01179e+06
          6.01198e+06 6.01218e+06 6.01236e+06 6.01255e+06 6.01273e+06 6.01291e+06 6.01308e+06 6.01325e+06 6.01342e+06 6.01358e+06 6.01374e+06 6.0139e+06
          6.01406e+06 6.01421e+06 6.01436e+06 6.01451e+06 6.01466e+06 6.01481e+06 6.01495e+06 6.01509e+06 6.01523e+06 6.01537e+06 6.0155e+06 5.94841e+06
          5.94863e+06 5.94928e+06 5.95029e+06 5.95163e+06 5.95322e+06 5.95499e+06 5.95688e+06 5.95884e+06 5.96083e+06 5.96281e+06 5.96477e+06 5.96668e+06
          5.96853e+06 5.97032e+06 5.97204e+06 5.9737e+06 5.97528e+06 5.97679e+06 5.97824e+06 5.97963e+06 5.98095e+06 5.98222e+06 5.98343e+06 5.98458e+06
          5.98569e+06 5.98675e+06 5.98777e+06 5.98874e+06 5.98968e+06 5.99057e+06 5.99143e+06 5.99226e+06 5.99305e+06 5.99382e+06 5.99455e+06 5.99525e+06
          5.99593e+06 5.99659e+06 5.99722e+06 5.99782e+06 5.99841e+06 5.99897e+06 5.99952e+06 6.00004e+06 6.00055e+06 6.00104e+06 6.00152e+06 6.00198e+06
          6.00242e+06 6.00285e+06 6.00326e+06 6.00366e+06 6.00405e+06 6.00443e+06 6.0048e+06 6.00515e+06 6.00549e+06 6.00583e+06 6.00615e+06 6.00646e+06
          6.00677e+06 6.00706e+06 6.00735e+06 6.00763e+06 6.0079e+06 6.00817e+06 6.00843e+06 6.00868e+06 6.00892e+06 6.00916e+06 6.00939e+06 6.00962e+06
          6.00984e+06 6.01006e+06 6.01027e+06 6.01048e+06 6.01068e+06 6.01087e+06 6.01107e+06 6.01125e+06 6.01144e+06 6.01162e+06 6.0118e+06 6.01197e+06
          6.01214e+06 6.01231e+06 6.01247e+06 6.01264e+06 6.01279e+06 6.01295e+06 6.0131e+06 6.01326e+06 6.0134e+06 6.01355e+06 6.0137e+06 6.01384e+06
          6.01398e+06 6.01412e+06 6.01426e+06 6.0144e+06 5.94362e+06 5.9439e+06 5.9447e+06 5.94597e+06 5.9476e+06 5.94951e+06 5.95161e+06 5.95382e+06
          5.95606e+06 5.95831e+06 5.96052e+06 5.96267e+06 5.96474e+06 5.96673e+06 5.96864e+06 5.97046e+06 5.97219e+06 5.97384e+06 5.97541e+06 5.97691e+06
          5.97833e+06 5.97969e+06 5.98098e+06 5.98221e+06 5.98339e+06 5.98451e+06 5.98559e+06 5.98661e+06 5.9876e+06 5.98854e+06 5.98944e+06 5.9903e+06
          5.99113e+06 5.99193e+06 5.99269e+06 5.99343e+06 5.99414e+06 5.99482e+06 5.99547e+06 5.9961e+06 5.99671e+06 5.9973e+06 5.99786e+06 5.99841e+06
          5.99894e+06 5.99944e+06 5.99993e+06 6.00041e+06 6.00087e+06 6.00131e+06 6.00174e+06 6.00215e+06 6.00256e+06 6.00294e+06 6.00332e+06 6.00369e+06
          6.00404e+06 6.00438e+06 6.00472e+06 6.00504e+06 6.00535e+06 6.00566e+06 6.00596e+06 6.00624e+06 6.00652e+06 6.0068e+06 6.00706e+06 6.00732e+06
          6.00757e+06 6.00781e+06 6.00805e+06 6.00828e+06 6.00851e+06 6.00873e+06 6.00895e+06 6.00916e+06 6.00937e+06 6.00957e+06 6.00976e+06 6.00996e+06
          6.01014e+06 6.01033e+06 6.01051e+06 6.01069e+06 6.01086e+06 6.01103e+06 6.0112e+06 6.01136e+06 6.01153e+06 6.01168e+06 6.01184e+06 6.012e+06
          6.01215e+06 6.0123e+06 6.01244e+06 6.01259e+06 6.01273e+06 6.01287e+06 6.01301e+06 6.01315e+06 6.01329e+06 5.93784e+06 5.93821e+06 5.93925e+06
          5.94087e+06 5.94293e+06 5.94528e+06 5.94782e+06 5.95043e+06 5.95304e+06 5.9556e+06 5.95808e+06 5.96045e+06 5.96272e+06 5.96487e+06 5.96691e+06
          5.96884e+06 5.97066e+06 5.97239e+06 5.97402e+06 5.97556e+06 5.97703e+06 5.97842e+06 5.97974e+06 5.981e+06 5.98219e+06 5.98333e+06 5.98442e+06
          5.98545e+06 5.98644e+06 5.98739e+06 5.9883e+06 5.98917e+06 5.99e+06 5.9908e+06 5.99157e+06 5.99231e+06 5.99302e+06 5.9937e+06 5.99436e+06
          5.99499e+06 5.9956e+06 5.99619e+06 5.99675e+06 5.9973e+06 5.99783e+06 5.99833e+06 5.99882e+06 5.9993e+06 5.99976e+06 6.0002e+06 6.00063e+06
          6.00104e+06 6.00145e+06 6.00184e+06 6.00221e+06 6.00258e+06 6.00293e+06 6.00328e+06 6.00361e+06 6.00393e+06 6.00425e+06 6.00455e+06 6.00485e+06
          6.00513e+06 6.00541e+06 6.00569e+06 6.00595e+06 6.00621e+06 6.00646e+06 6.0067e+06 6.00694e+06 6.00718e+06 6.0074e+06 6.00762e+06 6.00784e+06
          6.00805e+06 6.00826e+06 6.00846e+06 6.00865e+06 6.00885e+06 6.00904e+06 6.00922e+06 6.0094e+06 6.00958e+06 6.00975e+06 6.00992e+06 6.01009e+06
          6.01026e+06 6.01042e+06 6.01058e+06 6.01073e+06 6.01089e+06 6.01104e+06 6.01119e+06 6.01133e+06 6.01148e+06 6.01162e+06 6.01176e+06 6.01191e+06
          6.01204e+06 6.01218e+06 5.93078e+06 5.93128e+06 5.93269e+06 5.93483e+06 5.93749e+06 5.94046e+06 5.94358e+06 5.94671e+06 5.94977e+06 5.95271e+06
          5.95551e+06 5.95815e+06 5.96063e+06 5.96296e+06 5.96514e+06 5.96719e+06 5.96911e+06 5.97091e+06 5.97261e+06 5.97421e+06 5.97572e+06 5.97714e+06
          5.97849e+06 5.97977e+06 5.98099e+06 5.98214e+06 5.98324e+06 5.98429e+06 5.98529e+06 5.98625e+06 5.98716e+06 5.98804e+06 5.98888e+06 5.98968e+06
          5.99045e+06 5.99119e+06 5.9919e+06 5.99259e+06 5.99325e+06 5.99388e+06 5.99449e+06 5.99508e+06 5.99564e+06 5.99619e+06 5.99672e+06 5.99722e+06
          5.99772e+06 5.99819e+06 5.99865e+06 5.99909e+06 5.99952e+06 5.99994e+06 6.00034e+06 6.00073e+06 6.0011e+06 6.00147e+06 6.00182e+06 6.00217e+06
          6.0025e+06 6.00282e+06 6.00314e+06 6.00344e+06 6.00374e+06 6.00403e+06 6.00431e+06 6.00458e+06 6.00484e+06 6.0051e+06 6.00535e+06 6.0056e+06
          6.00583e+06 6.00607e+06 6.00629e+06 6.00652e+06 6.00673e+06 6.00694e+06 6.00715e+06 6.00735e+06 6.00755e+06 6.00774e+06 6.00793e+06 6.00811e+06
          6.00829e+06 6.00847e+06 6.00864e+06 6.00881e+06 6.00898e+06 6.00915e+06 6.00931e+06 6.00947e+06 6.00962e+06 6.00978e+06 6.00993e+06 6.01008e+06
          6.01023e+06 6.01037e+06 6.01052e+06 6.01066e+06 6.0108e+06 6.01094e+06 6.01107e+06 5.92194e+06 5.92266e+06 5.92464e+06 5.92759e+06 5.93114e+06
          5.93498e+06 5.93887e+06 5.94266e+06 5.94627e+06 5.94967e+06 5.95283e+06 5.95577e+06 5.95849e+06 5.96102e+06 5.96336e+06 5.96553e+06 5.96755e+06
          5.96944e+06 5.9712e+06 5.97285e+06 5.97441e+06 5.97587e+06 5.97725e+06 5.97855e+06 5.97979e+06 5.98096e+06 5.98207e+06 5.98313e+06 5.98414e+06
          5.98511e+06 5.98603e+06 5.98691e+06 5.98775e+06 5.98856e+06 5.98933e+06 5.99007e+06 5.99079e+06 5.99147e+06 5.99213e+06 5.99277e+06 5.99338e+06
          5.99397e+06 5.99453e+06 5.99508e+06 5.99561e+06 5.99612e+06 5.99661e+06 5.99708e+06 5.99754e+06 5.99798e+06 5.99841e+06 5.99883e+06 5.99923e+06
          5.99962e+06 6e+06 6.00036e+06 6.00072e+06 6.00106e+06 6.00139e+06 6.00172e+06 6.00203e+06 6.00233e+06 6.00263e+06 6.00292e+06 6.0032e+06
          6.00347e+06 6.00373e+06 6.00399e+06 6.00424e+06 6.00449e+06 6.00473e+06 6.00496e+06 6.00518e+06 6.00541e+06 6.00562e+06 6.00583e+06 6.00604e+06
          6.00624e+06 6.00644e+06 6.00663e+06 6.00682e+06 6.007e+06 6.00718e+06 6.00736e+06 6.00753e+06 6.0077e+06 6.00787e+06 6.00804e+06 6.0082e+06
          6.00836e+06 6.00851e+06 6.00867e+06 6.00882e+06 6.00897e+06 6.00912e+06 6.00926e+06 6.00941e+06 6.00955e+06 6.00969e+06 6.00983e+06 6.00997e+06
          5.91051e+06 5.91161e+06 5.91458e+06 5.91882e+06 5.92371e+06 5.92876e+06 5.93367e+06 5.9383e+06 5.94258e+06 5.9465e+06 5.95008e+06 5.95335e+06
          5.95633e+06 5.95906e+06 5.96156e+06 5.96387e+06 5.96599e+06 5.96796e+06 5.9698e+06 5.9715e+06 5.9731e+06 5.9746e+06 5.97601e+06 5.97733e+06
          5.97859e+06 5.97978e+06 5.9809e+06 5.98197e+06 5.98299e+06 5.98396e+06 5.98489e+06 5.98578e+06 5.98662e+06 5.98743e+06 5.98821e+06 5.98896e+06
          5.98967e+06 5.99036e+06 5.99102e+06 5.99165e+06 5.99227e+06 5.99286e+06 5.99342e+06 5.99397e+06 5.9945e+06 5.99501e+06 5.9955e+06 5.99597e+06
          5.99643e+06 5.99688e+06 5.99731e+06 5.99772e+06 5.99812e+06 5.99851e+06 5.99889e+06 5.99925e+06 5.99961e+06 5.99995e+06 6.00028e+06 6.00061e+06
          6.00092e+06 6.00123e+06 6.00152e+06 6.00181e+06 6.00209e+06 6.00236e+06 6.00263e+06 6.00288e+06 6.00314e+06 6.00338e+06 6.00362e+06 6.00385e+06
          6.00408e+06 6.0043e+06 6.00451e+06 6.00472e+06 6.00493e+06 6.00513e+06 6.00533e+06 6.00552e+06 6.00571e+06 6.00589e+06 6.00607e+06 6.00625e+06
          6.00643e+06 6.0066e+06 6.00676e+06 6.00693e+06 6.00709e+06 6.00725e+06 6.00741e+06 6.00756e+06 6.00771e+06 6.00786e+06 6.00801e+06 6.00816e+06
          6.0083e+06 6.00844e+06 6.00858e+06 6.00872e+06 6.00886e+06 5.89505e+06 5.89688e+06 5.90166e+06 5.90811e+06 5.91506e+06 5.9218e+06 5.92804e+06
          5.93369e+06 5.93875e+06 5.94327e+06 5.94731e+06 5.95093e+06 5.95418e+06 5.95712e+06 5.95979e+06 5.96222e+06 5.96445e+06 5.96651e+06 5.9684e+06
          5.97016e+06 5.9718e+06 5.97333e+06 5.97477e+06 5.97612e+06 5.97739e+06 5.9786e+06 5.97974e+06 5.98082e+06 5.98185e+06 5.98282e+06 5.98376e+06
          5.98465e+06 5.9855e+06 5.98631e+06 5.98709e+06 5.98784e+06 5.98856e+06 5.98924e+06 5.98991e+06 5.99054e+06 5.99116e+06 5.99174e+06 5.99231e+06
          5.99286e+06 5.99339e+06 5.9939e+06 5.99439e+06 5.99487e+06 5.99532e+06 5.99577e+06 5.9962e+06 5.99661e+06 5.99702e+06 5.9974e+06 5.99778e+06
          5.99815e+06 5.9985e+06 5.99884e+06 5.99918e+06 5.9995e+06 5.99981e+06 6.00012e+06 6.00041e+06 6.0007e+06 6.00098e+06 6.00125e+06 6.00152e+06
          6.00178e+06 6.00203e+06 6.00227e+06 6.00251e+06 6.00274e+06 6.00297e+06 6.00319e+06 6.00341e+06 6.00362e+06 6.00382e+06 6.00402e+06 6.00422e+06
          6.00441e+06 6.0046e+06 6.00479e+06 6.00497e+06 6.00514e+06 6.00532e+06 6.00549e+06 6.00566e+06 6.00582e+06 6.00598e+06 6.00614e+06 6.0063e+06
          6.00645e+06 6.0066e+06 6.00675e+06 6.0069e+06 6.00705e+06 6.00719e+06 6.00733e+06 6.00747e+06 6.00761e+06 6.00775e+06 5.8726e+06 5.87609e+06
          5.88462e+06 5.89502e+06 5.90511e+06 5.91416e+06 5.92207e+06 5.92892e+06 5.93487e+06 5.94004e+06 5.94456e+06 5.94854e+06 5.95207e+06 5.95522e+06
          5.95806e+06 5.96062e+06 5.96294e+06 5.96507e+06 5.96703e+06 5.96884e+06 5.97052e+06 5.97208e+06 5.97354e+06 5.97492e+06 5.97621e+06 5.97742e+06
          5.97858e+06 5.97967e+06 5.9807e+06 5.98169e+06 5.98262e+06 5.98352e+06 5.98437e+06 5.98519e+06 5.98597e+06 5.98672e+06 5.98744e+06 5.98813e+06
          5.98879e+06 5.98943e+06 5.99004e+06 5.99064e+06 5.9912e+06 5.99175e+06 5.99228e+06 5.99279e+06 5.99328e+06 5.99376e+06 5.99422e+06 5.99466e+06
          5.99509e+06 5.99551e+06 5.99591e+06 5.9963e+06 5.99667e+06 5.99704e+06 5.99739e+06 5.99774e+06 5.99807e+06 5.99839e+06 5.99871e+06 5.99901e+06
          5.99931e+06 5.99959e+06 5.99987e+06 6.00015e+06 6.00041e+06 6.00067e+06 6.00092e+06 6.00116e+06 6.0014e+06 6.00163e+06 6.00186e+06 6.00208e+06
          6.0023e+06 6.00251e+06 6.00271e+06 6.00292e+06 6.00311e+06 6.0033e+06 6.00349e+06 6.00368e+06 6.00386e+06 6.00404e+06 6.00421e+06 6.00438e+06
          6.00455e+06 6.00471e+06 6.00487e+06 6.00503e+06 6.00519e+06 6.00534e+06 6.0055e+06 6.00564e+06 6.00579e+06 6.00594e+06 6.00608e+06 6.00623e+06
          6.00637e+06 6.00651e+06 6.00664e+06 5.83595e+06 5.84411e+06 5.86177e+06 5.87942e+06 5.89408e+06 5.90608e+06 5.91596e+06 5.92417e+06 5.93105e+06
          5.9369e+06 5.94191e+06 5.94625e+06 5.95005e+06 5.9534e+06 5.95638e+06 5.95906e+06 5.96148e+06 5.96368e+06 5.96569e+06 5.96754e+06 5.96926e+06
          5.97085e+06 5.97233e+06 5.97372e+06 5.97503e+06 5.97626e+06 5.97742e+06 5.97852e+06 5.97956e+06 5.98055e+06 5.9815e+06 5.98239e+06 5.98325e+06
          5.98407e+06 5.98486e+06 5.98561e+06 5.98633e+06 5.98702e+06 5.98768e+06 5.98832e+06 5.98894e+06 5.98953e+06 5.9901e+06 5.99064e+06 5.99117e+06
          5.99168e+06 5.99218e+06 5.99265e+06 5.99311e+06 5.99355e+06 5.99398e+06 5.9944e+06 5.9948e+06 5.99519e+06 5.99557e+06 5.99593e+06 5.99629e+06
          5.99663e+06 5.99696e+06 5.99729e+06 5.9976e+06 5.9979e+06 5.9982e+06 5.99849e+06 5.99877e+06 5.99904e+06 5.9993e+06 5.99956e+06 5.99981e+06
          6.00006e+06 6.00029e+06 6.00053e+06 6.00075e+06 6.00097e+06 6.00119e+06 6.0014e+06 6.00161e+06 6.00181e+06 6.002e+06 6.0022e+06 6.00238e+06
          6.00257e+06 6.00275e+06 6.00293e+06 6.0031e+06 6.00327e+06 6.00344e+06 6.0036e+06 6.00377e+06 6.00392e+06 6.00408e+06 6.00424e+06 6.00439e+06
          6.00454e+06 6.00468e+06 6.00483e+06 6.00498e+06 6.00512e+06 6.00526e+06 6.0054e+06 6.00554e+06 5.76059e+06 5.78836e+06 5.83345e+06 5.86208e+06
          5.88257e+06 5.89799e+06 5.91001e+06 5.91962e+06 5.92745e+06 5.93395e+06 5.93943e+06 5.9441e+06 5.94814e+06 5.95167e+06 5.95479e+06 5.95757e+06
          5.96006e+06 5.96232e+06 5.96438e+06 5.96627e+06 5.96802e+06 5.96963e+06 5.97114e+06 5.97254e+06 5.97386e+06 5.9751e+06 5.97627e+06 5.97738e+06
          5.97843e+06 5.97942e+06 5.98037e+06 5.98127e+06 5.98213e+06 5.98296e+06 5.98374e+06 5.98449e+06 5.98522e+06 5.98591e+06 5.98657e+06 5.98721e+06
          5.98783e+06 5.98842e+06 5.98899e+06 5.98954e+06 5.99007e+06 5.99058e+06 5.99107e+06 5.99154e+06 5.992e+06 5.99245e+06 5.99288e+06 5.99329e+06
          5.99369e+06 5.99408e+06 5.99446e+06 5.99483e+06 5.99518e+06 5.99552e+06 5.99586e+06 5.99618e+06 5.99649e+06 5.9968e+06 5.99709e+06 5.99738e+06
          5.99766e+06 5.99793e+06 5.9982e+06 5.99845e+06 5.9987e+06 5.99895e+06 5.99919e+06 5.99942e+06 5.99965e+06 5.99987e+06 6.00008e+06 6.00029e+06
          6.0005e+06 6.0007e+06 6.0009e+06 6.00109e+06 6.00128e+06 6.00146e+06 6.00164e+06 6.00182e+06 6.00199e+06 6.00216e+06 6.00233e+06 6.0025e+06
          6.00266e+06 6.00282e+06 6.00297e+06 6.00313e+06 6.00328e+06 6.00343e+06 6.00358e+06 6.00372e+06 6.00387e+06 6.00401e+06 6.00415e+06 6.00429e+06
          6.00443e+06 5.38747e+06 5.72703e+06 5.80355e+06 5.8449e+06 5.8716e+06 5.8905e+06 5.90461e+06 5.91553e+06 5.92423e+06 5.93132e+06 5.9372e+06
          5.94216e+06 5.9464e+06 5.95008e+06 5.9533e+06 5.95616e+06 5.95872e+06 5.96103e+06 5.96312e+06 5.96504e+06 5.96681e+06 5.96844e+06 5.96996e+06
          5.97138e+06 5.97271e+06 5.97396e+06 5.97514e+06 5.97625e+06 5.9773e+06 5.9783e+06 5.97925e+06 5.98016e+06 5.98102e+06 5.98184e+06 5.98263e+06
          5.98338e+06 5.98411e+06 5.9848e+06 5.98546e+06 5.9861e+06 5.98672e+06 5.98731e+06 5.98788e+06 5.98843e+06 5.98896e+06 5.98947e+06 5.98996e+06
          5.99044e+06 5.9909e+06 5.99134e+06 5.99177e+06 5.99219e+06 5.99259e+06 5.99298e+06 5.99335e+06 5.99372e+06 5.99407e+06 5.99442e+06 5.99475e+06
          5.99507e+06 5.99539e+06 5.99569e+06 5.99599e+06 5.99627e+06 5.99655e+06 5.99682e+06 5.99709e+06 5.99735e+06 5.9976e+06 5.99784e+06 5.99808e+06
          5.99831e+06 5.99854e+06 5.99876e+06 5.99898e+06 5.99919e+06 5.99939e+06 5.99959e+06 5.99979e+06 5.99998e+06 6.00017e+06 6.00035e+06 6.00054e+06
          6.00071e+06 6.00089e+06 6.00106e+06 6.00122e+06 6.00139e+06 6.00155e+06 6.00171e+06 6.00187e+06 6.00202e+06 6.00217e+06 6.00232e+06 6.00247e+06
          6.00262e+06 6.00276e+06 6.0029e+06 6.00304e+06 6.00318e+06 6.00332e+06 5.31081e+06 5.67445e+06 5.77846e+06 5.83039e+06 5.86244e+06 5.8843e+06
          5.90015e+06 5.91216e+06 5.92155e+06 5.9291e+06 5.93529e+06 5.94046e+06 5.94485e+06 5.94864e+06 5.95194e+06 5.95485e+06 5.95745e+06 5.95979e+06
          5.96191e+06 5.96385e+06 5.96563e+06 5.96728e+06 5.96881e+06 5.97024e+06 5.97157e+06 5.97283e+06 5.97401e+06 5.97512e+06 5.97618e+06 5.97718e+06
          5.97813e+06 5.97904e+06 5.97991e+06 5.98073e+06 5.98152e+06 5.98227e+06 5.983e+06 5.98369e+06 5.98436e+06 5.985e+06 5.98561e+06 5.9862e+06
          5.98677e+06 5.98732e+06 5.98785e+06 5.98836e+06 5.98886e+06 5.98933e+06 5.98979e+06 5.99024e+06 5.99066e+06 5.99108e+06 5.99148e+06 5.99187e+06
          5.99225e+06 5.99261e+06 5.99297e+06 5.99331e+06 5.99364e+06 5.99397e+06 5.99428e+06 5.99458e+06 5.99488e+06 5.99517e+06 5.99545e+06 5.99572e+06
          5.99598e+06 5.99624e+06 5.99649e+06 5.99674e+06 5.99697e+06 5.9972e+06 5.99743e+06 5.99765e+06 5.99787e+06 5.99808e+06 5.99828e+06 5.99848e+06
          5.99868e+06 5.99887e+06 5.99906e+06 5.99925e+06 5.99943e+06 5.9996e+06 5.99978e+06 5.99995e+06 6.00012e+06 6.00028e+06 6.00044e+06 6.0006e+06
          6.00076e+06 6.00091e+06 6.00106e+06 6.00121e+06 6.00136e+06 6.00151e+06 6.00165e+06 6.0018e+06 6.00194e+06 6.00208e+06 6.00222e+06 5.28043e+06
          5.64978e+06 5.76248e+06 5.82066e+06 5.85618e+06 5.88e+06 5.89701e+06 5.90972e+06 5.91956e+06 5.92738e+06 5.93376e+06 5.93905e+06 5.94353e+06
          5.94737e+06 5.9507e+06 5.95365e+06 5.95626e+06 5.95862e+06 5.96075e+06 5.9627e+06 5.96449e+06 5.96614e+06 5.96768e+06 5.96911e+06 5.97045e+06
          5.9717e+06 5.97289e+06 5.97401e+06 5.97507e+06 5.97607e+06 5.97702e+06 5.97793e+06 5.9788e+06 5.97962e+06 5.98041e+06 5.98117e+06 5.98189e+06
          5.98259e+06 5.98325e+06 5.98389e+06 5.98451e+06 5.9851e+06 5.98567e+06 5.98622e+06 5.98675e+06 5.98726e+06 5.98775e+06 5.98823e+06 5.98869e+06
          5.98913e+06 5.98956e+06 5.98997e+06 5.99038e+06 5.99076e+06 5.99114e+06 5.99151e+06 5.99186e+06 5.9922e+06 5.99254e+06 5.99286e+06 5.99317e+06
          5.99348e+06 5.99377e+06 5.99406e+06 5.99434e+06 5.99461e+06 5.99488e+06 5.99513e+06 5.99538e+06 5.99563e+06 5.99587e+06 5.9961e+06 5.99632e+06
          5.99655e+06 5.99676e+06 5.99697e+06 5.99718e+06 5.99738e+06 5.99757e+06 5.99777e+06 5.99796e+06 5.99814e+06 5.99832e+06 5.9985e+06 5.99867e+06
          5.99884e+06 5.99901e+06 5.99917e+06 5.99934e+06 5.99949e+06 5.99965e+06 5.9998e+06 5.99996e+06 6.00011e+06 6.00026e+06 6.0004e+06 6.00054e+06
          6.00069e+06 6.00083e+06 6.00097e+06 6.00111e+06 5.27134e+06 5.64204e+06 5.75684e+06 5.81686e+06 5.85354e+06 5.87803e+06 5.89543e+06 5.90837e+06
          5.91834e+06 5.92624e+06 5.93265e+06 5.93796e+06 5.94244e+06 5.94628e+06 5.94961e+06 5.95255e+06 5.95516e+06 5.95751e+06 5.95964e+06 5.96159e+06
          5.96338e+06 5.96503e+06 5.96656e+06 5.968e+06 5.96934e+06 5.9706e+06 5.97178e+06 5.9729e+06 5.97396e+06 5.97496e+06 5.97592e+06 5.97683e+06
          5.97769e+06 5.97852e+06 5.97931e+06 5.98006e+06 5.98079e+06 5.98148e+06 5.98215e+06 5.98279e+06 5.9834e+06 5.98399e+06 5.98456e+06 5.98511e+06
          5.98564e+06 5.98615e+06 5.98664e+06 5.98712e+06 5.98758e+06 5.98802e+06 5.98845e+06 5.98887e+06 5.98927e+06 5.98966e+06 5.99004e+06 5.9904e+06
          5.99075e+06 5.9911e+06 5.99143e+06 5.99175e+06 5.99207e+06 5.99237e+06 5.99267e+06 5.99295e+06 5.99323e+06 5.99351e+06 5.99377e+06 5.99403e+06
          5.99428e+06 5.99452e+06 5.99476e+06 5.99499e+06 5.99522e+06 5.99544e+06 5.99565e+06 5.99586e+06 5.99607e+06 5.99627e+06 5.99647e+06 5.99666e+06
          5.99685e+06 5.99703e+06 5.99721e+06 5.99739e+06 5.99756e+06 5.99773e+06 5.9979e+06 5.99807e+06 5.99823e+06 5.99839e+06 5.99854e+06 5.9987e+06
          5.99885e+06 5.999e+06 5.99915e+06 5.99929e+06 5.99944e+06 5.99958e+06 5.99972e+06 5.99986e+06 6e+06
        </DataArray>
        <DataArray type="Float32" Name="rho" NumberOfComponents="1" format="ascii">
          34.7791 34.5257 33.7369 33.6847 34.7001 34.0566 34.9897 34.5108 35.3317 34.9705 35.6823 35.4068
          36.0162 35.8049 36.319 36.157 36.5833 36.4596 36.8068 36.713 36.9901 36.9196 37.1363 37.0838
          37.2498 37.2109 37.3358 37.307 37.3996 37.378 37.446 37.4296 37.4796 37.4666 37.504 37.4933
          37.5221 37.5128 37.536 37.5275 37.5472 37.5393 37.5568 37.5491 37.5654 37.5578 37.5733 37.5658
          37.5808 37.5733 37.5879 37.5804 37.5947 37.5873 37.6013 37.5938 37.6076 37.6001 37.6136 37.6062
          37.6195 37.6121 37.6251 37.6177 37.6305 37.6231 37.6358 37.6284 37.6408 37.6334 37.6456 37.6382
          37.6503 37.6429 37.6548 37.6474 37.6592 37.6518 37.6634 37.6559 37.6674 37.66 37.6713 37.6639
          37.675 37.6676 37.6787 37.6713 37.6822 37.6748 37.6856 37.6782 37.6889 37.6814 37.692 37.6846
          37.6951 37.6877 37.698 37.6906 37.7009 37.6935 37.7037 37.6963 37.7064 37.699 37.709 37.7016
          37.7115 37.7041 37.7139 37.7065 37.7163 37.7089 37.7186 37.7112 37.7208 37.7134 37.723 37.7156
          37.7251 37.7177 37.7271 37.7197 37.7291 37.7217 37.7311 37.7236 37.7329 37.7255 37.7347 37.7273
          37.7365 37.7291 37.7382 37.7308 37.7399 37.7325 37.7416 37.7341 37.7432 37.7357 37.7447 37.7373
          37.7462 37.7388 37.7477 37.7403 37.7492 37.7417 37.7506 37.7431 37.752 37.7445 37.7533 37.7459
          37.7546 37.7472 37.7559 37.7485 37.7572 37.7497 37.7584 37.751 37.7596 37.7522 37.7608 37.7534
          37.762 37.7545 37.7631 37.7557 37.7642 37.7568 37.7653 37.7579 37.7664 37.759 37.7675 37.76
          37.7685 37.7611 37.7695 37.7621 37.7706 37.7631 37.7715 37.7641 37.7725 37.7651 37.7735 37.7661
          37.7744 37.767 37.7754 37.7679 37.7763 37.7689 37.7772 37.7698 37.778 37.7706 32.7194 32.6953
          33.083 33.638 34.2275 34.7929 35.308 35.7616 36.1504 36.4753 36.7402 36.951 37.1146 37.2383
          37.3296 37.3957 37.4427 37.4759 37.4996 37.5169 37.5301 37.5408 37.5499 37.5581 37.5657 37.5729
          37.5798 37.5863 37.5927 37.5988 37.6046 37.6103 37.6157 37.6209 37.626 37.6308 37.6355 37.64
          37.6443 37.6485 37.6526 37.6565 37.6602 37.6639 37.6674 37.6707 37.674 37.6772 37.6803 37.6832
          37.6861 37.6889 37.6915 37.6941 37.6967 37.6991 37.7015 37.7038 37.706 37.7082 37.7103 37.7123
          37.7143 37.7162 37.7181 37.7199 37.7217 37.7234 37.7251 37.7267 37.7283 37.7299 37.7314 37.7329
          37.7343 37.7357 37.7371 37.7384 37.7398 37.7411 37.7423 37.7436 37.7448 37.7459 37.7471 37.7483
          37.7494 37.7505 37.7516 37.7526 37.7537 37.7547 37.7557 37.7567 37.7577 37.7586 37.7596 37.7605
          37.7614 37.7623 37.7632 31.5945 31.6152 32.0232 32.6447 33.3356 34.0186 34.6541 35.2227 35.7163
          36.1335 36.4771 36.7531 36.9692 37.134 37.2563 37.345 37.4078 37.4517 37.4823 37.5039 37.5196
          37.5317 37.5416 37.5502 37.558 37.5653 37.5722 37.5788 37.5852 37.5913 37.5971 37.6028 37.6082
          37.6135 37.6185 37.6234 37.6281 37.6326 37.6369 37.6411 37.6451 37.649 37.6528 37.6564 37.6599
          37.6633 37.6666 37.6698 37.6728 37.6758 37.6787 37.6814 37.6841 37.6867 37.6892 37.6917 37.694
          37.6963 37.6986 37.7007 37.7028 37.7049 37.7069 37.7088 37.7107 37.7125 37.7143 37.716 37.7177
          37.7193 37.7209 37.7224 37.724 37.7254 37.7269 37.7283 37.7297 37.731 37.7323 37.7336 37.7349
          37.7361 37.7373 37.7385 37.7397 37.7408 37.7419 37.743 37.7441 37.7452 37.7462 37.7473 37.7483
          37.7493 37.7502 37.7512 37.7522 37.7531 37.754 37.7549 37.7558 30.3871 30.4628 30.9097 31.5929
          32.3713 33.1594 33.909 34.5929 35.1972 35.716 36.1497 36.5026 36.7823 36.998 37.1599 37.278
          37.362 37.4205 37.4606 37.4882 37.5076 37.5217 37.5328 37.542 37.5501 37.5575 37.5645 37.5712
          37.5776 37.5837 37.5896 37.5953 37.6008 37.606 37.6111 37.6159 37.6206 37.6251 37.6295 37.6337
          37.6377 37.6416 37.6454 37.649 37.6525 37.6559 37.6592 37.6624 37.6654 37.6684 37.6712 37.674
          37.6767 37.6793 37.6818 37.6843 37.6866 37.6889 37.6912 37.6933 37.6954 37.6975 37.6994 37.7014
          37.7032 37.7051 37.7068 37.7086 37.7102 37.7119 37.7135 37.715 37.7165 37.718 37.7195 37.7209
          37.7223 37.7236 37.7249 37.7262 37.7275 37.7287 37.7299 37.7311 37.7323 37.7334 37.7345 37.7356
          37.7367 37.7378 37.7388 37.7398 37.7408 37.7418 37.7428 37.7438 37.7447 37.7457 37.7466 37.7475
          37.7484 29.1301 29.2643 29.763 30.5093 31.3679 32.2515 33.1071 33.9022 34.6172 35.2414 35.7711
          36.2083 36.5595 36.8337 37.0418 37.1952 37.3051 37.3818 37.4343 37.4697 37.4939 37.5108 37.5234
          37.5335 37.542 37.5497 37.5568 37.5636 37.57 37.5762 37.5821 37.5878 37.5933 37.5985 37.6036
          37.6085 37.6132 37.6177 37.622 37.6262 37.6303 37.6342 37.638 37.6416 37.6451 37.6485 37.6518
          37.6549 37.658 37.661 37.6638 37.6666 37.6693 37.6719 37.6744 37.6769 37.6792 37.6815 37.6837
          37.6859 37.688 37.69 37.692 37.694 37.6958 37.6976 37.6994 37.7011 37.7028 37.7045 37.7061
          37.7076 37.7091 37.7106 37.712 37.7135 37.7148 37.7162 37.7175 37.7188 37.72 37.7213 37.7225
          37.7237 37.7248 37.726 37.7271 37.7282 37.7293 37.7303 37.7314 37.7324 37.7334 37.7344 37.7354
          37.7364 37.7373 37.7383 37.7392 37.7401 37.741 27.8579 28.051 28.608 29.4177 30.3502 31.3198
          32.2721 33.1714 33.9935 34.7228 35.3512 35.8773 36.3053 36.6437 36.9036 37.0972 37.2373 37.3356
          37.4029 37.4481 37.4783 37.4989 37.5135 37.5247 37.5338 37.5418 37.549 37.5559 37.5624 37.5686
          37.5745 37.5803 37.5858 37.591 37.5961 37.601 37.6057 37.6102 37.6146 37.6188 37.6229 37.6268
          37.6305 37.6342 37.6377 37.6411 37.6444 37.6475 37.6506 37.6536 37.6564 37.6592 37.6619 37.6645
          37.667 37.6694 37.6718 37.6741 37.6763 37.6785 37.6806 37.6826 37.6846 37.6865 37.6884 37.6902
          37.692 37.6937 37.6954 37.697 37.6986 37.7002 37.7017 37.7032 37.7046 37.706 37.7074 37.7088
          37.7101 37.7114 37.7126 37.7139 37.7151 37.7163 37.7174 37.7186 37.7197 37.7208 37.7219 37.7229
          37.724 37.725 37.726 37.727 37.728 37.729 37.7299 37.7309 37.7318 37.7327 37.7336 26.6087
          26.8587 27.4748 28.3442 29.3424 30.3871 31.4249 32.4188 33.3411 34.172 34.8987 35.5157 36.0242
          36.431 36.747 36.985 37.1588 37.2819 37.3665 37.4232 37.4608 37.4858 37.503 37.5155 37.5254
          37.5337 37.5412 37.5481 37.5547 37.561 37.567 37.5727 37.5782 37.5835 37.5886 37.5935 37.5983
          37.6028 37.6072 37.6114 37.6154 37.6193 37.6231 37.6268 37.6303 37.6337 37.6369 37.6401 37.6432
          37.6461 37.649 37.6518 37.6545 37.6571 37.6596 37.662 37.6644 37.6667 37.6689 37.6711 37.6732
          37.6752 37.6772 37.6791 37.681 37.6828 37.6846 37.6863 37.688 37.6896 37.6912 37.6928 37.6943
          37.6958 37.6972 37.6986 37.7 37.7013 37.7027 37.7039 37.7052 37.7064 37.7077 37.7088 37.71
          37.7111 37.7123 37.7134 37.7144 37.7155 37.7165 37.7176 37.7186 37.7196 37.7206 37.7215 37.7225
          37.7234 37.7244 37.7253 37.7262 25.4266 25.7289 26.3987 27.3185 28.3702 29.4764 30.5862 31.6623
          32.675 33.6009 34.4226 35.13 35.7206 36.1987 36.5741 36.8597 37.0704 37.2209 37.325 37.3951
          37.4412 37.4715 37.4918 37.506 37.5168 37.5256 37.5333 37.5404 37.547 37.5533 37.5594 37.5652
          37.5707 37.576 37.5812 37.5861 37.5908 37.5953 37.5997 37.6039 37.608 37.6119 37.6157 37.6193
          37.6229 37.6263 37.6295 37.6327 37.6358 37.6387 37.6416 37.6444 37.6471 37.6497 37.6522 37.6546
          37.657 37.6593 37.6615 37.6637 37.6658 37.6678 37.6698 37.6717 37.6736 37.6754 37.6772 37.6789
          37.6806 37.6822 37.6838 37.6854 37.6869 37.6884 37.6898 37.6912 37.6926 37.6939 37.6952 37.6965
          37.6978 37.699 37.7002 37.7014 37.7026 37.7037 37.7048 37.7059 37.707 37.7081 37.7091 37.7102
          37.7112 37.7122 37.7132 37.7141 37.7151 37.716 37.717 37.7179 37.7188 24.3615 24.7087 25.4197
          26.3734 27.4607 28.6108 29.7761 30.9197 32.0106 33.0221 33.9328 34.7277 35.4 35.9506 36.3875
          36.7233 36.9733 37.1534 37.279 37.3638 37.4197 37.4561 37.4799 37.4961 37.508 37.5173 37.5254
          37.5326 37.5393 37.5457 37.5518 37.5576 37.5632 37.5685 37.5737 37.5786 37.5833 37.5879 37.5923
          37.5965 37.6006 37.6045 37.6083 37.6119 37.6154 37.6188 37.6221 37.6253 37.6284 37.6313 37.6342
          37.637 37.6396 37.6422 37.6448 37.6472 37.6496 37.6519 37.6541 37.6563 37.6584 37.6604 37.6624
          37.6643 37.6662 37.668 37.6698 37.6715 37.6732 37.6748 37.6764 37.6779 37.6795 37.6809 37.6824
          37.6838 37.6852 37.6865 37.6878 37.6891 37.6904 37.6916 37.6928 37.694 37.6952 37.6963 37.6974
          37.6985 37.6996 37.7007 37.7017 37.7027 37.7038 37.7048 37.7057 37.7067 37.7077 37.7086 37.7096
          37.7105 37.7114 23.4648 23.8464 24.5791 25.5427 26.6411 27.8128 29.0139 30.2079 31.3625 32.4482
          33.4395 34.3168 35.0683 35.6912 36.1905 36.578 36.869 37.0804 37.2289 37.3298 37.3964 37.4395
          37.4674 37.4859 37.499 37.509 37.5174 37.5248 37.5316 37.5381 37.5442 37.55 37.5556 37.561
          37.5662 37.5711 37.5759 37.5804 37.5848 37.5891 37.5931 37.5971 37.6009 37.6045 37.608 37.6114
          37.6147 37.6179 37.6209 37.6239 37.6268 37.6296 37.6322 37.6348 37.6374 37.6398 37.6422 37.6445
          37.6467 37.6488 37.6509 37.653 37.655 37.6569 37.6588 37.6606 37.6623 37.6641 37.6658 37.6674
          37.669 37.6705 37.672 37.6735 37.675 37.6764 37.6778 37.6791 37.6804 37.6817 37.683 37.6842
          37.6854 37.6866 37.6878 37.6889 37.69 37.6911 37.6922 37.6933 37.6943 37.6953 37.6963 37.6973
          37.6983 37.6993 37.7003 37.7012 37.7022 37.7031 37.704 22.7792 23.1833 23.9131 24.8561 25.9355
          27.1019 28.3162 29.5418 30.7443 31.8912 32.9531 33.9058 34.7324 35.4254 35.9868 36.4265 36.7594
          37.0032 37.1756 37.2935 37.3715 37.422 37.4543 37.4754 37.4899 37.5006 37.5093 37.5169 37.5239
          37.5304 37.5366 37.5425 37.5481 37.5535 37.5587 37.5636 37.5684 37.573 37.5774 37.5816 37.5857
          37.5896 37.5934 37.5971 37.6006 37.604 37.6073 37.6105 37.6135 37.6165 37.6194 37.6221 37.6248
          37.6274 37.63 37.6324 37.6348 37.6371 37.6393 37.6414 37.6435 37.6456 37.6476 37.6495 37.6514
          37.6532 37.6549 37.6567 37.6583 37.66 37.6616 37.6631 37.6646 37.6661 37.6676 37.669 37.6703
          37.6717 37.673 37.6743 37.6756 37.6768 37.678 37.6792 37.6803 37.6815 37.6826 37.6837 37.6848
          37.6858 37.6869 37.6879 37.6889 37.6899 37.6909 37.6919 37.6929 37.6938 37.6947 37.6957 37.6966
          22.3281 22.7433 23.4424 24.3318 25.3597 26.4921 27.6955 28.9331 30.1672 31.3618 32.4834 33.5032
          34.3992 35.159 35.7808 36.272 36.6469 36.9234 37.1203 37.2556 37.3456 37.4038 37.4409 37.4647
          37.4807 37.4922 37.5013 37.5091 37.5162 37.5228 37.529 37.5349 37.5406 37.546 37.5512 37.5562
          37.5609 37.5655 37.57 37.5742 37.5783 37.5822 37.586 37.5897 37.5932 37.5966 37.5999 37.6031
          37.6061 37.6091 37.612 37.6147 37.6174 37.62 37.6226 37.625 37.6274 37.6297 37.6319 37.634
          37.6361 37.6382 37.6402 37.6421 37.6439 37.6458 37.6475 37.6493 37.6509 37.6526 37.6542 37.6557
          37.6572 37.6587 37.6601 37.6616 37.6629 37.6643 37.6656 37.6669 37.6681 37.6694 37.6706 37.6718
          37.6729 37.6741 37.6752 37.6763 37.6774 37.6784 37.6795 37.6805 37.6815 37.6825 37.6835 37.6845
          37.6855 37.6864 37.6873 37.6883 37.6892 22.1073 22.523 23.1631 23.9685 24.9159 25.9882 27.1585
          28.3895 29.64 30.8692 32.0395 33.1174 34.076 34.8979 35.5771 36.1182 36.5342 36.8429 37.0642
          37.2171 37.3192 37.3852 37.4272 37.4539 37.4714 37.4838 37.4933 37.5013 37.5085 37.5151 37.5214
          37.5274 37.5331 37.5385 37.5437 37.5487 37.5535 37.5581 37.5625 37.5668 37.5709 37.5748 37.5786
          37.5823 37.5858 37.5892 37.5925 37.5957 37.5987 37.6017 37.6046 37.6073 37.61 37.6126 37.6151
          37.6176 37.62 37.6222 37.6245 37.6266 37.6287 37.6308 37.6327 37.6347 37.6365 37.6384 37.6401
          37.6419 37.6435 37.6452 37.6468 37.6483 37.6498 37.6513 37.6527 37.6541 37.6555 37.6569 37.6582
          37.6595 37.6607 37.662 37.6632 37.6644 37.6655 37.6667 37.6678 37.6689 37.67 37.671 37.6721
          37.6731 37.6741 37.6751 37.6761 37.6771 37.678 37.679 37.6799 37.6809 37.6818 22.0813 22.4836
          23.0397 23.7411 24.5902 25.585 26.7053 27.9146 29.1682 30.4206 31.6292 32.7562 33.77 34.6483
          35.3808 35.969 36.4242 36.764 37.0088 37.1789 37.2928 37.3667 37.4135 37.443 37.4621 37.4753
          37.4853 37.4935 37.5008 37.5075 37.5138 37.5198 37.5255 37.531 37.5362 37.5412 37.546 37.5507
          37.5551 37.5593 37.5634 37.5674 37.5712 37.5749 37.5784 37.5818 37.5851 37.5883 37.5913 37.5943
          37.5972 37.5999 37.6026 37.6052 37.6077 37.6102 37.6126 37.6148 37.6171 37.6192 37.6213 37.6234
          37.6253 37.6273 37.6291 37.631 37.6327 37.6344 37.6361 37.6378 37.6394 37.6409 37.6424 37.6439
          37.6453 37.6467 37.6481 37.6495 37.6508 37.6521 37.6533 37.6546 37.6558 37.657 37.6581 37.6593
          37.6604 37.6615 37.6626 37.6636 37.6647 37.6657 37.6667 37.6677 37.6687 37.6697 37.6706 37.6716
          37.6725 37.6735 37.6744 22.1762 22.5402 23.0051 23.6055 24.3567 25.2689 26.3307 27.5084 28.7554
          30.0213 31.2592 32.4268 33.4882 34.4165 35.1972 35.8286 36.3201 36.689 36.9559 37.1421 37.2673
          37.3486 37.4 37.4323 37.453 37.467 37.4773 37.4858 37.4932 37.4999 37.5063 37.5123 37.518
          37.5235 37.5288 37.5338 37.5386 37.5432 37.5477 37.5519 37.556 37.56 37.5638 37.5674 37.571
          37.5744 37.5777 37.5809 37.5839 37.5869 37.5898 37.5925 37.5952 37.5978 37.6003 37.6028 37.6052
          37.6074 37.6097 37.6118 37.6139 37.616 37.6179 37.6199 37.6217 37.6236 37.6253 37.627 37.6287
          37.6304 37.6319 37.6335 37.635 37.6365 37.6379 37.6393 37.6407 37.6421 37.6434 37.6447 37.6459
          37.6472 37.6484 37.6495 37.6507 37.6518 37.653 37.6541 37.6551 37.6562 37.6573 37.6583 37.6593
          37.6603 37.6613 37.6623 37.6632 37.6642 37.6651 37.6661 37.667 22.2278 22.5349 22.9854 23.5175
          24.1868 25.0231 26.0265 27.169 28.4035 29.6763 30.936 32.1364 33.2376 34.209 35.0318 35.7014
          36.2254 36.6204 36.9073 37.108 37.2434 37.3314 37.3871 37.4219 37.4439 37.4587 37.4694 37.4781
          37.4856 37.4924 37.4988 37.5048 37.5106 37.5161 37.5213 37.5264 37.5312 37.5358 37.5402 37.5445
          37.5486 37.5526 37.5564 37.56 37.5636 37.567 37.5703 37.5735 37.5765 37.5795 37.5824 37.5851
          37.5878 37.5904 37.593 37.5954 37.5978 37.6001 37.6023 37.6044 37.6065 37.6086 37.6105 37.6125
          37.6143 37.6162 37.6179 37.6196 37.6213 37.623 37.6245 37.6261 37.6276 37.6291 37.6305 37.6319
          37.6333 37.6347 37.636 37.6373 37.6385 37.6397 37.641 37.6421 37.6433 37.6444 37.6456 37.6467
          37.6477 37.6488 37.6499 37.6509 37.6519 37.6529 37.6539 37.6549 37.6558 37.6568 37.6577 37.6587
          37.6596 20.9952 22.449 22.9513 23.4486 24.0586 24.8333 25.7857 26.8949 28.1152 29.3906 30.6661
          31.8921 33.0256 34.0323 34.8903 35.5922 36.1438 36.5609 36.8647 37.0779 37.2219 37.3157 37.375
          37.4119 37.4352 37.4506 37.4616 37.4704 37.478 37.4849 37.4913 37.4973 37.5031 37.5086 37.5139
          37.5189 37.5238 37.5284 37.5328 37.5371 37.5412 37.5452 37.549 37.5527 37.5562 37.5596 37.5629
          37.5661 37.5691 37.5721 37.575 37.5778 37.5804 37.583 37.5856 37.588 37.5904 37.5927 37.5949
          37.597 37.5991 37.6012 37.6031 37.6051 37.6069 37.6088 37.6105 37.6122 37.6139 37.6156 37.6171
          37.6187 37.6202 37.6217 37.6231 37.6245 37.6259 37.6273 37.6286 37.6299 37.6311 37.6323 37.6336
          37.6347 37.6359 37.637 37.6382 37.6393 37.6403 37.6414 37.6424 37.6435 37.6445 37.6455 37.6465
          37.6475 37.6484 37.6494 37.6503 37.6513 37.6522 20.8659 22.3464 22.909 23.3908 23.9619 24.6919
          25.6052 26.6873 27.8949 29.1708 30.4574 31.7023 32.8601 33.8938 34.7789 35.5058 36.0788 36.5132
          36.8302 37.053 37.2037 37.3019 37.364 37.4026 37.4268 37.4426 37.454 37.4629 37.4705 37.4774
          37.4838 37.4899 37.4957 37.5012 37.5065 37.5115 37.5163 37.521 37.5254 37.5297 37.5338 37.5378
          37.5416 37.5453 37.5488 37.5522 37.5555 37.5587 37.5617 37.5647 37.5676 37.5704 37.573 37.5756
          37.5782 37.5806 37.583 37.5853 37.5875 37.5896 37.5917 37.5938 37.5958 37.5977 37.5995 37.6014
          37.6031 37.6048 37.6065 37.6082 37.6097 37.6113 37.6128 37.6143 37.6157 37.6171 37.6185 37.6199
          37.6212 37.6225 37.6237 37.6249 37.6262 37.6273 37.6285 37.6296 37.6308 37.6319 37.6329 37.634
          37.635 37.6361 37.6371 37.6381 37.6391 37.6401 37.641 37.642 37.6429 37.6439 37.6448 20.815
          22.3115 22.8762 23.3486 23.897 24.5998 25.4881 26.5523 27.7512 29.0268 30.32 31.5769 32.7502
          33.8014 34.7042 35.4474 36.0343 36.4799 36.8055 37.0344 37.1894 37.2905 37.3543 37.394 37.4187
          37.4349 37.4464 37.4554 37.463 37.47 37.4764 37.4825 37.4883 37.4938 37.4991 37.5041 37.509
          37.5136 37.518 37.5223 37.5264 37.5304 37.5342 37.5379 37.5414 37.5448 37.5481 37.5513 37.5544
          37.5573 37.5602 37.563 37.5657 37.5683 37.5708 37.5732 37.5756 37.5779 37.5801 37.5823 37.5843
          37.5864 37.5884 37.5903 37.5921 37.594 37.5957 37.5975 37.5991 37.6008 37.6023 37.6039 37.6054
          37.6069 37.6083 37.6097 37.6111 37.6125 37.6138 37.6151 37.6163 37.6175 37.6188 37.6199 37.6211
          37.6222 37.6234 37.6245 37.6255 37.6266 37.6276 37.6287 37.6297 37.6307 37.6317 37.6327 37.6336
          37.6346 37.6355 37.6365 37.6374 20.7991 22.2999 22.8631 23.331 23.8714 24.5645 25.4437 26.5013
          27.6967 28.9719 30.2672 31.5281 32.7069 33.7643 34.6733 35.4223 36.0141 36.4637 36.7922 37.0233
          37.1797 37.2817 37.3462 37.3862 37.4112 37.4274 37.439 37.448 37.4556 37.4626 37.469 37.4751
          37.4809 37.4864 37.4917 37.4967 37.5016 37.5062 37.5107 37.5149 37.5191 37.523 37.5268 37.5305
          37.534 37.5374 37.5407 37.5439 37.547 37.5499 37.5528 37.5556 37.5583 37.5609 37.5634 37.5658
          37.5682 37.5705 37.5727 37.5749 37.577 37.579 37.581 37.5829 37.5848 37.5866 37.5883 37.5901
          37.5917 37.5934 37.595 37.5965 37.598 37.5995 37.6009 37.6023 37.6037 37.6051 37.6064 37.6077
          37.6089 37.6101 37.6114 37.6125 37.6137 37.6148 37.616 37.6171 37.6181 37.6192 37.6202 37.6213
          37.6223 37.6233 37.6243 37.6253 37.6262 37.6272 37.6281 37.6291 37.63
        </DataArray>
        <DataArray type="Float32" Name="mu" NumberOfComponents="1" format="ascii">
          1.32728e-05 1.32769e-05 1.32887e-05 1.32896e-05 1.32742e-05 1.32839e-05 1.32698e-05 1.3277e-05 1.32645e-05 1.32699e-05 1.32591e-05 1.32632e-05
          1.32541e-05 1.32571e-05 1.32495e-05 1.32517e-05 1.32455e-05 1.32472e-05 1.32423e-05 1.32434e-05 1.32397e-05 1.32405e-05 1.32378e-05 1.32383e-05
          1.32364e-05 1.32367e-05 1.32355e-05 1.32356e-05 1.3235e-05 1.32349e-05 1.32347e-05 1.32346e-05 1.32346e-05 1.32344e-05 1.32347e-05 1.32345e-05
          1.32349e-05 1.32346e-05 1.32351e-05 1.32349e-05 1.32354e-05 1.32351e-05 1.32357e-05 1.32354e-05 1.3236e-05 1.32357e-05 1.32363e-05 1.3236e-05
          1.32365e-05 1.32362e-05 1.32368e-05 1.32365e-05 1.3237e-05 1.32368e-05 1.32373e-05 1.3237e-05 1.32375e-05 1.32373e-05 1.32378e-05 1.32375e-05
          1.3238e-05 1.32377e-05 1.32382e-05 1.32379e-05 1.32384e-05 1.32381e-05 1.32386e-05 1.32383e-05 1.32388e-05 1.32385e-05 1.3239e-05 1.32387e-05
          1.32392e-05 1.32389e-05 1.32393e-05 1.3239e-05 1.32395e-05 1.32392e-05 1.32397e-05 1.32394e-05 1.32398e-05 1.32395e-05 1.324e-05 1.32397e-05
          1.32401e-05 1.32398e-05 1.32402e-05 1.324e-05 1.32404e-05 1.32401e-05 1.32405e-05 1.32402e-05 1.32406e-05 1.32403e-05 1.32407e-05 1.32405e-05
          1.32409e-05 1.32406e-05 1.3241e-05 1.32407e-05 1.32411e-05 1.32408e-05 1.32412e-05 1.32409e-05 1.32413e-05 1.3241e-05 1.32414e-05 1.32411e-05
          1.32415e-05 1.32412e-05 1.32416e-05 1.32413e-05 1.32417e-05 1.32414e-05 1.32418e-05 1.32415e-05 1.32418e-05 1.32416e-05 1.32419e-05 1.32416e-05
          1.3242e-05 1.32417e-05 1.32421e-05 1.32418e-05 1.32422e-05 1.32419e-05 1.32422e-05 1.32419e-05 1.32423e-05 1.3242e-05 1.32424e-05 1.32421e-05
          1.32424e-05 1.32422e-05 1.32425e-05 1.32422e-05 1.32426e-05 1.32423e-05 1.32426e-05 1.32423e-05 1.32427e-05 1.32424e-05 1.32427e-05 1.32425e-05
          1.32428e-05 1.32425e-05 1.32429e-05 1.32426e-05 1.32429e-05 1.32426e-05 1.3243e-05 1.32427e-05 1.3243e-05 1.32427e-05 1.32431e-05 1.32428e-05
          1.32431e-05 1.32428e-05 1.32432e-05 1.32429e-05 1.32432e-05 1.32429e-05 1.32433e-05 1.3243e-05 1.32433e-05 1.3243e-05 1.32434e-05 1.32431e-05
          1.32434e-05 1.32431e-05 1.32434e-05 1.32432e-05 1.32435e-05 1.32432e-05 1.32435e-05 1.32432e-05 1.32436e-05 1.32433e-05 1.32436e-05 1.32433e-05
          1.32436e-05 1.32434e-05 1.32437e-05 1.32434e-05 1.32437e-05 1.32434e-05 1.32438e-05 1.32435e-05 1.32438e-05 1.32435e-05 1.32438e-05 1.32436e-05
          1.32439e-05 1.32436e-05 1.32439e-05 1.32436e-05 1.32439e-05 1.32437e-05 1.3244e-05 1.32437e-05 1.3244e-05 1.32437e-05 1.33035e-05 1.33039e-05
          1.32983e-05 1.329e-05 1.32812e-05 1.32725e-05 1.32646e-05 1.32577e-05 1.32518e-05 1.32469e-05 1.3243e-05 1.324e-05 1.32378e-05 1.32363e-05
          1.32353e-05 1.32347e-05 1.32344e-05 1.32343e-05 1.32344e-05 1.32346e-05 1.32349e-05 1.32351e-05 1.32354e-05 1.32357e-05 1.3236e-05 1.32362e-05
          1.32365e-05 1.32367e-05 1.3237e-05 1.32372e-05 1.32374e-05 1.32376e-05 1.32378e-05 1.3238e-05 1.32382e-05 1.32384e-05 1.32386e-05 1.32388e-05
          1.32389e-05 1.32391e-05 1.32392e-05 1.32394e-05 1.32395e-05 1.32397e-05 1.32398e-05 1.32399e-05 1.32401e-05 1.32402e-05 1.32403e-05 1.32404e-05
          1.32405e-05 1.32406e-05 1.32407e-05 1.32408e-05 1.32409e-05 1.3241e-05 1.32411e-05 1.32412e-05 1.32413e-05 1.32414e-05 1.32414e-05 1.32415e-05
          1.32416e-05 1.32417e-05 1.32417e-05 1.32418e-05 1.32419e-05 1.32419e-05 1.3242e-05 1.32421e-05 1.32421e-05 1.32422e-05 1.32422e-05 1.32423e-05
          1.32423e-05 1.32424e-05 1.32425e-05 1.32425e-05 1.32426e-05 1.32426e-05 1.32427e-05 1.32427e-05 1.32427e-05 1.32428e-05 1.32428e-05 1.32429e-05
          1.32429e-05 1.3243e-05 1.3243e-05 1.3243e-05 1.32431e-05 1.32431e-05 1.32432e-05 1.32432e-05 1.32432e-05 1.32433e-05 1.32433e-05 1.32433e-05
          1.32434e-05 1.32434e-05 1.32434e-05 1.33189e-05 1.33187e-05 1.33131e-05 1.33043e-05 1.32943e-05 1.32841e-05 1.32745e-05 1.32658e-05 1.32583e-05
          1.3252e-05 1.32468e-05 1.32428e-05 1.32397e-05 1.32375e-05 1.3236e-05 1.32351e-05 1.32345e-05 1.32343e-05 1.32343e-05 1.32344e-05 1.32346e-05
          1.32349e-05 1.32351e-05 1.32354e-05 1.32357e-05 1.32359e-05 1.32362e-05 1.32364e-05 1.32367e-05 1.32369e-05 1.32371e-05 1.32374e-05 1.32376e-05
          1.32378e-05 1.3238e-05 1.32381e-05 1.32383e-05 1.32385e-05 1.32387e-05 1.32388e-05 1.3239e-05 1.32391e-05 1.32393e-05 1.32394e-05 1.32395e-05
          1.32397e-05 1.32398e-05 1.32399e-05 1.324e-05 1.32401e-05 1.32402e-05 1.32403e-05 1.32404e-05 1.32405e-05 1.32406e-05 1.32407e-05 1.32408e-05
          1.32409e-05 1.3241e-05 1.32411e-05 1.32412e-05 1.32412e-05 1.32413e-05 1.32414e-05 1.32414e-05 1.32415e-05 1.32416e-05 1.32417e-05 1.32417e-05
          1.32418e-05 1.32418e-05 1.32419e-05 1.3242e-05 1.3242e-05 1.32421e-05 1.32421e-05 1.32422e-05 1.32422e-05 1.32423e-05 1.32423e-05 1.32424e-05
          1.32424e-05 1.32425e-05 1.32425e-05 1.32426e-05 1.32426e-05 1.32426e-05 1.32427e-05 1.32427e-05 1.32428e-05 1.32428e-05 1.32428e-05 1.32429e-05
          1.32429e-05 1.3243e-05 1.3243e-05 1.3243e-05 1.32431e-05 1.32431e-05 1.32431e-05 1.32432e-05 1.33341e-05 1.33332e-05 1.33276e-05 1.33186e-05
          1.33078e-05 1.32965e-05 1.32855e-05 1.32752e-05 1.32661e-05 1.32582e-05 1.32516e-05 1.32464e-05 1.32423e-05 1.32393e-05 1.32371e-05 1.32357e-05
          1.32348e-05 1.32344e-05 1.32342e-05 1.32342e-05 1.32344e-05 1.32346e-05 1.32348e-05 1.32351e-05 1.32354e-05 1.32356e-05 1.32359e-05 1.32362e-05
          1.32364e-05 1.32366e-05 1.32369e-05 1.32371e-05 1.32373e-05 1.32375e-05 1.32377e-05 1.32379e-05 1.3238e-05 1.32382e-05 1.32384e-05 1.32385e-05
          1.32387e-05 1.32388e-05 1.3239e-05 1.32391e-05 1.32392e-05 1.32394e-05 1.32395e-05 1.32396e-05 1.32397e-05 1.32398e-05 1.324e-05 1.32401e-05
          1.32402e-05 1.32403e-05 1.32404e-05 1.32404e-05 1.32405e-05 1.32406e-05 1.32407e-05 1.32408e-05 1.32409e-05 1.32409e-05 1.3241e-05 1.32411e-05
          1.32412e-05 1.32412e-05 1.32413e-05 1.32414e-05 1.32414e-05 1.32415e-05 1.32416e-05 1.32416e-05 1.32417e-05 1.32417e-05 1.32418e-05 1.32418e-05
          1.32419e-05 1.32419e-05 1.3242e-05 1.3242e-05 1.32421e-05 1.32421e-05 1.32422e-05 1.32422e-05 1.32423e-05 1.32423e-05 1.32424e-05 1.32424e-05
          1.32424e-05 1.32425e-05 1.32425e-05 1.32426e-05 1.32426e-05 1.32426e-05 1.32427e-05 1.32427e-05 1.32427e-05 1.32428e-05 1.32428e-05 1.32429e-05
          1.32429e-05 1.3348e-05 1.33466e-05 1.3341e-05 1.33321e-05 1.33211e-05 1.33091e-05 1.3297e-05 1.32853e-05 1.32746e-05 1.32652e-05 1.32572e-05
          1.32506e-05 1.32454e-05 1.32414e-05 1.32385e-05 1.32366e-05 1.32353e-05 1.32345e-05 1.32342e-05 1.32341e-05 1.32341e-05 1.32343e-05 1.32346e-05
          1.32348e-05 1.32351e-05 1.32354e-05 1.32356e-05 1.32359e-05 1.32361e-05 1.32363e-05 1.32366e-05 1.32368e-05 1.3237e-05 1.32372e-05 1.32374e-05
          1.32376e-05 1.32377e-05 1.32379e-05 1.32381e-05 1.32382e-05 1.32384e-05 1.32385e-05 1.32387e-05 1.32388e-05 1.3239e-05 1.32391e-05 1.32392e-05
          1.32393e-05 1.32395e-05 1.32396e-05 1.32397e-05 1.32398e-05 1.32399e-05 1.324e-05 1.32401e-05 1.32402e-05 1.32403e-05 1.32403e-05 1.32404e-05
          1.32405e-05 1.32406e-05 1.32407e-05 1.32407e-05 1.32408e-05 1.32409e-05 1.3241e-05 1.3241e-05 1.32411e-05 1.32412e-05 1.32412e-05 1.32413e-05
          1.32413e-05 1.32414e-05 1.32414e-05 1.32415e-05 1.32416e-05 1.32416e-05 1.32417e-05 1.32417e-05 1.32418e-05 1.32418e-05 1.32419e-05 1.32419e-05
          1.32419e-05 1.3242e-05 1.3242e-05 1.32421e-05 1.32421e-05 1.32422e-05 1.32422e-05 1.32422e-05 1.32423e-05 1.32423e-05 1.32424e-05 1.32424e-05
          1.32424e-05 1.32425e-05 1.32425e-05 1.32425e-05 1.32426e-05 1.32426e-05 1.33597e-05 1.3358e-05 1.33527e-05 1.33443e-05 1.33335e-05 1.33212e-05
          1.33084e-05 1.32957e-05 1.32836e-05 1.32728e-05 1.32633e-05 1.32554e-05 1.3249e-05 1.3244e-05 1.32403e-05 1.32377e-05 1.32359e-05 1.32348e-05
          1.32342e-05 1.3234e-05 1.32339e-05 1.32341e-05 1.32343e-05 1.32345e-05 1.32348e-05 1.32351e-05 1.32353e-05 1.32356e-05 1.32358e-05 1.32361e-05
          1.32363e-05 1.32365e-05 1.32367e-05 1.32369e-05 1.32371e-05 1.32373e-05 1.32375e-05 1.32376e-05 1.32378e-05 1.3238e-05 1.32381e-05 1.32383e-05
          1.32384e-05 1.32385e-05 1.32387e-05 1.32388e-05 1.32389e-05 1.32391e-05 1.32392e-05 1.32393e-05 1.32394e-05 1.32395e-05 1.32396e-05 1.32397e-05
          1.32398e-05 1.32399e-05 1.324e-05 1.32401e-05 1.32401e-05 1.32402e-05 1.32403e-05 1.32404e-05 1.32405e-05 1.32405e-05 1.32406e-05 1.32407e-05
          1.32407e-05 1.32408e-05 1.32409e-05 1.32409e-05 1.3241e-05 1.32411e-05 1.32411e-05 1.32412e-05 1.32412e-05 1.32413e-05 1.32413e-05 1.32414e-05
          1.32414e-05 1.32415e-05 1.32415e-05 1.32416e-05 1.32416e-05 1.32417e-05 1.32417e-05 1.32417e-05 1.32418e-05 1.32418e-05 1.32419e-05 1.32419e-05
          1.3242e-05 1.3242e-05 1.3242e-05 1.32421e-05 1.32421e-05 1.32421e-05 1.32422e-05 1.32422e-05 1.32423e-05 1.32423e-05 1.32423e-05 1.33681e-05
          1.33665e-05 1.33621e-05 1.33545e-05 1.33444e-05 1.33324e-05 1.33193e-05 1.33059e-05 1.32928e-05 1.32807e-05 1.32698e-05 1.32606e-05 1.32529e-05
          1.32469e-05 1.32423e-05 1.3239e-05 1.32367e-05 1.32352e-05 1.32343e-05 1.32339e-05 1.32338e-05 1.32338e-05 1.3234e-05 1.32342e-05 1.32345e-05
          1.32348e-05 1.3235e-05 1.32353e-05 1.32355e-05 1.32358e-05 1.3236e-05 1.32362e-05 1.32364e-05 1.32366e-05 1.32368e-05 1.3237e-05 1.32372e-05
          1.32374e-05 1.32375e-05 1.32377e-05 1.32378e-05 1.3238e-05 1.32381e-05 1.32383e-05 1.32384e-05 1.32385e-05 1.32387e-05 1.32388e-05 1.32389e-05
          1.3239e-05 1.32391e-05 1.32392e-05 1.32393e-05 1.32394e-05 1.32395e-05 1.32396e-05 1.32397e-05 1.32398e-05 1.32399e-05 1.32399e-05 1.324e-05
          1.32401e-05 1.32402e-05 1.32403e-05 1.32403e-05 1.32404e-05 1.32405e-05 1.32405e-05 1.32406e-05 1.32407e-05 1.32407e-05 1.32408e-05 1.32408e-05
          1.32409e-05 1.32409e-05 1.3241e-05 1.3241e-05 1.32411e-05 1.32411e-05 1.32412e-05 1.32412e-05 1.32413e-05 1.32413e-05 1.32414e-05 1.32414e-05
          1.32415e-05 1.32415e-05 1.32416e-05 1.32416e-05 1.32416e-05 1.32417e-05 1.32417e-05 1.32418e-05 1.32418e-05 1.32418e-05 1.32419e-05 1.32419e-05
          1.32419e-05 1.3242e-05 1.3242e-05 1.3242e-05 1.33728e-05 1.33717e-05 1.33685e-05 1.33624e-05 1.33535e-05 1.33423e-05 1.33294e-05 1.33157e-05
          1.33019e-05 1.32887e-05 1.32766e-05 1.32661e-05 1.32572e-05 1.32501e-05 1.32446e-05 1.32405e-05 1.32376e-05 1.32357e-05 1.32345e-05 1.32339e-05
          1.32336e-05 1.32336e-05 1.32338e-05 1.3234e-05 1.32342e-05 1.32345e-05 1.32347e-05 1.3235e-05 1.32352e-05 1.32355e-05 1.32357e-05 1.32359e-05
          1.32361e-05 1.32363e-05 1.32365e-05 1.32367e-05 1.32369e-05 1.32371e-05 1.32372e-05 1.32374e-05 1.32376e-05 1.32377e-05 1.32378e-05 1.3238e-05
          1.32381e-05 1.32382e-05 1.32384e-05 1.32385e-05 1.32386e-05 1.32387e-05 1.32388e-05 1.32389e-05 1.3239e-05 1.32391e-05 1.32392e-05 1.32393e-05
          1.32394e-05 1.32395e-05 1.32396e-05 1.32397e-05 1.32397e-05 1.32398e-05 1.32399e-05 1.324e-05 1.324e-05 1.32401e-05 1.32402e-05 1.32402e-05
          1.32403e-05 1.32404e-05 1.32404e-05 1.32405e-05 1.32405e-05 1.32406e-05 1.32407e-05 1.32407e-05 1.32408e-05 1.32408e-05 1.32409e-05 1.32409e-05
          1.3241e-05 1.3241e-05 1.32411e-05 1.32411e-05 1.32411e-05 1.32412e-05 1.32412e-05 1.32413e-05 1.32413e-05 1.32414e-05 1.32414e-05 1.32414e-05
          1.32415e-05 1.32415e-05 1.32415e-05 1.32416e-05 1.32416e-05 1.32417e-05 1.32417e-05 1.32417e-05 1.32418e-05 1.33735e-05 1.33733e-05 1.33717e-05
          1.33676e-05 1.33604e-05 1.33505e-05 1.33383e-05 1.33247e-05 1.33105e-05 1.32966e-05 1.32835e-05 1.32718e-05 1.32617e-05 1.32535e-05 1.3247e-05
          1.32422e-05 1.32387e-05 1.32363e-05 1.32348e-05 1.32339e-05 1.32335e-05 1.32334e-05 1.32335e-05 1.32337e-05 1.32339e-05 1.32342e-05 1.32344e-05
          1.32347e-05 1.3235e-05 1.32352e-05 1.32354e-05 1.32356e-05 1.32359e-05 1.32361e-05 1.32363e-05 1.32364e-05 1.32366e-05 1.32368e-05 1.3237e-05
          1.32371e-05 1.32373e-05 1.32374e-05 1.32376e-05 1.32377e-05 1.32378e-05 1.3238e-05 1.32381e-05 1.32382e-05 1.32383e-05 1.32384e-05 1.32385e-05
          1.32387e-05 1.32388e-05 1.32389e-05 1.32389e-05 1.3239e-05 1.32391e-05 1.32392e-05 1.32393e-05 1.32394e-05 1.32395e-05 1.32395e-05 1.32396e-05
          1.32397e-05 1.32398e-05 1.32398e-05 1.32399e-05 1.324e-05 1.324e-05 1.32401e-05 1.32401e-05 1.32402e-05 1.32403e-05 1.32403e-05 1.32404e-05
          1.32404e-05 1.32405e-05 1.32405e-05 1.32406e-05 1.32406e-05 1.32407e-05 1.32407e-05 1.32408e-05 1.32408e-05 1.32409e-05 1.32409e-05 1.32409e-05
          1.3241e-05 1.3241e-05 1.32411e-05 1.32411e-05 1.32411e-05 1.32412e-05 1.32412e-05 1.32413e-05 1.32413e-05 1.32413e-05 1.32414e-05 1.32414e-05
          1.32414e-05 1.32415e-05 1.33709e-05 1.33718e-05 1.33722e-05 1.33702e-05 1.33651e-05 1.33568e-05 1.33457e-05 1.33327e-05 1.33185e-05 1.33041e-05
          1.32902e-05 1.32775e-05 1.32664e-05 1.32571e-05 1.32497e-05 1.3244e-05 1.32398e-05 1.3237e-05 1.32351e-05 1.3234e-05 1.32334e-05 1.32332e-05
          1.32333e-05 1.32334e-05 1.32336e-05 1.32339e-05 1.32342e-05 1.32344e-05 1.32347e-05 1.32349e-05 1.32351e-05 1.32354e-05 1.32356e-05 1.32358e-05
          1.3236e-05 1.32362e-05 1.32363e-05 1.32365e-05 1.32367e-05 1.32368e-05 1.3237e-05 1.32371e-05 1.32373e-05 1.32374e-05 1.32376e-05 1.32377e-05
          1.32378e-05 1.32379e-05 1.3238e-05 1.32382e-05 1.32383e-05 1.32384e-05 1.32385e-05 1.32386e-05 1.32387e-05 1.32388e-05 1.32388e-05 1.32389e-05
          1.3239e-05 1.32391e-05 1.32392e-05 1.32393e-05 1.32393e-05 1.32394e-05 1.32395e-05 1.32395e-05 1.32396e-05 1.32397e-05 1.32397e-05 1.32398e-05
          1.32399e-05 1.32399e-05 1.324e-05 1.324e-05 1.32401e-05 1.32401e-05 1.32402e-05 1.32403e-05 1.32403e-05 1.32404e-05 1.32404e-05 1.32404e-05
          1.32405e-05 1.32405e-05 1.32406e-05 1.32406e-05 1.32407e-05 1.32407e-05 1.32407e-05 1.32408e-05 1.32408e-05 1.32409e-05 1.32409e-05 1.32409e-05
          1.3241e-05 1.3241e-05 1.32411e-05 1.32411e-05 1.32411e-05 1.32412e-05 1.32412e-05 1.33664e-05 1.33684e-05 1.33704e-05 1.33705e-05 1.33675e-05
          1.33611e-05 1.33516e-05 1.33395e-05 1.33257e-05 1.33111e-05 1.32967e-05 1.32831e-05 1.3271e-05 1.32607e-05 1.32524e-05 1.32459e-05 1.32411e-05
          1.32377e-05 1.32355e-05 1.32341e-05 1.32334e-05 1.32331e-05 1.3233e-05 1.32331e-05 1.32333e-05 1.32336e-05 1.32339e-05 1.32341e-05 1.32344e-05
          1.32346e-05 1.32348e-05 1.32351e-05 1.32353e-05 1.32355e-05 1.32357e-05 1.32359e-05 1.32361e-05 1.32362e-05 1.32364e-05 1.32366e-05 1.32367e-05
          1.32369e-05 1.3237e-05 1.32371e-05 1.32373e-05 1.32374e-05 1.32375e-05 1.32376e-05 1.32378e-05 1.32379e-05 1.3238e-05 1.32381e-05 1.32382e-05
          1.32383e-05 1.32384e-05 1.32385e-05 1.32386e-05 1.32387e-05 1.32387e-05 1.32388e-05 1.32389e-05 1.3239e-05 1.32391e-05 1.32391e-05 1.32392e-05
          1.32393e-05 1.32393e-05 1.32394e-05 1.32395e-05 1.32395e-05 1.32396e-05 1.32396e-05 1.32397e-05 1.32398e-05 1.32398e-05 1.32399e-05 1.32399e-05
          1.324e-05 1.324e-05 1.32401e-05 1.32401e-05 1.32402e-05 1.32402e-05 1.32403e-05 1.32403e-05 1.32403e-05 1.32404e-05 1.32404e-05 1.32405e-05
          1.32405e-05 1.32405e-05 1.32406e-05 1.32406e-05 1.32407e-05 1.32407e-05 1.32407e-05 1.32408e-05 1.32408e-05 1.32408e-05 1.32409e-05 1.32409e-05
          1.33615e-05 1.33642e-05 1.33675e-05 1.33692e-05 1.33682e-05 1.33638e-05 1.33559e-05 1.3345e-05 1.33319e-05 1.33175e-05 1.33027e-05 1.32885e-05
          1.32756e-05 1.32644e-05 1.32551e-05 1.32479e-05 1.32424e-05 1.32385e-05 1.32359e-05 1.32342e-05 1.32333e-05 1.32329e-05 1.32328e-05 1.32329e-05
          1.32331e-05 1.32333e-05 1.32336e-05 1.32338e-05 1.32341e-05 1.32343e-05 1.32346e-05 1.32348e-05 1.3235e-05 1.32352e-05 1.32354e-05 1.32356e-05
          1.32358e-05 1.32359e-05 1.32361e-05 1.32363e-05 1.32364e-05 1.32366e-05 1.32367e-05 1.32369e-05 1.3237e-05 1.32371e-05 1.32372e-05 1.32374e-05
          1.32375e-05 1.32376e-05 1.32377e-05 1.32378e-05 1.32379e-05 1.3238e-05 1.32381e-05 1.32382e-05 1.32383e-05 1.32384e-05 1.32385e-05 1.32385e-05
          1.32386e-05 1.32387e-05 1.32388e-05 1.32388e-05 1.32389e-05 1.3239e-05 1.32391e-05 1.32391e-05 1.32392e-05 1.32392e-05 1.32393e-05 1.32394e-05
          1.32394e-05 1.32395e-05 1.32395e-05 1.32396e-05 1.32396e-05 1.32397e-05 1.32397e-05 1.32398e-05 1.32398e-05 1.32399e-05 1.32399e-05 1.324e-05
          1.324e-05 1.32401e-05 1.32401e-05 1.32401e-05 1.32402e-05 1.32402e-05 1.32403e-05 1.32403e-05 1.32403e-05 1.32404e-05 1.32404e-05 1.32405e-05
          1.32405e-05 1.32405e-05 1.32406e-05 1.32406e-05 1.32406e-05 1.3357e-05 1.33601e-05 1.3364e-05 1.33669e-05 1.33675e-05 1.33649e-05 1.33588e-05
          1.33494e-05 1.33372e-05 1.33231e-05 1.33082e-05 1.32936e-05 1.32799e-05 1.32679e-05 1.32578e-05 1.32498e-05 1.32437e-05 1.32393e-05 1.32363e-05
          1.32344e-05 1.32333e-05 1.32327e-05 1.32326e-05 1.32326e-05 1.32328e-05 1.3233e-05 1.32333e-05 1.32335e-05 1.32338e-05 1.3234e-05 1.32343e-05
          1.32345e-05 1.32347e-05 1.32349e-05 1.32351e-05 1.32353e-05 1.32355e-05 1.32357e-05 1.32358e-05 1.3236e-05 1.32361e-05 1.32363e-05 1.32364e-05
          1.32366e-05 1.32367e-05 1.32368e-05 1.3237e-05 1.32371e-05 1.32372e-05 1.32373e-05 1.32374e-05 1.32375e-05 1.32376e-05 1.32377e-05 1.32378e-05
          1.32379e-05 1.3238e-05 1.32381e-05 1.32382e-05 1.32383e-05 1.32383e-05 1.32384e-05 1.32385e-05 1.32386e-05 1.32386e-05 1.32387e-05 1.32388e-05
          1.32388e-05 1.32389e-05 1.3239e-05 1.3239e-05 1.32391e-05 1.32391e-05 1.32392e-05 1.32393e-05 1.32393e-05 1.32394e-05 1.32394e-05 1.32395e-05
          1.32395e-05 1.32396e-05 1.32396e-05 1.32396e-05 1.32397e-05 1.32397e-05 1.32398e-05 1.32398e-05 1.32399e-05 1.32399e-05 1.32399e-05 1.324e-05
          1.324e-05 1.32401e-05 1.32401e-05 1.32401e-05 1.32402e-05 1.32402e-05 1.32402e-05 1.32403e-05 1.32403e-05 1.32404e-05 1.33526e-05 1.33559e-05
          1.33601e-05 1.33638e-05 1.33658e-05 1.3365e-05 1.33606e-05 1.33526e-05 1.33414e-05 1.33279e-05 1.33132e-05 1.32982e-05 1.3284e-05 1.32712e-05
          1.32604e-05 1.32517e-05 1.3245e-05 1.32401e-05 1.32368e-05 1.32346e-05 1.32333e-05 1.32326e-05 1.32323e-05 1.32324e-05 1.32325e-05 1.32327e-05
          1.3233e-05 1.32332e-05 1.32335e-05 1.32337e-05 1.3234e-05 1.32342e-05 1.32344e-05 1.32346e-05 1.32348e-05 1.3235e-05 1.32352e-05 1.32354e-05
          1.32355e-05 1.32357e-05 1.32359e-05 1.3236e-05 1.32362e-05 1.32363e-05 1.32364e-05 1.32366e-05 1.32367e-05 1.32368e-05 1.32369e-05 1.3237e-05
          1.32371e-05 1.32372e-05 1.32373e-05 1.32374e-05 1.32375e-05 1.32376e-05 1.32377e-05 1.32378e-05 1.32379e-05 1.3238e-05 1.32381e-05 1.32381e-05
          1.32382e-05 1.32383e-05 1.32384e-05 1.32384e-05 1.32385e-05 1.32386e-05 1.32386e-05 1.32387e-05 1.32387e-05 1.32388e-05 1.32389e-05 1.32389e-05
          1.3239e-05 1.3239e-05 1.32391e-05 1.32391e-05 1.32392e-05 1.32392e-05 1.32393e-05 1.32393e-05 1.32394e-05 1.32394e-05 1.32395e-05 1.32395e-05
          1.32395e-05 1.32396e-05 1.32396e-05 1.32397e-05 1.32397e-05 1.32397e-05 1.32398e-05 1.32398e-05 1.32399e-05 1.32399e-05 1.32399e-05 1.324e-05
          1.324e-05 1.324e-05 1.32401e-05 1.33463e-05 1.33499e-05 1.33553e-05 1.33603e-05 1.33636e-05 1.33642e-05 1.33615e-05 1.33549e-05 1.33448e-05
          1.3332e-05 1.33174e-05 1.33023e-05 1.32876e-05 1.32743e-05 1.32628e-05 1.32534e-05 1.32462e-05 1.32409e-05 1.32371e-05 1.32347e-05 1.32332e-05
          1.32325e-05 1.32321e-05 1.32321e-05 1.32322e-05 1.32324e-05 1.32327e-05 1.3233e-05 1.32332e-05 1.32335e-05 1.32337e-05 1.32339e-05 1.32341e-05
          1.32343e-05 1.32345e-05 1.32347e-05 1.32349e-05 1.32351e-05 1.32353e-05 1.32354e-05 1.32356e-05 1.32357e-05 1.32359e-05 1.3236e-05 1.32361e-05
          1.32363e-05 1.32364e-05 1.32365e-05 1.32366e-05 1.32368e-05 1.32369e-05 1.3237e-05 1.32371e-05 1.32372e-05 1.32373e-05 1.32374e-05 1.32374e-05
          1.32375e-05 1.32376e-05 1.32377e-05 1.32378e-05 1.32379e-05 1.32379e-05 1.3238e-05 1.32381e-05 1.32381e-05 1.32382e-05 1.32383e-05 1.32383e-05
          1.32384e-05 1.32385e-05 1.32385e-05 1.32386e-05 1.32386e-05 1.32387e-05 1.32387e-05 1.32388e-05 1.32388e-05 1.32389e-05 1.32389e-05 1.3239e-05
          1.3239e-05 1.32391e-05 1.32391e-05 1.32392e-05 1.32392e-05 1.32393e-05 1.32393e-05 1.32393e-05 1.32394e-05 1.32394e-05 1.32395e-05 1.32395e-05
          1.32395e-05 1.32396e-05 1.32396e-05 1.32396e-05 1.32397e-05 1.32397e-05 1.32398e-05 1.32398e-05 1.3332e-05 1.33388e-05 1.33494e-05 1.33565e-05
          1.33611e-05 1.33631e-05 1.33617e-05 1.33565e-05 1.33475e-05 1.33353e-05 1.3321e-05 1.33058e-05 1.32908e-05 1.3277e-05 1.32649e-05 1.3255e-05
          1.32473e-05 1.32415e-05 1.32375e-05 1.32348e-05 1.32332e-05 1.32323e-05 1.32319e-05 1.32318e-05 1.3232e-05 1.32322e-05 1.32324e-05 1.32327e-05
          1.32329e-05 1.32332e-05 1.32334e-05 1.32336e-05 1.32339e-05 1.32341e-05 1.32343e-05 1.32345e-05 1.32346e-05 1.32348e-05 1.3235e-05 1.32351e-05
          1.32353e-05 1.32355e-05 1.32356e-05 1.32357e-05 1.32359e-05 1.3236e-05 1.32361e-05 1.32362e-05 1.32364e-05 1.32365e-05 1.32366e-05 1.32367e-05
          1.32368e-05 1.32369e-05 1.3237e-05 1.32371e-05 1.32372e-05 1.32373e-05 1.32373e-05 1.32374e-05 1.32375e-05 1.32376e-05 1.32376e-05 1.32377e-05
          1.32378e-05 1.32379e-05 1.32379e-05 1.3238e-05 1.32381e-05 1.32381e-05 1.32382e-05 1.32382e-05 1.32383e-05 1.32384e-05 1.32384e-05 1.32385e-05
          1.32385e-05 1.32386e-05 1.32386e-05 1.32387e-05 1.32387e-05 1.32388e-05 1.32388e-05 1.32388e-05 1.32389e-05 1.32389e-05 1.3239e-05 1.3239e-05
          1.32391e-05 1.32391e-05 1.32391e-05 1.32392e-05 1.32392e-05 1.32393e-05 1.32393e-05 1.32393e-05 1.32394e-05 1.32394e-05 1.32394e-05 1.32395e-05
          1.32395e-05 1.32539e-05 1.33261e-05 1.33431e-05 1.33527e-05 1.33588e-05 1.33619e-05 1.33616e-05 1.33575e-05 1.33494e-05 1.33379e-05 1.33239e-05
          1.33087e-05 1.32934e-05 1.32792e-05 1.32667e-05 1.32563e-05 1.32481e-05 1.3242e-05 1.32377e-05 1.32349e-05 1.32331e-05 1.32321e-05 1.32317e-05
          1.32316e-05 1.32317e-05 1.32319e-05 1.32321e-05 1.32324e-05 1.32326e-05 1.32329e-05 1.32331e-05 1.32334e-05 1.32336e-05 1.32338e-05 1.3234e-05
          1.32342e-05 1.32344e-05 1.32345e-05 1.32347e-05 1.32349e-05 1.3235e-05 1.32352e-05 1.32353e-05 1.32355e-05 1.32356e-05 1.32357e-05 1.32358e-05
          1.3236e-05 1.32361e-05 1.32362e-05 1.32363e-05 1.32364e-05 1.32365e-05 1.32366e-05 1.32367e-05 1.32368e-05 1.32369e-05 1.3237e-05 1.32371e-05
          1.32371e-05 1.32372e-05 1.32373e-05 1.32374e-05 1.32374e-05 1.32375e-05 1.32376e-05 1.32376e-05 1.32377e-05 1.32378e-05 1.32378e-05 1.32379e-05
          1.3238e-05 1.3238e-05 1.32381e-05 1.32381e-05 1.32382e-05 1.32382e-05 1.32383e-05 1.32383e-05 1.32384e-05 1.32384e-05 1.32385e-05 1.32385e-05
          1.32386e-05 1.32386e-05 1.32387e-05 1.32387e-05 1.32387e-05 1.32388e-05 1.32388e-05 1.32389e-05 1.32389e-05 1.32389e-05 1.3239e-05 1.3239e-05
          1.32391e-05 1.32391e-05 1.32391e-05 1.32392e-05 1.32392e-05 1.32392e-05 1.32382e-05 1.33151e-05 1.33378e-05 1.33495e-05 1.33568e-05 1.33608e-05
          1.33614e-05 1.33581e-05 1.33507e-05 1.33397e-05 1.3326e-05 1.33108e-05 1.32954e-05 1.32809e-05 1.3268e-05 1.32572e-05 1.32488e-05 1.32424e-05
          1.32379e-05 1.32349e-05 1.3233e-05 1.32319e-05 1.32315e-05 1.32313e-05 1.32314e-05 1.32316e-05 1.32318e-05 1.32321e-05 1.32324e-05 1.32326e-05
          1.32328e-05 1.32331e-05 1.32333e-05 1.32335e-05 1.32337e-05 1.32339e-05 1.32341e-05 1.32343e-05 1.32344e-05 1.32346e-05 1.32347e-05 1.32349e-05
          1.3235e-05 1.32352e-05 1.32353e-05 1.32354e-05 1.32356e-05 1.32357e-05 1.32358e-05 1.32359e-05 1.3236e-05 1.32361e-05 1.32362e-05 1.32363e-05
          1.32364e-05 1.32365e-05 1.32366e-05 1.32367e-05 1.32368e-05 1.32369e-05 1.32369e-05 1.3237e-05 1.32371e-05 1.32372e-05 1.32372e-05 1.32373e-05
          1.32374e-05 1.32374e-05 1.32375e-05 1.32376e-05 1.32376e-05 1.32377e-05 1.32377e-05 1.32378e-05 1.32378e-05 1.32379e-05 1.3238e-05 1.3238e-05
          1.32381e-05 1.32381e-05 1.32381e-05 1.32382e-05 1.32382e-05 1.32383e-05 1.32383e-05 1.32384e-05 1.32384e-05 1.32385e-05 1.32385e-05 1.32385e-05
          1.32386e-05 1.32386e-05 1.32387e-05 1.32387e-05 1.32387e-05 1.32388e-05 1.32388e-05 1.32388e-05 1.32389e-05 1.32389e-05 1.32389e-05 1.32319e-05
          1.33099e-05 1.33344e-05 1.33474e-05 1.33554e-05 1.336e-05 1.33612e-05 1.33584e-05 1.33515e-05 1.33408e-05 1.33273e-05 1.33121e-05 1.32966e-05
          1.32819e-05 1.32688e-05 1.32578e-05 1.32491e-05 1.32425e-05 1.32379e-05 1.32348e-05 1.32328e-05 1.32317e-05 1.32312e-05 1.32311e-05 1.32311e-05
          1.32313e-05 1.32316e-05 1.32318e-05 1.32321e-05 1.32323e-05 1.32326e-05 1.32328e-05 1.3233e-05 1.32332e-05 1.32334e-05 1.32336e-05 1.32338e-05
          1.3234e-05 1.32341e-05 1.32343e-05 1.32345e-05 1.32346e-05 1.32348e-05 1.32349e-05 1.3235e-05 1.32352e-05 1.32353e-05 1.32354e-05 1.32355e-05
          1.32356e-05 1.32357e-05 1.32358e-05 1.32359e-05 1.3236e-05 1.32361e-05 1.32362e-05 1.32363e-05 1.32364e-05 1.32365e-05 1.32366e-05 1.32367e-05
          1.32367e-05 1.32368e-05 1.32369e-05 1.3237e-05 1.3237e-05 1.32371e-05 1.32372e-05 1.32372e-05 1.32373e-05 1.32373e-05 1.32374e-05 1.32375e-05
          1.32375e-05 1.32376e-05 1.32376e-05 1.32377e-05 1.32377e-05 1.32378e-05 1.32378e-05 1.32379e-05 1.32379e-05 1.3238e-05 1.3238e-05 1.32381e-05
          1.32381e-05 1.32381e-05 1.32382e-05 1.32382e-05 1.32383e-05 1.32383e-05 1.32383e-05 1.32384e-05 1.32384e-05 1.32385e-05 1.32385e-05 1.32385e-05
          1.32386e-05 1.32386e-05 1.32386e-05 1.32387e-05 1.323e-05 1.33083e-05 1.33332e-05 1.33466e-05 1.33548e-05 1.33596e-05 1.3361e-05 1.33584e-05
          1.33517e-05 1.33411e-05 1.33276e-05 1.33125e-05 1.32969e-05 1.32821e-05 1.32689e-05 1.32578e-05 1.3249e-05 1.32424e-05 1.32377e-05 1.32345e-05
          1.32326e-05 1.32315e-05 1.32309e-05 1.32308e-05 1.32309e-05 1.3231e-05 1.32313e-05 1.32315e-05 1.32318e-05 1.3232e-05 1.32323e-05 1.32325e-05
          1.32327e-05 1.32329e-05 1.32331e-05 1.32333e-05 1.32335e-05 1.32337e-05 1.32339e-05 1.3234e-05 1.32342e-05 1.32343e-05 1.32345e-05 1.32346e-05
          1.32347e-05 1.32349e-05 1.3235e-05 1.32351e-05 1.32352e-05 1.32354e-05 1.32355e-05 1.32356e-05 1.32357e-05 1.32358e-05 1.32359e-05 1.3236e-05
          1.3236e-05 1.32361e-05 1.32362e-05 1.32363e-05 1.32364e-05 1.32365e-05 1.32365e-05 1.32366e-05 1.32367e-05 1.32367e-05 1.32368e-05 1.32369e-05
          1.32369e-05 1.3237e-05 1.32371e-05 1.32371e-05 1.32372e-05 1.32372e-05 1.32373e-05 1.32373e-05 1.32374e-05 1.32374e-05 1.32375e-05 1.32375e-05
          1.32376e-05 1.32376e-05 1.32377e-05 1.32377e-05 1.32378e-05 1.32378e-05 1.32379e-05 1.32379e-05 1.32379e-05 1.3238e-05 1.3238e-05 1.32381e-05
          1.32381e-05 1.32381e-05 1.32382e-05 1.32382e-05 1.32382e-05 1.32383e-05 1.32383e-05 1.32384e-05 1.32384e-05
        </DataArray>
        <DataArray type="Float32" Name="x^CH4_gas" NumberOfComponents="1" format="ascii">
          0.932088 0.925386 0.90466 0.903248 0.929936 0.913102 0.937468 0.925051 0.946312 0.937043 0.955314 0.948328
          0.963816 0.958532 0.971455 0.967468 0.978059 0.975074 0.983578 0.981369 0.988043 0.986437 0.991543 0.990399
          0.994199 0.993403 0.996148 0.99561 0.997529 0.997176 0.998473 0.998249 0.999092 0.998955 0.999482 0.999402
          0.999717 0.999672 0.999853 0.999828 0.999927 0.999914 0.999965 0.999959 0.999984 0.999982 0.999993 0.999992
          0.999997 0.999997 0.999999 0.999999 1 1 1 1 1 1 1 1
          1 1 1 1 1 1 1 1 1 1 1 1
          1 1 1 1 1 1 1 1 1 1 1 1
          1 1 1 1 1 1 1 1 1 1 1 1
          1 1 1 1 1 1 1 1 1 1 1 1
          1 1 1 1 1 1 1 1 1 1 1 1
          1 1 1 1 1 1 1 1 1 1 1 1
          1 1 1 1 1 1 1 1 1 1 1 1
          1 1 1 1 1 1 1 1 1 1 1 1
          1 1 1 1 1 1 1 1 1 1 1 1
          1 1 1 1 1 1 1 1 1 1 1 1
          1 1 1 1 1 1 1 1 1 1 1 1
          1 1 1 1 1 1 1 1 1 1 0.877596 0.876925
          0.887323 0.902113 0.917683 0.932475 0.945819 0.957456 0.967327 0.975488 0.982065 0.987225 0.991161 0.994071
          0.996153 0.997592 0.998549 0.999161 0.999536 0.999755 0.999876 0.999941 0.999973 0.999988 0.999995 0.999998
          0.999999 1 1 1 1 1 1 1 1 1 1 1
          1 1 1 1 1 1 1 1 1 1 1 1
          1 1 1 1 1 1 1 1 1 1 1 1
          1 1 1 1 1 1 1 1 1 1 1 1
          1 1 1 1 1 1 1 1 1 1 1 1
          1 1 1 1 1 1 1 1 1 1 1 1
          1 1 1 0.847305 0.847853 0.858941 0.875718 0.894199 0.912281 0.928929 0.94367 0.956334
          0.966924 0.975552 0.982399 0.987682 0.99164 0.99451 0.99652 0.997877 0.998757 0.999303 0.999627 0.99981
          0.999908 0.999958 0.999982 0.999992 0.999997 0.999999 1 1 1 1 1 1
          1 1 1 1 1 1 1 1 1 1 1 1
          1 1 1 1 1 1 1 1 1 1 1 1
          1 1 1 1 1 1 1 1 1 1 1 1
          1 1 1 1 1 1 1 1 1 1 1 1
          1 1 1 1 1 1 1 1 1 1 1 1
          1 1 1 1 1 1 1 1 0.814367 0.816447 0.828758 0.847446
          0.868532 0.889652 0.90951 0.927429 0.943085 0.956384 0.967378 0.976225 0.98315 0.988413 0.992288 0.995045
          0.996935 0.99818 0.998965 0.999439 0.99971 0.999858 0.999934 0.999971 0.999988 0.999995 0.999998 0.999999
          1 1 1 1 1 1 1 1 1 1 1 1
          1 1 1 1 1 1 1 1 1 1 1 1
          1 1 1 1 1 1 1 1 1 1 1 1
          1 1 1 1 1 1 1 1 1 1 1 1
          1 1 1 1 1 1 1 1 1 1 1 1
          1 1 1 1 1 1 1 1 1 1 1 1
          1 0.779617 0.783373 0.797299 0.817983 0.841537 0.865497 0.88842 0.909468 0.928172 0.944315 0.957862
          0.968922 0.9777 0.984466 0.989523 0.993176 0.99572 0.997422 0.998514 0.999182 0.999572 0.999787 0.9999
          0.999956 0.999981 0.999993 0.999997 0.999999 1 1 1 1 1 1 1
          1 1 1 1 1 1 1 1 1 1 1 1
          1 1 1 1 1 1 1 1 1 1 1 1
          1 1 1 1 1 1 1 1 1 1 1 1
          1 1 1 1 1 1 1 1 1 1 1 1
          1 1 1 1 1 1 1 1 1 1 1 1
          1 1 1 1 1 1 0.743993 0.749478 0.765242 0.787969 0.813865 0.840464
          0.866258 0.890306 0.912013 0.931038 0.947241 0.960653 0.971441 0.979867 0.986249 0.990926 0.994232 0.996478
          0.997941 0.998851 0.99939 0.999693 0.999854 0.999934 0.999972 0.999989 0.999996 0.999999 1 1
          1 1 1 1 1 1 1 1 1 1 1 1
          1 1 1 1 1 1 1 1 1 1 1 1
          1 1 1 1 1 1 1 1 1 1 1 1
          1 1 1 1 1 1 1 1 1 1 1 1
          1 1 1 1 1 1 1 1 1 1 1 1
          1 1 1 1 1 1 1 1 1 1 1 0.708593
          0.715794 0.733451 0.75815 0.786191 0.815169 0.843575 0.870411 0.894987 0.916843 0.935725 0.951568 0.964475
          0.974682 0.982507 0.988316 0.992478 0.995347 0.997244 0.998442 0.999162 0.999572 0.999794 0.999906 0.99996
          0.999984 0.999994 0.999998 0.999999 1 1 1 1 1 1 1 1
          1 1 1 1 1 1 1 1 1 1 1 1
          1 1 1 1 1 1 1 1 1 1 1 1
          1 1 1 1 1 1 1 1 1 1 1 1
          1 1 1 1 1 1 1 1 1 1 1 1
          1 1 1 1 1 1 1 1 1 1 1 1
          1 1 1 1 0.674755 0.683575 0.702992 0.72941 0.759265 0.790262 0.820934 0.85026
          0.87748 0.90203 0.923537 0.941826 0.956913 0.968985 0.978347 0.985376 0.990475 0.994037 0.996423 0.997952
          0.998884 0.999423 0.999718 0.99987 0.999944 0.999977 0.999991 0.999997 0.999999 1 1 1
          1 1 1 1 1 1 1 1 1 1 1 1
          1 1 1 1 1 1 1 1 1 1 1 1
          1 1 1 1 1 1 1 1 1 1 1 1
          1 1 1 1 1 1 1 1 1 1 1 1
          1 1 1 1 1 1 1 1 1 1 1 1
          1 1 1 1 1 1 1 1 1 0.644061 0.654298 0.675112
          0.702764 0.733911 0.766428 0.798914 0.830343 0.859899 0.886922 0.910924 0.931607 0.948884 0.962868 0.973831
          0.98215 0.988251 0.992562 0.995487 0.997385 0.998558 0.999246 0.999627 0.999826 0.999924 0.999969 0.999988
          0.999996 0.999999 1 1 1 1 1 1 1 1 1 1
          1 1 1 1 1 1 1 1 1 1 1 1
          1 1 1 1 1 1 1 1 1 1 1 1
          1 1 1 1 1 1 1 1 1 1 1 1
          1 1 1 1 1 1 1 1 1 1 1 1
          1 1 1 1 1 1 1 1 1 1 1 1
          1 1 0.618192 0.62954 0.651155 0.679293 0.710985 0.744351 0.778082 0.81114 0.842647 0.871854
          0.898152 0.921116 0.940539 0.95644 0.969037 0.978691 0.985841 0.990946 0.994449 0.996748 0.998187 0.999041
          0.999521 0.999775 0.9999 0.999959 0.999984 0.999994 0.999998 0.999999 1 1 1 1
          1 1 1 1 1 1 1 1 1 1 1 1
          1 1 1 1 1 1 1 1 1 1 1 1
          1 1 1 1 1 1 1 1 1 1 1 1
          1 1 1 1 1 1 1 1 1 1 1 1
          1 1 1 1 1 1 1 1 1 1 1 1
          1 1 1 1 1 1 1 0.598631 0.610721 0.632343 0.659994 0.691276
          0.724659 0.758951 0.79309 0.826109 0.857153 0.885494 0.910572 0.932047 0.949828 0.964059 0.975067 0.983293
          0.989221 0.993329 0.996054 0.997777 0.998813 0.999401 0.999715 0.999873 0.999947 0.999979 0.999992 0.999997
          0.999999 1 1 1 1 1 1 1 1 1 1 1
          1 1 1 1 1 1 1 1 1 1 1 1
          1 1 1 1 1 1 1 1 1 1 1 1
          1 1 1 1 1 1 1 1 1 1 1 1
          1 1 1 1 1 1 1 1 1 1 1 1
          1 1 1 1 1 1 1 1 1 1 1 1
          0.586314 0.598766 0.619475 0.645542 0.675346 0.70782 0.741924 0.77655 0.810612 0.843122 0.873217 0.900199
          0.92359 0.943175 0.959004 0.971356 0.980664 0.987427 0.992153 0.995318 0.997339 0.998566 0.999269 0.999649
          0.999842 0.999933 0.999974 0.99999 0.999997 0.999999 1 1 1 1 1 1
          1 1 1 1 1 1 1 1 1 1 1 1
          1 1 1 1 1 1 1 1 1 1 1 1
          1 1 1 1 1 1 1 1 1 1 1 1
          1 1 1 1 1 1 1 1 1 1 1 1
          1 1 1 1 1 1 1 1 1 1 1 1
          1 1 1 1 1 0.581392 0.593823 0.612627 0.636034 0.663352 0.694042 0.727232
          0.761767 0.796414 0.830017 0.861566 0.89022 0.915358 0.936631 0.95399 0.967651 0.978021 0.985611 0.990955
          0.994562 0.996886 0.998307 0.999131 0.99958 0.999809 0.999919 0.999968 0.999988 0.999996 0.999999 1
          1 1 1 1 1 1 1 1 1 1 1 1
          1 1 1 1 1 1 1 1 1 1 1 1
          1 1 1 1 1 1 1 1 1 1 1 1
          1 1 1 1 1 1 1 1 1 1 1 1
          1 1 1 1 1 1 1 1 1 1 1 1
          1 1 1 1 1 1 1 1 1 1 0.583203 0.595077
          0.610949 0.630832 0.654949 0.683212 0.714912 0.748866 0.783689 0.818046 0.85076 0.880845 0.907538 0.930359
          0.949149 0.96405 0.975439 0.983827 0.989771 0.993811 0.996432 0.998047 0.99899 0.999508 0.999775 0.999904
          0.999962 0.999986 0.999995 0.999998 1 1 1 1 1 1 1 1
          1 1 1 1 1 1 1 1 1 1 1 1
          1 1 1 1 1 1 1 1 1 1 1 1
          1 1 1 1 1 1 1 1 1 1 1 1
          1 1 1 1 1 1 1 1 1 1 1 1
          1 1 1 1 1 1 1 1 1 1 1 1
          1 1 1 0.590419 0.60061 0.612659 0.628671 0.649382 0.674942 0.704822 0.737856 0.772544
          0.807371 0.840992 0.872274 0.90032 0.924523 0.944615 0.96066 0.972998 0.982135 0.988644 0.993092 0.995995
          0.997796 0.998853 0.999438 0.999742 0.999889 0.999955 0.999983 0.999994 0.999998 0.999999 1 1
          1 1 1 1 1 1 1 1 1 1 1 1
          1 1 1 1 1 1 1 1 1 1 1 1
          1 1 1 1 1 1 1 1 1 1 1 1
          1 1 1 1 1 1 1 1 1 1 1 1
          1 1 1 1 1 1 1 1 1 1 1 1
          1 1 1 1 1 1 1 1 0.601054 0.607182 0.615501 0.628151
          0.645747 0.66871 0.696718 0.728685 0.763044 0.798132 0.83244 0.864701 0.893894 0.919295 0.940532 0.957597
          0.970787 0.980598 0.987618 0.992436 0.995596 0.997565 0.998727 0.999374 0.999711 0.999875 0.99995 0.999981
          0.999993 0.999998 0.999999 1 1 1 1 1 1 1 1 1
          1 1 1 1 1 1 1 1 1 1 1 1
          1 1 1 1 1 1 1 1 1 1 1 1
          1 1 1 1 1 1 1 1 1 1 1 1
          1 1 1 1 1 1 1 1 1 1 1 1
          1 1 1 1 1 1 1 1 1 1 1 1
          1 0.608634 0.612059 0.618126 0.628189 0.643276 0.664035 0.690363 0.721299 0.755262 0.790474 0.825293
          0.85833 0.888458 0.914853 0.937053 0.954982 0.968897 0.979284 0.98674 0.991874 0.995253 0.997367 0.998619
          0.999318 0.999684 0.999863 0.999945 0.999979 0.999993 0.999998 0.999999 1 1 1 1
          1 1 1 1 1 1 1 1 1 1 1 1
          1 1 1 1 1 1 1 1 1 1 1 1
          1 1 1 1 1 1 1 1 1 1 1 1
          1 1 1 1 1 1 1 1 1 1 1 1
          1 1 1 1 1 1 1 1 1 1 1 1
          1 1 1 1 1 1 0.614517 0.615417 0.619928 0.62823 0.641515 0.66062
          0.685634 0.715724 0.749326 0.784592 0.819775 0.85339 0.88423 0.911391 0.934339 0.952942 0.967424 0.978262
          0.986058 0.991439 0.994988 0.997213 0.998535 0.999275 0.999663 0.999854 0.999941 0.999978 0.999992 0.999997
          0.999999 1 1 1 1 1 1 1 1 1 1 1
          1 1 1 1 1 1 1 1 1 1 1 1
          1 1 1 1 1 1 1 1 1 1 1 1
          1 1 1 1 1 1 1 1 1 1 1 1
          1 1 1 1 1 1 1 1 1 1 1 1
          1 1 1 1 1 1 1 1 1 1 1 0.616905
          0.617428 0.620903 0.628153 0.640346 0.65842 0.682591 0.712122 0.745475 0.780763 0.816174 0.850163 0.881466
          0.909129 0.932568 0.951614 0.966469 0.977601 0.985619 0.991159 0.994818 0.997115 0.998482 0.999247 0.99965
          0.999848 0.999938 0.999977 0.999992 0.999997 0.999999 1 1 1 1 1 1
          1 1 1 1 1 1 1 1 1 1 1 1
          1 1 1 1 1 1 1 1 1 1 1 1
          1 1 1 1 1 1 1 1 1 1 1 1
          1 1 1 1 1 1 1 1 1 1 1 1
          1 1 1 1 1 1 1 1 1 1 1 1
          1 1 1 1 0.617604 0.618045 0.621202 0.628089 0.639904 0.657616 0.681487 0.710817
          0.744078 0.779372 0.814865 0.848989 0.880463 0.90831 0.93193 0.951138 0.966128 0.977367 0.985465 0.991061
          0.994758 0.997081 0.998463 0.999238 0.999645 0.999846 0.999937 0.999976 0.999992 0.999997 0.999999 1
          1 1 1 1 1 1 1 1 1 1 1 1
          1 1 1 1 1 1 1 1 1 1 1 1
          1 1 1 1 1 1 1 1 1 1 1 1
          1 1 1 1 1 1 1 1 1 1 1 1
          1 1 1 1 1 1 1 1 1 1 1 1
          1 1 1 1 1 1 1 1 1
        </DataArray>
        <DataArray type="Float32" Name="x^SimpleH2O_gas" NumberOfComponents="1" format="ascii">
          -2.6265e-30 -3.02833e-30 -3.29134e-30 -3.59698e-30 -2.98256e-30 -3.4458e-30 -2.81011e-30 -3.18594e-30 -2.56607e-30 -2.88662e-30 -2.2784e-30 -2.55741e-30
          -1.96294e-30 -2.20285e-30 -1.6359e-30 -1.83624e-30 -1.31543e-30 -1.47694e-30 -1.01868e-30 -1.14428e-30 -7.58811e-31 -8.53003e-31 -5.43127e-31 -6.11277e-31
          -3.73092e-31 -4.20671e-31 -2.45595e-31 -2.77592e-31 -1.54631e-31 -1.7529e-31 -9.29202e-32 -1.05672e-31 -5.31699e-32 -6.06611e-32 -2.89048e-32 -3.30765e-32
          -1.48969e-32 -1.70918e-32 -7.26449e-33 -8.35296e-33 -3.34584e-33 -3.85371e-33 -1.45293e-33 -1.67532e-33 -5.94297e-34 -6.85545e-34 -2.28642e-34 -2.63716e-34
          -8.25989e-35 -9.52061e-35 -2.79698e-35 -3.21975e-35 -8.86265e-36 -1.01821e-35 -2.62397e-36 -3.00627e-36 -7.25225e-37 -8.27816e-37 -1.87134e-37 -2.1258e-37
          -4.51684e-38 -5.09931e-38 0 0 0 0 0 0 0 0 0 0
          0 0 0 0 0 0 0 0 0 0 0 0
          -0 -0 -0 -0 -0 -0 0 -0 0 0 0 0
          0 0 0 0 0 0 0 0 0 0 0 0
          0 0 -0 -0 -0 -0 -0 -0 -0 -0 -0 -0
          -0 -0 -0 -0 -0 -0 -0 -0 0 0 0 0
          0 0 0 0 0 0 0 0 0 0 0 0
          0 0 -0 -0 -0 -0 -0 -0 -0 -0 -0 -0
          -0 -0 -0 -0 -0 -0 -0 -0 -0 -0 0 0
          0 0 0 0 0 0 0 0 0 0 0 0
          0 0 0 0 -0 0 -0 -0 -0 -0 -0 -0
          -0 -0 -0 -0 -0 -0 -0 -0 0 0 -3.66809e-30 -4.07197e-30
          -3.97237e-30 -3.73982e-30 -3.45779e-30 -3.12028e-30 -2.72652e-30 -2.29703e-30 -1.86257e-30 -1.45288e-30 -1.09018e-30 -7.86736e-31 -5.45658e-31 -3.63213e-31
          -2.31517e-31 -1.40914e-31 -8.16475e-32 -4.49028e-32 -2.33787e-32 -1.14987e-32 -5.33278e-33 -2.32754e-33 -9.54836e-34 -3.67734e-34 -1.32732e-34 -4.48131e-35
          -1.41244e-35 -4.14838e-36 -1.13376e-36 -2.88169e-37 -6.81772e-38 -1.50628e-38 0 0 0 0 0 0
          0 0 0 0 -0 -0 -0 -0 -0 0 0 0
          0 0 0 0 0 0 -0 -0 -0 -0 -0 -0
          -0 -0 -0 0 0 0 0 0 0 0 0 0
          -0 -0 -0 -0 -0 -0 -0 -0 -0 0 0 0
          0 0 0 0 0 0 0 -0 -0 -0 -0 -0
          -0 -0 0 -3.94351e-30 -4.53308e-30 -4.41725e-30 -4.22519e-30 -4.01657e-30 -3.71878e-30 -3.31508e-30 -2.83664e-30 -2.32949e-30
          -1.83754e-30 -1.3939e-30 -1.01752e-30 -7.1457e-31 -4.82048e-31 -3.11554e-31 -1.92255e-31 -1.12855e-31 -6.28073e-32 -3.30482e-32 -1.64058e-32 -7.6694e-33
          -3.37e-33 -1.38958e-33 -5.36997e-34 -1.94154e-34 -6.55388e-35 -2.06098e-35 -6.02475e-36 -1.63407e-36 -4.10655e-37 -9.55865e-38 -2.06325e-38 0
          0 0 0 0 0 0 0 0 0 -0 -0 -0
          -0 -0 -0 -0 0 0 0 0 0 0 0 0
          -0 -0 -0 -0 -0 -0 -0 -0 -0 0 0 0
          0 0 0 0 0 -0 -0 -0 -0 -0 -0 -0
          -0 -0 -0 0 0 0 0 0 0 0 0 0
          -0 -0 -0 -0 -0 -0 -0 0 -4.10089e-30 -5.0251e-30 -4.74187e-30 -4.58487e-30
          -4.48164e-30 -4.23983e-30 -3.84046e-30 -3.33102e-30 -2.76897e-30 -2.20964e-30 -1.69607e-30 -1.25395e-30 -8.93108e-31 -6.11804e-31 -4.01729e-31 -2.51749e-31
          -1.49901e-31 -8.45058e-32 -4.49878e-32 -2.25729e-32 -1.0656e-32 -4.72356e-33 -1.96183e-33 -7.62197e-34 -2.76498e-34 -9.34443e-35 -2.93478e-35 -8.54385e-36
          -2.2997e-36 -5.70892e-37 -1.30405e-37 -2.73465e-38 0 0 0 0 0 0 0 0
          0 0 -0 -0 -0 -0 -0 -0 -0 -0 0 0
          0 0 0 0 0 0 -0 -0 -0 -0 -0 -0
          -0 -0 -0 0 0 0 0 0 0 0 0 -0
          -0 -0 -0 -0 -0 -0 -0 -0 -0 0 0 0
          0 0 0 0 0 0 -0 -0 -0 -0 -0 -0
          0 -4.10744e-30 -5.55917e-30 -4.88549e-30 -4.81446e-30 -4.83159e-30 -4.62482e-30 -4.22905e-30 -3.70644e-30 -3.11352e-30 -2.51112e-30 -1.94916e-30
          -1.4588e-30 -1.05364e-30 -7.33202e-31 -4.8929e-31 -3.11287e-31 -1.87833e-31 -1.07153e-31 -5.76883e-32 -2.92686e-32 -1.39686e-32 -6.25579e-33 -2.62127e-33
          -1.02524e-33 -3.73522e-34 -1.26449e-34 -3.96661e-35 -1.14942e-35 -3.06598e-36 -7.49695e-37 -1.67122e-37 -3.3672e-38 0 0 0
          0 0 0 0 0 0 0 -0 -0 -0 -0 -0
          -0 -0 -0 -0 0 0 0 0 0 0 0 0
          -0 -0 -0 -0 -0 -0 -0 -0 -0 0 0 0
          0 0 0 0 0 -0 -0 -0 -0 -0 -0 -0
          -0 -0 0 0 0 0 0 0 0 0 0 0
          -0 -0 -0 -0 -0 0 -3.98108e-30 -6.0391e-30 -4.80115e-30 -4.95977e-30 -5.05206e-30 -4.83038e-30
          -4.44115e-30 -3.92765e-30 -3.33049e-30 -2.71173e-30 -2.12584e-30 -1.60869e-30 -1.17803e-30 -8.33036e-31 -5.64717e-31 -3.63973e-31 -2.2184e-31 -1.27678e-31
          -6.93905e-32 -3.5591e-32 -1.7189e-32 -7.78767e-33 -3.29611e-33 -1.29879e-33 -4.75276e-34 -1.61096e-34 -5.04158e-35 -1.45112e-35 -3.8224e-36 -9.15069e-37
          -1.96878e-37 -3.72496e-38 0 0 0 0 0 0 0 0 0 0
          -0 -0 -0 -0 -0 -0 -0 -0 -0 -0 0 0
          0 0 0 0 0 0 -0 -0 -0 -0 -0 -0
          -0 -0 0 0 0 0 0 0 0 0 0 -0
          -0 -0 -0 -0 -0 -0 -0 -0 0 0 0 0
          0 0 0 0 0 0 -0 -0 -0 -0 0 -3.85958e-30
          -6.21082e-30 -4.56798e-30 -5.07328e-30 -5.09194e-30 -4.82751e-30 -4.46802e-30 -3.98811e-30 -3.41088e-30 -2.79907e-30 -2.21227e-30 -1.69191e-30 -1.2587e-30
          -9.06104e-31 -6.23528e-31 -4.05484e-31 -2.48228e-31 -1.434e-31 -7.84491e-32 -4.06626e-32 -1.98945e-32 -9.1291e-33 -3.90506e-33 -1.54995e-33 -5.69167e-34
          -1.9282e-34 -6.00346e-35 -1.70899e-35 -4.41503e-36 -1.02278e-36 -2.07662e-37 -3.49817e-38 0 0 0 0 0
          0 0 0 0 0 -0 -0 -0 -0 -0 -0 -0
          -0 -0 -0 -0 0 0 0 0 0 0 0 0
          -0 -0 -0 -0 -0 -0 -0 -0 0 0 0 0
          0 0 0 0 0 -0 -0 -0 -0 -0 -0 -0
          -0 -0 0 0 0 0 0 0 0 0 0 0
          -0 -0 -0 0 -3.91706e-30 -5.85138e-30 -4.42852e-30 -5.08071e-30 -4.88584e-30 -4.62701e-30 -4.32381e-30 -3.89462e-30
          -3.35439e-30 -2.76638e-30 -2.20048e-30 -1.70697e-30 -1.2975e-30 -9.53882e-31 -6.65947e-31 -4.34693e-31 -2.65171e-31 -1.5276e-31 -8.38871e-32 -4.39514e-32
          -2.18071e-32 -1.01386e-32 -4.37973e-33 -1.74827e-33 -6.42631e-34 -2.16795e-34 -6.67938e-35 -1.86544e-35 -4.66552e-36 -1.02143e-36 -1.85673e-37 -2.34073e-38
          0 0 0 0 0 0 0 0 0 0 0 -0
          -0 -0 -0 -0 -0 -0 -0 -0 -0 -0 0 0
          0 0 0 0 0 0 -0 -0 -0 -0 -0 -0
          -0 -0 0 0 0 0 0 0 0 0 0 -0
          -0 -0 -0 -0 -0 -0 -0 -0 0 0 0 0
          0 0 0 0 0 0 -0 -0 0 -4.01209e-30 -5.27321e-30 -4.41184e-30
          -4.81059e-30 -4.45107e-30 -4.27684e-30 -4.02173e-30 -3.65635e-30 -3.16344e-30 -2.6101e-30 -2.09074e-30 -1.66166e-30 -1.29758e-30 -9.77759e-31 -6.92336e-31
          -4.51205e-31 -2.72154e-31 -1.55742e-31 -8.5879e-32 -4.55625e-32 -2.29317e-32 -1.07831e-32 -4.69004e-33 -1.87568e-33 -6.86728e-34 -2.29142e-34 -6.91883e-35
          -1.86762e-35 -4.40484e-36 -8.61626e-37 -1.17727e-37 0 0 0 0 0 0 0 0
          0 0 0 0 -0 -0 -0 -0 -0 -0 -0 -0
          -0 -0 -0 0 0 0 0 0 0 0 0 0
          -0 -0 -0 -0 -0 -0 -0 -0 0 0 0 0
          0 0 0 0 0 -0 -0 -0 -0 -0 -0 -0
          -0 -0 0 0 0 0 0 0 0 0 0 0
          -0 0 -4.04042e-30 -4.74727e-30 -4.27321e-30 -4.24035e-30 -3.91149e-30 -3.80078e-30 -3.58179e-30 -3.3033e-30 -2.87165e-30 -2.36162e-30
          -1.91392e-30 -1.5692e-30 -1.26434e-30 -9.74185e-31 -6.96615e-31 -4.50535e-31 -2.68609e-31 -1.53508e-31 -8.56766e-32 -4.62173e-32 -2.35606e-32 -1.11554e-32
          -4.85816e-33 -1.9336e-33 -6.99182e-34 -2.28104e-34 -6.63491e-35 -1.68086e-35 -3.51394e-36 -5.07362e-37 0 3.9517e-38 1.91774e-38 0
          0 0 0 0 0 0 0 0 0 0 -0 -0
          -0 -0 -0 -0 -0 -0 -0 -0 -0 0 0 0
          0 0 0 0 0 -0 -0 -0 -0 -0 -0 -0
          -0 -0 0 0 0 0 0 0 0 0 0 -0
          -0 -0 -0 -0 -0 -0 -0 -0 0 0 0 0
          0 0 0 0 0 0 0 -4.03362e-30 -4.29262e-30 -3.90393e-30 -3.59346e-30 -3.33829e-30
          -3.22888e-30 -3.10172e-30 -2.94518e-30 -2.6071e-30 -2.14402e-30 -1.75869e-30 -1.47826e-30 -1.21736e-30 -9.40034e-31 -6.66889e-31 -4.26299e-31 -2.54236e-31
          -1.48282e-31 -8.51348e-32 -4.68839e-32 -2.41308e-32 -1.14413e-32 -4.95293e-33 -1.94338e-33 -6.85398e-34 -2.14674e-34 -5.83275e-35 -1.29937e-35 -1.95894e-36
          5.36946e-38 1.88291e-37 9.37497e-38 3.40967e-38 0 0 0 0 0 0 0 0
          0 0 0 -0 -0 -0 -0 -0 -0 -0 -0 -0
          -0 -0 0 0 0 0 0 0 0 0 0 -0
          -0 -0 -0 -0 -0 -0 -0 -0 0 0 0 0
          0 0 0 0 0 -0 -0 -0 -0 -0 -0 -0
          -0 -0 0 0 0 0 0 0 0 0 0 0
          -4.00005e-30 -3.87122e-30 -3.43518e-30 -3.02399e-30 -2.78708e-30 -2.74922e-30 -2.81014e-30 -2.78477e-30 -2.53894e-30 -2.13077e-30 -1.75414e-30 -1.47871e-30
          -1.19778e-30 -8.97731e-31 -6.13268e-31 -3.85715e-31 -2.36188e-31 -1.44644e-31 -8.6339e-32 -4.85201e-32 -2.51388e-32 -1.18748e-32 -5.07104e-33 -1.9405e-33
          -6.57139e-34 -1.9244e-34 -4.61402e-35 -7.5021e-36 1.91238e-37 8.04221e-37 4.25225e-37 1.62087e-37 5.2279e-38 1.51482e-38 0 0
          0 0 0 0 0 0 0 0 0 -0 -0 -0
          -0 -0 -0 -0 -0 -0 -0 -0 0 0 0 0
          0 0 0 0 0 -0 -0 -0 -0 -0 -0 -0
          -0 0 0 0 0 0 0 0 0 0 0 -0
          -0 -0 -0 -0 -0 -0 -0 -0 0 0 0 0
          0 0 0 0 0 -3.92031e-30 -3.52133e-30 -3.05286e-30 -2.65859e-30 -2.53243e-30 -2.66794e-30 -2.89161e-30
          -2.98113e-30 -2.82218e-30 -2.45285e-30 -2.02614e-30 -1.64502e-30 -1.26148e-30 -8.85374e-31 -5.72032e-31 -3.60252e-31 -2.32564e-31 -1.49459e-31 -9.18704e-32
          -5.23273e-32 -2.71445e-32 -1.2701e-32 -5.31307e-33 -1.96445e-33 -6.29138e-34 -1.66617e-34 -3.15319e-35 -8.84763e-37 2.77222e-36 1.69782e-36 7.04145e-37
          2.41305e-37 7.28983e-38 2.01024e-38 0 0 0 0 0 0 0 0 0
          0 0 -0 -0 -0 -0 -0 -0 -0 -0 -0 -0
          -0 0 0 0 0 0 0 0 0 0 -0 -0
          -0 -0 -0 -0 -0 -0 -0 0 0 0 0 0
          0 0 0 0 -0 -0 -0 -0 -0 -0 -0 -0
          -0 -0 0 0 0 0 0 0 0 0 -3.80993e-30 -3.33853e-30
          -2.91686e-30 -2.66333e-30 -2.75029e-30 -3.08279e-30 -3.43374e-30 -3.59888e-30 -3.47857e-30 -3.06766e-30 -2.51796e-30 -1.9578e-30 -1.40707e-30 -9.28424e-31
          -5.86814e-31 -3.82126e-31 -2.54994e-31 -1.66924e-31 -1.03398e-31 -5.89765e-32 -3.04233e-32 -1.40405e-32 -5.73671e-33 -2.04295e-33 -6.13931e-34 -1.42444e-34
          -1.6508e-35 6.15339e-36 5.55583e-36 2.66633e-36 1.00624e-36 3.26593e-37 9.48062e-38 2.52386e-38 0 0 0 0
          0 0 0 0 0 0 0 0 -0 -0 -0 -0
          -0 -0 -0 -0 -0 -0 0 0 0 0 0 0
          0 0 0 0 -0 -0 -0 -0 -0 -0 -0 -0
          -0 0 0 0 0 0 0 0 0 0 -0 -0
          -0 -0 -0 -0 -0 -0 -0 -0 0 0 0 0
          0 0 0 -3.75358e-30 -3.41741e-30 -3.14622e-30 -3.12794e-30 -3.45519e-30 -3.94485e-30 -4.37517e-30 -4.55627e-30 -4.35902e-30
          -3.79398e-30 -3.04499e-30 -2.26463e-30 -1.54681e-30 -1.00077e-30 -6.40511e-31 -4.26128e-31 -2.89306e-31 -1.90968e-31 -1.18703e-31 -6.76147e-32 -3.46496e-32
          -1.579e-32 -6.32213e-33 -2.17936e-33 -6.17337e-34 -1.23589e-34 -2.80964e-36 1.29147e-35 8.2958e-36 3.63173e-36 1.30915e-36 4.12159e-37 1.16654e-37
          3.02766e-38 0 0 0 0 0 0 0 0 0 0 0
          0 0 -0 -0 -0 -0 -0 -0 -0 -0 -0 -0
          0 0 0 0 0 0 0 0 0 -0 -0 -0
          -0 -0 -0 -0 -0 -0 -0 0 0 0 0 0
          0 0 0 0 -0 -0 -0 -0 -0 -0 -0 -0
          -0 -0 0 0 0 0 0 0 -3.86453e-30 -3.8037e-30 -3.76001e-30 -4.00343e-30
          -4.51355e-30 -5.08966e-30 -5.51838e-30 -5.59757e-30 -5.19876e-30 -4.38772e-30 -3.38798e-30 -2.40099e-30 -1.60183e-30 -1.03847e-30 -6.79862e-31 -4.63243e-31
          -3.20369e-31 -2.14263e-31 -1.34075e-31 -7.64815e-32 -3.90743e-32 -1.76711e-32 -6.98198e-33 -2.35279e-33 -6.37203e-34 -1.11363e-34 8.44543e-36 1.88435e-35
          1.07718e-35 4.51886e-36 1.59024e-36 4.91947e-37 1.37015e-37 3.49293e-38 0 0 0 0 0 0
          0 0 0 0 0 0 0 0 -0 -0 -0 -0
          -0 -0 -0 -0 -0 0 0 0 0 0 0 0
          0 0 0 -0 -0 -0 -0 -0 -0 -0 -0 -0
          0 0 0 0 0 0 0 0 0 0 -0 -0
          -0 -0 -0 -0 -0 -0 -0 -0 0 0 0 0
          0 -4.24032e-30 -4.43301e-30 -4.64369e-30 -5.06871e-30 -5.67109e-30 -6.22477e-30 -6.54149e-30 -6.42774e-30 -5.78888e-30 -4.73371e-30 -3.5343e-30
          -2.43985e-30 -1.6024e-30 -1.04554e-30 -6.96549e-31 -4.85686e-31 -3.42843e-31 -2.32856e-31 -1.46927e-31 -8.41038e-32 -4.29767e-32 -1.93796e-32 -7.60574e-33
          -2.5297e-33 -6.65803e-34 -1.04971e-34 1.68364e-35 2.35902e-35 1.28179e-35 5.26526e-36 1.82944e-36 5.60322e-37 1.54514e-37 3.89151e-38 0
          0 0 0 0 0 0 0 0 0 0 0 0
          0 0 -0 -0 -0 -0 -0 -0 -0 -0 -0 0
          0 0 0 0 0 0 0 0 0 -0 -0 -0
          -0 -0 -0 -0 -0 -0 0 0 0 0 0 0
          0 0 0 0 -0 -0 -0 -0 -0 -0 -0 -0
          -0 -0 0 0 0 0 -5.10317e-30 -5.19255e-30 -5.5423e-30 -6.04737e-30 -6.62145e-30 -7.07221e-30
          -7.22693e-30 -6.9224e-30 -6.08629e-30 -4.8658e-30 -3.55548e-30 -2.41657e-30 -1.57986e-30 -1.03973e-30 -7.06637e-31 -5.01292e-31 -3.58558e-31 -2.46021e-31
          -1.56205e-31 -8.97114e-32 -4.59093e-32 -2.06961e-32 -8.10192e-33 -2.67781e-33 -6.93852e-34 -1.02491e-34 2.24603e-35 2.69969e-35 1.43293e-35 5.82576e-36
          2.01099e-36 6.12597e-37 1.67952e-37 4.19768e-38 0 0 0 0 0 0 0 0
          0 0 0 0 0 0 0 0 -0 -0 -0 -0
          -0 -0 -0 -0 -0 0 0 0 0 0 0 0
          0 0 -0 -0 -0 -0 -0 -0 -0 -0 -0 -0
          0 0 0 0 0 0 0 0 0 0 -0 -0
          -0 -0 -0 -0 -0 -0 -0 -0 -0 0 0 -5.76622e-30
          -5.84193e-30 -6.20995e-30 -6.70163e-30 -7.19343e-30 -7.53383e-30 -7.55942e-30 -7.12846e-30 -6.16668e-30 -4.86203e-30 -3.51457e-30 -2.37685e-30 -1.55919e-30
          -1.03612e-30 -7.15579e-31 -5.12996e-31 -3.68837e-31 -2.54027e-31 -1.61749e-31 -9.30778e-32 -4.76923e-32 -2.15102e-32 -8.41549e-33 -2.77449e-33 -7.13714e-34
          -1.01919e-34 2.56421e-35 2.90314e-35 1.52518e-35 6.17205e-36 2.12406e-36 6.45342e-37 1.76402e-37 4.39051e-38 0 0 0
          0 0 0 0 0 0 0 0 0 0 0 0
          0 -0 -0 -0 -0 -0 -0 -0 -0 -0 -0 0
          0 0 0 0 0 0 0 0 -0 -0 -0 -0
          -0 -0 -0 -0 -0 -0 0 0 0 0 0 0
          0 0 0 0 -0 -0 -0 -0 -0 -0 -0 -0
          -0 -0 -0 0 -6.01809e-30 -6.09052e-30 -6.45803e-30 -6.92579e-30 -7.37e-30 -7.67092e-30 -7.64135e-30 -7.15468e-30
          -6.15673e-30 -4.83678e-30 -3.488e-30 -2.3593e-30 -1.55253e-30 -1.03652e-30 -7.20221e-31 -5.18048e-31 -3.7275e-31 -2.56822e-31 -1.63616e-31 -9.42014e-32
          -4.82887e-32 -2.17843e-32 -8.52218e-33 -2.8079e-33 -7.2082e-34 -1.01881e-34 2.66698e-35 2.97078e-35 1.55618e-35 6.28919e-36 2.16247e-36 6.56497e-37
          1.79287e-37 4.45641e-38 0 0 0 0 0 0 0 0 0 0
          0 0 0 0 0 0 -0 -0 -0 -0 -0 -0
          -0 -0 -0 -0 0 0 0 0 0 0 0 0
          0 -0 -0 -0 -0 -0 -0 -0 -0 -0 -0 0
          0 0 0 0 0 0 0 0 0 0 -0 -0
          -0 -0 -0 -0 -0 -0 -0 -0 0
        </DataArray>
        <DataArray type="Float32" Name="x^H2_gas" NumberOfComponents="1" format="ascii">
          0.0679119 0.0746138 0.0953397 0.0967516 0.0700641 0.0868977 0.0625315 0.074949 0.0536883 0.0629569 0.0446862 0.0516722
          0.0361845 0.0414684 0.0285449 0.0325316 0.0219412 0.0249263 0.0164223 0.0186308 0.0119566 0.0135632 0.00845675 0.00960111
          0.0058009 0.00659662 0.00385179 0.00439019 0.00247055 0.00282389 0.00152727 0.00175146 0.000907882 0.00104493 0.000517746 0.000598196
          0.000282616 0.000327819 0.000147345 0.000171585 7.32183e-05 8.55931e-05 3.46085e-05 4.0603e-05 1.55413e-05 1.82914e-05 6.62024e-06 7.81456e-06
          2.67092e-06 3.16113e-06 1.01909e-06 1.20894e-06 3.6727e-07 4.36555e-07 1.24894e-07 1.48692e-07 4.0047e-08 4.7734e-08 1.21023e-08 1.44364e-08
          3.44584e-09 4.11199e-09 9.24079e-10 1.10273e-09 2.33524e-10 2.78549e-10 5.56497e-11 6.6329e-11 1.2506e-11 1.48905e-11 2.64998e-12 3.15119e-12
          5.29493e-13 6.28673e-13 9.97901e-14 1.18273e-13 1.77464e-14 2.09916e-14 2.97984e-15 3.5171e-15 4.72789e-16 5.56722e-16 7.09401e-17 8.33253e-17
          1.00742e-17 1.1802e-17 1.35501e-18 1.58306e-18 1.72762e-19 2.01263e-19 2.09313e-20 2.43131e-20 2.41241e-21 2.79385e-21 2.64632e-22 3.05553e-22
          2.76435e-23 3.18211e-23 2.75159e-24 3.15771e-24 2.61183e-25 2.98808e-25 2.36608e-26 2.69857e-26 2.04737e-27 2.32786e-27 1.69439e-28 1.92058e-28
          1.34344e-29 1.51811e-29 1.02211e-30 1.15149e-30 7.47179e-32 8.39221e-32 5.2535e-33 5.88308e-33 3.55603e-34 3.97046e-34 2.31931e-35 2.58209e-35
          1.45887e-36 1.61949e-36 8.87385e-38 9.8231e-38 0 0 0 0 0 0 0 0
          0 0 0 0 0 0 0 0 0 0 0 0
          0 0 0 0 0 0 0 0 0 0 0 0
          0 0 0 0 0 0 0 0 0 0 0 0
          0 0 0 0 0 0 0 0 0 0 0 0
          0 0 0 0 -0 -0 -0 -0 0 0 0 0
          0 0 0 0 0 0 0 0 0 0 0.122404 0.123075
          0.112677 0.0978872 0.0823166 0.0675251 0.0541806 0.0425441 0.0326732 0.0245121 0.0179353 0.0127746 0.00883931 0.00592921
          0.00384675 0.00240793 0.00145053 0.00083868 0.000464216 0.000245369 0.000123561 5.9137e-05 2.68556e-05 1.1557e-05 4.70569e-06 1.81008e-06
          6.5688e-07 2.24653e-07 7.23496e-08 2.19309e-08 6.25549e-09 1.67854e-09 4.23845e-10 1.00818e-10 2.25947e-11 4.77075e-12 9.49108e-13 1.77963e-13
          3.14657e-14 5.24965e-15 8.27115e-16 1.23178e-16 1.73542e-17 2.31485e-18 2.92578e-19 3.51309e-20 4.01201e-21 4.36012e-22 4.51163e-23 4.44792e-24
          4.18129e-25 3.7511e-26 3.21417e-27 2.63403e-28 2.06806e-29 1.55812e-30 1.128e-31 7.85495e-33 5.26627e-34 3.40233e-35 2.12006e-36 1.27765e-37
          0 0 0 0 0 0 0 0 0 0 0 0
          0 0 0 0 0 0 0 0 0 0 0 0
          0 0 0 0 0 0 -0 -0 -0 0 0 0
          0 0 0 0.152695 0.152147 0.141059 0.124282 0.105801 0.087719 0.0710709 0.0563296 0.0436658
          0.0330758 0.0244476 0.0176013 0.0123177 0.00835999 0.00548991 0.00347957 0.00212292 0.00124332 0.000697032 0.000373052 0.00019012
          9.2035e-05 4.22314e-05 1.83446e-05 7.53266e-06 2.91936e-06 1.06641e-06 3.66746e-07 1.18647e-07 3.60907e-08 1.03202e-08 2.77362e-09 7.00729e-10
          1.66628e-10 3.73063e-11 7.86407e-12 1.56096e-12 2.91857e-13 5.1429e-14 8.54699e-15 1.34079e-15 1.9873e-16 2.78557e-17 3.69551e-18 4.64392e-19
          5.54268e-20 6.29068e-21 6.79305e-22 6.98334e-23 6.83897e-24 6.38549e-25 5.68915e-26 4.84087e-27 3.9392e-28 3.07088e-29 2.29721e-30 1.65121e-31
          1.14164e-32 7.59941e-34 4.87467e-35 3.01588e-36 1.80463e-37 0 0 0 0 0 0 0
          0 0 0 0 0 0 0 0 0 0 0 0
          0 0 0 0 0 0 0 0 0 0 0 -0
          -0 -0 0 0 0 0 0 0 0.185633 0.183553 0.171242 0.152554
          0.131468 0.110348 0.0904896 0.0725712 0.0569146 0.0436164 0.0326222 0.0237749 0.0168503 0.0115872 0.00771174 0.00495482
          0.00306501 0.0018202 0.00103469 0.00056135 0.000289868 0.000142099 6.59685e-05 2.89593e-05 1.20053e-05 4.69292e-06 1.72734e-06 5.97963e-07
          1.94518e-07 5.9434e-08 1.70537e-08 4.59474e-09 1.16248e-09 2.76581e-10 6.19127e-11 1.30401e-11 2.58457e-12 4.82255e-13 8.47596e-14 1.40426e-14
          2.19509e-15 3.24064e-16 4.52271e-17 5.97228e-18 7.46762e-19 8.86629e-20 1.00083e-20 1.0747e-21 1.09845e-22 1.0694e-23 9.92473e-25 8.78819e-26
          7.43122e-27 6.00888e-28 4.65445e-29 3.45946e-30 2.47058e-31 1.69708e-32 1.12234e-33 7.15241e-35 4.39623e-36 2.61347e-37 1.50495e-38 0
          0 0 0 0 0 0 0 0 0 0 0 0
          0 0 0 0 0 0 0 0 0 0 0 0
          0 0 0 0 0 -0 -0 0 0 0 0 0
          0 0.220383 0.216627 0.202701 0.182017 0.158463 0.134503 0.11158 0.090532 0.0718277 0.0556853 0.0421378
          0.0310782 0.0223001 0.0155335 0.010477 0.00682396 0.00428023 0.00257786 0.00148622 0.000817699 0.000428053 0.000212622 9.99454e-05
          4.43773e-05 1.85882e-05 7.33443e-06 2.72228e-06 9.49332e-07 3.10766e-07 9.54486e-08 2.75018e-08 7.43364e-09 1.88479e-09 4.48983e-10 1.0055e-10
          2.11734e-11 4.19311e-12 7.81274e-13 1.37043e-13 2.26486e-14 3.52994e-15 5.19385e-16 7.22179e-17 9.49816e-18 1.18248e-18 1.39751e-19 1.56995e-20
          1.67748e-21 1.7058e-22 1.65198e-23 1.52494e-24 1.34294e-25 1.12927e-26 9.07987e-28 6.99322e-29 5.16799e-30 3.66948e-31 2.50606e-32 1.64774e-33
          1.04397e-34 6.37943e-36 3.77039e-37 2.15857e-38 0 0 0 0 0 0 0 0
          0 0 0 0 0 0 0 0 0 0 0 0
          0 0 0 0 0 0 0 0 0 0 -0 -0
          -0 0 0 0 0 0 0.256007 0.250522 0.234759 0.212031 0.186135 0.159536
          0.133742 0.109694 0.0879866 0.0689616 0.0527589 0.0393469 0.0285587 0.0201325 0.0137507 0.00907397 0.0057683 0.00352193
          0.00205887 0.00114864 0.000609622 0.000306878 0.000146119 6.56549e-05 2.77998e-05 1.10777e-05 4.14833e-06 1.45808e-06 4.8058e-07 1.48458e-07
          4.29774e-08 1.16602e-08 2.9645e-09 7.07396e-10 1.5857e-10 3.33994e-11 6.61181e-12 1.23074e-12 2.15557e-13 3.55521e-14 5.52726e-15 8.10906e-16
          1.12385e-16 1.47283e-17 1.82651e-18 2.14973e-19 2.40453e-20 2.5577e-21 2.58883e-22 2.49523e-23 2.29213e-24 2.00854e-25 1.68046e-26 1.34426e-27
          1.02998e-28 7.57195e-30 5.34829e-31 3.63347e-32 2.37647e-33 1.49776e-34 9.10428e-36 5.3526e-37 3.04836e-38 0 0 0
          0 0 0 0 0 0 0 0 0 0 0 0
          0 0 0 0 0 0 0 0 0 0 0 0
          0 0 0 -0 -0 -0 0 0 0 0 0 0.291407
          0.284206 0.266549 0.24185 0.213809 0.184831 0.156425 0.129589 0.105013 0.0831567 0.0642747 0.048432 0.0355247
          0.0253183 0.0174926 0.0116841 0.00752191 0.0046526 0.00275618 0.0015585 0.000838342 0.000427623 0.000206237 9.37911e-05 4.01541e-05
          1.61628e-05 6.10827e-06 2.16462e-06 7.18591e-07 2.23348e-07 6.49862e-08 1.77034e-08 4.51509e-09 1.07966e-09 2.42328e-10 5.10723e-11 1.01101e-11
          1.88077e-12 3.29022e-13 5.41751e-14 8.40456e-15 1.22989e-15 1.69958e-16 2.22019e-17 2.74371e-18 3.21706e-19 3.58409e-20 3.79667e-21 3.82652e-22
          3.67203e-23 3.35803e-24 2.92912e-25 2.43929e-26 1.94207e-27 1.48094e-28 1.0835e-29 7.61631e-31 5.14937e-32 3.3517e-33 2.10221e-34 1.27169e-35
          7.44056e-37 4.2172e-38 0 0 0 0 0 0 0 0 0 0
          0 0 0 0 0 0 0 0 0 0 0 0
          0 0 0 0 0 0 0 0 0 -0 -0 -0
          0 0 0 0 0.325245 0.316425 0.297008 0.27059 0.240735 0.209738 0.179066 0.14974
          0.12252 0.0979698 0.0764627 0.0581743 0.0430869 0.0310153 0.021653 0.0146235 0.00952451 0.00596298 0.00357667 0.00204833
          0.00111608 0.000576597 0.000281562 0.000129585 5.60924e-05 2.28069e-05 8.69871e-06 3.1082e-06 1.03941e-06 3.25105e-07 9.50945e-08 2.60165e-08
          6.65793e-09 1.59579e-09 3.58723e-10 7.56685e-11 1.49828e-11 2.78627e-12 4.86998e-13 8.00752e-14 1.23997e-14 1.81044e-15 2.49532e-16 3.25018e-17
          4.00384e-18 4.67835e-19 5.19308e-20 5.48019e-21 5.50157e-22 5.25811e-23 4.78856e-24 4.15928e-25 3.44883e-26 2.73385e-27 2.07553e-28 1.51179e-29
          1.05796e-30 7.12102e-32 4.61438e-33 2.88128e-34 1.73522e-35 1.01077e-36 5.70363e-38 0 0 0 0 0
          0 0 0 0 0 0 0 0 0 0 0 0
          0 0 0 0 0 0 0 0 0 0 0 0
          0 0 -0 -0 -0 0 0 0 0 0.355939 0.345702 0.324888
          0.297236 0.266089 0.233572 0.201086 0.169657 0.140102 0.113078 0.0890761 0.0683929 0.0511157 0.0371322 0.0261692
          0.01785 0.0117494 0.00743801 0.00451294 0.00261524 0.00144222 0.000754132 0.000372646 0.000173492 7.59087e-05 3.11688e-05 1.19955e-05
          4.32131e-06 1.45561e-06 4.58165e-07 1.34731e-07 3.70219e-08 9.5078e-09 2.28451e-09 5.14409e-10 1.08621e-10 2.1517e-11 4.00088e-12 6.9883e-13
          1.14773e-13 1.77443e-14 2.58563e-15 3.55543e-16 4.61879e-17 5.67342e-18 6.60821e-19 7.31066e-20 7.68787e-21 7.68993e-22 7.32222e-23 6.64285e-24
          5.74736e-25 4.74673e-26 3.74751e-27 2.83351e-28 2.05544e-29 1.4325e-30 9.60228e-32 6.19663e-33 3.85336e-34 2.31112e-35 1.34073e-36 7.53486e-38
          0 0 0 0 0 0 0 0 0 0 0 0
          0 0 0 0 0 0 0 0 0 0 0 0
          0 0 0 0 0 0 0 0 -0 -0 0 0
          0 0 0.381808 0.37046 0.348845 0.320707 0.289015 0.255649 0.221918 0.18886 0.157352 0.128146
          0.101848 0.0788841 0.0594608 0.0435599 0.0309631 0.0213091 0.0141594 0.00905411 0.00555129 0.00325188 0.00181328 0.000958835
          0.00047909 0.000225478 9.96705e-05 4.13131e-05 1.60376e-05 5.82309e-06 1.97534e-06 6.25591e-07 1.8493e-07 5.10364e-08 1.31533e-08 3.16841e-09
          7.14696e-10 1.51085e-10 2.99457e-11 5.56821e-12 9.72121e-13 1.59505e-13 2.46259e-14 3.58205e-15 4.91529e-16 6.37019e-17 7.80428e-18 9.06394e-19
          9.99668e-20 1.04788e-20 1.04468e-21 9.91327e-23 8.96192e-24 7.72601e-25 6.35761e-26 5.00068e-27 3.76687e-28 2.72221e-29 1.89002e-30 1.26212e-31
          8.11407e-33 5.02667e-34 3.00349e-35 1.73585e-36 9.71907e-38 0 0 0 0 0 0 0
          0 0 0 0 0 0 0 0 0 0 0 0
          0 0 0 0 0 0 0 0 0 0 0 0
          0 -0 -0 -0 0 0 0 0.401369 0.389279 0.367657 0.340006 0.308724
          0.275341 0.241049 0.20691 0.173891 0.142847 0.114506 0.0894284 0.0679528 0.0501716 0.0359413 0.0249334 0.0167074
          0.0107793 0.00667145 0.00394629 0.00222266 0.00118737 0.000599367 0.000284914 0.000127161 5.3177e-05 2.08115e-05 7.61268e-06 2.59969e-06
          8.28164e-07 2.46044e-07 6.81865e-08 1.76336e-08 4.25823e-09 9.62222e-10 2.0365e-10 4.03896e-11 7.51109e-12 1.31085e-12 2.14913e-13 3.31404e-14
          4.81306e-15 6.59217e-16 8.52519e-17 1.04198e-17 1.207e-18 1.3275e-19 1.38748e-20 1.37907e-21 1.30455e-22 1.17559e-23 1.01015e-24 8.28475e-26
          6.49448e-27 4.8754e-28 3.51119e-29 2.42941e-30 1.61673e-31 1.0358e-32 6.39469e-34 3.80779e-35 2.19317e-36 1.2238e-37 0 0
          0 0 0 0 0 0 0 0 0 0 0 0
          0 0 0 0 0 0 0 0 0 0 0 0
          0 0 0 0 0 0 -0 -0 -0 0 0 0
          0.413686 0.401234 0.380525 0.354458 0.324654 0.29218 0.258076 0.22345 0.189388 0.156878 0.126783 0.0998005
          0.0764096 0.0568255 0.0409965 0.0286435 0.0193361 0.0125734 0.00784688 0.00468191 0.00266062 0.00143439 0.000730746 0.000350529
          0.000157831 6.65421e-05 2.62373e-05 9.66325e-06 3.32038e-06 1.06353e-06 3.17457e-07 8.83232e-08 2.2915e-08 5.54688e-09 1.25554e-09 2.66032e-10
          5.27959e-11 9.81998e-12 1.71336e-12 2.80716e-13 4.32425e-14 6.27163e-15 8.57566e-16 1.10692e-16 1.35008e-17 1.56021e-18 1.71168e-19 1.78432e-20
          1.76867e-21 1.66841e-22 1.49914e-23 1.28438e-24 1.05022e-25 8.20764e-27 6.14247e-28 4.41e-29 3.04182e-30 2.01798e-31 1.28885e-32 7.93229e-34
          4.70876e-35 2.70376e-36 1.5041e-37 0 0 0 0 0 0 0 0 0
          0 0 0 0 0 0 0 0 0 0 0 0
          0 0 0 0 0 0 0 0 0 0 0 0
          -0 -0 0 0 0 0.418608 0.406177 0.387373 0.363966 0.336648 0.305958 0.272768
          0.238233 0.203586 0.169983 0.138434 0.10978 0.0846422 0.0633687 0.0460095 0.0323491 0.021979 0.0143892 0.00904528
          0.00543781 0.00311436 0.00169251 0.000869281 0.000420353 0.00019076 8.10173e-05 3.21603e-05 1.19179e-05 4.11802e-06 1.32557e-06 3.97366e-07
          1.10952e-07 2.88709e-08 7.0042e-09 1.58791e-09 3.36816e-10 6.68849e-11 1.2443e-11 2.17059e-12 3.55427e-13 5.47022e-14 7.92419e-15 1.08195e-15
          1.39421e-16 1.6973e-17 1.95739e-18 2.14263e-19 2.22835e-20 2.20347e-21 2.07336e-22 1.85823e-23 1.58784e-24 1.29489e-25 1.00923e-26 7.53223e-28
          5.39286e-29 3.70946e-30 2.45409e-31 1.56306e-32 9.5934e-34 5.67918e-35 3.25206e-36 1.80421e-37 0 0 0 0
          0 0 0 0 0 0 0 0 0 0 0 0
          0 0 0 0 0 0 0 0 0 0 0 0
          0 0 0 0 0 -0 -0 0 0 0 0.416797 0.404923
          0.389051 0.369168 0.345051 0.316788 0.285088 0.251134 0.216311 0.181954 0.14924 0.119155 0.0924618 0.0696411
          0.0508515 0.0359504 0.0245614 0.016173 0.0102288 0.00618911 0.00356835 0.00195259 0.00100989 0.000491758 0.000224681 9.60414e-05
          3.83499e-05 1.42887e-05 4.96148e-06 1.60406e-06 4.82669e-07 1.35198e-07 3.52711e-08 8.5743e-09 1.94662e-09 4.13299e-10 8.21188e-11 1.528e-11
          2.66506e-12 4.36187e-13 6.70796e-14 9.70712e-15 1.32372e-15 1.70325e-16 2.07014e-17 2.38301e-18 2.60344e-19 2.70208e-20 2.66625e-21 2.50334e-22
          2.23855e-23 1.90844e-24 1.55271e-25 1.20731e-26 8.98888e-28 6.42026e-29 4.40548e-30 2.90752e-31 1.84739e-32 1.13112e-33 6.68005e-35 3.81606e-36
          2.1121e-37 0 0 0 0 0 0 0 0 0 0 0
          0 0 0 0 0 0 0 0 0 0 0 0
          0 0 0 0 0 0 0 0 0 0 -0 -0
          -0 0 0 0.409581 0.39939 0.387341 0.371329 0.350618 0.325058 0.295178 0.262144 0.227456
          0.192629 0.159008 0.127726 0.0996797 0.0754767 0.0553854 0.0393398 0.0270019 0.0178651 0.0113561 0.00690799 0.00400485
          0.00220395 0.00114654 0.000561563 0.000258039 0.000110907 4.45077e-05 1.66591e-05 5.80874e-06 1.88498e-06 5.69031e-07 1.59822e-07 4.17871e-08
          1.01762e-08 2.31312e-09 4.91513e-10 9.7706e-11 1.81833e-11 3.17101e-12 5.18785e-13 7.97296e-14 1.15275e-14 1.57025e-15 2.01794e-16 2.44922e-17
          2.81497e-18 3.07024e-19 3.181e-20 3.13315e-21 2.93622e-22 2.62061e-23 2.22978e-24 1.81054e-25 1.40493e-26 1.04389e-27 7.44056e-29 5.09507e-30
          3.3557e-31 2.12777e-32 1.30012e-33 7.66245e-35 4.36837e-36 2.41292e-37 1.29274e-38 0 0 0 0 0
          0 0 0 0 0 0 0 0 0 0 0 0
          0 0 0 0 0 0 0 0 0 0 0 0
          0 0 0 0 -0 -0 0 0 0.398946 0.392818 0.384499 0.371849
          0.354253 0.33129 0.303282 0.271315 0.236956 0.201868 0.16756 0.135299 0.106106 0.0807051 0.0594679 0.0424027
          0.0292133 0.0194018 0.0123822 0.00756416 0.00440449 0.00243485 0.00127255 0.0006262 0.000289066 0.000124797 5.02846e-05 1.88915e-05
          6.60951e-06 2.15135e-06 6.51156e-07 1.83294e-07 4.80111e-08 1.17089e-08 2.66414e-09 5.66474e-10 1.1265e-10 2.0967e-11 3.65604e-12 5.97932e-13
          9.18429e-14 1.32691e-14 1.80587e-15 2.31833e-16 2.81056e-17 3.2261e-18 3.51379e-19 3.6353e-20 3.57525e-21 3.34536e-22 2.98105e-23 2.53237e-24
          2.05285e-25 1.59029e-26 1.17962e-27 8.39378e-29 5.73804e-30 3.77276e-31 2.38817e-32 1.45677e-33 8.57122e-35 4.87829e-36 2.69012e-37 1.43888e-38
          0 0 0 0 0 0 0 0 0 0 0 0
          0 0 0 0 0 0 0 0 0 0 0 0
          0 0 0 0 0 0 0 0 0 -0 -0 0
          0 0.391366 0.387941 0.381874 0.371811 0.356724 0.335965 0.309637 0.278701 0.244738 0.209526 0.174707
          0.14167 0.111542 0.0851474 0.0629474 0.0450182 0.0311034 0.0207159 0.01326 0.00812585 0.00474702 0.00263307 0.00138094
          0.000681936 0.000315894 0.000136842 5.53084e-05 2.0838e-05 7.30948e-06 2.38474e-06 7.23259e-07 2.03938e-07 5.3493e-08 1.30605e-08 2.97392e-09
          6.32654e-10 1.25846e-10 2.3425e-11 4.08421e-12 6.6777e-13 1.02525e-13 1.48038e-14 2.0133e-15 2.58249e-16 3.12796e-17 3.58676e-18 3.90237e-19
          4.03273e-20 3.96145e-21 3.70224e-22 3.29495e-23 2.79548e-24 2.26321e-25 1.75096e-26 1.29708e-27 9.21732e-29 6.29264e-30 4.13191e-31 2.61204e-32
          1.59123e-33 9.35004e-35 5.3146e-36 2.92692e-37 1.56353e-38 0 0 0 0 0 0 0
          0 0 0 0 0 0 0 0 0 0 0 0
          0 0 0 0 0 0 0 0 0 0 0 0
          0 0 -0 -0 0 0 0.385483 0.384583 0.380072 0.37177 0.358485 0.33938
          0.314366 0.284276 0.250674 0.215408 0.180225 0.14661 0.11577 0.0886087 0.0656611 0.0470579 0.0325758 0.021738
          0.0139417 0.00856134 0.00501244 0.00278664 0.00146492 0.000725147 0.000336717 0.000146204 5.9219e-05 2.23555e-05 7.85599e-06 2.56721e-06
          7.79704e-07 2.20117e-07 5.77931e-08 1.41214e-08 3.21718e-09 6.84633e-10 1.36211e-10 2.53554e-11 4.42037e-12 7.22578e-13 1.10904e-13 1.60067e-14
          2.17576e-15 2.78922e-16 3.37613e-17 3.86846e-18 4.20554e-19 4.34246e-20 4.26208e-21 3.97971e-22 3.53873e-23 2.99956e-24 2.42618e-25 1.87528e-26
          1.38785e-27 9.85291e-29 6.72012e-30 4.4084e-31 2.78418e-32 1.69448e-33 9.94738e-35 5.64883e-36 3.1081e-37 1.65879e-38 0 0
          0 0 0 0 0 0 0 0 0 0 0 0
          0 0 0 0 0 0 0 0 0 0 0 0
          0 0 0 0 0 0 0 0 -0 0 0 0.383095
          0.382571 0.379097 0.371847 0.359654 0.34158 0.317409 0.287878 0.254525 0.219237 0.183826 0.149837 0.118534
          0.090871 0.067432 0.0483857 0.0335313 0.0223988 0.0143807 0.00884084 0.00518234 0.0028847 0.00151846 0.000752667 0.000349974
          0.000152165 6.17098e-05 2.33224e-05 8.20442e-06 2.68361e-06 8.1573e-07 2.30448e-07 6.054e-08 1.47993e-08 3.37263e-09 7.1785e-10 1.42833e-10
          2.65885e-11 4.63506e-12 7.57567e-13 1.1625e-13 1.67739e-14 2.27931e-15 2.9209e-16 3.53409e-17 4.04763e-18 4.39822e-19 4.53915e-20 4.45284e-21
          4.15563e-22 3.69315e-23 3.12872e-24 2.52924e-25 1.95382e-26 1.44515e-27 1.02538e-28 6.9895e-30 4.58247e-31 2.89246e-32 1.75938e-33 1.03225e-34
          5.85853e-36 3.22168e-37 1.71846e-38 0 0 0 0 0 0 0 0 0
          0 0 0 0 0 0 0 0 0 0 0 0
          0 0 0 0 0 0 0 0 0 0 0 0
          0 -0 0 0 0.382396 0.381955 0.378798 0.371911 0.360096 0.342384 0.318513 0.289183
          0.255922 0.220628 0.185135 0.151011 0.119537 0.0916901 0.0680704 0.048862 0.0338719 0.0226328 0.0145352 0.0089387
          0.00524156 0.00291873 0.00153698 0.00076217 0.000354545 0.000154219 6.2568e-05 2.36554e-05 8.32438e-06 2.72368e-06 8.28132e-07 2.34004e-07
          6.14856e-08 1.50327e-08 3.42614e-09 7.29282e-10 1.45112e-10 2.70127e-11 4.7089e-12 7.69598e-13 1.18088e-13 1.70375e-14 2.31489e-15 2.96612e-16
          3.58831e-17 4.10911e-18 4.46431e-19 4.60659e-20 4.51821e-21 4.21589e-22 3.74602e-23 3.17292e-24 2.56449e-25 1.98068e-26 1.46473e-27 1.03907e-28
          7.08148e-30 4.64189e-31 2.9294e-32 1.78151e-33 1.04503e-34 5.92997e-36 3.26036e-37 1.73877e-38 0 0 0 0
          0 0 0 0 0 0 0 0 0 0 0 0
          0 0 0 0 0 0 0 0 0 0 0 0
          0 0 0 0 0 0 -0 0 0
        </DataArray>
        <DataArray type="Float32" Name="x^CO2_gas" NumberOfComponents="1" format="ascii">
          0 0 0 0 0 0 0 0 0 0 0 0
          0 0 0 0 0 0 0 0 0 0 0 0
          0 0 0 0 0 0 0 0 0 0 0 0
          0 0 0 0 0 0 0 0 0 0 0 0
          0 0 0 0 0 0 0 0 0 0 0 0
          0 0 0 0 0 0 0 0 0 0 0 0
          0 0 0 0 0 0 0 0 0 0 0 0
          0 0 0 0 0 0 0 0 0 0 0 0
          0 0 0 0 0 0 0 0 0 0 0 0
          0 0 0 0 0 0 0 0 0 0 0 0
          0 0 0 0 0 0 0 0 0 0 0 0
          0 0 0 0 0 0 0 0 0 0 0 0
          0 0 0 0 0 0 0 0 0 0 0 0
          0 0 0 0 0 0 0 0 0 0 0 0
          0 0 0 0 0 0 0 0 0 0 0 0
          0 0 0 0 0 0 0 0 0 0 0 0
          0 0 0 0 0 0 0 0 0 0 0 0
          0 0 0 0 0 0 0 0 0 0 0 0
          0 0 0 0 0 0 0 0 0 0 0 0
          0 0 0 0 0 0 0 0 0 0 0 0
          0 0 0 0 0 0 0 0 0 0 0 0
          0 0 0 0 0 0 0 0 0 0 0 0
          0 0 0 0 0 0 0 0 0 0 0 0
          0 0 0 0 0 0 0 0 0 0 0 0
          0 0 0 0 0 0 0 0 0 0 0 0
          0 0 0 0 0 0 0 0 0 0 0 0
          0 0 0 0 0 0 0 0 0 0 0 0
          0 0 0 0 0 0 0 0 0 0 0 0
          0 0 0 0 0 0 0 0 0 0 0 0
          0 0 0 0 0 0 0 0 0 0 0 0
          0 0 0 0 0 0 0 0 0 0 0 0
          0 0 0 0 0 0 0 0 0 0 0 0
          0 0 0 0 0 0 0 0 0 0 0 0
          0 0 0 0 0 0 0 0 0 0 0 0
          0 0 0 0 0 0 0 0 0 0 0 0
          0 0 0 0 0 0 0 0 0 0 0 0
          0 0 0 0 0 0 0 0 0 0 0 0
          0 0 0 0 0 0 0 0 0 0 0 0
          0 0 0 0 0 0 0 0 0 0 0 0
          0 0 0 0 0 0 0 0 0 0 0 0
          0 0 0 0 0 0 0 0 0 0 0 0
          0 0 0 0 0 0 0 0 0 0 0 0
          0 0 0 0 0 0 0 0 0 0 0 0
          0 0 0 0 0 0 0 0 0 0 0 0
          0 0 0 0 0 0 0 0 0 0 0 0
          0 0 0 0 0 0 0 0 0 0 0 0
          0 0 0 0 0 0 0 0 0 0 0 0
          0 0 0 0 0 0 0 0 0 0 0 0
          0 0 0 0 0 0 0 0 0 0 0 0
          0 0 0 0 0 0 0 0 0 0 0 0
          0 0 0 0 0 0 0 0 0 0 0 0
          0 0 0 0 0 0 0 0 0 0 0 0
          0 0 0 0 0 0 0 0 0 0 0 0
          0 0 0 0 0 0 0 0 0 0 0 0
          0 0 0 0 0 0 0 0 0 0 0 0
          0 0 0 0 0 0 0 0 0 0 0 0
          0 0 0 0 0 0 0 0 0 0 0 0
          0 0 0 0 0 0 0 0 0 0 0 0
          0 0 0 0 0 0 0 0 0 0 0 0
          0 0 0 0 0 0 0 0 0 0 0 0
          0 0 0 0 0 0 0 0 0 0 0 0
          0 0 0 0 0 0 0 0 0 0 0 0
          0 0 0 0 0 0 0 0 0 0 0 0
          0 0 0 0 0 0 0 0 0 0 0 0
          0 0 0 0 0 0 0 0 0 0 0 0
          0 0 0 0 0 0 0 0 0 0 0 0
          0 0 0 0 0 0 0 0 0 0 0 0
          0 0 0 0 0 0 0 0 0 0 0 0
          0 0 0 0 0 0 0 0 0 0 0 0
          0 0 0 0 0 0 0 0 0 0 0 0
          0 0 0 0 0 0 0 0 0 0 0 0
          0 0 0 0 0 0 0 0 0 0 0 0
          0 0 0 0 0 0 0 0 0 0 0 0
          0 0 0 0 0 0 0 0 0 0 0 0
          0 0 0 0 0 0 0 0 0 0 0 0
          0 0 0 0 0 0 0 0 0 0 0 0
          0 0 0 0 0 0 0 0 0 0 0 0
          0 0 0 0 0 0 0 0 0 0 0 0
          0 0 0 0 0 0 0 0 0 0 0 0
          0 0 0 0 0 0 0 0 0 0 0 0
          0 0 0 0 0 0 0 0 0 0 0 0
          0 0 0 0 0 0 0 0 0 0 0 0
          0 0 0 0 0 0 0 0 0 0 0 0
          0 0 0 0 0 0 0 0 0 0 0 0
          0 0 0 0 0 0 0 0 0 0 0 0
          0 0 0 0 0 0 0 0 0 0 0 0
          0 0 0 0 0 0 0 0 0 0 0 0
          0 0 0 0 0 0 0 0 0 0 0 0
          0 0 0 0 0 0 0 0 0 0 0 0
          0 0 0 0 0 0 0 0 0 0 0 0
          0 0 0 0 0 0 0 0 0 0 0 0
          0 0 0 0 0 0 0 0 0 0 0 0
          0 0 0 0 0 0 0 0 0 0 0 0
          0 0 0 0 0 0 0 0 0 0 0 0
          0 0 0 0 0 0 0 0 0 0 0 0
          0 0 0 0 0 0 0 0 0 0 0 0
          0 0 0 0 0 0 0 0 0 0 0 0
          0 0 0 0 0 0 0 0 0 0 0 0
          0 0 0 0 0 0 0 0 0 0 0 0
          0 0 0 0 0 0 0 0 0 0 0 0
          0 0 0 0 0 0 0 0 0 0 0 0
          0 0 0 0 0 0 0 0 0 0 0 0
          0 0 0 0 0 0 0 0 0 0 0 0
          0 0 0 0 0 0 0 0 0 0 0 0
          0 0 0 0 0 0 0 0 0 0 0 0
          0 0 0 0 0 0 0 0 0 0 0 0
          0 0 0 0 0 0 0 0 0 0 0 0
          0 0 0 0 0 0 0 0 0 0 0 0
          0 0 0 0 0 0 0 0 0 0 0 0
          0 0 0 0 0 0 0 0 0 0 0 0
          0 0 0 0 0 0 0 0 0 0 0 0
          0 0 0 0 0 0 0 0 0 0 0 0
          0 0 0 0 0 0 0 0 0 0 0 0
          0 0 0 0 0 0 0 0 0 0 0 0
          0 0 0 0 0 0 0 0 0 0 0 0
          0 0 0 0 0 0 0 0 0 0 0 0
          0 0 0 0 0 0 0 0 0 0 0 0
          0 0 0 0 0 0 0 0 0 0 0 0
          0 0 0 0 0 0 0 0 0 0 0 0
          0 0 0 0 0 0 0 0 0 0 0 0
          0 0 0 0 0 0 0 0 0 0 0 0
          0 0 0 0 0 0 0 0 0 0 0 0
          0 0 0 0 0 0 0 0 0 0 0 0
          0 0 0 0 0 0 0 0 0 0 0 0
          0 0 0 0 0 0 0 0 0 0 0 0
          0 0 0 0 0 0 0 0 0 0 0 0
          0 0 0 0 0 0 0 0 0 0 0 0
          0 0 0 0 0 0 0 0 0 0 0 0
          0 0 0 0 0 0 0 0 0 0 0 0
          0 0 0 0 0 0 0 0 0 0 0 0
          0 0 0 0 0 0 0 0 0 0 0 0
          0 0 0 0 0 0 0 0 0 0 0 0
          0 0 0 0 0 0 0 0 0 0 0 0
          0 0 0 0 0 0 0 0 0 0 0 0
          0 0 0 0 0 0 0 0 0 0 0 0
          0 0 0 0 0 0 0 0 0 0 0 0
          0 0 0 0 0 0 0 0 0 0 0 0
          0 0 0 0 0 0 0 0 0 0 0 0
          0 0 0 0 0 0 0 0 0 0 0 0
          0 0 0 0 0 0 0 0 0 0 0 0
          0 0 0 0 0 0 0 0 0 0 0 0
          0 0 0 0 0 0 0 0 0 0 0 0
          0 0 0 0 0 0 0 0 0 0 0 0
          0 0 0 0 0 0 0 0 0 0 0 0
          0 0 0 0 0 0 0 0 0 0 0 0
          0 0 0 0 0 0 0 0 0 0 0 0
          0 0 0 0 0 0 0 0 0 0 0 0
          0 0 0 0 0 0 0 0 0 0 0 0
          0 0 0 0 0 0 0 0 0 0 0 0
          0 0 0 0 0 0 0 0 0 0 0 0
          0 0 0 0 0 0 0 0 0 0 0 0
          0 0 0 0 0 0 0 0 0 0 0 0
          0 0 0 0 0 0 0 0 0 0 0 0
          0 0 0 0 0 0 0 0 0 0 0 0
          0 0 0 0 0 0 0 0 0 0 0 0
          0 0 0 0 0 0 0 0 0 0 0 0
          0 0 0 0 0 0 0 0 0 0 0 0
          0 0 0 0 0 0 0 0 0 0 0 0
          0 0 0 0 0 0 0 0 0 0 0 0
          0 0 0 0 0 0 0 0 0 0 0 0
          0 0 0 0 0 0 0 0 0 0 0 0
          0 0 0 0 0 0 0 0 0 0 0 0
          0 0 0 0 0 0 0 0 0 0 0 0
          0 0 0 0 0 0 0 0 0 0 0 0
          0 0 0 0 0 0 0 0 0 0 0 0
          0 0 0 0 0 0 0 0 0 0 0 0
          0 0 0 0 0 0 0 0 0 0 0 0
          0 0 0 0 0 0 0 0 0 0 0 0
          0 0 0 0 0 0 0 0 0 0 0 0
          0 0 0 0 0 0 0 0 0 0 0 0
          0 0 0 0 0 0 0 0 0 0 0 0
          0 0 0 0 0 0 0 0 0 0 0 0
          0 0 0 0 0 0 0 0 0 0 0 0
          0 0 0 0 0 0 0 0 0 0 0 0
          0 0 0 0 0 0 0 0 0 0 0 0
          0 0 0 0 0 0 0 0 0 0 0 0
          0 0 0 0 0 0 0 0 0
        </DataArray>
        <DataArray type="Float32" Name="x^N2_gas" NumberOfComponents="1" format="ascii">
          0 0 0 0 0 0 0 0 0 0 0 0
          0 0 0 0 0 0 0 0 0 0 0 0
          0 0 0 0 0 0 0 0 0 0 0 0
          0 0 0 0 0 0 0 0 0 0 0 0
          0 0 0 0 0 0 0 0 0 0 0 0
          0 0 0 0 0 0 0 0 0 0 0 0
          0 0 0 0 0 0 0 0 0 0 0 0
          0 0 0 0 0 0 0 0 0 0 0 0
          0 0 0 0 0 0 0 0 0 0 0 0
          0 0 0 0 0 0 0 0 0 0 0 0
          0 0 0 0 0 0 0 0 0 0 0 0
          0 0 0 0 0 0 0 0 0 0 0 0
          0 0 0 0 0 0 0 0 0 0 0 0
          0 0 0 0 0 0 0 0 0 0 0 0
          0 0 0 0 0 0 0 0 0 0 0 0
          0 0 0 0 0 0 0 0 0 0 0 0
          0 0 0 0 0 0 0 0 0 0 0 0
          0 0 0 0 0 0 0 0 0 0 0 0
          0 0 0 0 0 0 0 0 0 0 0 0
          0 0 0 0 0 0 0 0 0 0 0 0
          0 0 0 0 0 0 0 0 0 0 0 0
          0 0 0 0 0 0 0 0 0 0 0 0
          0 0 0 0 0 0 0 0 0 0 0 0
          0 0 0 0 0 0 0 0 0 0 0 0
          0 0 0 0 0 0 0 0 0 0 0 0
          0 0 0 0 0 0 0 0 0 0 0 0
          0 0 0 0 0 0 0 0 0 0 0 0
          0 0 0 0 0 0 0 0 0 0 0 0
          0 0 0 0 0 0 0 0 0 0 0 0
          0 0 0 0 0 0 0 0 0 0 0 0
          0 0 0 0 0 0 0 0 0 0 0 0
          0 0 0 0 0 0 0 0 0 0 0 0
          0 0 0 0 0 0 0 0 0 0 0 0
          0 0 0 0 0 0 0 0 0 0 0 0
          0 0 0 0 0 0 0 0 0 0 0 0
          0 0 0 0 0 0 0 0 0 0 0 0
          0 0 0 0 0 0 0 0 0 0 0 0
          0 0 0 0 0 0 0 0 0 0 0 0
          0 0 0 0 0 0 0 0 0 0 0 0
          0 0 0 0 0 0 0 0 0 0 0 0
          0 0 0 0 0 0 0 0 0 0 0 0
          0 0 0 0 0 0 0 0 0 0 0 0
          0 0 0 0 0 0 0 0 0 0 0 0
          0 0 0 0 0 0 0 0 0 0 0 0
          0 0 0 0 0 0 0 0 0 0 0 0
          0 0 0 0 0 0 0 0 0 0 0 0
          0 0 0 0 0 0 0 0 0 0 0 0
          0 0 0 0 0 0 0 0 0 0 0 0
          0 0 0 0 0 0 0 0 0 0 0 0
          0 0 0 0 0 0 0 0 0 0 0 0
          0 0 0 0 0 0 0 0 0 0 0 0
          0 0 0 0 0 0 0 0 0 0 0 0
          0 0 0 0 0 0 0 0 0 0 0 0
          0 0 0 0 0 0 0 0 0 0 0 0
          0 0 0 0 0 0 0 0 0 0 0 0
          0 0 0 0 0 0 0 0 0 0 0 0
          0 0 0 0 0 0 0 0 0 0 0 0
          0 0 0 0 0 0 0 0 0 0 0 0
          0 0 0 0 0 0 0 0 0 0 0 0
          0 0 0 0 0 0 0 0 0 0 0 0
          0 0 0 0 0 0 0 0 0 0 0 0
          0 0 0 0 0 0 0 0 0 0 0 0
          0 0 0 0 0 0 0 0 0 0 0 0
          0 0 0 0 0 0 0 0 0 0 0 0
          0 0 0 0 0 0 0 0 0 0 0 0
          0 0 0 0 0 0 0 0 0 0 0 0
          0 0 0 0 0 0 0 0 0 0 0 0
          0 0 0 0 0 0 0 0 0 0 0 0
          0 0 0 0 0 0 0 0 0 0 0 0
          0 0 0 0 0 0 0 0 0 0 0 0
          0 0 0 0 0 0 0 0 0 0 0 0
          0 0 0 0 0 0 0 0 0 0 0 0
          0 0 0 0 0 0 0 0 0 0 0 0
          0 0 0 0 0 0 0 0 0 0 0 0
          0 0 0 0 0 0 0 0 0 0 0 0
          0 0 0 0 0 0 0 0 0 0 0 0
          0 0 0 0 0 0 0 0 0 0 0 0
          0 0 0 0 0 0 0 0 0 0 0 0
          0 0 0 0 0 0 0 0 0 0 0 0
          0 0 0 0 0 0 0 0 0 0 0 0
          0 0 0 0 0 0 0 0 0 0 0 0
          0 0 0 0 0 0 0 0 0 0 0 0
          0 0 0 0 0 0 0 0 0 0 0 0
          0 0 0 0 0 0 0 0 0 0 0 0
          0 0 0 0 0 0 0 0 0 0 0 0
          0 0 0 0 0 0 0 0 0 0 0 0
          0 0 0 0 0 0 0 0 0 0 0 0
          0 0 0 0 0 0 0 0 0 0 0 0
          0 0 0 0 0 0 0 0 0 0 0 0
          0 0 0 0 0 0 0 0 0 0 0 0
          0 0 0 0 0 0 0 0 0 0 0 0
          0 0 0 0 0 0 0 0 0 0 0 0
          0 0 0 0 0 0 0 0 0 0 0 0
          0 0 0 0 0 0 0 0 0 0 0 0
          0 0 0 0 0 0 0 0 0 0 0 0
          0 0 0 0 0 0 0 0 0 0 0 0
          0 0 0 0 0 0 0 0 0 0 0 0
          0 0 0 0 0 0 0 0 0 0 0 0
          0 0 0 0 0 0 0 0 0 0 0 0
          0 0 0 0 0 0 0 0 0 0 0 0
          0 0 0 0 0 0 0 0 0 0 0 0
          0 0 0 0 0 0 0 0 0 0 0 0
          0 0 0 0 0 0 0 0 0 0 0 0
          0 0 0 0 0 0 0 0 0 0 0 0
          0 0 0 0 0 0 0 0 0 0 0 0
          0 0 0 0 0 0 0 0 0 0 0 0
          0 0 0 0 0 0 0 0 0 0 0 0
          0 0 0 0 0 0 0 0 0 0 0 0
          0 0 0 0 0 0 0 0 0 0 0 0
          0 0 0 0 0 0 0 0 0 0 0 0
          0 0 0 0 0 0 0 0 0 0 0 0
          0 0 0 0 0 0 0 0 0 0 0 0
          0 0 0 0 0 0 0 0 0 0 0 0
          0 0 0 0 0 0 0 0 0 0 0 0
          0 0 0 0 0 0 0 0 0 0 0 0
          0 0 0 0 0 0 0 0 0 0 0 0
          0 0 0 0 0 0 0 0 0 0 0 0
          0 0 0 0 0 0 0 0 0 0 0 0
          0 0 0 0 0 0 0 0 0 0 0 0
          0 0 0 0 0 0 0 0 0 0 0 0
          0 0 0 0 0 0 0 0 0 0 0 0
          0 0 0 0 0 0 0 0 0 0 0 0
          0 0 0 0 0 0 0 0 0 0 0 0
          0 0 0 0 0 0 0 0 0 0 0 0
          0 0 0 0 0 0 0 0 0 0 0 0
          0 0 0 0 0 0 0 0 0 0 0 0
          0 0 0 0 0 0 0 0 0 0 0 0
          0 0 0 0 0 0 0 0 0 0 0 0
          0 0 0 0 0 0 0 0 0 0 0 0
          0 0 0 0 0 0 0 0 0 0 0 0
          0 0 0 0 0 0 0 0 0 0 0 0
          0 0 0 0 0 0 0 0 0 0 0 0
          0 0 0 0 0 0 0 0 0 0 0 0
          0 0 0 0 0 0 0 0 0 0 0 0
          0 0 0 0 0 0 0 0 0 0 0 0
          0 0 0 0 0 0 0 0 0 0 0 0
          0 0 0 0 0 0 0 0 0 0 0 0
          0 0 0 0 0 0 0 0 0 0 0 0
          0 0 0 0 0 0 0 0 0 0 0 0
          0 0 0 0 0 0 0 0 0 0 0 0
          0 0 0 0 0 0 0 0 0 0 0 0
          0 0 0 0 0 0 0 0 0 0 0 0
          0 0 0 0 0 0 0 0 0 0 0 0
          0 0 0 0 0 0 0 0 0 0 0 0
          0 0 0 0 0 0 0 0 0 0 0 0
          0 0 0 0 0 0 0 0 0 0 0 0
          0 0 0 0 0 0 0 0 0 0 0 0
          0 0 0 0 0 0 0 0 0 0 0 0
          0 0 0 0 0 0 0 0 0 0 0 0
          0 0 0 0 0 0 0 0 0 0 0 0
          0 0 0 0 0 0 0 0 0 0 0 0
          0 0 0 0 0 0 0 0 0 0 0 0
          0 0 0 0 0 0 0 0 0 0 0 0
          0 0 0 0 0 0 0 0 0 0 0 0
          0 0 0 0 0 0 0 0 0 0 0 0
          0 0 0 0 0 0 0 0 0 0 0 0
          0 0 0 0 0 0 0 0 0 0 0 0
          0 0 0 0 0 0 0 0 0 0 0 0
          0 0 0 0 0 0 0 0 0 0 0 0
          0 0 0 0 0 0 0 0 0 0 0 0
          0 0 0 0 0 0 0 0 0 0 0 0
          0 0 0 0 0 0 0 0 0 0 0 0
          0 0 0 0 0 0 0 0 0 0 0 0
          0 0 0 0 0 0 0 0 0 0 0 0
          0 0 0 0 0 0 0 0 0 0 0 0
          0 0 0 0 0 0 0 0 0 0 0 0
          0 0 0 0 0 0 0 0 0 0 0 0
          0 0 0 0 0 0 0 0 0 0 0 0
          0 0 0 0 0 0 0 0 0 0 0 0
          0 0 0 0 0 0 0 0 0 0 0 0
          0 0 0 0 0 0 0 0 0 0 0 0
          0 0 0 0 0 0 0 0 0 0 0 0
          0 0 0 0 0 0 0 0 0 0 0 0
          0 0 0 0 0 0 0 0 0 0 0 0
          0 0 0 0 0 0 0 0 0 0 0 0
          0 0 0 0 0 0 0 0 0 0 0 0
          0 0 0 0 0 0 0 0 0
        </DataArray>
        <DataArray type="Float32" Name="X^CH4_gas" NumberOfComponents="1" format="ascii">
          0.990928 0.98997 0.986931 0.986719 0.990622 0.988183 0.991688 0.989922 0.992922 0.991628 0.994157 0.9932
          0.995305 0.994593 0.996321 0.995793 0.997189 0.996798 0.997906 0.99762 0.998482 0.998275 0.998929 0.998783
          0.999267 0.999166 0.999514 0.999446 0.999689 0.999644 0.999808 0.99978 0.999886 0.999869 0.999935 0.999925
          0.999964 0.999959 0.999981 0.999978 0.999991 0.999989 0.999996 0.999995 0.999998 0.999998 0.999999 0.999999
          1 1 1 1 1 1 1 1 1 1 1 1
          1 1 1 1 1 1 1 1 1 1 1 1
          1 1 1 1 1 1 1 1 1 1 1 1
          1 1 1 1 1 1 1 1 1 1 1 1
          1 1 1 1 1 1 1 1 1 1 1 1
          1 1 1 1 1 1 1 1 1 1 1 1
          1 1 1 1 1 1 1 1 1 1 1 1
          1 1 1 1 1 1 1 1 1 1 1 1
          1 1 1 1 1 1 1 1 1 1 1 1
          1 1 1 1 1 1 1 1 1 1 1 1
          1 1 1 1 1 1 1 1 1 1 1 1
          1 1 1 1 1 1 1 1 1 1 1 1
          1 1 1 1 1 1 1 1 1 1 0.982776 0.98267
          0.984294 0.986549 0.988854 0.990983 0.992853 0.994448 0.995774 0.996852 0.99771 0.998377 0.998881 0.999251
          0.999515 0.999697 0.999817 0.999895 0.999942 0.999969 0.999984 0.999993 0.999997 0.999999 0.999999 1
          1 1 1 1 1 1 1 1 1 1 1 1
          1 1 1 1 1 1 1 1 1 1 1 1
          1 1 1 1 1 1 1 1 1 1 1 1
          1 1 1 1 1 1 1 1 1 1 1 1
          1 1 1 1 1 1 1 1 1 1 1 1
          1 1 1 1 1 1 1 1 1 1 1 1
          1 1 1 0.977857 0.977948 0.979782 0.982479 0.98535 0.988062 0.990478 0.992555 0.994295
          0.99572 0.996861 0.997754 0.998435 0.998942 0.999307 0.999561 0.999733 0.999844 0.999912 0.999953 0.999976
          0.999988 0.999995 0.999998 0.999999 1 1 1 1 1 1 1 1
          1 1 1 1 1 1 1 1 1 1 1 1
          1 1 1 1 1 1 1 1 1 1 1 1
          1 1 1 1 1 1 1 1 1 1 1 1
          1 1 1 1 1 1 1 1 1 1 1 1
          1 1 1 1 1 1 1 1 1 1 1 1
          1 1 1 1 1 1 1 1 0.972155 0.972526 0.974694 0.97788
          0.981335 0.984654 0.987653 0.990263 0.992474 0.994302 0.995781 0.996949 0.997851 0.998529 0.999024 0.999375
          0.999614 0.999771 0.99987 0.999929 0.999964 0.999982 0.999992 0.999996 0.999999 0.999999 1 1
          1 1 1 1 1 1 1 1 1 1 1 1
          1 1 1 1 1 1 1 1 1 1 1 1
          1 1 1 1 1 1 1 1 1 1 1 1
          1 1 1 1 1 1 1 1 1 1 1 1
          1 1 1 1 1 1 1 1 1 1 1 1
          1 1 1 1 1 1 1 1 1 1 1 1
          1 0.965698 0.966419 0.969043 0.9728 0.976886 0.980847 0.984464 0.987646 0.99037 0.992645 0.994503
          0.995986 0.997142 0.998021 0.998671 0.999137 0.99946 0.999675 0.999813 0.999897 0.999946 0.999973 0.999987
          0.999994 0.999998 0.999999 1 1 1 1 1 1 1 1 1
          1 1 1 1 1 1 1 1 1 1 1 1
          1 1 1 1 1 1 1 1 1 1 1 1
          1 1 1 1 1 1 1 1 1 1 1 1
          1 1 1 1 1 1 1 1 1 1 1 1
          1 1 1 1 1 1 1 1 1 1 1 1
          1 1 1 1 1 1 0.958554 0.959691 0.962883 0.967294 0.972065 0.976704
          0.980969 0.984754 0.988023 0.990779 0.99305 0.99488 0.99632 0.997425 0.998251 0.998851 0.999272 0.999556
          0.999741 0.999856 0.999923 0.999961 0.999982 0.999992 0.999996 0.999999 0.999999 1 1 1
          1 1 1 1 1 1 1 1 1 1 1 1
          1 1 1 1 1 1 1 1 1 1 1 1
          1 1 1 1 1 1 1 1 1 1 1 1
          1 1 1 1 1 1 1 1 1 1 1 1
          1 1 1 1 1 1 1 1 1 1 1 1
          1 1 1 1 1 1 1 1 1 1 1 0.950864
          0.95248 0.956329 0.961461 0.966957 0.972298 0.97723 0.981636 0.98547 0.988732 0.991443 0.993645 0.995393
          0.996747 0.997768 0.998517 0.999049 0.999413 0.999653 0.999804 0.999895 0.999946 0.999974 0.999988 0.999995
          0.999998 0.999999 1 1 1 1 1 1 1 1 1 1
          1 1 1 1 1 1 1 1 1 1 1 1
          1 1 1 1 1 1 1 1 1 1 1 1
          1 1 1 1 1 1 1 1 1 1 1 1
          1 1 1 1 1 1 1 1 1 1 1 1
          1 1 1 1 1 1 1 1 1 1 1 1
          1 1 1 1 0.942891 0.945032 0.949588 0.955462 0.961686 0.967727 0.973323 0.97835
          0.982758 0.986536 0.989704 0.992298 0.994374 0.995994 0.997227 0.998139 0.998793 0.999247 0.999549 0.999742
          0.99986 0.999928 0.999965 0.999984 0.999993 0.999997 0.999999 1 1 1 1 1
          1 1 1 1 1 1 1 1 1 1 1 1
          1 1 1 1 1 1 1 1 1 1 1 1
          1 1 1 1 1 1 1 1 1 1 1 1
          1 1 1 1 1 1 1 1 1 1 1 1
          1 1 1 1 1 1 1 1 1 1 1 1
          1 1 1 1 1 1 1 1 1 0.935066 0.937743 0.942979
          0.949536 0.956427 0.963118 0.969342 0.974969 0.979938 0.984232 0.987862 0.99086 0.993277 0.995178 0.996635
          0.997721 0.998508 0.999059 0.999431 0.999671 0.999819 0.999905 0.999953 0.999978 0.99999 0.999996 0.999999
          0.999999 1 1 1 1 1 1 1 1 1 1 1
          1 1 1 1 1 1 1 1 1 1 1 1
          1 1 1 1 1 1 1 1 1 1 1 1
          1 1 1 1 1 1 1 1 1 1 1 1
          1 1 1 1 1 1 1 1 1 1 1 1
          1 1 1 1 1 1 1 1 1 1 1 1
          1 1 0.927982 0.931148 0.936928 0.943998 0.951404 0.958629 0.965402 0.971575 0.977074 0.981866
          0.985951 0.989354 0.992119 0.99431 0.996001 0.997272 0.998199 0.998853 0.999299 0.99959 0.999772 0.999879
          0.99994 0.999972 0.999987 0.999995 0.999998 0.999999 1 1 1 1 1 1
          1 1 1 1 1 1 1 1 1 1 1 1
          1 1 1 1 1 1 1 1 1 1 1 1
          1 1 1 1 1 1 1 1 1 1 1 1
          1 1 1 1 1 1 1 1 1 1 1 1
          1 1 1 1 1 1 1 1 1 1 1 1
          1 1 1 1 1 1 1 0.922298 0.925846 0.931916 0.939203 0.946864
          0.954432 0.961623 0.968258 0.974232 0.979489 0.984011 0.98781 0.990922 0.993406 0.995337 0.996797 0.997869
          0.998633 0.999157 0.999502 0.99972 0.999851 0.999925 0.999964 0.999984 0.999993 0.999997 0.999999 1
          1 1 1 1 1 1 1 1 1 1 1 1
          1 1 1 1 1 1 1 1 1 1 1 1
          1 1 1 1 1 1 1 1 1 1 1 1
          1 1 1 1 1 1 1 1 1 1 1 1
          1 1 1 1 1 1 1 1 1 1 1 1
          1 1 1 1 1 1 1 1 1 1 1 1
          0.918562 0.922338 0.928345 0.935458 0.943036 0.950689 0.958122 0.965105 0.97148 0.977154 0.982083 0.986261
          0.989711 0.992486 0.994657 0.996308 0.997529 0.998403 0.999007 0.999409 0.999665 0.99982 0.999908 0.999956
          0.99998 0.999992 0.999997 0.999999 1 1 1 1 1 1 1 1
          1 1 1 1 1 1 1 1 1 1 1 1
          1 1 1 1 1 1 1 1 1 1 1 1
          1 1 1 1 1 1 1 1 1 1 1 1
          1 1 1 1 1 1 1 1 1 1 1 1
          1 1 1 1 1 1 1 1 1 1 1 1
          1 1 1 1 1 0.917034 0.920854 0.926395 0.932918 0.940054 0.947514 0.954991
          0.962189 0.968879 0.974912 0.98021 0.984741 0.988514 0.99157 0.993976 0.995817 0.997184 0.998169 0.998854
          0.999313 0.999608 0.999787 0.999891 0.999947 0.999976 0.99999 0.999996 0.999999 0.999999 1 1
          1 1 1 1 1 1 1 1 1 1 1 1
          1 1 1 1 1 1 1 1 1 1 1 1
          1 1 1 1 1 1 1 1 1 1 1 1
          1 1 1 1 1 1 1 1 1 1 1 1
          1 1 1 1 1 1 1 1 1 1 1 1
          1 1 1 1 1 1 1 1 1 1 0.917598 0.921232
          0.925912 0.931503 0.937911 0.944945 0.952283 0.959565 0.96648 0.972811 0.978433 0.983286 0.98736 0.990682
          0.993313 0.995336 0.996846 0.997939 0.998703 0.999218 0.99955 0.999754 0.999873 0.999938 0.999972 0.999988
          0.999995 0.999998 0.999999 1 1 1 1 1 1 1 1 1
          1 1 1 1 1 1 1 1 1 1 1 1
          1 1 1 1 1 1 1 1 1 1 1 1
          1 1 1 1 1 1 1 1 1 1 1 1
          1 1 1 1 1 1 1 1 1 1 1 1
          1 1 1 1 1 1 1 1 1 1 1 1
          1 1 1 0.919821 0.922886 0.926404 0.930909 0.936466 0.942937 0.950007 0.957265 0.964324
          0.970893 0.976793 0.981933 0.986279 0.989846 0.992686 0.994881 0.996525 0.99772 0.998559 0.999127 0.999495
          0.999723 0.999856 0.999929 0.999968 0.999986 0.999994 0.999998 0.999999 1 1 1 1
          1 1 1 1 1 1 1 1 1 1 1 1
          1 1 1 1 1 1 1 1 1 1 1 1
          1 1 1 1 1 1 1 1 1 1 1 1
          1 1 1 1 1 1 1 1 1 1 1 1
          1 1 1 1 1 1 1 1 1 1 1 1
          1 1 1 1 1 1 1 1 0.923018 0.924819 0.927218 0.930766
          0.935512 0.941397 0.948139 0.955305 0.962445 0.969198 0.975331 0.980718 0.985304 0.989089 0.992118 0.994467
          0.996233 0.99752 0.998427 0.999043 0.999444 0.999693 0.99984 0.999921 0.999964 0.999984 0.999994 0.999998
          0.999999 1 1 1 1 1 1 1 1 1 1 1
          1 1 1 1 1 1 1 1 1 1 1 1
          1 1 1 1 1 1 1 1 1 1 1 1
          1 1 1 1 1 1 1 1 1 1 1 1
          1 1 1 1 1 1 1 1 1 1 1 1
          1 1 1 1 1 1 1 1 1 1 1 1
          1 0.925241 0.926231 0.927963 0.930776 0.934858 0.940226 0.946649 0.953697 0.960875 0.967767 0.974089
          0.979682 0.98447 0.98844 0.99163 0.994111 0.995982 0.997349 0.998314 0.998972 0.999401 0.999668 0.999826
          0.999914 0.99996 0.999983 0.999993 0.999997 0.999999 1 1 1 1 1 1
          1 1 1 1 1 1 1 1 1 1 1 1
          1 1 1 1 1 1 1 1 1 1 1 1
          1 1 1 1 1 1 1 1 1 1 1 1
          1 1 1 1 1 1 1 1 1 1 1 1
          1 1 1 1 1 1 1 1 1 1 1 1
          1 1 1 1 1 1 0.926936 0.927193 0.928473 0.930787 0.93439 0.939362
          0.945525 0.952464 0.95966 0.966652 0.973118 0.978869 0.983815 0.987931 0.991247 0.993833 0.995787 0.997216
          0.998227 0.998916 0.999367 0.999649 0.999816 0.999909 0.999958 0.999982 0.999993 0.999997 0.999999 1
          1 1 1 1 1 1 1 1 1 1 1 1
          1 1 1 1 1 1 1 1 1 1 1 1
          1 1 1 1 1 1 1 1 1 1 1 1
          1 1 1 1 1 1 1 1 1 1 1 1
          1 1 1 1 1 1 1 1 1 1 1 1
          1 1 1 1 1 1 1 1 1 1 1 0.927617
          0.927766 0.928747 0.930766 0.934078 0.938801 0.944795 0.951659 0.958863 0.965919 0.972478 0.978334 0.983384
          0.987596 0.990996 0.993652 0.995659 0.997129 0.99817 0.99888 0.999346 0.999637 0.999809 0.999905 0.999956
          0.999981 0.999992 0.999997 0.999999 1 1 1 1 1 1 1 1
          1 1 1 1 1 1 1 1 1 1 1 1
          1 1 1 1 1 1 1 1 1 1 1 1
          1 1 1 1 1 1 1 1 1 1 1 1
          1 1 1 1 1 1 1 1 1 1 1 1
          1 1 1 1 1 1 1 1 1 1 1 1
          1 1 1 1 0.927816 0.92794 0.928831 0.930749 0.933959 0.938596 0.944529 0.951366
          0.958572 0.965651 0.972244 0.978138 0.983226 0.987475 0.990905 0.993586 0.995614 0.997099 0.99815 0.998868
          0.999338 0.999632 0.999807 0.999904 0.999955 0.999981 0.999992 0.999997 0.999999 1 1 1
          1 1 1 1 1 1 1 1 1 1 1 1
          1 1 1 1 1 1 1 1 1 1 1 1
          1 1 1 1 1 1 1 1 1 1 1 1
          1 1 1 1 1 1 1 1 1 1 1 1
          1 1 1 1 1 1 1 1 1 1 1 1
          1 1 1 1 1 1 1 1 1
        </DataArray>
        <DataArray type="Float32" Name="X^SimpleH2O_gas" NumberOfComponents="1" format="ascii">
          -3.13292e-30 -3.63487e-30 -4.02866e-30 -4.40871e-30 -3.56477e-30 -4.18404e-30 -3.33525e-30 -3.82524e-30 -3.0209e-30 -3.42741e-30 -2.66026e-30 -3.00514e-30
          -2.27434e-30 -2.56455e-30 -1.88243e-30 -2.12054e-30 -1.50476e-30 -1.69402e-30 -1.1596e-30 -1.30512e-30 -8.60368e-31 -9.68542e-31 -6.13919e-31 -6.9165e-31
          -4.20738e-31 -4.74725e-31 -2.76485e-31 -3.12654e-31 -1.73869e-31 -1.97159e-31 -1.04394e-31 -1.18744e-31 -5.97032e-32 -6.81231e-32 -3.24455e-32 -3.71308e-32
          -1.67183e-32 -1.91823e-32 -8.15169e-33 -9.3733e-33 -3.75422e-33 -4.32413e-33 -1.63022e-33 -1.87975e-33 -6.66802e-34 -7.69183e-34 -2.56534e-34 -2.95888e-34
          -9.26749e-35 -1.0682e-34 -3.13817e-35 -3.61252e-35 -9.94376e-36 -1.14242e-35 -2.94405e-36 -3.37299e-36 -8.13691e-37 -9.28797e-37 -2.09962e-37 -2.38512e-37
          -5.06782e-38 -5.72135e-38 0 -1.28764e-38 0 0 0 0 0 0 0 0
          0 0 0 0 0 0 0 0 0 0 0 0
          -0 -0 -0 -0 -0 -0 0 -0 0 0 0 0
          0 0 0 0 0 0 0 0 0 0 0 0
          0 0 -0 -0 -0 -0 -0 -0 -0 -0 -0 -0
          -0 -0 -0 -0 -0 -0 -0 -0 0 0 0 0
          0 0 0 0 0 0 0 0 0 0 0 0
          0 0 -0 -0 -0 -0 -0 -0 -0 -0 -0 -0
          -0 -0 -0 -0 -0 -0 -0 -0 -0 -0 0 0
          0 0 0 0 0 0 0 0 0 0 0 0
          0 0 0 0 -0 0 -0 -0 -0 -0 -0 -0
          -0 -0 -0 -0 -0 -0 -0 -0 0 0 -4.60879e-30 -5.11961e-30
          -4.94402e-30 -4.58876e-30 -4.18047e-30 -3.72057e-30 -3.21123e-30 -2.67681e-30 -2.15123e-30 -1.66581e-30 -1.24265e-30 -8.92677e-31 -6.16989e-31 -4.09643e-31
          -2.60635e-31 -1.58437e-31 -9.17236e-32 -5.04172e-32 -2.62412e-32 -1.29042e-32 -5.98394e-33 -2.61159e-33 -1.07134e-33 -4.12596e-34 -1.48924e-34 -5.02797e-35
          -1.58473e-35 -4.65442e-36 -1.27206e-36 -3.23321e-37 -7.64937e-38 -1.69003e-38 0 0 0 0 0 0
          0 0 0 0 -0 -0 -0 -0 -0 0 0 0
          0 0 0 0 0 0 -0 -0 -0 -0 -0 -0
          -0 -0 -0 0 0 0 0 0 0 0 0 0
          -0 -0 -0 -0 -0 -0 -0 -0 -0 0 0 0
          0 0 0 0 0 0 0 -0 -0 -0 -0 -0
          -0 -0 0 -5.10629e-30 -5.86646e-30 -5.65333e-30 -5.31854e-30 -4.9659e-30 -4.51901e-30 -3.96591e-30 -3.34754e-30 -2.7174e-30
          -2.1231e-30 -1.5981e-30 -1.15948e-30 -8.10465e-31 -5.44833e-31 -3.51245e-31 -2.16365e-31 -1.26857e-31 -7.05455e-32 -3.71022e-32 -1.8413e-32 -8.60639e-33
          -3.78139e-33 -1.55914e-33 -6.02512e-34 -2.17839e-34 -7.35337e-35 -2.31239e-35 -6.75968e-36 -1.8334e-36 -4.60749e-37 -1.07247e-37 -2.31493e-38 0
          0 0 0 0 0 0 0 0 0 -0 -0 -0
          -0 -0 -0 -0 0 0 0 0 0 0 0 0
          -0 -0 -0 -0 -0 -0 -0 -0 -0 0 0 0
          0 0 0 0 0 -0 -0 -0 -0 -0 -0 -0
          -0 -0 -0 0 0 0 0 0 0 0 0 0
          -0 -0 -0 -0 -0 -0 -0 0 -5.49263e-30 -6.71591e-30 -6.25716e-30 -5.93592e-30
          -5.6814e-30 -5.26501e-30 -4.67914e-30 -3.99056e-30 -3.26944e-30 -2.57748e-30 -1.95884e-30 -1.43678e-30 -1.01704e-30 -6.9346e-31 -4.53794e-31 -2.83688e-31
          -1.68639e-31 -9.49654e-32 -5.05213e-32 -2.53389e-32 -1.19589e-32 -5.30042e-33 -2.20127e-33 -8.55195e-34 -3.1023e-34 -1.04843e-34 -3.29279e-35 -9.58607e-36
          -2.58023e-36 -6.40532e-37 -1.46312e-37 -3.06823e-38 0 0 0 0 0 0 0 0
          0 0 -0 -0 -0 -0 -0 -0 -0 -0 0 0
          0 0 0 0 0 0 -0 -0 -0 -0 -0 -0
          -0 -0 -0 0 0 0 0 0 0 0 0 -0
          -0 -0 -0 -0 -0 -0 -0 -0 -0 0 0 0
          0 0 0 0 0 0 -0 -0 -0 -0 -0 -0
          0 -5.70845e-30 -7.69475e-30 -6.66219e-30 -6.42412e-30 -6.29286e-30 -5.88054e-30 -5.25789e-30 -4.51604e-30 -3.72742e-30 -2.96164e-30 -2.27059e-30
          -1.68247e-30 -1.20567e-30 -8.33968e-31 -5.54052e-31 -3.51356e-31 -2.11538e-31 -1.20495e-31 -6.48096e-32 -3.28624e-32 -1.56785e-32 -7.02021e-33 -2.94128e-33
          -1.15035e-33 -4.19093e-34 -1.41875e-34 -4.45048e-35 -1.28963e-35 -3.43999e-36 -8.41147e-37 -1.87509e-37 -3.77795e-38 0 0 0
          0 0 0 0 0 0 0 -0 -0 -0 -0 -0
          -0 -0 -0 -0 0 0 0 0 0 0 0 0
          -0 -0 -0 -0 -0 -0 -0 -0 -0 0 0 0
          0 0 0 0 0 -0 -0 -0 -0 -0 -0 -0
          -0 -0 0 0 0 0 0 0 0 0 0 0
          -0 -0 -0 -0 -0 0 -5.75488e-30 -8.67625e-30 -6.77808e-30 -6.83121e-30 -6.77015e-30 -6.29814e-30
          -5.64275e-30 -4.87426e-30 -4.04818e-30 -3.23774e-30 -2.5005e-30 -1.86924e-30 -1.35558e-30 -9.514e-31 -6.41314e-31 -4.11638e-31 -2.50163e-31 -1.43695e-31
          -7.79955e-32 -3.99727e-32 -1.92961e-32 -8.73999e-33 -3.69865e-33 -1.45731e-33 -5.33266e-34 -1.80748e-34 -5.65659e-35 -1.62814e-35 -4.28868e-36 -1.02669e-36
          -2.20894e-37 -4.17935e-38 0 0 0 0 0 0 0 0 0 0
          -0 -0 -0 -0 -0 -0 -0 -0 -0 -0 0 0
          0 0 0 0 0 0 -0 -0 -0 -0 -0 -0
          -0 -0 0 0 0 0 0 0 0 0 0 -0
          -0 -0 -0 -0 -0 -0 -0 -0 0 0 0 0
          0 0 0 0 0 0 -0 -0 -0 -0 0 -5.81097e-30
          -9.27265e-30 -6.68262e-30 -7.21859e-30 -7.02666e-30 -6.46044e-30 -5.80731e-30 -5.04639e-30 -4.21386e-30 -3.38676e-30 -2.62993e-30 -1.98223e-30 -1.45751e-30
          -1.03965e-30 -7.10455e-31 -4.59643e-31 -2.80352e-31 -1.61549e-31 -8.82313e-32 -4.56851e-32 -2.23377e-32 -1.02465e-32 -4.3822e-33 -1.73916e-33 -6.3862e-34
          -2.16344e-34 -6.73582e-35 -1.91746e-35 -4.9536e-36 -1.14755e-36 -2.32993e-37 -3.92489e-38 0 0 0 0 0
          0 0 0 0 0 -0 -0 -0 -0 -0 -0 -0
          -0 -0 -0 -0 0 0 0 0 0 0 0 0
          -0 -0 -0 -0 -0 -0 -0 -0 0 0 0 0
          0 0 0 0 0 -0 -0 -0 -0 -0 -0 -0
          -0 -0 0 0 0 0 0 0 0 0 0 0
          -0 -0 -0 0 -6.14132e-30 -9.07623e-30 -6.71166e-30 -7.46712e-30 -6.9433e-30 -6.35724e-30 -5.75177e-30 -5.02799e-30
          -4.21512e-30 -3.39462e-30 -2.64579e-30 -2.01783e-30 -1.51277e-30 -1.10007e-30 -7.61602e-31 -4.94036e-31 -3.00016e-31 -1.72292e-31 -9.44153e-32 -4.94013e-32
          -2.44911e-32 -1.13811e-32 -4.9152e-33 -1.96176e-33 -7.21058e-34 -2.43245e-34 -7.49422e-35 -2.093e-35 -5.23464e-36 -1.14603e-36 -2.08323e-37 -2.62626e-38
          0 0 0 0 0 0 0 0 0 0 0 -0
          -0 -0 -0 -0 -0 -0 -0 -0 -0 -0 0 0
          0 0 0 0 0 0 -0 -0 -0 -0 -0 -0
          -0 -0 0 0 0 0 0 0 0 0 0 -0
          -0 -0 -0 -0 -0 -0 -0 -0 0 0 0 0
          0 0 0 0 0 0 -0 -0 0 -6.53541e-30 -8.4795e-30 -6.91406e-30
          -7.29268e-30 -6.50818e-30 -6.03001e-30 -5.47491e-30 -4.8169e-30 -4.04481e-30 -3.24979e-30 -2.5439e-30 -1.98294e-30 -1.52398e-30 -1.13384e-30 -7.94981e-31
          -5.14272e-31 -3.08523e-31 -1.75884e-31 -9.67366e-32 -5.12376e-32 -2.57615e-32 -1.21065e-32 -5.26387e-33 -2.1048e-33 -7.7055e-34 -2.57101e-34 -7.7629e-35
          -2.09545e-35 -4.94217e-36 -9.66732e-37 -1.32087e-37 0 0 0 0 0 0 0 0
          0 0 0 0 -0 -0 -0 -0 -0 -0 -0 -0
          -0 -0 -0 0 0 0 0 0 0 0 0 0
          -0 -0 -0 -0 -0 -0 -0 -0 0 0 0 0
          0 0 0 0 0 -0 -0 -0 -0 -0 -0 -0
          -0 -0 0 0 0 0 0 0 0 0 0 0
          -0 0 -6.80502e-30 -7.87819e-30 -6.89864e-30 -6.61154e-30 -5.87265e-30 -5.49202e-30 -4.9862e-30 -4.43931e-30 -3.73594e-30 -2.98404e-30
          -2.35731e-30 -1.89104e-30 -1.49636e-30 -1.1363e-30 -8.03339e-31 -5.1509e-31 -3.05153e-31 -1.73608e-31 -9.65966e-32 -5.20029e-32 -2.64766e-32 -1.25267e-32
          -5.45307e-33 -2.1699e-33 -7.8454e-34 -2.55939e-34 -7.44437e-35 -1.88591e-35 -3.9426e-36 -5.69252e-37 0 4.43375e-38 2.15168e-38 0
          0 0 0 0 0 0 0 0 0 0 -0 -0
          -0 -0 -0 -0 -0 -0 -0 -0 -0 0 0 0
          0 0 0 0 0 -0 -0 -0 -0 -0 -0 -0
          -0 -0 0 0 0 0 0 0 0 0 0 -0
          -0 -0 -0 -0 -0 -0 -0 -0 0 0 0 0
          0 0 0 0 0 0 0 -6.97258e-30 -7.30139e-30 -6.45525e-30 -5.73745e-30 -5.13036e-30
          -4.77145e-30 -4.4094e-30 -4.0343e-30 -3.44961e-30 -2.74888e-30 -2.19276e-30 -1.79927e-30 -1.45213e-30 -1.10309e-30 -7.72516e-31 -4.8896e-31 -2.89477e-31
          -1.67953e-31 -9.60804e-32 -5.27851e-32 -2.71272e-32 -1.28503e-32 -5.56002e-33 -2.18098e-33 -7.69092e-34 -2.40872e-34 -6.54438e-35 -1.45789e-35 -2.1979e-36
          6.02445e-38 2.1126e-37 1.05186e-37 3.8256e-38 1.19327e-38 0 0 0 0 0 0 0
          0 0 0 -0 -0 -0 -0 -0 -0 -0 -0 -0
          -0 -0 0 0 0 0 0 0 0 0 0 -0
          -0 -0 -0 -0 -0 -0 -0 -0 0 0 0 0
          0 0 0 0 0 -0 -0 -0 -0 -0 -0 -0
          -0 -0 0 0 0 0 0 0 0 0 0 0
          -7.03121e-30 -6.69063e-30 -5.77593e-30 -4.91662e-30 -4.36655e-30 -4.14297e-30 -4.07171e-30 -3.88312e-30 -3.41398e-30 -2.77074e-30 -2.21349e-30 -1.8177e-30
          -1.44011e-30 -1.0599e-30 -7.13658e-31 -4.43883e-31 -2.69557e-31 -1.64092e-31 -9.75403e-32 -5.46626e-32 -2.82711e-32 -1.33401e-32 -5.69326e-33 -2.17788e-33
          -7.37402e-34 -2.15927e-34 -5.17697e-35 -8.41731e-36 2.14567e-37 9.02324e-37 4.77096e-37 1.81859e-37 5.86562e-38 1.69961e-38 0 0
          0 0 0 0 0 0 0 0 0 -0 -0 -0
          -0 -0 -0 -0 -0 -0 -0 -0 0 0 0 0
          0 0 0 0 0 -0 -0 -0 -0 -0 -0 -0
          -0 0 0 0 0 0 0 0 0 0 0 -0
          -0 -0 -0 -0 -0 -0 -0 -0 0 0 0 0
          0 0 0 0 0 -6.93782e-30 -6.12672e-30 -5.17957e-30 -4.37523e-30 -4.02654e-30 -4.08661e-30 -4.26042e-30
          -4.2248e-30 -3.85215e-30 -3.23248e-30 -2.58634e-30 -2.04166e-30 -1.52847e-30 -1.05164e-30 -6.68712e-31 -4.15963e-31 -2.66046e-31 -1.69828e-31 -1.03899e-31
          -5.89909e-32 -3.05388e-32 -1.42714e-32 -5.96571e-33 -2.20489e-33 -7.06001e-34 -1.86955e-34 -3.53793e-35 -9.927e-37 3.1104e-36 1.90493e-36 7.9004e-37
          2.7074e-37 8.17908e-38 2.25546e-38 0 0 0 0 0 0 0 0 0
          0 0 -0 -0 -0 -0 -0 -0 -0 -0 -0 -0
          -0 0 0 0 0 0 0 0 0 0 -0 -0
          -0 -0 -0 -0 -0 -0 -0 0 0 0 0 0
          0 0 0 0 -0 -0 -0 -0 -0 -0 -0 -0
          -0 -0 0 0 0 0 0 0 0 0 -6.72568e-30 -5.7988e-30
          -4.95983e-30 -4.41247e-30 -4.41895e-30 -4.7839e-30 -5.13178e-30 -5.17399e-30 -4.81324e-30 -4.09303e-30 -3.24908e-30 -2.45208e-30 -1.71756e-30 -1.10922e-30
          -6.89031e-31 -4.42653e-31 -2.92378e-31 -1.89973e-31 -1.17058e-31 -6.65307e-32 -3.42413e-32 -1.57801e-32 -6.44219e-33 -2.29314e-33 -6.88957e-34 -1.59833e-34
          -1.85223e-35 6.90409e-36 6.23358e-36 2.99159e-36 1.12898e-36 3.66432e-37 1.06371e-37 2.83173e-38 0 0 0 0
          0 0 0 0 0 0 0 0 -0 -0 -0 -0
          -0 -0 -0 -0 -0 -0 0 0 0 0 0 0
          0 0 0 0 -0 -0 -0 -0 -0 -0 -0 -0
          -0 0 0 0 0 0 0 0 0 0 -0 -0
          -0 -0 -0 -0 -0 -0 -0 -0 0 0 0 0
          0 0 0 -6.56109e-30 -5.89168e-30 -5.33774e-30 -5.19671e-30 -5.59049e-30 -6.18348e-30 -6.61652e-30 -6.6322e-30 -6.10486e-30
          -5.11895e-30 -3.96812e-30 -2.86031e-30 -1.90119e-30 -1.20218e-30 -7.55216e-31 -4.9514e-31 -3.32446e-31 -2.17663e-31 -1.34518e-31 -7.63236e-32 -3.90129e-32
          -1.77503e-32 -7.10045e-33 -2.44641e-33 -6.92799e-34 -1.38679e-34 -3.15249e-36 1.44903e-35 9.30781e-36 4.07475e-36 1.46884e-36 4.62436e-37 1.30884e-37
          3.39699e-38 0 0 0 0 0 0 0 0 0 0 0
          0 0 -0 -0 -0 -0 -0 -0 -0 -0 -0 -0
          0 0 0 0 0 0 0 0 0 -0 -0 -0
          -0 -0 -0 -0 -0 -0 -0 0 0 0 0 0
          0 0 0 0 -0 -0 -0 -0 -0 -0 -0 -0
          -0 -0 0 0 0 0 0 0 -6.65855e-30 -6.50026e-30 -6.35518e-30 -6.65573e-30
          -7.33656e-30 -8.03915e-30 -8.42585e-30 -8.23359e-30 -7.35721e-30 -5.97811e-30 -4.45376e-30 -3.05532e-30 -1.98101e-30 -1.25361e-30 -8.04632e-31 -5.39763e-31
          -3.68871e-31 -2.44549e-31 -1.52077e-31 -8.63824e-32 -4.40103e-32 -1.98691e-32 -7.8424e-33 -2.64124e-33 -7.15112e-34 -1.24961e-34 9.47606e-36 2.11424e-35
          1.20859e-35 5.0701e-36 1.78422e-36 5.51957e-37 1.53728e-37 3.91901e-38 0 0 0 0 0 0
          0 0 0 0 0 0 0 0 -0 -0 -0 -0
          -0 -0 -0 -0 -0 0 0 0 0 0 0 0
          0 0 0 -0 -0 -0 -0 -0 -0 -0 -0 -0
          0 0 0 0 0 0 0 0 0 0 -0 -0
          -0 -0 -0 -0 -0 -0 -0 -0 0 0 0 0
          0 -7.23244e-30 -7.52684e-30 -7.82175e-30 -8.42634e-30 -9.24703e-30 -9.88897e-30 -1.00641e-29 -9.53543e-30 -8.26325e-30 -6.50237e-30 -4.68037e-30
          -3.1245e-30 -1.99215e-30 -1.26743e-30 -8.27035e-31 -5.6726e-31 -3.95417e-31 -2.6608e-31 -1.66783e-31 -9.50384e-32 -4.84202e-32 -2.17938e-32 -8.54384e-33
          -2.83997e-33 -7.47228e-34 -1.1779e-34 1.88911e-35 2.64683e-35 1.43816e-35 5.90756e-36 2.0526e-36 6.28673e-37 1.73363e-37 4.36622e-38 0
          0 0 0 0 0 0 0 0 0 0 0 0
          0 0 -0 -0 -0 -0 -0 -0 -0 -0 -0 0
          0 0 0 0 0 0 0 0 0 -0 -0 -0
          -0 -0 -0 -0 -0 -0 0 0 0 0 0 0
          0 0 0 0 -0 -0 -0 -0 -0 -0 -0 -0
          -0 -0 0 0 0 0 -8.63661e-30 -8.77745e-30 -9.31332e-30 -1.00528e-29 -1.08209e-29 -1.1283e-29
          -1.11821e-29 -1.03359e-29 -8.74553e-30 -6.72617e-30 -4.73539e-30 -3.11002e-30 -1.97221e-30 -1.26453e-30 -8.41125e-31 -5.86576e-31 -4.1409e-31 -2.81379e-31
          -1.77422e-31 -1.01414e-31 -5.17363e-32 -2.32774e-32 -9.10189e-33 -3.00636e-33 -7.7872e-34 -1.15008e-34 2.52014e-35 3.02907e-35 1.60774e-35 6.53643e-36
          2.2563e-36 6.87324e-37 1.8844e-37 4.70973e-38 0 0 0 0 0 0 0 0
          0 0 0 0 0 0 0 0 -0 -0 -0 -0
          -0 -0 -0 -0 -0 0 0 0 0 0 0 0
          0 0 -0 -0 -0 -0 -0 -0 -0 -0 -0 -0
          0 0 0 0 0 0 0 0 0 0 -0 -0
          -0 -0 -0 -0 -0 -0 -0 -0 -0 0 0 -9.72812e-30
          -9.84907e-30 -1.04219e-29 -1.11415e-29 -1.17731e-29 -1.20524e-29 -1.17396e-29 -1.06883e-29 -8.89942e-30 -6.74879e-30 -4.69846e-30 -3.06884e-30 -1.95165e-30
          -1.26285e-30 -8.5317e-31 -6.00999e-31 -4.26328e-31 -2.90708e-31 -1.83791e-31 -1.05245e-31 -5.37536e-32 -2.41951e-32 -9.4546e-33 -3.11499e-33 -8.01021e-34
          -1.14367e-34 2.87716e-35 3.25735e-35 1.71124e-35 6.92496e-36 2.38317e-36 7.24064e-37 1.97921e-37 4.92608e-38 0 0 0
          0 0 0 0 0 0 0 0 0 0 0 0
          0 -0 -0 -0 -0 -0 -0 -0 -0 -0 -0 0
          0 0 0 0 0 0 0 0 -0 -0 -0 -0
          -0 -0 -0 -0 -0 -0 0 0 0 0 0 0
          0 0 0 0 -0 -0 -0 -0 -0 -0 -0 -0
          -0 -0 -0 0 -1.01437e-29 -1.02599e-29 -1.08341e-29 -1.15151e-29 -1.20689e-29 -1.2284e-29 -1.18827e-29 -1.0744e-29
          -8.89904e-30 -6.72387e-30 -4.66932e-30 -3.04977e-30 -1.94522e-30 -1.26432e-30 -8.59215e-31 -6.07182e-31 -4.30984e-31 -2.93968e-31 -1.85937e-31 -1.06525e-31
          -5.44286e-32 -2.45042e-32 -9.57462e-33 -3.15252e-33 -8.09e-34 -1.14324e-34 2.99248e-35 3.33324e-35 1.74603e-35 7.0564e-36 2.42626e-36 7.3658e-37
          2.01157e-37 5.00002e-38 0 0 0 0 0 0 0 0 0 0
          0 0 0 0 0 0 -0 -0 -0 -0 -0 -0
          -0 -0 -0 -0 0 0 0 0 0 0 0 0
          0 -0 -0 -0 -0 -0 -0 -0 -0 -0 -0 0
          0 0 0 0 0 0 0 0 0 0 -0 -0
          -0 -0 -0 -0 -0 -0 -0 -0 0
        </DataArray>
        <DataArray type="Float32" Name="X^H2_gas" NumberOfComponents="1" format="ascii">
          0.00907215 0.0100299 0.0130694 0.0132808 0.00937842 0.011817 0.00831183 0.0100781 0.00707847 0.00837166 0.00584335 0.00680009
          0.0046953 0.00540674 0.00367862 0.00420743 0.00281094 0.00320189 0.0020936 0.00237982 0.00151828 0.00172474 0.00107055 0.00121664
          0.000732627 0.000833706 0.000485631 0.000553774 0.000311108 0.000355714 0.000192166 0.000220417 0.00011417 0.000131421 6.50867e-05 7.52055e-05
          3.55208e-05 4.12038e-05 1.85169e-05 2.15637e-05 9.20082e-06 1.0756e-05 4.34885e-06 5.10214e-06 1.95287e-06 2.29844e-06 8.3187e-07 9.81944e-07
          3.35614e-07 3.97212e-07 1.28053e-07 1.5191e-07 4.61493e-08 5.48552e-08 1.56936e-08 1.86838e-08 5.0321e-09 5.998e-09 1.52071e-09 1.81401e-09
          4.32986e-10 5.16692e-10 1.16115e-10 1.38563e-10 2.93434e-11 3.5001e-11 6.99266e-12 8.33456e-12 1.57144e-12 1.87106e-12 3.32983e-13 3.95962e-13
          6.65333e-14 7.89957e-14 1.25391e-14 1.48615e-14 2.22992e-15 2.6377e-15 3.74432e-16 4.4194e-16 5.94083e-17 6.99548e-17 8.91396e-18 1.04702e-17
          1.26588e-18 1.48298e-18 1.70264e-19 1.98919e-19 2.17084e-20 2.52896e-20 2.63012e-21 3.05505e-21 3.03131e-22 3.51061e-22 3.32523e-23 3.83942e-23
          3.47354e-24 3.99847e-24 3.45751e-25 3.96782e-25 3.28189e-26 3.75467e-26 2.97309e-27 3.39089e-27 2.57262e-28 2.92507e-28 2.12909e-29 2.4133e-29
          1.68809e-30 1.90757e-30 1.28433e-31 1.4469e-31 9.38866e-33 1.05452e-32 6.60128e-34 7.39238e-34 4.46832e-35 4.98907e-35 2.91433e-36 3.24452e-36
          1.83313e-37 2.03497e-37 0 1.23432e-38 0 0 0 0 0 0 0 0
          0 0 0 0 0 0 0 0 0 0 0 0
          0 0 0 0 0 0 0 0 0 0 0 0
          0 0 0 0 0 0 0 0 0 0 0 0
          0 0 0 0 0 0 0 0 0 0 0 0
          0 0 0 0 -0 -0 -0 -0 0 0 0 0
          0 0 0 0 0 0 0 0 0 0 0.017224 0.0173298
          0.0157057 0.0134513 0.0111457 0.00901723 0.00714661 0.00555241 0.00422629 0.00314752 0.00228956 0.00162333 0.00111935 0.000748916
          0.000484993 0.000303206 0.000182497 0.000105462 5.83546e-05 3.08384e-05 1.55277e-05 7.43124e-06 3.37462e-06 1.45221e-06 5.91295e-07 2.27446e-07
          8.25402e-08 2.82287e-08 9.09107e-09 2.75573e-09 7.86033e-10 2.10917e-10 5.32582e-11 1.26682e-11 2.83913e-12 5.99468e-13 1.1926e-13 2.23619e-14
          3.95382e-15 6.59644e-16 1.03931e-16 1.54779e-17 2.18064e-18 2.90872e-19 3.67638e-20 4.41437e-21 5.04128e-22 5.4787e-23 5.66907e-24 5.58903e-25
          5.25399e-26 4.71343e-27 4.03876e-28 3.30978e-29 2.59861e-30 1.95785e-31 1.41738e-32 9.87013e-34 6.61732e-35 4.27519e-36 2.66396e-37 1.60543e-38
          0 0 0 0 0 0 0 0 0 0 0 0
          0 0 0 0 0 0 0 0 0 0 0 0
          0 0 0 0 0 0 -0 -0 -0 0 0 0
          0 0 0 0.0221432 0.0220516 0.0202184 0.0175205 0.0146496 0.0119379 0.00952211 0.00744475 0.00570462
          0.00427991 0.00313905 0.00224626 0.00156462 0.00105821 0.00069316 0.000438559 0.000267251 0.000156399 8.76388e-05 4.6891e-05 2.38935e-05
          1.15656e-05 5.30677e-06 2.30513e-06 9.46521e-07 3.66833e-07 1.34e-07 4.60834e-08 1.49086e-08 4.53497e-09 1.29678e-09 3.48518e-10 8.80499e-11
          2.09376e-11 4.68772e-12 9.88158e-13 1.96142e-13 3.66732e-14 6.4623e-15 1.07397e-15 1.68477e-16 2.49714e-17 3.50021e-18 4.64359e-19 5.83531e-20
          6.96465e-21 7.90454e-22 8.5358e-23 8.7749e-24 8.59349e-25 8.02367e-26 7.14869e-27 6.08278e-28 4.9498e-29 3.85871e-30 2.88656e-31 2.07483e-32
          1.43453e-33 9.54903e-35 6.12526e-36 3.7896e-37 2.2676e-38 0 0 0 0 0 0 0
          0 0 0 0 0 0 0 0 0 0 0 0
          0 0 0 0 0 0 0 0 0 0 0 -0
          -0 -0 0 0 0 0 0 0 0.0278451 0.0274735 0.0253063 0.0221196
          0.0186651 0.0153465 0.0123474 0.00973674 0.00752612 0.0056979 0.00421949 0.00305085 0.00214898 0.00147089 0.000975596 0.000625306
          0.000386168 0.000229082 0.000130131 7.0571e-05 3.64325e-05 1.78577e-05 8.28973e-06 3.63897e-06 1.50855e-06 5.89691e-07 2.17049e-07 7.51369e-08
          2.44422e-08 7.46817e-09 2.14288e-09 5.77351e-10 1.46071e-10 3.47538e-11 7.77963e-12 1.63855e-12 3.24764e-13 6.05977e-14 1.06505e-14 1.76453e-15
          2.75824e-16 4.07202e-17 5.68301e-18 7.50446e-19 9.38342e-20 1.11409e-20 1.25759e-21 1.35042e-22 1.38026e-23 1.34375e-24 1.24709e-25 1.10428e-26
          9.33769e-28 7.55044e-29 5.84854e-30 4.34698e-31 3.1044e-32 2.13247e-33 1.41027e-34 8.98734e-36 5.52407e-37 3.28395e-38 0 0
          0 0 0 0 0 0 0 0 0 0 0 0
          0 0 0 0 0 0 0 0 0 0 0 0
          0 0 0 0 0 -0 -0 0 0 0 0 0
          0 0.0343018 0.0335806 0.0309568 0.0272 0.0231142 0.0191535 0.0155363 0.0123537 0.0096303 0.00735524 0.00549735
          0.0040142 0.00285784 0.00197873 0.00132866 0.000862611 0.000539852 0.000324653 0.000186994 0.000102821 5.38071e-05 2.67219e-05 1.25597e-05
          5.57644e-06 2.33573e-06 9.21612e-07 3.42069e-07 1.19288e-07 3.90493e-08 1.19936e-08 3.45573e-09 9.34072e-10 2.36833e-10 5.64168e-11 1.26346e-11
          2.66054e-12 5.26884e-13 9.81708e-14 1.72202e-14 2.8459e-15 4.43554e-16 6.52632e-17 9.07453e-18 1.19349e-18 1.48584e-19 1.75603e-20 1.97271e-21
          2.10784e-22 2.14341e-23 2.07579e-24 1.91616e-25 1.68746e-26 1.41899e-27 1.14093e-28 8.78732e-30 6.49383e-31 4.61087e-32 3.14899e-33 2.07046e-34
          1.3118e-35 8.01606e-37 4.73768e-38 0 0 0 0 0 0 0 0 0
          0 0 0 0 0 0 0 0 0 0 0 0
          0 0 0 0 0 0 0 0 0 0 -0 -0
          -0 0 0 0 0 0 0.0414457 0.0403086 0.0371172 0.032706 0.0279351 0.023296
          0.0190307 0.0152459 0.0119774 0.00922136 0.00695001 0.00512028 0.00368044 0.00257508 0.00174887 0.00114931 0.000728489 0.000443915
          0.000259174 0.000144478 7.66427e-05 3.85711e-05 1.83629e-05 8.25032e-06 3.49326e-06 1.39197e-06 5.2126e-07 1.83215e-07 6.03872e-08 1.86545e-08
          5.40031e-09 1.46516e-09 3.72504e-10 8.88877e-11 1.99251e-11 4.19679e-12 8.30806e-13 1.54649e-13 2.70858e-14 4.46729e-15 6.94527e-16 1.01894e-16
          1.41217e-17 1.85069e-18 2.2951e-19 2.70124e-20 3.02141e-21 3.21387e-22 3.25299e-23 3.13538e-24 2.88017e-25 2.52383e-26 2.11158e-27 1.68912e-28
          1.29422e-29 9.51452e-31 6.72038e-32 4.56563e-33 2.98614e-34 1.88201e-35 1.144e-36 6.72579e-38 0 0 0 0
          0 0 0 0 0 0 0 0 0 0 0 0
          0 0 0 0 0 0 0 0 0 0 0 0
          0 0 0 -0 -0 -0 0 0 0 0 0 0.0491361
          0.0475204 0.0436708 0.038539 0.0330433 0.0277016 0.0227697 0.0183643 0.0145295 0.0112683 0.00855733 0.00635481 0.00460694
          0.00325339 0.00223217 0.00148332 0.000951421 0.00058701 0.000347164 0.0001961 0.000105419 5.3753e-05 2.59193e-05 1.17863e-05 5.04573e-06
          2.03096e-06 7.67538e-07 2.71995e-07 9.02944e-08 2.80647e-08 8.16583e-09 2.22452e-09 5.67343e-10 1.35665e-10 3.04497e-11 6.41748e-12 1.27039e-12
          2.36328e-13 4.13432e-14 6.80736e-15 1.05607e-15 1.54542e-16 2.13561e-17 2.78977e-18 3.44761e-19 4.04239e-20 4.50358e-21 4.7707e-22 4.8082e-23
          4.61408e-24 4.21953e-25 3.68058e-26 3.06508e-27 2.4403e-28 1.86087e-29 1.36147e-30 9.57026e-32 6.47043e-33 4.21157e-34 2.64152e-35 1.59794e-36
          9.34942e-38 0 0 0 0 0 0 0 0 0 0 0
          0 0 0 0 0 0 0 0 0 0 0 0
          0 0 0 0 0 0 0 0 0 -0 -0 -0
          0 0 0 0 0.057109 0.054968 0.0504119 0.0445381 0.038314 0.0322728 0.0266772 0.02165
          0.0172423 0.0134637 0.0102963 0.00770161 0.00562602 0.00400585 0.00277331 0.00186132 0.00120685 0.000753204 0.000450835 0.000257844
          0.000140378 7.24888e-05 3.53883e-05 1.62848e-05 7.04863e-06 2.86585e-06 1.09304e-06 3.90562e-07 1.30607e-07 4.0851e-08 1.19491e-08 3.2691e-09
          8.36601e-10 2.00519e-10 4.50753e-11 9.50811e-12 1.88266e-12 3.50109e-13 6.11937e-14 1.00618e-14 1.55808e-15 2.27491e-16 3.13549e-17 4.08401e-18
          5.03102e-19 5.87858e-20 6.52535e-21 6.88612e-22 6.91299e-23 6.60707e-24 6.01705e-25 5.22633e-26 4.33363e-27 3.43521e-28 2.608e-29 1.89964e-30
          1.32938e-31 8.9479e-33 5.79819e-34 3.62047e-35 2.18039e-36 1.27008e-37 0 0 0 0 0 0
          0 0 0 0 0 0 0 0 0 0 0 0
          0 0 0 0 0 0 0 0 0 0 0 0
          0 0 -0 -0 -0 0 0 0 0 0.0649337 0.0622572 0.0570215
          0.0504641 0.0435726 0.0368816 0.0306577 0.0250313 0.020062 0.0157677 0.0121382 0.00914049 0.00672342 0.00482241 0.00336529
          0.0022785 0.0014917 0.00094074 0.000569319 0.00032937 0.000181451 9.48228e-05 4.684e-05 2.18035e-05 9.53892e-06 3.91662e-06 1.50731e-06
          5.42996e-07 1.82905e-07 5.75707e-08 1.69296e-08 4.65198e-09 1.1947e-09 2.87059e-10 6.46379e-11 1.36488e-11 2.70372e-12 5.02729e-13 8.78113e-14
          1.44218e-14 2.22966e-15 3.24897e-16 4.46757e-17 5.80373e-18 7.12892e-19 8.30353e-20 9.1862e-21 9.66018e-22 9.66276e-23 9.20072e-24 8.34706e-25
          7.22184e-26 5.9645e-27 4.70892e-28 3.56044e-29 2.58275e-30 1.8e-31 1.20657e-32 7.78637e-34 4.84193e-35 2.90404e-36 1.68469e-37 0
          0 0 0 0 0 0 0 0 0 0 0 0
          0 0 0 0 0 0 0 0 0 0 0 0
          0 0 0 0 0 0 0 0 -0 -0 0 0
          0 0 0.0720178 0.0688518 0.0630716 0.0560018 0.0485964 0.041371 0.0345983 0.0284249 0.0229263 0.018134
          0.0140488 0.0106465 0.00788127 0.00569023 0.00399892 0.00272842 0.0018015 0.00114677 0.000700949 0.00040978 0.000228209 0.000120583
          6.02252e-05 2.8338e-05 1.25252e-05 5.19138e-06 2.01524e-06 7.31704e-07 2.48211e-07 7.86086e-08 2.32374e-08 6.41296e-09 1.65277e-09 3.98126e-10
          8.9805e-11 1.89846e-11 3.76282e-12 6.99673e-13 1.22152e-13 2.00426e-14 3.09436e-15 4.50102e-16 6.1763e-17 8.00444e-18 9.80646e-19 1.13893e-19
          1.25613e-20 1.31671e-21 1.3127e-22 1.24565e-23 1.12611e-24 9.70811e-26 7.98865e-27 6.28359e-28 4.73326e-29 3.42058e-30 2.3749e-31 1.58592e-32
          1.01957e-33 6.31625e-35 3.77402e-36 2.18118e-37 1.22125e-38 0 0 0 0 0 0 0
          0 0 0 0 0 0 0 0 0 0 0 0
          0 0 0 0 0 0 0 0 0 0 0 0
          0 -0 -0 -0 0 0 0 0.0777023 0.0741543 0.0680841 0.0607973 0.0531357
          0.0455682 0.0383773 0.0317417 0.025768 0.0205112 0.015989 0.0121903 0.00907796 0.00659354 0.00466272 0.00320283 0.00213049
          0.00136736 0.000843218 0.000497587 0.000279832 0.000149354 7.53528e-05 3.58097e-05 1.59802e-05 6.68225e-06 2.61512e-06 9.56577e-07 3.26664e-07
          1.04063e-07 3.09166e-08 8.56796e-09 2.21574e-09 5.35067e-10 1.20908e-10 2.55896e-11 5.07515e-12 9.43805e-13 1.64715e-13 2.70048e-14 4.16424e-15
          6.04785e-16 8.28337e-17 1.07123e-17 1.3093e-18 1.51666e-19 1.66807e-20 1.74343e-21 1.73286e-22 1.63924e-23 1.47718e-24 1.26931e-25 1.04102e-26
          8.16062e-28 6.12617e-29 4.41198e-30 3.05268e-31 2.0315e-32 1.30153e-33 8.03524e-35 4.78467e-36 2.75583e-37 1.53776e-38 0 0
          0 0 0 0 0 0 0 0 0 0 0 0
          0 0 0 0 0 0 0 0 0 0 0 0
          0 0 0 0 0 0 -0 -0 -0 0 0 0
          0.0814381 0.0776622 0.0716551 0.0645421 0.0569641 0.0493111 0.0418783 0.0348952 0.0285201 0.0228462 0.017917 0.0137393
          0.0102886 0.00751371 0.00534293 0.00369165 0.00247145 0.00159746 0.000992809 0.000590723 0.000335099 0.000180464 9.18805e-05 4.40591e-05
          1.98349e-05 8.36183e-06 3.29692e-06 1.21424e-06 4.17223e-07 1.33638e-07 3.98901e-08 1.10982e-08 2.87938e-09 6.96992e-10 1.57764e-10 3.34282e-11
          6.63406e-12 1.23393e-12 2.15292e-13 3.52733e-14 5.43363e-15 7.88061e-16 1.07757e-16 1.3909e-17 1.69644e-18 1.96048e-19 2.1508e-20 2.24208e-21
          2.22242e-22 2.09644e-23 1.88374e-24 1.61388e-25 1.31965e-26 1.03133e-27 7.7183e-29 5.54138e-30 3.82219e-31 2.53568e-32 1.6195e-33 9.9673e-35
          5.91678e-36 3.39741e-37 1.88998e-38 0 0 0 0 0 0 0 0 0
          0 0 0 0 0 0 0 0 0 0 0 0
          0 0 0 0 0 0 0 0 0 0 0 0
          -0 -0 0 0 0 0.0829664 0.0791458 0.0736052 0.0670817 0.0599464 0.0524858 0.0450089
          0.037811 0.0311213 0.0250878 0.0197902 0.015259 0.0114857 0.00842963 0.00602364 0.00418314 0.00281587 0.00183112 0.00114564
          0.000686551 0.000392402 0.000212988 0.000109312 5.28388e-05 2.3974e-05 1.01809e-05 4.04121e-06 1.49756e-06 5.17451e-07 1.66564e-07 4.9931e-08
          1.39417e-08 3.62777e-09 8.80111e-10 1.99528e-10 4.23225e-11 8.40441e-12 1.56352e-12 2.72745e-13 4.46612e-14 6.87359e-15 9.95712e-16 1.35953e-16
          1.75189e-17 2.13274e-18 2.45955e-19 2.69231e-20 2.80003e-21 2.76876e-22 2.60528e-23 2.33495e-24 1.9952e-25 1.6271e-26 1.26815e-27 9.46461e-29
          6.77639e-30 4.66112e-31 3.08368e-32 1.96406e-33 1.20546e-34 7.13617e-36 4.08637e-37 2.26708e-38 0 0 0 0
          0 0 0 0 0 0 0 0 0 0 0 0
          0 0 0 0 0 0 0 0 0 0 0 0
          0 0 0 0 0 -0 -0 0 0 0 0.0824017 0.0787676
          0.0740884 0.0684973 0.0620891 0.0550553 0.0477168 0.0404349 0.0335202 0.0271889 0.0215669 0.0167136 0.0126401 0.00931813
          0.00668705 0.00466395 0.00315399 0.00206136 0.0012969 0.000781923 0.000449783 0.000245772 0.00012701 6.18184e-05 2.82378e-05 1.20691e-05
          4.81901e-06 1.79546e-06 6.23437e-07 2.01558e-07 6.06497e-08 1.69883e-08 4.43199e-09 1.0774e-09 2.44602e-10 5.19329e-11 1.03186e-11 1.92e-12
          3.34877e-13 5.4809e-14 8.42888e-15 1.21975e-15 1.66331e-16 2.14021e-17 2.60124e-18 2.99436e-19 3.27135e-20 3.39529e-21 3.35027e-22 3.14557e-23
          2.81285e-24 2.39805e-25 1.95106e-26 1.51704e-27 1.1295e-28 8.06737e-30 5.5357e-31 3.65344e-32 2.32133e-33 1.42131e-34 8.3938e-36 4.79506e-37
          2.65395e-38 0 0 0 0 0 0 0 0 0 0 0
          0 0 0 0 0 0 0 0 0 0 0 0
          0 0 0 0 0 0 0 0 0 0 -0 -0
          -0 0 0 0.0801793 0.0771139 0.073596 0.0690909 0.0635337 0.0570631 0.0499931 0.0427346 0.0356761
          0.0291071 0.0232065 0.0180671 0.0137211 0.0101541 0.00731361 0.00511932 0.00347496 0.00228046 0.00144125 0.000873297 0.000504997
          0.000277472 0.000144213 7.05978e-05 3.24312e-05 1.39374e-05 5.59282e-06 2.09333e-06 7.299e-07 2.36857e-07 7.15015e-08 2.00824e-08 5.25075e-09
          1.27869e-09 2.90654e-10 6.1761e-11 1.22772e-11 2.28481e-12 3.98453e-13 6.51878e-14 1.00184e-14 1.44849e-15 1.9731e-16 2.53564e-17 3.07756e-18
          3.53715e-19 3.8579e-20 3.99708e-21 3.93695e-22 3.6895e-23 3.29292e-24 2.80183e-25 2.27503e-26 1.76536e-27 1.31169e-28 9.34942e-30 6.4022e-31
          4.2166e-32 2.67365e-33 1.63367e-34 9.62824e-36 5.48907e-37 3.03195e-38 0 0 0 0 0 0
          0 0 0 0 0 0 0 0 0 0 0 0
          0 0 0 0 0 0 0 0 0 0 0 0
          0 0 0 0 -0 -0 0 0 0.0769822 0.075181 0.0727825 0.0692345
          0.0644882 0.0586033 0.051861 0.0446947 0.0375554 0.0308025 0.0246688 0.019282 0.0146961 0.0109109 0.00788227 0.00553325
          0.00376701 0.00248 0.00157291 0.000956802 0.000555585 0.000306603 0.00016008 7.87282e-05 3.63317e-05 1.5683e-05 6.31879e-06 2.37385e-06
          8.30521e-07 2.70328e-07 8.1821e-08 2.30318e-08 6.03282e-09 1.47128e-09 3.34763e-10 7.11802e-11 1.4155e-11 2.6346e-12 4.59399e-13 7.5133e-14
          1.15405e-14 1.66733e-15 2.26917e-16 2.91309e-17 3.53161e-18 4.05374e-19 4.41524e-20 4.56793e-21 4.49247e-22 4.20361e-23 3.74583e-24 3.18204e-25
          2.5795e-26 1.99828e-27 1.48225e-28 1.05472e-29 7.21013e-31 4.74066e-32 3.00085e-33 1.8305e-34 1.07702e-35 6.12981e-37 3.38026e-38 0
          0 0 0 0 0 0 0 0 0 0 0 0
          0 0 0 0 0 0 0 0 0 0 0 0
          0 0 0 0 0 0 0 0 0 -0 -0 0
          0 0.0747585 0.0737686 0.0720367 0.0692239 0.0651418 0.0597743 0.053351 0.0463033 0.0391247 0.032233 0.0259107
          0.0203184 0.0155305 0.0115598 0.00837033 0.00588854 0.00401754 0.00265106 0.00168572 0.00102836 0.000598972 0.000331622 0.000173732
          8.57396e-05 3.97046e-05 1.71969e-05 6.9501e-06 2.61844e-06 9.18477e-07 2.99654e-07 9.0881e-08 2.56258e-08 6.72166e-09 1.64111e-09 3.73687e-10
          7.9496e-11 1.58132e-11 2.94346e-12 5.13201e-13 8.39085e-14 1.28827e-14 1.86016e-15 2.5298e-16 3.24503e-17 3.93044e-18 4.50694e-19 4.90351e-20
          5.06732e-21 4.97775e-22 4.65204e-23 4.14027e-24 3.51265e-25 2.84384e-26 2.20017e-27 1.62984e-28 1.1582e-29 7.907e-31 5.19194e-32 3.28216e-33
          1.99946e-34 1.17488e-35 6.67805e-37 3.67782e-38 0 0 0 0 0 0 0 0
          0 0 0 0 0 0 0 0 0 0 0 0
          0 0 0 0 0 0 0 0 0 0 0 0
          0 0 -0 -0 0 0 0.0730635 0.0728066 0.0715274 0.0692127 0.0656102 0.0606382
          0.0544747 0.047536 0.04034 0.0333479 0.0268823 0.0211309 0.0161853 0.0120692 0.00875315 0.00616678 0.00421331 0.0027844
          0.00177345 0.00108389 0.00063261 0.000351009 0.000184311 9.11761e-05 4.23226e-05 1.83736e-05 7.44154e-06 2.80912e-06 9.8715e-07 3.22583e-07
          9.79737e-08 2.76588e-08 7.26198e-09 1.77442e-09 4.04254e-10 8.60275e-11 1.71155e-11 3.18602e-12 5.55441e-13 9.07954e-14 1.39356e-14 2.01132e-15
          2.73395e-16 3.50479e-17 4.24226e-18 4.86091e-19 5.28446e-20 5.45651e-21 5.35551e-22 5.0007e-23 4.44659e-24 3.76909e-25 3.04861e-26 2.35638e-27
          1.7439e-28 1.23807e-29 8.44416e-31 5.53937e-32 3.49846e-33 2.1292e-34 1.24994e-35 7.09802e-37 3.90548e-38 0 0 0
          0 0 0 0 0 0 0 0 0 0 0 0
          0 0 0 0 0 0 0 0 0 0 0 0
          0 0 0 0 0 0 0 0 -0 0 0 0.0723828
          0.0722343 0.071253 0.0692338 0.0659222 0.0611987 0.0552046 0.0483409 0.0411371 0.0340812 0.0275222 0.0216663 0.0166164
          0.0124039 0.00900402 0.00634848 0.00434063 0.00287073 0.00183001 0.00111955 0.00065415 0.000363393 0.000191055 9.46385e-05 4.39893e-05
          1.91228e-05 7.75455e-06 2.93063e-06 1.03093e-06 3.37209e-07 1.025e-07 2.89569e-08 7.60714e-09 1.8596e-09 4.23787e-10 9.02013e-11 1.79477e-11
          3.34097e-12 5.82417e-13 9.51919e-14 1.46074e-14 2.10772e-15 2.86407e-16 3.67025e-17 4.44075e-18 5.08605e-19 5.52658e-20 5.70367e-21 5.5952e-22
          5.22175e-23 4.64062e-24 3.93139e-25 3.17811e-26 2.45507e-27 1.8159e-28 1.28844e-29 8.78264e-31 5.7581e-32 3.63451e-33 2.21075e-34 1.29707e-35
          7.36152e-37 4.04819e-38 0 0 0 0 0 0 0 0 0 0
          0 0 0 0 0 0 0 0 0 0 0 0
          0 0 0 0 0 0 0 0 0 0 0 0
          0 -0 0 0 0.0721844 0.0720596 0.071169 0.0692514 0.0660406 0.0614044 0.0554707 0.0486343
          0.0414279 0.0343491 0.027756 0.0218617 0.0167735 0.0125255 0.00909467 0.00641376 0.00438607 0.00290134 0.00184993 0.00113204
          0.000661659 0.000367691 0.000193389 9.58341e-05 4.45642e-05 1.9381e-05 7.8624e-06 2.97248e-06 1.04601e-06 3.42244e-07 1.04059e-07 2.94038e-08
          7.72596e-09 1.88892e-09 4.30511e-10 9.16378e-11 1.8234e-11 3.39428e-12 5.91695e-13 9.67037e-14 1.48383e-14 2.14084e-15 2.90876e-16 3.72707e-17
          4.50888e-18 5.1633e-19 5.60962e-20 5.7884e-21 5.67734e-22 5.29746e-23 4.70706e-24 3.98693e-25 3.2224e-26 2.48881e-27 1.8405e-28 1.30564e-29
          8.89823e-31 5.83275e-32 3.68093e-33 2.23855e-34 1.31314e-35 7.4513e-37 4.0968e-38 0 0 0 0 0
          0 0 0 0 0 0 0 0 0 0 0 0
          0 0 0 0 0 0 0 0 0 0 0 0
          0 0 0 0 0 0 -0 0 0
        </DataArray>
        <DataArray type="Float32" Name="X^CO2_gas" NumberOfComponents="1" format="ascii">
          0 0 0 0 0 0 0 0 0 0 0 0
          0 0 0 0 0 0 0 0 0 0 0 0
          0 0 0 0 0 0 0 0 0 0 0 0
          0 0 0 0 0 0 0 0 0 0 0 0
          0 0 0 0 0 0 0 0 0 0 0 0
          0 0 0 0 0 0 0 0 0 0 0 0
          0 0 0 0 0 0 0 0 0 0 0 0
          0 0 0 0 0 0 0 0 0 0 0 0
          0 0 0 0 0 0 0 0 0 0 0 0
          0 0 0 0 0 0 0 0 0 0 0 0
          0 0 0 0 0 0 0 0 0 0 0 0
          0 0 0 0 0 0 0 0 0 0 0 0
          0 0 0 0 0 0 0 0 0 0 0 0
          0 0 0 0 0 0 0 0 0 0 0 0
          0 0 0 0 0 0 0 0 0 0 0 0
          0 0 0 0 0 0 0 0 0 0 0 0
          0 0 0 0 0 0 0 0 0 0 0 0
          0 0 0 0 0 0 0 0 0 0 0 0
          0 0 0 0 0 0 0 0 0 0 0 0
          0 0 0 0 0 0 0 0 0 0 0 0
          0 0 0 0 0 0 0 0 0 0 0 0
          0 0 0 0 0 0 0 0 0 0 0 0
          0 0 0 0 0 0 0 0 0 0 0 0
          0 0 0 0 0 0 0 0 0 0 0 0
          0 0 0 0 0 0 0 0 0 0 0 0
          0 0 0 0 0 0 0 0 0 0 0 0
          0 0 0 0 0 0 0 0 0 0 0 0
          0 0 0 0 0 0 0 0 0 0 0 0
          0 0 0 0 0 0 0 0 0 0 0 0
          0 0 0 0 0 0 0 0 0 0 0 0
          0 0 0 0 0 0 0 0 0 0 0 0
          0 0 0 0 0 0 0 0 0 0 0 0
          0 0 0 0 0 0 0 0 0 0 0 0
          0 0 0 0 0 0 0 0 0 0 0 0
          0 0 0 0 0 0 0 0 0 0 0 0
          0 0 0 0 0 0 0 0 0 0 0 0
          0 0 0 0 0 0 0 0 0 0 0 0
          0 0 0 0 0 0 0 0 0 0 0 0
          0 0 0 0 0 0 0 0 0 0 0 0
          0 0 0 0 0 0 0 0 0 0 0 0
          0 0 0 0 0 0 0 0 0 0 0 0
          0 0 0 0 0 0 0 0 0 0 0 0
          0 0 0 0 0 0 0 0 0 0 0 0
          0 0 0 0 0 0 0 0 0 0 0 0
          0 0 0 0 0 0 0 0 0 0 0 0
          0 0 0 0 0 0 0 0 0 0 0 0
          0 0 0 0 0 0 0 0 0 0 0 0
          0 0 0 0 0 0 0 0 0 0 0 0
          0 0 0 0 0 0 0 0 0 0 0 0
          0 0 0 0 0 0 0 0 0 0 0 0
          0 0 0 0 0 0 0 0 0 0 0 0
          0 0 0 0 0 0 0 0 0 0 0 0
          0 0 0 0 0 0 0 0 0 0 0 0
          0 0 0 0 0 0 0 0 0 0 0 0
          0 0 0 0 0 0 0 0 0 0 0 0
          0 0 0 0 0 0 0 0 0 0 0 0
          0 0 0 0 0 0 0 0 0 0 0 0
          0 0 0 0 0 0 0 0 0 0 0 0
          0 0 0 0 0 0 0 0 0 0 0 0
          0 0 0 0 0 0 0 0 0 0 0 0
          0 0 0 0 0 0 0 0 0 0 0 0
          0 0 0 0 0 0 0 0 0 0 0 0
          0 0 0 0 0 0 0 0 0 0 0 0
          0 0 0 0 0 0 0 0 0 0 0 0
          0 0 0 0 0 0 0 0 0 0 0 0
          0 0 0 0 0 0 0 0 0 0 0 0
          0 0 0 0 0 0 0 0 0 0 0 0
          0 0 0 0 0 0 0 0 0 0 0 0
          0 0 0 0 0 0 0 0 0 0 0 0
          0 0 0 0 0 0 0 0 0 0 0 0
          0 0 0 0 0 0 0 0 0 0 0 0
          0 0 0 0 0 0 0 0 0 0 0 0
          0 0 0 0 0 0 0 0 0 0 0 0
          0 0 0 0 0 0 0 0 0 0 0 0
          0 0 0 0 0 0 0 0 0 0 0 0
          0 0 0 0 0 0 0 0 0 0 0 0
          0 0 0 0 0 0 0 0 0 0 0 0
          0 0 0 0 0 0 0 0 0 0 0 0
          0 0 0 0 0 0 0 0 0 0 0 0
          0 0 0 0 0 0 0 0 0 0 0 0
          0 0 0 0 0 0 0 0 0 0 0 0
          0 0 0 0 0 0 0 0 0 0 0 0
          0 0 0 0 0 0 0 0 0 0 0 0
          0 0 0 0 0 0 0 0 0 0 0 0
          0 0 0 0 0 0 0 0 0 0 0 0
          0 0 0 0 0 0 0 0 0 0 0 0
          0 0 0 0 0 0 0 0 0 0 0 0
          0 0 0 0 0 0 0 0 0 0 0 0
          0 0 0 0 0 0 0 0 0 0 0 0
          0 0 0 0 0 0 0 0 0 0 0 0
          0 0 0 0 0 0 0 0 0 0 0 0
          0 0 0 0 0 0 0 0 0 0 0 0
          0 0 0 0 0 0 0 0 0 0 0 0
          0 0 0 0 0 0 0 0 0 0 0 0
          0 0 0 0 0 0 0 0 0 0 0 0
          0 0 0 0 0 0 0 0 0 0 0 0
          0 0 0 0 0 0 0 0 0 0 0 0
          0 0 0 0 0 0 0 0 0 0 0 0
          0 0 0 0 0 0 0 0 0 0 0 0
          0 0 0 0 0 0 0 0 0 0 0 0
          0 0 0 0 0 0 0 0 0 0 0 0
          0 0 0 0 0 0 0 0 0 0 0 0
          0 0 0 0 0 0 0 0 0 0 0 0
          0 0 0 0 0 0 0 0 0 0 0 0
          0 0 0 0 0 0 0 0 0 0 0 0
          0 0 0 0 0 0 0 0 0 0 0 0
          0 0 0 0 0 0 0 0 0 0 0 0
          0 0 0 0 0 0 0 0 0 0 0 0
          0 0 0 0 0 0 0 0 0 0 0 0
          0 0 0 0 0 0 0 0 0 0 0 0
          0 0 0 0 0 0 0 0 0 0 0 0
          0 0 0 0 0 0 0 0 0 0 0 0
          0 0 0 0 0 0 0 0 0 0 0 0
          0 0 0 0 0 0 0 0 0 0 0 0
          0 0 0 0 0 0 0 0 0 0 0 0
          0 0 0 0 0 0 0 0 0 0 0 0
          0 0 0 0 0 0 0 0 0 0 0 0
          0 0 0 0 0 0 0 0 0 0 0 0
          0 0 0 0 0 0 0 0 0 0 0 0
          0 0 0 0 0 0 0 0 0 0 0 0
          0 0 0 0 0 0 0 0 0 0 0 0
          0 0 0 0 0 0 0 0 0 0 0 0
          0 0 0 0 0 0 0 0 0 0 0 0
          0 0 0 0 0 0 0 0 0 0 0 0
          0 0 0 0 0 0 0 0 0 0 0 0
          0 0 0 0 0 0 0 0 0 0 0 0
          0 0 0 0 0 0 0 0 0 0 0 0
          0 0 0 0 0 0 0 0 0 0 0 0
          0 0 0 0 0 0 0 0 0 0 0 0
          0 0 0 0 0 0 0 0 0 0 0 0
          0 0 0 0 0 0 0 0 0 0 0 0
          0 0 0 0 0 0 0 0 0 0 0 0
          0 0 0 0 0 0 0 0 0 0 0 0
          0 0 0 0 0 0 0 0 0 0 0 0
          0 0 0 0 0 0 0 0 0 0 0 0
          0 0 0 0 0 0 0 0 0 0 0 0
          0 0 0 0 0 0 0 0 0 0 0 0
          0 0 0 0 0 0 0 0 0 0 0 0
          0 0 0 0 0 0 0 0 0 0 0 0
          0 0 0 0 0 0 0 0 0 0 0 0
          0 0 0 0 0 0 0 0 0 0 0 0
          0 0 0 0 0 0 0 0 0 0 0 0
          0 0 0 0 0 0 0 0 0 0 0 0
          0 0 0 0 0 0 0 0 0 0 0 0
          0 0 0 0 0 0 0 0 0 0 0 0
          0 0 0 0 0 0 0 0 0 0 0 0
          0 0 0 0 0 0 0 0 0 0 0 0
          0 0 0 0 0 0 0 0 0 0 0 0
          0 0 0 0 0 0 0 0 0 0 0 0
          0 0 0 0 0 0 0 0 0 0 0 0
          0 0 0 0 0 0 0 0 0 0 0 0
          0 0 0 0 0 0 0 0 0 0 0 0
          0 0 0 0 0 0 0 0 0 0 0 0
          0 0 0 0 0 0 0 0 0 0 0 0
          0 0 0 0 0 0 0 0 0 0 0 0
          0 0 0 0 0 0 0 0 0 0 0 0
          0 0 0 0 0 0 0 0 0 0 0 0
          0 0 0 0 0 0 0 0 0 0 0 0
          0 0 0 0 0 0 0 0 0 0 0 0
          0 0 0 0 0 0 0 0 0 0 0 0
          0 0 0 0 0 0 0 0 0 0 0 0
          0 0 0 0 0 0 0 0 0 0 0 0
          0 0 0 0 0 0 0 0 0 0 0 0
          0 0 0 0 0 0 0 0 0 0 0 0
          0 0 0 0 0 0 0 0 0 0 0 0
          0 0 0 0 0 0 0 0 0 0 0 0
          0 0 0 0 0 0 0 0 0 0 0 0
          0 0 0 0 0 0 0 0 0 0 0 0
          0 0 0 0 0 0 0 0 0 0 0 0
          0 0 0 0 0 0 0 0 0 0 0 0
          0 0 0 0 0 0 0 0 0 0 0 0
          0 0 0 0 0 0 0 0 0 0 0 0
          0 0 0 0 0 0 0 0 0 0 0 0
          0 0 0 0 0 0 0 0 0 0 0 0
          0 0 0 0 0 0 0 0 0 0 0 0
          0 0 0 0 0 0 0 0 0 0 0 0
          0 0 0 0 0 0 0 0 0
        </DataArray>
        <DataArray type="Float32" Name="X^N2_gas" NumberOfComponents="1" format="ascii">
          0 0 0 0 0 0 0 0 0 0 0 0
          0 0 0 0 0 0 0 0 0 0 0 0
          0 0 0 0 0 0 0 0 0 0 0 0
          0 0 0 0 0 0 0 0 0 0 0 0
          0 0 0 0 0 0 0 0 0 0 0 0
          0 0 0 0 0 0 0 0 0 0 0 0
          0 0 0 0 0 0 0 0 0 0 0 0
          0 0 0 0 0 0 0 0 0 0 0 0
          0 0 0 0 0 0 0 0 0 0 0 0
          0 0 0 0 0 0 0 0 0 0 0 0
          0 0 0 0 0 0 0 0 0 0 0 0
          0 0 0 0 0 0 0 0 0 0 0 0
          0 0 0 0 0 0 0 0 0 0 0 0
          0 0 0 0 0 0 0 0 0 0 0 0
          0 0 0 0 0 0 0 0 0 0 0 0
          0 0 0 0 0 0 0 0 0 0 0 0
          0 0 0 0 0 0 0 0 0 0 0 0
          0 0 0 0 0 0 0 0 0 0 0 0
          0 0 0 0 0 0 0 0 0 0 0 0
          0 0 0 0 0 0 0 0 0 0 0 0
          0 0 0 0 0 0 0 0 0 0 0 0
          0 0 0 0 0 0 0 0 0 0 0 0
          0 0 0 0 0 0 0 0 0 0 0 0
          0 0 0 0 0 0 0 0 0 0 0 0
          0 0 0 0 0 0 0 0 0 0 0 0
          0 0 0 0 0 0 0 0 0 0 0 0
          0 0 0 0 0 0 0 0 0 0 0 0
          0 0 0 0 0 0 0 0 0 0 0 0
          0 0 0 0 0 0 0 0 0 0 0 0
          0 0 0 0 0 0 0 0 0 0 0 0
          0 0 0 0 0 0 0 0 0 0 0 0
          0 0 0 0 0 0 0 0 0 0 0 0
          0 0 0 0 0 0 0 0 0 0 0 0
          0 0 0 0 0 0 0 0 0 0 0 0
          0 0 0 0 0 0 0 0 0 0 0 0
          0 0 0 0 0 0 0 0 0 0 0 0
          0 0 0 0 0 0 0 0 0 0 0 0
          0 0 0 0 0 0 0 0 0 0 0 0
          0 0 0 0 0 0 0 0 0 0 0 0
          0 0 0 0 0 0 0 0 0 0 0 0
          0 0 0 0 0 0 0 0 0 0 0 0
          0 0 0 0 0 0 0 0 0 0 0 0
          0 0 0 0 0 0 0 0 0 0 0 0
          0 0 0 0 0 0 0 0 0 0 0 0
          0 0 0 0 0 0 0 0 0 0 0 0
          0 0 0 0 0 0 0 0 0 0 0 0
          0 0 0 0 0 0 0 0 0 0 0 0
          0 0 0 0 0 0 0 0 0 0 0 0
          0 0 0 0 0 0 0 0 0 0 0 0
          0 0 0 0 0 0 0 0 0 0 0 0
          0 0 0 0 0 0 0 0 0 0 0 0
          0 0 0 0 0 0 0 0 0 0 0 0
          0 0 0 0 0 0 0 0 0 0 0 0
          0 0 0 0 0 0 0 0 0 0 0 0
          0 0 0 0 0 0 0 0 0 0 0 0
          0 0 0 0 0 0 0 0 0 0 0 0
          0 0 0 0 0 0 0 0 0 0 0 0
          0 0 0 0 0 0 0 0 0 0 0 0
          0 0 0 0 0 0 0 0 0 0 0 0
          0 0 0 0 0 0 0 0 0 0 0 0
          0 0 0 0 0 0 0 0 0 0 0 0
          0 0 0 0 0 0 0 0 0 0 0 0
          0 0 0 0 0 0 0 0 0 0 0 0
          0 0 0 0 0 0 0 0 0 0 0 0
          0 0 0 0 0 0 0 0 0 0 0 0
          0 0 0 0 0 0 0 0 0 0 0 0
          0 0 0 0 0 0 0 0 0 0 0 0
          0 0 0 0 0 0 0 0 0 0 0 0
          0 0 0 0 0 0 0 0 0 0 0 0
          0 0 0 0 0 0 0 0 0 0 0 0
          0 0 0 0 0 0 0 0 0 0 0 0
          0 0 0 0 0 0 0 0 0 0 0 0
          0 0 0 0 0 0 0 0 0 0 0 0
          0 0 0 0 0 0 0 0 0 0 0 0
          0 0 0 0 0 0 0 0 0 0 0 0
          0 0 0 0 0 0 0 0 0 0 0 0
          0 0 0 0 0 0 0 0 0 0 0 0
          0 0 0 0 0 0 0 0 0 0 0 0
          0 0 0 0 0 0 0 0 0 0 0 0
          0 0 0 0 0 0 0 0 0 0 0 0
          0 0 0 0 0 0 0 0 0 0 0 0
          0 0 0 0 0 0 0 0 0 0 0 0
          0 0 0 0 0 0 0 0 0 0 0 0
          0 0 0 0 0 0 0 0 0 0 0 0
          0 0 0 0 0 0 0 0 0 0 0 0
          0 0 0 0 0 0 0 0 0 0 0 0
          0 0 0 0 0 0 0 0 0 0 0 0
          0 0 0 0 0 0 0 0 0 0 0 0
          0 0 0 0 0 0 0 0 0 0 0 0
          0 0 0 0 0 0 0 0 0 0 0 0
          0 0 0 0 0 0 0 0 0 0 0 0
          0 0 0 0 0 0 0 0 0 0 0 0
          0 0 0 0 0 0 0 0 0 0 0 0
          0 0 0 0 0 0 0 0 0 0 0 0
          0 0 0 0 0 0 0 0 0 0 0 0
          0 0 0 0 0 0 0 0 0 0 0 0
          0 0 0 0 0 0 0 0 0 0 0 0
          0 0 0 0 0 0 0 0 0 0 0 0
          0 0 0 0 0 0 0 0 0 0 0 0
          0 0 0 0 0 0 0 0 0 0 0 0
          0 0 0 0 0 0 0 0 0 0 0 0
          0 0 0 0 0 0 0 0 0 0 0 0
          0 0 0 0 0 0 0 0 0 0 0 0
          0 0 0 0 0 0 0 0 0 0 0 0
          0 0 0 0 0 0 0 0 0 0 0 0
          0 0 0 0 0 0 0 0 0 0 0 0
          0 0 0 0 0 0 0 0 0 0 0 0
          0 0 0 0 0 0 0 0 0 0 0 0
          0 0 0 0 0 0 0 0 0 0 0 0
          0 0 0 0 0 0 0 0 0 0 0 0
          0 0 0 0 0 0 0 0 0 0 0 0
          0 0 0 0 0 0 0 0 0 0 0 0
          0 0 0 0 0 0 0 0 0 0 0 0
          0 0 0 0 0 0 0 0 0 0 0 0
          0 0 0 0 0 0 0 0 0 0 0 0
          0 0 0 0 0 0 0 0 0 0 0 0
          0 0 0 0 0 0 0 0 0 0 0 0
          0 0 0 0 0 0 0 0 0 0 0 0
          0 0 0 0 0 0 0 0 0 0 0 0
          0 0 0 0 0 0 0 0 0 0 0 0
          0 0 0 0 0 0 0 0 0 0 0 0
          0 0 0 0 0 0 0 0 0 0 0 0
          0 0 0 0 0 0 0 0 0 0 0 0
          0 0 0 0 0 0 0 0 0 0 0 0
          0 0 0 0 0 0 0 0 0 0 0 0
          0 0 0 0 0 0 0 0 0 0 0 0
          0 0 0 0 0 0 0 0 0 0 0 0
          0 0 0 0 0 0 0 0 0 0 0 0
          0 0 0 0 0 0 0 0 0 0 0 0
          0 0 0 0 0 0 0 0 0 0 0 0
          0 0 0 0 0 0 0 0 0 0 0 0
          0 0 0 0 0 0 0 0 0 0 0 0
          0 0 0 0 0 0 0 0 0 0 0 0
          0 0 0 0 0 0 0 0 0 0 0 0
          0 0 0 0 0 0 0 0 0 0 0 0
          0 0 0 0 0 0 0 0 0 0 0 0
          0 0 0 0 0 0 0 0 0 0 0 0
          0 0 0 0 0 0 0 0 0 0 0 0
          0 0 0 0 0 0 0 0 0 0 0 0
          0 0 0 0 0 0 0 0 0 0 0 0
          0 0 0 0 0 0 0 0 0 0 0 0
          0 0 0 0 0 0 0 0 0 0 0 0
          0 0 0 0 0 0 0 0 0 0 0 0
          0 0 0 0 0 0 0 0 0 0 0 0
          0 0 0 0 0 0 0 0 0 0 0 0
          0 0 0 0 0 0 0 0 0 0 0 0
          0 0 0 0 0 0 0 0 0 0 0 0
          0 0 0 0 0 0 0 0 0 0 0 0
          0 0 0 0 0 0 0 0 0 0 0 0
          0 0 0 0 0 0 0 0 0 0 0 0
          0 0 0 0 0 0 0 0 0 0 0 0
          0 0 0 0 0 0 0 0 0 0 0 0
          0 0 0 0 0 0 0 0 0 0 0 0
          0 0 0 0 0 0 0 0 0 0 0 0
          0 0 0 0 0 0 0 0 0 0 0 0
          0 0 0 0 0 0 0 0 0 0 0 0
          0 0 0 0 0 0 0 0 0 0 0 0
          0 0 0 0 0 0 0 0 0 0 0 0
          0 0 0 0 0 0 0 0 0 0 0 0
          0 0 0 0 0 0 0 0 0 0 0 0
          0 0 0 0 0 0 0 0 0 0 0 0
          0 0 0 0 0 0 0 0 0 0 0 0
          0 0 0 0 0 0 0 0 0 0 0 0
          0 0 0 0 0 0 0 0 0 0 0 0
          0 0 0 0 0 0 0 0 0 0 0 0
          0 0 0 0 0 0 0 0 0 0 0 0
          0 0 0 0 0 0 0 0 0 0 0 0
          0 0 0 0 0 0 0 0 0 0 0 0
          0 0 0 0 0 0 0 0 0 0 0 0
          0 0 0 0 0 0 0 0 0 0 0 0
          0 0 0 0 0 0 0 0 0 0 0 0
          0 0 0 0 0 0 0 0 0 0 0 0
          0 0 0 0 0 0 0 0 0 0 0 0
          0 0 0 0 0 0 0 0 0 0 0 0
          0 0 0 0 0 0 0 0 0 0 0 0
          0 0 0 0 0 0 0 0 0 0 0 0
          0 0 0 0 0 0 0 0 0
        </DataArray>
        <DataArray type="Float32" Name="velocity_gas (m/s)" NumberOfComponents="3" format="ascii">
          -4.14793e-07 2.48363e-07 0 -8.14106e-07 2.4889e-07 0 -4.20991e-07 5.00557e-07 0 -8.18874e-07 4.98251e-07 0
          -1.58927e-06 2.40385e-07 0 -1.59423e-06 4.81516e-07 0 -2.30841e-06 2.27183e-07 0 -2.31797e-06 4.556e-07 0
          -2.95694e-06 2.11297e-07 0 -2.97255e-06 4.23985e-07 0 -3.52591e-06 1.93679e-07 0 -3.54726e-06 3.88712e-07 0
          -4.01047e-06 1.75157e-07 0 -4.03649e-06 3.51512e-07 0 -4.40962e-06 1.56458e-07 0 -4.43892e-06 3.13898e-07 0
          -4.72565e-06 1.38191e-07 0 -4.75681e-06 2.77135e-07 0 -4.96352e-06 1.20836e-07 0 -4.99526e-06 2.42204e-07 0
          -5.1301e-06 1.04729e-07 0 -5.16134e-06 2.09797e-07 0 -5.23338e-06 9.00796e-08 0 -5.26331e-06 1.80336e-07 0
          -5.28189e-06 7.69802e-08 0 -5.3099e-06 1.54007e-07 0 -5.28409e-06 6.54337e-08 0 -5.30979e-06 1.30816e-07 0
          -5.24802e-06 5.53762e-08 0 -5.27121e-06 1.10631e-07 0 -5.18104e-06 4.67006e-08 0 -5.20165e-06 9.32337e-08 0
          -5.0897e-06 3.92754e-08 0 -5.10777e-06 7.83574e-08 0 -4.97965e-06 3.29594e-08 0 -4.99531e-06 6.57155e-08 0
          -4.8557e-06 2.76128e-08 0 -4.86913e-06 5.50242e-08 0 -4.72188e-06 2.31035e-08 0 -4.73329e-06 4.60156e-08 0
          -4.58149e-06 1.9311e-08 0 -4.59111e-06 3.8446e-08 0 -4.43722e-06 1.61285e-08 0 -4.44527e-06 3.20989e-08 0
          -4.29121e-06 1.34625e-08 0 -4.29791e-06 2.67856e-08 0 -4.14517e-06 1.12322e-08 0 -4.15073e-06 2.23434e-08 0
          -4.00043e-06 9.36862e-09 0 -4.00501e-06 1.86333e-08 0 -3.85802e-06 7.81281e-09 0 -3.86178e-06 1.5537e-08 0
          -3.71869e-06 6.51486e-09 0 -3.72177e-06 1.29546e-08 0 -3.58302e-06 5.43258e-09 0 -3.58552e-06 1.08018e-08 0
          -3.4514e-06 4.53044e-09 0 -3.45343e-06 9.00753e-09 0 -3.32409e-06 3.77859e-09 0 -3.32572e-06 7.5124e-09 0
          -3.20124e-06 3.15203e-09 0 -3.20255e-06 6.26654e-09 0 -3.08294e-06 2.62985e-09 0 -3.08398e-06 5.22832e-09 0
          -2.9692e-06 2.19462e-09 0 -2.97001e-06 4.36301e-09 0 -2.85997e-06 1.83178e-09 0 -2.8606e-06 3.64167e-09 0
          -2.75517e-06 1.52923e-09 0 -2.75565e-06 3.0402e-09 0 -2.65471e-06 1.27688e-09 0 -2.65507e-06 2.53855e-09 0
          -2.55846e-06 1.06635e-09 0 -2.55871e-06 2.12004e-09 0 -2.46628e-06 8.90658e-10 0 -2.46645e-06 1.77078e-09 0
          -2.37804e-06 7.43992e-10 0 -2.37814e-06 1.47923e-09 0 -2.29356e-06 6.21524e-10 0 -2.29361e-06 1.23578e-09 0
          -2.21272e-06 5.19234e-10 0 -2.21272e-06 1.03244e-09 0 -2.13535e-06 4.33773e-10 0 -2.13531e-06 8.6256e-10 0
          -2.0613e-06 3.62355e-10 0 -2.06124e-06 7.20593e-10 0 -1.99043e-06 3.02659e-10 0 -1.99034e-06 6.01923e-10 0
          -1.9226e-06 2.52748e-10 0 -1.92249e-06 5.02707e-10 0 -1.85767e-06 2.11011e-10 0 -1.85754e-06 4.19737e-10 0
          -1.7955e-06 1.76102e-10 0 -1.79537e-06 3.50341e-10 0 -1.73597e-06 1.469e-10 0 -1.73583e-06 2.92287e-10 0
          -1.67896e-06 1.22468e-10 0 -1.67881e-06 2.43714e-10 0 -1.62435e-06 1.02023e-10 0 -1.6242e-06 2.03069e-10 0
          -1.57203e-06 8.49145e-11 0 -1.57188e-06 1.69054e-10 0 -1.5219e-06 7.05953e-11 0 -1.52175e-06 1.40583e-10 0
          -1.47386e-06 5.86099e-11 0 -1.47371e-06 1.16752e-10 0 -1.42781e-06 4.8577e-11 0 -1.42766e-06 9.68018e-11 0
          -1.38367e-06 4.01775e-11 0 -1.38352e-06 8.00984e-11 0 -1.34134e-06 3.31445e-11 0 -1.34119e-06 6.61114e-11 0
          -1.30075e-06 2.72545e-11 0 -1.3006e-06 5.43964e-11 0 -1.26182e-06 2.23201e-11 0 -1.26168e-06 4.45809e-11 0
          -1.22448e-06 1.81842e-11 0 -1.22434e-06 3.63527e-11 0 -1.18866e-06 1.47149e-11 0 -1.18852e-06 2.94496e-11 0
          -1.15429e-06 1.18013e-11 0 -1.15415e-06 2.36512e-11 0 -1.12132e-06 9.34998e-12 0 -1.12118e-06 1.87719e-11 0
          -1.08967e-06 7.28223e-12 0 -1.08954e-06 1.4655e-11 0 -1.05931e-06 5.53129e-12 0 -1.05918e-06 1.11681e-11 0
          -1.03017e-06 4.04047e-12 0 -1.03004e-06 8.19827e-12 0 -1.0022e-06 2.76125e-12 0 -1.00208e-06 5.64923e-12 0
          -9.75366e-07 1.6519e-12 0 -9.75245e-07 3.43795e-12 0 -9.49608e-07 6.76056e-13 0 -9.49491e-07 1.4922e-12 0
          -9.24889e-07 -1.98295e-13 0 -9.24775e-07 -2.51659e-13 0 -9.01168e-07 -9.99849e-13 0 -9.01056e-07 -1.85067e-12 0
          -8.78404e-07 -1.75482e-12 0 -8.78295e-07 -3.35693e-12 0 -8.5656e-07 -2.48781e-12 0 -8.56454e-07 -4.81931e-12 0
          -8.35602e-07 -3.22252e-12 0 -8.35499e-07 -6.28491e-12 0 -8.15496e-07 -3.9825e-12 0 -8.15395e-07 -7.80048e-12 0
          -7.96208e-07 -4.79186e-12 0 -7.9611e-07 -9.41395e-12 0 -7.77708e-07 -5.6761e-12 0 -7.77613e-07 -1.11759e-11 0
          -7.59967e-07 -6.66292e-12 0 -7.59874e-07 -1.31413e-11 0 -7.42956e-07 -7.7832e-12 0 -7.42866e-07 -1.53714e-11 0
          -7.26647e-07 -9.07213e-12 0 -7.2656e-07 -1.79359e-11 0 -7.11015e-07 -1.05706e-11 0 -7.1093e-07 -2.09159e-11 0
          -6.96035e-07 -1.23268e-11 0 -6.95952e-07 -2.44068e-11 0 -6.81681e-07 -1.43987e-11 0 -6.81601e-07 -2.85231e-11 0
          -6.67929e-07 -1.68565e-11 0 -6.67853e-07 -3.34034e-11 0 -6.54758e-07 -1.97865e-11 0 -6.54685e-07 -3.92185e-11 0
          -6.42143e-07 -2.32967e-11 0 -6.42073e-07 -4.61804e-11 0 -6.30061e-07 -2.75231e-11 0 -6.29996e-07 -5.45572e-11 0
          -6.18491e-07 -3.26406e-11 0 -6.1843e-07 -6.46919e-11 0 -6.07408e-07 -3.88773e-11 0 -6.07352e-07 -7.70309e-11 0
          -5.96789e-07 -4.6537e-11 0 -5.96739e-07 -9.21666e-11 0 -5.86607e-07 -5.60327e-11 0 -5.86565e-07 -1.10902e-10 0
          -5.76835e-07 -6.79419e-11 0 -5.76802e-07 -1.34353e-10 0 -5.67439e-07 -8.30971e-11 0 -5.67419e-07 -1.64117e-10 0
          -5.58383e-07 -1.02745e-10 0 -5.5838e-07 -2.02567e-10 0 -5.49619e-07 -1.28844e-10 0 -5.49639e-07 -2.53382e-10 0
          -5.41082e-07 -1.64656e-10 0 -5.41139e-07 -3.22588e-10 0 -5.32678e-07 -2.16058e-10 0 -5.32794e-07 -4.20759e-10 0
          -5.24257e-07 -2.94843e-10 0 -5.24482e-07 -5.68261e-10 0 -5.1554e-07 -4.28777e-10 0 -5.15992e-07 -8.0969e-10 0
          -5.05875e-07 -7.02638e-10 0 -5.06951e-07 -1.26371e-09 0 -4.9242e-07 -1.69372e-09 0 -4.97301e-07 -2.38039e-09 0
          -4.84151e-07 -4.27505e-09 0 -4.92369e-07 -4.38541e-09 0 -4.34747e-07 1.01302e-06 0 -8.44774e-07 1.00465e-06 0
          -1.64444e-06 9.71557e-07 0 -2.39183e-06 9.19971e-07 0 -3.06733e-06 8.56103e-07 0 -3.6582e-06 7.84414e-07 0
          -4.15797e-06 7.08652e-07 0 -4.56539e-06 6.32043e-07 0 -4.88338e-06 5.57242e-07 0 -5.11796e-06 4.86287e-07 0
          -5.27724e-06 4.20588e-07 0 -5.37043e-06 3.60981e-07 0 -5.40714e-06 3.07823e-07 0 -5.39672e-06 2.61093e-07 0
          -5.3479e-06 2.20502e-07 0 -5.26856e-06 1.85586e-07 0 -5.16557e-06 1.55787e-07 0 -5.04482e-06 1.30511e-07 0
          -4.91125e-06 1.09173e-07 0 -4.76891e-06 9.12229e-08 0 -4.62107e-06 7.61631e-08 0 -4.47037e-06 6.35525e-08 0
          -4.31886e-06 5.30079e-08 0 -4.16815e-06 4.42005e-08 0 -4.01948e-06 3.68502e-08 0 -3.87376e-06 3.07198e-08 0
          -3.73167e-06 2.56093e-08 0 -3.5937e-06 2.13506e-08 0 -3.46015e-06 1.78023e-08 0 -3.33125e-06 1.48461e-08 0
          -3.20708e-06 1.23833e-08 0 -3.08768e-06 1.03312e-08 0 -2.97303e-06 8.62111e-09 0 -2.86304e-06 7.19566e-09 0
          -2.75763e-06 6.00716e-09 0 -2.65665e-06 5.01596e-09 0 -2.55998e-06 4.18906e-09 0 -2.46745e-06 3.49902e-09 0
          -2.37891e-06 2.923e-09 0 -2.2942e-06 2.44204e-09 0 -2.21316e-06 2.04032e-09 0 -2.13563e-06 1.70469e-09 0
          -2.06146e-06 1.42422e-09 0 -1.99048e-06 1.18977e-09 0 -1.92256e-06 9.93753e-10 0 -1.85756e-06 8.29832e-10 0
          -1.79533e-06 6.92724e-10 0 -1.73576e-06 5.78024e-10 0 -1.67872e-06 4.82055e-10 0 -1.62408e-06 4.01746e-10 0
          -1.57174e-06 3.34533e-10 0 -1.5216e-06 2.78275e-10 0 -1.47355e-06 2.31181e-10 0 -1.42749e-06 1.91754e-10 0
          -1.38334e-06 1.58741e-10 0 -1.34101e-06 1.31094e-10 0 -1.30042e-06 1.07936e-10 0 -1.26149e-06 8.85304e-11 0
          -1.22416e-06 7.22606e-11 0 -1.18834e-06 5.86087e-11 0 -1.15397e-06 4.71393e-11 0 -1.121e-06 3.74858e-11 0
          -1.08937e-06 2.93388e-11 0 -1.05901e-06 2.24363e-11 0 -1.02987e-06 1.65557e-11 0 -1.00192e-06 1.15067e-11 0
          -9.75084e-07 7.12513e-12 0 -9.49333e-07 3.26847e-12 0 -9.2462e-07 -1.89006e-13 0 -9.00905e-07 -3.35994e-12 0
          -8.78147e-07 -6.34725e-12 0 -8.56311e-07 -9.24737e-12 0 -8.35359e-07 -1.21533e-11 0 -8.15259e-07 -1.51571e-11 0
          -7.95978e-07 -1.83535e-11 0 -7.77485e-07 -2.1842e-11 0 -7.5975e-07 -2.57308e-11 0 -7.42746e-07 -3.01405e-11 0
          -7.26445e-07 -3.5208e-11 0 -7.1082e-07 -4.10922e-11 0 -6.95847e-07 -4.79803e-11 0 -6.81502e-07 -5.6096e-11 0
          -6.6776e-07 -6.57102e-11 0 -6.54598e-07 -7.71547e-11 0 -6.41994e-07 -9.08417e-11 0 -6.29926e-07 -1.07289e-10 0
          -6.18371e-07 -1.27159e-10 0 -6.07306e-07 -1.51305e-10 0 -5.96709e-07 -1.80856e-10 0 -5.86555e-07 -2.17329e-10 0
          -5.76817e-07 -2.6281e-10 0 -5.67469e-07 -3.20249e-10 0 -5.58476e-07 -3.93951e-10 0 -5.49802e-07 -4.90437e-10 0
          -5.41401e-07 -6.20043e-10 0 -5.33215e-07 -8.00063e-10 0 -5.25176e-07 -1.06138e-09 0 -5.17216e-07 -1.46351e-09 0
          -5.09374e-07 -2.12889e-09 0 -5.02187e-07 -3.26065e-09 0 -4.98874e-07 -4.45107e-09 0 -4.64367e-07 1.55079e-06 0
          -9.01953e-07 1.53554e-06 0 -1.75359e-06 1.48507e-06 0 -2.54591e-06 1.40607e-06 0 -3.25755e-06 1.30718e-06 0
          -3.87413e-06 1.19568e-06 0 -4.38876e-06 1.07781e-06 0 -4.80093e-06 9.58848e-07 0 -5.11512e-06 8.43074e-07 0
          -5.33931e-06 7.3368e-07 0 -5.48357e-06 6.32809e-07 0 -5.55895e-06 5.41674e-07 0 -5.57651e-06 4.60726e-07 0
          -5.54675e-06 3.8984e-07 0 -5.47923e-06 3.2849e-07 0 -5.38235e-06 2.759e-07 0 -5.26334e-06 2.31161e-07 0
          -5.12822e-06 1.93329e-07 0 -4.98195e-06 1.61482e-07 0 -4.82854e-06 1.3476e-07 0 -4.67117e-06 1.12393e-07 0
          -4.5123e-06 9.37014e-08 0 -4.35387e-06 7.80987e-08 0 -4.19732e-06 6.50851e-08 0 -4.04373e-06 5.4237e-08 0
          -3.8939e-06 4.51979e-08 0 -3.74837e-06 3.76683e-08 0 -3.60752e-06 3.13972e-08 0 -3.47159e-06 2.61746e-08 0
          -3.34069e-06 2.18253e-08 0 -3.21487e-06 1.82028e-08 0 -3.0941e-06 1.51852e-08 0 -2.97831e-06 1.26709e-08 0
          -2.86738e-06 1.05754e-08 0 -2.76117e-06 8.82846e-09 0 -2.65955e-06 7.37165e-09 0 -2.56233e-06 6.1564e-09 0
          -2.46936e-06 5.14234e-09 0 -2.38045e-06 4.29588e-09 0 -2.29543e-06 3.58912e-09 0 -2.21414e-06 2.99882e-09 0
          -2.1364e-06 2.50566e-09 0 -2.06205e-06 2.09353e-09 0 -1.99093e-06 1.74904e-09 0 -1.92289e-06 1.46101e-09 0
          -1.85779e-06 1.22015e-09 0 -1.79549e-06 1.01868e-09 0 -1.73585e-06 8.50133e-10 0 -1.67875e-06 7.09108e-10 0
          -1.62407e-06 5.91092e-10 0 -1.5717e-06 4.92319e-10 0 -1.52152e-06 4.0964e-10 0 -1.47345e-06 3.40425e-10 0
          -1.42738e-06 2.82475e-10 0 -1.38321e-06 2.33949e-10 0 -1.34087e-06 1.93307e-10 0 -1.30027e-06 1.5926e-10 0
          -1.26134e-06 1.30727e-10 0 -1.224e-06 1.06802e-10 0 -1.18818e-06 8.67225e-11 0 -1.15381e-06 6.98503e-11 0
          -1.12084e-06 5.56465e-11 0 -1.0892e-06 4.36564e-11 0 -1.05885e-06 3.34952e-11 0 -1.02971e-06 2.48358e-11 0
          -1.00176e-06 1.73985e-11 0 -9.74928e-07 1.09424e-11 0 -9.4918e-07 5.25808e-12 0 -9.2447e-07 1.60801e-13 0
          -9.00758e-07 -4.51482e-12 0 -8.78004e-07 -8.91987e-12 0 -8.56171e-07 -1.31959e-11 0 -8.35224e-07 -1.74792e-11 0
          -8.15128e-07 -2.1905e-11 0 -7.95851e-07 -2.66116e-11 0 -7.77362e-07 -3.17449e-11 0 -7.59632e-07 -3.74629e-11 0
          -7.42633e-07 -4.39413e-11 0 -7.26337e-07 -5.13797e-11 0 -7.10719e-07 -6.00089e-11 0 -6.95753e-07 -7.01002e-11 0
          -6.81415e-07 -8.19768e-11 0 -6.67681e-07 -9.60289e-11 0 -6.5453e-07 -1.12733e-10 0 -6.41937e-07 -1.32677e-10 0
          -6.29882e-07 -1.56596e-10 0 -6.18343e-07 -1.85423e-10 0 -6.07298e-07 -2.20353e-10 0 -5.96725e-07 -2.62948e-10 0
          -5.86601e-07 -3.15278e-10 0 -5.76903e-07 -3.80149e-10 0 -5.67606e-07 -4.61443e-10 0 -5.58683e-07 -5.64673e-10 0
          -5.50106e-07 -6.97888e-10 0 -5.41846e-07 -8.73204e-10 0 -5.33874e-07 -1.10943e-09 0 -5.26173e-07 -1.4365e-09 0
          -5.18773e-07 -1.90176e-09 0 -5.11823e-07 -2.57097e-09 0 -5.05683e-07 -3.49099e-09 0 -5.02875e-07 -4.31663e-09 0
          -5.13035e-07 2.13392e-06 0 -9.95485e-07 2.11055e-06 0 -1.93098e-06 2.03929e-06 0 -2.79346e-06 1.92826e-06 0
          -3.55846e-06 1.78873e-06 0 -4.21035e-06 1.63127e-06 0 -4.74273e-06 1.46519e-06 0 -5.15715e-06 1.29835e-06 0
          -5.46112e-06 1.13691e-06 0 -5.66595e-06 9.85322e-07 0 -5.78487e-06 8.46448e-07 0 -5.83164e-06 7.21767e-07 0
          -5.81946e-06 6.11688e-07 0 -5.7604e-06 5.15832e-07 0 -5.66507e-06 4.33303e-07 0 -5.54253e-06 3.62899e-07 0
          -5.40033e-06 3.03277e-07 0 -5.24464e-06 2.53068e-07 0 -5.08036e-06 2.10962e-07 0 -4.91135e-06 1.75756e-07 0
          -4.7406e-06 1.46377e-07 0 -4.57035e-06 1.21891e-07 0 -4.40229e-06 1.01498e-07 0 -4.23764e-06 8.45212e-08 0
          -4.07725e-06 7.0391e-08 0 -3.92173e-06 5.86315e-08 0 -3.77146e-06 4.88454e-08 0 -3.62667e-06 4.07013e-08 0
          -3.48745e-06 3.39232e-08 0 -3.35382e-06 2.82811e-08 0 -3.22573e-06 2.35837e-08 0 -3.10307e-06 1.96719e-08 0
          -2.98571e-06 1.64133e-08 0 -2.87348e-06 1.36981e-08 0 -2.7662e-06 1.14348e-08 0 -2.66368e-06 9.54764e-09 0
          -2.56572e-06 7.97356e-09 0 -2.47212e-06 6.66016e-09 0 -2.3827e-06 5.56391e-09 0 -2.29726e-06 4.64862e-09 0
          -2.21561e-06 3.88418e-09 0 -2.13758e-06 3.24554e-09 0 -2.06299e-06 2.71185e-09 0 -1.99167e-06 2.26575e-09 0
          -1.92346e-06 1.89278e-09 0 -1.85822e-06 1.58087e-09 0 -1.79581e-06 1.31998e-09 0 -1.73607e-06 1.10172e-09 0
          -1.6789e-06 9.19099e-10 0 -1.62416e-06 7.66266e-10 0 -1.57173e-06 6.38349e-10 0 -1.52152e-06 5.31272e-10 0
          -1.47341e-06 4.41629e-10 0 -1.42731e-06 3.6657e-10 0 -1.38312e-06 3.03715e-10 0 -1.34076e-06 2.51068e-10 0
          -1.30015e-06 2.0696e-10 0 -1.26121e-06 1.69992e-10 0 -1.22386e-06 1.3899e-10 0 -1.18803e-06 1.12968e-10 0
          -1.15366e-06 9.1099e-11 0 -1.12069e-06 7.26853e-11 0 -1.08905e-06 5.71383e-11 0 -1.05869e-06 4.39598e-11 0
          -1.02956e-06 3.27263e-11 0 -1.00161e-06 2.30756e-11 0 -9.74778e-07 1.46961e-11 0 -9.49032e-07 7.3164e-12 0
          -9.24325e-07 6.97654e-13 0 -9.00616e-07 -5.3742e-12 0 -8.77865e-07 -1.10946e-11 0 -8.56036e-07 -1.66465e-11 0
          -8.35092e-07 -2.2206e-11 0 -8.15e-07 -2.79476e-11 0 -7.95728e-07 -3.40496e-11 0 -7.77244e-07 -4.06997e-11 0
          -7.5952e-07 -4.8101e-11 0 -7.42527e-07 -5.64788e-11 0 -7.26238e-07 -6.60883e-11 0 -7.10627e-07 -7.72238e-11 0
          -6.95669e-07 -9.02302e-11 0 -6.8134e-07 -1.05517e-10 0 -6.67617e-07 -1.23575e-10 0 -6.54477e-07 -1.45002e-10 0
          -6.419e-07 -1.7053e-10 0 -6.29862e-07 -2.01069e-10 0 -6.18343e-07 -2.37758e-10 0 -6.07323e-07 -2.82047e-10 0
          -5.96781e-07 -3.35797e-10 0 -5.86696e-07 -4.01441e-10 0 -5.77047e-07 -4.82197e-10 0 -5.67814e-07 -5.82405e-10 0
          -5.58976e-07 -7.08003e-10 0 -5.50514e-07 -8.67259e-10 0 -5.42412e-07 -1.07182e-09 0 -5.34664e-07 -1.33815e-09 0
          -5.27285e-07 -1.68893e-09 0 -5.20332e-07 -2.15262e-09 0 -5.13935e-07 -2.75518e-09 0 -5.083e-07 -3.49748e-09 0
          -5.05701e-07 -4.11885e-09 0 -5.8535e-07 2.7868e-06 0 -1.13415e-06 2.75319e-06 0 -2.19297e-06 2.65517e-06 0
          -3.1564e-06 2.50376e-06 0 -3.99488e-06 2.31393e-06 0 -4.69162e-06 2.10057e-06 0 -5.24236e-06 1.87696e-06 0
          -5.65295e-06 1.65409e-06 0 -5.93621e-06 1.44034e-06 0 -6.10877e-06 1.24145e-06 0 -6.18858e-06 1.06085e-06 0
          -6.19318e-06 9.00086e-07 0 -6.13855e-06 7.59265e-07 0 -6.0387e-06 6.37536e-07 0 -5.90542e-06 5.33434e-07 0
          -5.74842e-06 4.45171e-07 0 -5.57553e-06 3.70845e-07 0 -5.39287e-06 3.08578e-07 0 -5.2052e-06 2.56607e-07 0
          -5.01609e-06 2.13337e-07 0 -4.82821e-06 1.77365e-07 0 -4.64346e-06 1.47483e-07 0 -4.46319e-06 1.22665e-07 0
          -4.28828e-06 1.02052e-07 0 -4.11933e-06 8.49276e-08 0 -3.95666e-06 7.06981e-08 0 -3.80044e-06 5.88707e-08 0
          -3.65069e-06 4.90372e-08 0 -3.50736e-06 4.08591e-08 0 -3.37031e-06 3.40557e-08 0 -3.23938e-06 2.83942e-08 0
          -3.11437e-06 2.36812e-08 0 -2.99505e-06 1.97564e-08 0 -2.8812e-06 1.64868e-08 0 -2.77257e-06 1.3762e-08 0
          -2.66892e-06 1.14903e-08 0 -2.57003e-06 9.59567e-09 0 -2.47567e-06 8.01496e-09 0 -2.3856e-06 6.6957e-09 0
          -2.29963e-06 5.59426e-09 0 -2.21754e-06 4.6744e-09 0 -2.13914e-06 3.90594e-09 0 -2.06424e-06 3.26378e-09 0
          -1.99267e-06 2.72702e-09 0 -1.92426e-06 2.27825e-09 0 -1.85884e-06 1.90296e-09 0 -1.79628e-06 1.58905e-09 0
          -1.73643e-06 1.32644e-09 0 -1.67916e-06 1.10669e-09 0 -1.62434e-06 9.22798e-10 0 -1.57185e-06 7.68877e-10 0
          -1.52158e-06 6.4003e-10 0 -1.47342e-06 5.32157e-10 0 -1.42729e-06 4.41831e-10 0 -1.38307e-06 3.66187e-10 0
          -1.34069e-06 3.02825e-10 0 -1.30006e-06 2.49736e-10 0 -1.2611e-06 2.05236e-10 0 -1.22374e-06 1.67915e-10 0
          -1.1879e-06 1.36586e-10 0 -1.15353e-06 1.10253e-10 0 -1.12055e-06 8.80773e-11 0 -1.08891e-06 6.93511e-11 0
          -1.05855e-06 5.34748e-11 0 -1.02942e-06 3.9939e-11 0 -1.00146e-06 2.8308e-11 0 -9.74633e-07 1.8207e-11 0
          -9.48889e-07 9.30971e-12 0 -9.24184e-07 1.32885e-12 0 -9.00477e-07 -5.99288e-12 0 -8.7773e-07 -1.28903e-11 0
          -8.55904e-07 -1.95831e-11 0 -8.34964e-07 -2.62825e-11 0 -8.14877e-07 -3.31975e-11 0 -7.95609e-07 -4.05416e-11 0
          -7.77131e-07 -4.8539e-11 0 -7.59413e-07 -5.74315e-11 0 -7.42426e-07 -6.7487e-11 0 -7.26144e-07 -7.90079e-11 0
          -7.10542e-07 -9.23416e-11 0 -6.95593e-07 -1.07894e-10 0 -6.81275e-07 -1.26143e-10 0 -6.67565e-07 -1.47661e-10 0
          -6.5444e-07 -1.73138e-10 0 -6.41879e-07 -2.03414e-10 0 -6.29861e-07 -2.39522e-10 0 -6.18367e-07 -2.82741e-10 0
          -6.07376e-07 -3.34675e-10 0 -5.9687e-07 -3.97352e-10 0 -5.86829e-07 -4.73364e-10 0 -5.77236e-07 -5.66057e-10 0
          -5.68074e-07 -6.79789e-10 0 -5.59327e-07 -8.20281e-10 0 -5.50985e-07 -9.95064e-10 0 -5.4304e-07 -1.21397e-09 0
          -5.35499e-07 -1.4895e-09 0 -5.28387e-07 -1.83637e-09 0 -5.21759e-07 -2.26896e-09 0 -5.15705e-07 -2.79453e-09 0
          -5.10341e-07 -3.40278e-09 0 -5.07846e-07 -3.89367e-09 0 -6.89536e-07 3.5411e-06 0 -1.33328e-06 3.49382e-06 0
          -2.56717e-06 3.35949e-06 0 -3.67023e-06 3.15412e-06 0 -4.60529e-06 2.89864e-06 0 -5.35513e-06 2.61413e-06 0
          -5.92044e-06 2.31925e-06 0 -6.31512e-06 2.02895e-06 0 -6.56084e-06 1.754e-06 0 -6.68242e-06 1.50129e-06 0
          -6.70448e-06 1.27447e-06 0 -6.6495e-06 1.0747e-06 0 -6.53689e-06 9.01443e-07 0 -6.38276e-06 7.53006e-07 0
          -6.20007e-06 6.27089e-07 0 -5.99902e-06 5.21114e-07 0 -5.78743e-06 4.32467e-07 0 -5.57123e-06 3.58654e-07 0
          -5.35476e-06 2.97387e-07 0 -5.14112e-06 2.46631e-07 0 -4.93248e-06 2.04622e-07 0 -4.73026e-06 1.69859e-07 0
          -4.53533e-06 1.41082e-07 0 -4.34819e-06 1.17246e-07 0 -4.16904e-06 9.74886e-08 0 -3.99789e-06 8.10996e-08 0
          -3.83462e-06 6.74963e-08 0 -3.67902e-06 5.61986e-08 0 -3.53083e-06 4.68109e-08 0 -3.38976e-06 3.90065e-08 0
          -3.25549e-06 3.25154e-08 0 -3.12771e-06 2.71141e-08 0 -3.00609e-06 2.26177e-08 0 -2.89032e-06 1.88728e-08 0
          -2.78011e-06 1.57525e-08 0 -2.67515e-06 1.31515e-08 0 -2.57517e-06 1.09826e-08 0 -2.47989e-06 9.1732e-09 0
          -2.38907e-06 7.6632e-09 0 -2.30247e-06 6.40259e-09 0 -2.21986e-06 5.34985e-09 0 -2.14103e-06 4.47042e-09 0
          -2.06577e-06 3.73555e-09 0 -1.9939e-06 3.12131e-09 0 -1.92524e-06 2.60777e-09 0 -1.85962e-06 2.17832e-09 0
          -1.79689e-06 1.81911e-09 0 -1.7369e-06 1.51859e-09 0 -1.67951e-06 1.26714e-09 0 -1.62459e-06 1.0567e-09 0
          -1.57202e-06 8.80559e-10 0 -1.52169e-06 7.33109e-10 0 -1.47348e-06 6.09659e-10 0 -1.4273e-06 5.06287e-10 0
          -1.38305e-06 4.19713e-10 0 -1.34064e-06 3.47193e-10 0 -1.29999e-06 2.86427e-10 0 -1.26101e-06 2.3549e-10 0
          -1.22363e-06 1.92766e-10 0 -1.18779e-06 1.56898e-10 0 -1.1534e-06 1.26748e-10 0 -1.12042e-06 1.01354e-10 0
          -1.08877e-06 7.99081e-11 0 -1.05841e-06 6.17232e-11 0 -1.02928e-06 4.62167e-11 0 -1.00132e-06 3.28904e-11 0
          -9.74492e-07 2.13154e-11 0 -9.48749e-07 1.11185e-11 0 -9.24046e-07 1.97131e-12 0 -9.00342e-07 -6.42029e-12 0
          -8.77598e-07 -1.43245e-11 0 -8.55775e-07 -2.19923e-11 0 -8.3484e-07 -2.96644e-11 0 -8.14757e-07 -3.75789e-11 0
          -7.95494e-07 -4.59785e-11 0 -7.77022e-07 -5.51173e-11 0 -7.5931e-07 -6.52693e-11 0 -7.42331e-07 -7.67365e-11 0
          -7.26057e-07 -8.98587e-11 0 -7.10463e-07 -1.05025e-10 0 -6.95525e-07 -1.22687e-10 0 -6.81219e-07 -1.43375e-10 0
          -6.67522e-07 -1.67718e-10 0 -6.54414e-07 -1.9647e-10 0 -6.41872e-07 -2.30539e-10 0 -6.29877e-07 -2.7103e-10 0
          -6.18409e-07 -3.19294e-10 0 -6.07451e-07 -3.76998e-10 0 -5.96983e-07 -4.46209e-10 0 -5.8699e-07 -5.29507e-10 0
          -5.77456e-07 -6.30124e-10 0 -5.68368e-07 -7.5212e-10 0 -5.59713e-07 -9.0058e-10 0 -5.51485e-07 -1.08179e-09 0
          -5.43685e-07 -1.30334e-09 0 -5.36321e-07 -1.57381e-09 0 -5.29419e-07 -1.90177e-09 0 -5.23021e-07 -2.29331e-09 0
          -5.17186e-07 -2.74798e-09 0 -5.11981e-07 -3.25432e-09 0 -5.09543e-07 -3.65429e-09 0 -8.39222e-07 4.44092e-06 0
          -1.61817e-06 4.37438e-06 0 -3.0984e-06 4.18835e-06 0 -4.39103e-06 3.90737e-06 0 -5.44845e-06 3.56226e-06 0
          -6.2554e-06 3.18369e-06 0 -6.8231e-06 2.79789e-06 0 -7.17979e-06 2.42462e-06 0 -7.36146e-06 2.07704e-06 0
          -7.40498e-06 1.76262e-06 0 -7.344e-06 1.48448e-06 0 -7.20711e-06 1.24272e-06 0 -7.01748e-06 1.03548e-06 0
          -6.79323e-06 8.59778e-07 0 -6.54818e-06 7.1213e-07 0 -6.29259e-06 5.8891e-07 0 -6.03392e-06 4.8662e-07 0
          -5.77744e-06 4.02031e-07 0 -5.52679e-06 3.32255e-07 0 -5.28432e-06 2.74775e-07 0 -5.05148e-06 2.27439e-07 0
          -4.82902e-06 1.88438e-07 0 -4.61723e-06 1.56272e-07 0 -4.41607e-06 1.29711e-07 0 -4.22528e-06 1.0775e-07 0
          -4.04447e-06 8.95693e-08 0 -3.87321e-06 7.45022e-08 0 -3.71099e-06 6.20039e-08 0 -3.55731e-06 5.16284e-08 0
          -3.41169e-06 4.3009e-08 0 -3.27366e-06 3.58442e-08 0 -3.14275e-06 2.98849e-08 0 -3.01854e-06 2.49257e-08 0
          -2.90063e-06 2.07966e-08 0 -2.78863e-06 1.73569e-08 0 -2.68219e-06 1.44901e-08 0 -2.58098e-06 1.20999e-08 0
          -2.48468e-06 1.01061e-08 0 -2.39302e-06 8.44238e-09 0 -2.30571e-06 7.05353e-09 0 -2.22252e-06 5.89375e-09 0
          -2.1432e-06 4.92494e-09 0 -2.06753e-06 4.11541e-09 0 -1.99533e-06 3.43879e-09 0 -1.92639e-06 2.8731e-09 0
          -1.86054e-06 2.40004e-09 0 -1.79762e-06 2.00437e-09 0 -1.73747e-06 1.67334e-09 0 -1.67994e-06 1.39636e-09 0
          -1.62492e-06 1.16456e-09 0 -1.57226e-06 9.70538e-10 0 -1.52185e-06 8.08115e-10 0 -1.47358e-06 6.72126e-10 0
          -1.42735e-06 5.58253e-10 0 -1.38306e-06 4.62881e-10 0 -1.34062e-06 3.82989e-10 0 -1.29993e-06 3.16043e-10 0
          -1.26094e-06 2.59923e-10 0 -1.22354e-06 2.12848e-10 0 -1.18768e-06 1.73327e-10 0 -1.15329e-06 1.40102e-10 0
          -1.12029e-06 1.12117e-10 0 -1.08864e-06 8.84792e-11 0 -1.05828e-06 6.84342e-11 0 -1.02914e-06 5.13398e-11 0
          -1.00118e-06 3.66473e-11 0 -9.74356e-07 2.38843e-11 0 -9.48613e-07 1.26403e-11 0 -9.23912e-07 2.55362e-12 0
          -9.0021e-07 -6.69925e-12 0 -8.77468e-07 -1.54133e-11 0 -8.55649e-07 -2.3864e-11 0 -8.34718e-07 -3.23156e-11 0
          -8.1464e-07 -4.10292e-11 0 -7.95383e-07 -5.02699e-11 0 -7.76916e-07 -6.03151e-11 0 -7.59211e-07 -7.14627e-11 0
          -7.42239e-07 -8.40401e-11 0 -7.25974e-07 -9.84143e-11 0 -7.1039e-07 -1.15003e-10 0 -6.95463e-07 -1.3429e-10 0
          -6.8117e-07 -1.56837e-10 0 -6.67488e-07 -1.8331e-10 0 -6.54397e-07 -2.14494e-10 0 -6.41875e-07 -2.5133e-10 0
          -6.29904e-07 -2.94946e-10 0 -6.18465e-07 -3.46706e-10 0 -6.0754e-07 -4.08257e-10 0 -5.97114e-07 -4.81602e-10 0
          -5.87169e-07 -5.69178e-10 0 -5.77695e-07 -6.73942e-10 0 -5.68678e-07 -7.99463e-10 0 -5.6011e-07 -9.49994e-10 0
          -5.51988e-07 -1.13047e-09 0 -5.44312e-07 -1.34634e-09 0 -5.37095e-07 -1.60308e-09 0 -5.30354e-07 -1.90517e-09 0
          -5.2412e-07 -2.25433e-09 0 -5.18432e-07 -2.64732e-09 0 -5.13325e-07 -3.07409e-09 0 -5.10921e-07 -3.40665e-09 0
          -1.05723e-06 5.5512e-06 0 -2.03077e-06 5.45589e-06 0 -3.85978e-06 5.19263e-06 0 -5.40765e-06 4.80089e-06 0
          -6.61376e-06 4.32866e-06 0 -7.47154e-06 3.8219e-06 0 -8.0138e-06 3.31744e-06 0 -8.29396e-06 2.84063e-06 0
          -8.37045e-06 2.40631e-06 0 -8.29718e-06 2.02119e-06 0 -8.11922e-06 1.68649e-06 0 -7.87203e-06 1.40002e-06 0
          -7.58233e-06 1.15777e-06 0 -7.26962e-06 9.54818e-07 0 -6.94779e-06 7.86056e-07 0 -6.62642e-06 6.46529e-07 0
          -6.31193e-06 5.3167e-07 0 -6.00843e-06 4.374e-07 0 -5.71838e-06 3.60169e-07 0 -5.44303e-06 2.96938e-07 0
          -5.18283e-06 2.4515e-07 0 -4.93768e-06 2.02685e-07 0 -4.70709e-06 1.67805e-07 0 -4.49038e-06 1.39101e-07 0
          -4.28674e-06 1.15432e-07 0 -4.09532e-06 9.58794e-08 0 -3.91528e-06 7.97027e-08 0 -3.74581e-06 6.63013e-08 0
          -3.58614e-06 5.51869e-08 0 -3.43556e-06 4.59607e-08 0 -3.29342e-06 3.82958e-08 0 -3.15912e-06 3.19235e-08 0
          -3.0321e-06 2.66225e-08 0 -2.91185e-06 2.22099e-08 0 -2.79791e-06 1.8535e-08 0 -2.68986e-06 1.54727e-08 0
          -2.58732e-06 1.29198e-08 0 -2.48991e-06 1.07905e-08 0 -2.39733e-06 9.01386e-09 0 -2.30926e-06 7.53087e-09 0
          -2.22542e-06 6.29254e-09 0 -2.14557e-06 5.25817e-09 0 -2.06947e-06 4.39388e-09 0 -1.9969e-06 3.67151e-09 0
          -1.92766e-06 3.06759e-09 0 -1.86156e-06 2.56258e-09 0 -1.79843e-06 2.14017e-09 0 -1.7381e-06 1.78679e-09 0
          -1.68044e-06 1.4911e-09 0 -1.62529e-06 1.24364e-09 0 -1.57253e-06 1.03651e-09 0 -1.52204e-06 8.63119e-10 0
          -1.47371e-06 7.17943e-10 0 -1.42742e-06 5.96374e-10 0 -1.38309e-06 4.94556e-10 0 -1.34061e-06 4.09261e-10 0
          -1.2999e-06 3.37787e-10 0 -1.26087e-06 2.77868e-10 0 -1.22346e-06 2.27606e-10 0 -1.18759e-06 1.85405e-10 0
          -1.15318e-06 1.49927e-10 0 -1.12018e-06 1.20042e-10 0 -1.08852e-06 9.47983e-11 0 -1.05815e-06 7.33898e-11 0
          -1.02901e-06 5.51312e-11 0 -1.00105e-06 3.94372e-11 0 -9.74222e-07 2.58036e-11 0 -9.4848e-07 1.37923e-11 0
          -9.2378e-07 3.0178e-12 0 -9.0008e-07 -6.86495e-12 0 -8.77341e-07 -1.61702e-11 0 -8.55525e-07 -2.51913e-11 0
          -8.34598e-07 -3.42092e-11 0 -8.14524e-07 -4.35008e-11 0 -7.95273e-07 -5.33471e-11 0 -7.76813e-07 -6.40412e-11 0
          -7.59114e-07 -7.58967e-11 0 -7.4215e-07 -8.92573e-11 0 -7.25894e-07 -1.04506e-10 0 -7.10321e-07 -1.22078e-10 0
          -6.95406e-07 -1.42472e-10 0 -6.81126e-07 -1.66267e-10 0 -6.6746e-07 -1.94138e-10 0 -6.54387e-07 -2.26879e-10 0
          -6.41886e-07 -2.65429e-10 0 -6.2994e-07 -3.10899e-10 0 -6.1853e-07 -3.6461e-10 0 -6.07639e-07 -4.28132e-10 0
          -5.97253e-07 -5.0333e-10 0 -5.87357e-07 -5.92409e-10 0 -5.77939e-07 -6.9796e-10 0 -5.68989e-07 -8.22986e-10 0
          -5.60502e-07 -9.70879e-10 0 -5.52472e-07 -1.14533e-09 0 -5.44904e-07 -1.35004e-09 0 -5.37803e-07 -1.58828e-09 0
          -5.31186e-07 -1.86202e-09 0 -5.25072e-07 -2.17084e-09 0 -5.19483e-07 -2.51077e-09 0 -5.1444e-07 -2.8736e-09 0
          -5.12057e-07 -3.15378e-09 0 -1.38334e-06 6.97293e-06 0 -2.64323e-06 6.83195e-06 0 -4.97397e-06 6.44701e-06 0
          -6.86328e-06 5.88565e-06 0 -8.23799e-06 5.22672e-06 0 -9.1174e-06 4.54087e-06 0 -9.57793e-06 3.87937e-06 0
          -9.71642e-06 3.27279e-06 0 -9.62524e-06 2.73526e-06 0 -9.3808e-06 2.27002e-06 0 -9.04126e-06 1.87402e-06 0
          -8.64847e-06 1.54108e-06 0 -8.2314e-06 1.26378e-06 0 -7.80947e-06 1.0345e-06 0 -7.39519e-06 8.4602e-07 0
          -6.99632e-06 6.91759e-07 0 -6.61727e-06 5.6591e-07 0 -6.26022e-06 4.63452e-07 0 -5.9259e-06 3.80122e-07 0
          -5.61402e-06 3.12344e-07 0 -5.32374e-06 2.57156e-07 0 -5.05381e-06 2.12134e-07 0 -4.80285e-06 1.75317e-07 0
          -4.56938e-06 1.45127e-07 0 -4.35196e-06 1.20306e-07 0 -4.14919e-06 9.98486e-08 0 -3.9598e-06 8.29525e-08 0
          -3.78263e-06 6.89733e-08 0 -3.6166e-06 5.7391e-08 0 -3.46078e-06 4.77836e-08 0 -3.3143e-06 3.98065e-08 0
          -3.1764e-06 3.31775e-08 0 -3.0464e-06 2.76647e-08 0 -2.92369e-06 2.30771e-08 0 -2.80771e-06 1.92571e-08 0
          -2.69797e-06 1.60745e-08 0 -2.59401e-06 1.34216e-08 0 -2.49544e-06 1.12092e-08 0 -2.40189e-06 9.36335e-09 0
          -2.31301e-06 7.82268e-09 0 -2.2285e-06 6.53627e-09 0 -2.1481e-06 5.46178e-09 0 -2.07153e-06 4.564e-09 0
          -1.99858e-06 3.81367e-09 0 -1.92902e-06 3.18638e-09 0 -1.86265e-06 2.66183e-09 0 -1.7993e-06 2.2231e-09 0
          -1.73879e-06 1.85606e-09 0 -1.68097e-06 1.54895e-09 0 -1.6257e-06 1.29193e-09 0 -1.57284e-06 1.0768e-09 0
          -1.52226e-06 8.96709e-10 0 -1.47386e-06 7.45924e-10 0 -1.42751e-06 6.19658e-10 0 -1.38313e-06 5.13905e-10 0
          -1.34061e-06 4.25313e-10 0 -1.29987e-06 3.51074e-10 0 -1.26082e-06 2.88837e-10 0 -1.22339e-06 2.36629e-10 0
          -1.1875e-06 1.92793e-10 0 -1.15308e-06 1.55939e-10 0 -1.12007e-06 1.24895e-10 0 -1.0884e-06 9.86708e-11 0
          -1.05802e-06 7.643e-11 0 -1.02888e-06 5.74612e-11 0 -1.00092e-06 4.11563e-11 0 -9.7409e-07 2.6992e-11 0
          -9.48348e-07 1.45136e-11 0 -9.23649e-07 3.32084e-12 0 -8.99951e-07 -6.94395e-12 0 -8.77215e-07 -1.66066e-11 0
          -8.55403e-07 -2.59708e-11 0 -8.34479e-07 -3.53272e-11 0 -8.14411e-07 -4.49618e-11 0 -7.95165e-07 -5.51638e-11 0
          -7.76711e-07 -6.62345e-11 0 -7.5902e-07 -7.84951e-11 0 -7.42064e-07 -9.2296e-11 0 -7.25817e-07 -1.08027e-10 0
          -7.10254e-07 -1.26126e-10 0 -6.95351e-07 -1.47095e-10 0 -6.81085e-07 -1.71511e-10 0 -6.67435e-07 -2.00041e-10 0
          -6.5438e-07 -2.33463e-10 0 -6.419e-07 -2.72686e-10 0 -6.29979e-07 -3.1877e-10 0 -6.18597e-07 -3.72957e-10 0
          -6.0774e-07 -4.36694e-10 0 -5.97393e-07 -5.1166e-10 0 -5.87543e-07 -5.99786e-10 0 -5.78179e-07 -7.03268e-10 0
          -5.69291e-07 -8.24541e-10 0 -5.60875e-07 -9.66217e-10 0 -5.52926e-07 -1.13094e-09 0 -5.45446e-07 -1.32113e-09 0
          -5.3844e-07 -1.53853e-09 0 -5.31918e-07 -1.7837e-09 0 -5.25891e-07 -2.05527e-09 0 -5.20373e-07 -2.34939e-09 0
          -5.15373e-07 -2.65949e-09 0 -5.13004e-07 -2.89742e-09 0 -1.89103e-06 8.87281e-06 0 -3.58649e-06 8.65407e-06 0
          -6.6559e-06 8.06555e-06 0 -8.99547e-06 7.23163e-06 0 -1.05326e-05 6.28927e-06 0 -1.13551e-05 5.34883e-06 0
          -1.16267e-05 4.4787e-06 0 -1.15168e-05 3.71065e-06 0 -1.11655e-05 3.05236e-06 0 -1.06757e-05 2.49854e-06 0
          -1.01177e-05 2.03823e-06 0 -9.53684e-06 1.65882e-06 0 -8.96124e-06 1.34803e-06 0 -8.40743e-06 1.09467e-06 0
          -7.8844e-06 8.88911e-07 0 -7.39632e-06 7.22289e-07 0 -6.94433e-06 5.87632e-07 0 -6.52777e-06 4.78927e-07 0
          -6.14491e-06 3.91187e-07 0 -5.79348e-06 3.20309e-07 0 -5.47093e-06 2.62951e-07 0 -5.17467e-06 2.1641e-07 0
          -4.90221e-06 1.78525e-07 0 -4.65115e-06 1.47577e-07 0 -4.41932e-06 1.22209e-07 0 -4.20475e-06 1.0135e-07 0
          -4.00568e-06 8.41522e-08 0 -3.82053e-06 6.99415e-08 0 -3.64794e-06 5.81784e-08 0 -3.4867e-06 4.84276e-08 0
          -3.33575e-06 4.03356e-08 0 -3.19416e-06 3.36136e-08 0 -3.0611e-06 2.80251e-08 0 -2.93586e-06 2.33756e-08 0
          -2.81778e-06 1.95048e-08 0 -2.7063e-06 1.62803e-08 0 -2.6009e-06 1.35927e-08 0 -2.50112e-06 1.13517e-08 0
          -2.40657e-06 9.48205e-09 0 -2.31686e-06 7.92164e-09 0 -2.23167e-06 6.61882e-09 0 -2.1507e-06 5.53066e-09 0
          -2.07366e-06 4.62151e-09 0 -2.0003e-06 3.86168e-09 0 -1.93041e-06 3.22648e-09 0 -1.86378e-06 2.69532e-09 0
          -1.8002e-06 2.25106e-09 0 -1.7395e-06 1.87941e-09 0 -1.68153e-06 1.56844e-09 0 -1.62613e-06 1.3082e-09 0
          -1.57316e-06 1.09037e-09 0 -1.5225e-06 9.08021e-10 0 -1.47402e-06 7.55347e-10 0 -1.42761e-06 6.27498e-10 0
          -1.38318e-06 5.2042e-10 0 -1.34062e-06 4.30717e-10 0 -1.29985e-06 3.55548e-10 0 -1.26077e-06 2.92531e-10 0
          -1.22332e-06 2.39667e-10 0 -1.18741e-06 1.95282e-10 0 -1.15298e-06 1.57966e-10 0 -1.11996e-06 1.26531e-10 0
          -1.08828e-06 9.99775e-11 0 -1.0579e-06 7.74573e-11 0 -1.02875e-06 5.82503e-11 0 -1.00079e-06 4.17409e-11 0
          -9.73959e-07 2.73996e-11 0 -9.48218e-07 1.47662e-11 0 -9.23519e-07 3.43574e-12 0 -8.99823e-07 -6.95344e-12 0
          -8.7709e-07 -1.67306e-11 0 -8.55281e-07 -2.62023e-11 0 -8.34362e-07 -3.56616e-11 0 -8.14298e-07 -4.53962e-11 0
          -7.95057e-07 -5.56967e-11 0 -7.76609e-07 -6.68647e-11 0 -7.58926e-07 -7.92209e-11 0 -7.41978e-07 -9.31136e-11 0
          -7.2574e-07 -1.08928e-10 0 -7.10188e-07 -1.27097e-10 0 -6.95297e-07 -1.48109e-10 0 -6.81045e-07 -1.72526e-10 0
          -6.6741e-07 -2.0099e-10 0 -6.54373e-07 -2.34243e-10 0 -6.41915e-07 -2.73141e-10 0 -6.30017e-07 -3.1867e-10 0
          -6.18664e-07 -3.71965e-10 0 -6.07839e-07 -4.34324e-10 0 -5.97529e-07 -5.07219e-10 0 -5.87722e-07 -5.92295e-10 0
          -5.78406e-07 -6.9136e-10 0 -5.69575e-07 -8.06335e-10 0 -5.6122e-07 -9.39174e-10 0 -5.5334e-07 -1.09171e-09 0
          -5.45933e-07 -1.26542e-09 0 -5.39002e-07 -1.46113e-09 0 -5.32553e-07 -1.67859e-09 0 -5.26592e-07 -1.9161e-09 0
          -5.21124e-07 -2.17025e-09 0 -5.16155e-07 -2.4358e-09 0 -5.13795e-07 -2.63862e-09 0 -2.72717e-06 1.15459e-05 0
          -5.11547e-06 1.11832e-05 0 -9.30398e-06 1.02287e-05 0 -1.22118e-05 8.93314e-06 0 -1.38261e-05 7.54754e-06 0
          -1.441e-05 6.24248e-06 0 -1.42971e-05 5.09825e-06 0 -1.37698e-05 4.13424e-06 0 -1.30269e-05 3.33953e-06 0
          -1.21949e-05 2.69201e-06 0 -1.1349e-05 2.16771e-06 0 -1.05313e-05 1.74473e-06 0 -9.76334e-06 1.4043e-06 0
          -9.0543e-06 1.13083e-06 0 -8.40649e-06 9.11509e-07 0 -7.81827e-06 7.35836e-07 0 -7.28594e-06 5.9523e-07 0
          -6.80488e-06 4.82702e-07 0 -6.37017e-06 3.92581e-07 0 -5.97697e-06 3.20292e-07 0 -5.62072e-06 2.6216e-07 0
          -5.2972e-06 2.15252e-07 0 -5.00262e-06 1.77247e-07 0 -4.73359e-06 1.46323e-07 0 -4.48712e-06 1.21051e-07 0
          -4.26059e-06 1.00319e-07 0 -4.05172e-06 8.3254e-08 0 -3.85854e-06 6.91702e-08 0 -3.67935e-06 5.75218e-08 0
          -3.51267e-06 4.78718e-08 0 -3.35723e-06 3.98667e-08 0 -3.21194e-06 3.3219e-08 0 -3.07582e-06 2.76935e-08 0
          -2.94803e-06 2.30972e-08 0 -2.82785e-06 1.92712e-08 0 -2.71463e-06 1.60844e-08 0 -2.60778e-06 1.34286e-08 0
          -2.50681e-06 1.12142e-08 0 -2.41126e-06 9.36688e-09 0 -2.32072e-06 7.8252e-09 0 -2.23484e-06 6.53807e-09 0
          -2.15329e-06 5.46307e-09 0 -2.07578e-06 4.56493e-09 0 -2.00203e-06 3.81433e-09 0 -1.93181e-06 3.18686e-09 0
          -1.8649e-06 2.66218e-09 0 -1.8011e-06 2.22335e-09 0 -1.74021e-06 1.85625e-09 0 -1.68208e-06 1.54908e-09 0
          -1.62655e-06 1.29203e-09 0 -1.57348e-06 1.07688e-09 0 -1.52273e-06 8.96764e-10 0 -1.47418e-06 7.45966e-10 0
          -1.42771e-06 6.1969e-10 0 -1.38323e-06 5.13929e-10 0 -1.34063e-06 4.25331e-10 0 -1.29983e-06 3.51089e-10 0
          -1.26072e-06 2.88849e-10 0 -1.22325e-06 2.36638e-10 0 -1.18732e-06 1.92802e-10 0 -1.15288e-06 1.55947e-10 0
          -1.11985e-06 1.24902e-10 0 -1.08816e-06 9.86783e-11 0 -1.05778e-06 7.64386e-11 0 -1.02863e-06 5.74715e-11 0
          -1.00066e-06 4.11694e-11 0 -9.73829e-07 2.70092e-11 0 -9.48087e-07 1.45367e-11 0 -9.2339e-07 3.35238e-12 0
          -8.99695e-07 -6.90069e-12 0 -8.76964e-07 -1.6547e-11 0 -8.55159e-07 -2.58885e-11 0 -8.34244e-07 -3.52134e-11 0
          -8.14185e-07 -4.48041e-11 0 -7.9495e-07 -5.49455e-11 0 -7.76508e-07 -6.59321e-11 0 -7.58831e-07 -7.8076e-11 0
          -7.41892e-07 -9.17154e-11 0 -7.25664e-07 -1.07222e-10 0 -7.10121e-07 -1.25011e-10 0 -6.95242e-07 -1.4555e-10 0
          -6.81004e-07 -1.6937e-10 0 -6.67385e-07 -1.97075e-10 0 -6.54365e-07 -2.29356e-10 0 -6.41927e-07 -2.66998e-10 0
          -6.30052e-07 -3.10898e-10 0 -6.18725e-07 -3.62069e-10 0 -6.07931e-07 -4.21647e-10 0 -5.97655e-07 -4.90892e-10 0
          -5.87887e-07 -5.71174e-10 0 -5.78615e-07 -6.63948e-10 0 -5.69832e-07 -7.70695e-10 0 -5.61531e-07 -8.92838e-10 0
          -5.53708e-07 -1.0316e-09 0 -5.46362e-07 -1.18784e-09 0 -5.39491e-07 -1.36179e-09 0 -5.33099e-07 -1.55283e-09 0
          -5.27187e-07 -1.75923e-09 0 -5.21757e-07 -1.97805e-09 0 -5.1681e-07 -2.20517e-09 0 -5.14456e-07 -2.37805e-09 0
          -4.21736e-06 1.55625e-05 0 -7.77387e-06 1.49035e-05 0 -1.37092e-05 1.32299e-05 0 -1.72352e-05 1.11063e-05 0
          -1.86244e-05 9.01323e-06 0 -1.85779e-05 7.19231e-06 0 -1.77403e-05 5.70045e-06 0 -1.65419e-05 4.51029e-06 0
          -1.52306e-05 3.57078e-06 0 -1.3937e-05 2.83125e-06 0 -1.2724e-05 2.24878e-06 0 -1.16172e-05 1.78919e-06 0
          -1.06226e-05 1.42591e-06 0 -9.73606e-06 1.13841e-06 0 -8.94913e-06 9.10721e-07 0 -8.25163e-06 7.30327e-07 0
          -7.63325e-06 5.87333e-07 0 -7.08422e-06 4.73883e-07 0 -6.59563e-06 3.83736e-07 0 -6.15956e-06 3.11939e-07 0
          -5.76906e-06 2.54571e-07 0 -5.41809e-06 2.08538e-07 0 -5.10141e-06 1.71421e-07 0 -4.81452e-06 1.41334e-07 0
          -4.55356e-06 1.16822e-07 0 -4.31524e-06 9.67559e-08 0 -4.09674e-06 8.02653e-08 0 -3.89568e-06 6.66692e-08 0
          -3.71002e-06 5.54317e-08 0 -3.53802e-06 4.61262e-08 0 -3.3782e-06 3.8409e-08 0 -3.22928e-06 3.20017e-08 0
          -3.09016e-06 2.66769e-08 0 -2.9599e-06 2.2248e-08 0 -2.83767e-06 1.85617e-08 0 -2.72274e-06 1.54915e-08 0
          -2.61449e-06 1.29331e-08 0 -2.51234e-06 1.08e-08 0 -2.41582e-06 9.02058e-09 0 -2.32448e-06 7.53566e-09 0
          -2.23792e-06 6.29597e-09 0 -2.15582e-06 5.26062e-09 0 -2.07784e-06 4.39565e-09 0 -2.00371e-06 3.67278e-09 0
          -1.93317e-06 3.06851e-09 0 -1.86599e-06 2.56324e-09 0 -1.80196e-06 2.14065e-09 0 -1.7409e-06 1.78714e-09 0
          -1.68262e-06 1.49136e-09 0 -1.62696e-06 1.24383e-09 0 -1.57378e-06 1.03666e-09 0 -1.52295e-06 8.63225e-10 0
          -1.47433e-06 7.18022e-10 0 -1.4278e-06 5.96434e-10 0 -1.38327e-06 4.94602e-10 0 -1.34064e-06 4.09297e-10 0
          -1.2998e-06 3.37815e-10 0 -1.26067e-06 2.7789e-10 0 -1.22317e-06 2.27624e-10 0 -1.18723e-06 1.85421e-10 0
          -1.15277e-06 1.49941e-10 0 -1.11973e-06 1.20056e-10 0 -1.08804e-06 9.48127e-11 0 -1.05765e-06 7.3406e-11 0
          -1.0285e-06 5.51509e-11 0 -1.00053e-06 3.94622e-11 0 -9.73697e-07 2.58364e-11 0 -9.47955e-07 1.38364e-11 0
          -9.23259e-07 3.0778e-12 0 -8.99567e-07 -6.78267e-12 0 -8.76838e-07 -1.60569e-11 0 -8.55036e-07 -2.50347e-11 0
          -8.34125e-07 -3.39926e-11 0 -8.14071e-07 -4.3201e-11 0 -7.94841e-07 -5.29319e-11 0 -7.76406e-07 -6.34659e-11 0
          -7.58736e-07 -7.50996e-11 0 -7.41805e-07 -8.81527e-11 0 -7.25585e-07 -1.02976e-10 0 -7.10053e-07 -1.19957e-10 0
          -6.95185e-07 -1.39533e-10 0 -6.80959e-07 -1.62194e-10 0 -6.67355e-07 -1.88495e-10 0 -6.54352e-07 -2.19062e-10 0
          -6.41933e-07 -2.54604e-10 0 -6.3008e-07 -2.95913e-10 0 -6.18777e-07 -3.43875e-10 0 -6.0801e-07 -3.99463e-10 0
          -5.97766e-07 -4.63734e-10 0 -5.88032e-07 -5.37805e-10 0 -5.788e-07 -6.22825e-10 0 -5.70059e-07 -7.19914e-10 0
          -5.61804e-07 -8.30084e-10 0 -5.54029e-07 -9.54128e-10 0 -5.46732e-07 -1.09248e-09 0 -5.39909e-07 -1.24504e-09 0
          -5.33562e-07 -1.41103e-09 0 -5.27687e-07 -1.58886e-09 0 -5.22286e-07 -1.77608e-09 0 -5.17354e-07 -1.9694e-09 0
          -5.15005e-07 -2.11617e-09 0 -7.19382e-06 2.21676e-05 0 -1.28712e-05 2.08027e-05 0 -2.15774e-05 1.75456e-05 0
          -2.53734e-05 1.3849e-05 0 -2.5662e-05 1.0633e-05 0 -2.41967e-05 8.1188e-06 0 -2.20857e-05 6.21808e-06 0
          -1.98655e-05 4.78971e-06 0 -1.77675e-05 3.71222e-06 0 -1.58776e-05 2.89347e-06 0 -1.42146e-05 2.26628e-06 0
          -1.2768e-05 1.78223e-06 0 -1.15159e-05 1.40638e-06 0 -1.04333e-05 1.11323e-06 0 -9.49635e-06 8.83898e-07 0
          -8.68345e-06 7.04125e-07 0 -7.97582e-06 5.62964e-07 0 -7.35739e-06 4.51923e-07 0 -6.81456e-06 3.64377e-07 0
          -6.33586e-06 2.95144e-07 0 -5.91166e-06 2.40175e-07 0 -5.53389e-06 1.96315e-07 0 -5.19579e-06 1.61116e-07 0
          -4.89169e-06 1.32693e-07 0 -4.61683e-06 1.096e-07 0 -4.36723e-06 9.07349e-08 0 -4.13955e-06 7.5251e-08 0
          -3.93098e-06 6.2495e-08 0 -3.73915e-06 5.19566e-08 0 -3.56209e-06 4.32318e-08 0 -3.3981e-06 3.59973e-08 0
          -3.24573e-06 2.99911e-08 0 -3.10377e-06 2.49998e-08 0 -2.97116e-06 2.08485e-08 0 -2.84698e-06 1.73934e-08 0
          -2.73043e-06 1.4516e-08 0 -2.62084e-06 1.21182e-08 0 -2.51758e-06 1.01191e-08 0 -2.42013e-06 8.45163e-09 0
          -2.32802e-06 7.06013e-09 0 -2.24083e-06 5.89847e-09 0 -2.1582e-06 4.92832e-09 0 -2.07978e-06 4.11784e-09 0
          -2.00528e-06 3.44054e-09 0 -1.93444e-06 2.87436e-09 0 -1.86701e-06 2.40096e-09 0 -1.80278e-06 2.00503e-09 0
          -1.74154e-06 1.67383e-09 0 -1.68311e-06 1.39672e-09 0 -1.62734e-06 1.16482e-09 0 -1.57406e-06 9.70734e-10 0
          -1.52314e-06 8.08262e-10 0 -1.47445e-06 6.72237e-10 0 -1.42788e-06 5.58336e-10 0 -1.3833e-06 4.62945e-10 0
          -1.34063e-06 3.83038e-10 0 -1.29976e-06 3.16082e-10 0 -1.26061e-06 2.59954e-10 0 -1.22309e-06 2.12874e-10 0
          -1.18714e-06 1.73348e-10 0 -1.15267e-06 1.40121e-10 0 -1.11962e-06 1.12136e-10 0 -1.08792e-06 8.8499e-11 0
          -1.05752e-06 6.84567e-11 0 -1.02837e-06 5.13669e-11 0 -1.0004e-06 3.66817e-11 0 -9.73563e-07 2.39296e-11 0
          -9.47822e-07 1.2701e-11 0 -9.23127e-07 2.63621e-12 0 -8.99437e-07 -6.58601e-12 0 -8.76711e-07 -1.52573e-11 0
          -8.54912e-07 -2.36485e-11 0 -8.34005e-07 -3.20176e-11 0 -8.13955e-07 -4.06166e-11 0 -7.94731e-07 -4.96984e-11 0
          -7.76302e-07 -5.95233e-11 0 -7.58639e-07 -7.03656e-11 0 -7.41715e-07 -8.25198e-11 0 -7.25504e-07 -9.63074e-11 0
          -7.09981e-07 -1.12083e-10 0 -6.95124e-07 -1.30243e-10 0 -6.80911e-07 -1.5123e-10 0 -6.6732e-07 -1.7554e-10 0
          -6.54333e-07 -2.03728e-10 0 -6.41931e-07 -2.36417e-10 0 -6.30098e-07 -2.74293e-10 0 -6.18817e-07 -3.18112e-10 0
          -6.08075e-07 -3.68693e-10 0 -5.97859e-07 -4.26902e-10 0 -5.88156e-07 -4.93635e-10 0 -5.78957e-07 -5.69782e-10 0
          -5.70252e-07 -6.56175e-10 0 -5.62036e-07 -7.53518e-10 0 -5.54301e-07 -8.62301e-10 0 -5.47043e-07 -9.82692e-10 0
          -5.40259e-07 -1.11443e-09 0 -5.33946e-07 -1.25671e-09 0 -5.28101e-07 -1.40813e-09 0 -5.22721e-07 -1.56667e-09 0
          -5.17801e-07 -1.72974e-09 0 -5.15455e-07 -1.85331e-09 0 -1.42778e-05 3.46181e-05 0 -2.41449e-05 3.11708e-05 0
          -3.69562e-05 2.38484e-05 0 -3.8912e-05 1.70624e-05 0 -3.58214e-05 1.22031e-05 0 -3.15323e-05 8.86742e-06 0
          -2.73712e-05 6.55003e-06 0 -2.37018e-05 4.90905e-06 0 -2.05795e-05 3.72456e-06 0 -1.796e-05 2.85443e-06 0
          -1.57722e-05 2.20531e-06 0 -1.3944e-05 1.71475e-06 0 -1.24116e-05 1.34019e-06 0 -1.11212e-05 1.05204e-06 0
          -1.00287e-05 8.29211e-07 0 -9.09854e-06 6.56281e-07 0 -8.30181e-06 5.21716e-07 0 -7.61518e-06 4.16736e-07 0
          -7.01977e-06 3.34596e-07 0 -6.50023e-06 2.70091e-07 0 -6.04408e-06 2.19198e-07 0 -5.64112e-06 1.78813e-07 0
          -5.28302e-06 1.46552e-07 0 -4.96292e-06 1.20593e-07 0 -4.67519e-06 9.95577e-08 0 -4.41516e-06 8.2402e-08 0
          -4.179e-06 6.83348e-08 0 -3.9635e-06 5.67511e-08 0 -3.76599e-06 4.71825e-08 0 -3.58426e-06 3.92605e-08 0
          -3.41642e-06 3.26911e-08 0 -3.26088e-06 2.72366e-08 0 -3.1163e-06 2.27035e-08 0 -2.98151e-06 1.89332e-08 0
          -2.85553e-06 1.57952e-08 0 -2.73749e-06 1.31818e-08 0 -2.62666e-06 1.1004e-08 0 -2.52238e-06 9.18845e-09 0
          -2.42408e-06 7.67406e-09 0 -2.33126e-06 6.41035e-09 0 -2.24349e-06 5.3554e-09 0 -2.16036e-06 4.4744e-09 0
          -2.08154e-06 3.73841e-09 0 -2.00671e-06 3.12337e-09 0 -1.93559e-06 2.60926e-09 0 -1.86792e-06 2.1794e-09 0
          -1.8035e-06 1.8199e-09 0 -1.7421e-06 1.51917e-09 0 -1.68354e-06 1.26756e-09 0 -1.62766e-06 1.05701e-09 0
          -1.57429e-06 8.80792e-10 0 -1.5233e-06 7.33283e-10 0 -1.47455e-06 6.0979e-10 0 -1.42793e-06 5.06386e-10 0
          -1.38331e-06 4.19789e-10 0 -1.3406e-06 3.47251e-10 0 -1.29971e-06 2.86473e-10 0 -1.26054e-06 2.35526e-10 0
          -1.223e-06 1.92796e-10 0 -1.18703e-06 1.56924e-10 0 -1.15255e-06 1.26771e-10 0 -1.11949e-06 1.01377e-10 0
          -1.08779e-06 7.99316e-11 0 -1.05739e-06 6.17497e-11 0 -1.02823e-06 4.62487e-11 0 -1.00026e-06 3.2931e-11 0
          -9.73427e-07 2.13686e-11 0 -9.47686e-07 1.11899e-11 0 -9.22993e-07 2.06842e-12 0 -8.99304e-07 -6.28716e-12 0
          -8.76582e-07 -1.41412e-11 0 -8.54786e-07 -2.1739e-11 0 -8.33883e-07 -2.93141e-11 0 -8.13838e-07 -3.70939e-11 0
          -7.94619e-07 -4.53067e-11 0 -7.76195e-07 -5.41866e-11 0 -7.58538e-07 -6.39796e-11 0 -7.41622e-07 -7.49492e-11 0
          -7.25419e-07 -8.73816e-11 0 -7.09905e-07 -1.01592e-10 0 -6.95058e-07 -1.17929e-10 0 -6.80856e-07 -1.3678e-10 0
          -6.67278e-07 -1.58579e-10 0 -6.54304e-07 -1.83804e-10 0 -6.41918e-07 -2.12987e-10 0 -6.30103e-07 -2.46709e-10 0
          -6.18842e-07 -2.85601e-10 0 -6.08122e-07 -3.30334e-10 0 -5.9793e-07 -3.81605e-10 0 -5.88253e-07 -4.40118e-10 0
          -5.79083e-07 -5.06551e-10 0 -5.70409e-07 -5.8151e-10 0 -5.62225e-07 -6.65475e-10 0 -5.54522e-07 -7.58731e-10 0
          -5.47297e-07 -8.61291e-10 0 -5.40543e-07 -9.72822e-10 0 -5.34258e-07 -1.09258e-09 0 -5.28435e-07 -1.21937e-09 0
          -5.23071e-07 -1.35156e-09 0 -5.1816e-07 -1.48713e-09 0 -5.15816e-07 -1.5897e-09 0 -3.70745e-05 6.44669e-05 0
          -5.53853e-05 5.22764e-05 0 -7.03032e-05 3.2085e-05 0 -6.08125e-05 2.00207e-05 0 -4.96297e-05 1.32995e-05 0
          -4.0552e-05 9.20798e-06 0 -3.34482e-05 6.57092e-06 0 -2.7902e-05 4.79896e-06 0 -2.35441e-05 3.56896e-06 0
          -2.00898e-05 2.69228e-06 0 -1.73256e-05 2.05362e-06 0 -1.5092e-05 1.58e-06 0 -1.327e-05 1.22381e-06 0
          -1.17699e-05 9.53162e-07 0 -1.05239e-05 7.46047e-07 0 -9.48011e-06 5.86791e-07 0 -8.59851e-06 4.63909e-07 0
          -7.84794e-06 3.68797e-07 0 -7.2039e-06 2.94924e-07 0 -6.64704e-06 2.37305e-07 0 -6.16198e-06 1.92123e-07 0
          -5.73641e-06 1.56462e-07 0 -5.36046e-06 1.28098e-07 0 -5.02614e-06 1.0535e-07 0 -4.72698e-06 8.69569e-08 0
          -4.45771e-06 7.19748e-08 0 -4.21403e-06 5.96959e-08 0 -3.99238e-06 4.95851e-08 0 -3.78984e-06 4.12311e-08 0
          -3.60395e-06 3.43125e-08 0 -3.43269e-06 2.85734e-08 0 -3.27433e-06 2.38071e-08 0 -3.12741e-06 1.98453e-08 0
          -2.99069e-06 1.65497e-08 0 -2.8631e-06 1.38065e-08 0 -2.74374e-06 1.15219e-08 0 -2.63181e-06 9.61815e-09 0
          -2.52661e-06 8.03097e-09 0 -2.42755e-06 6.70712e-09 0 -2.33411e-06 5.60242e-09 0 -2.24581e-06 4.68024e-09 0
          -2.16225e-06 3.91013e-09 0 -2.08307e-06 3.26679e-09 0 -2.00794e-06 2.72919e-09 0 -1.93657e-06 2.27982e-09 0
          -1.86871e-06 1.9041e-09 0 -1.80411e-06 1.58988e-09 0 -1.74257e-06 1.32705e-09 0 -1.6839e-06 1.10714e-09 0
          -1.62792e-06 9.2313e-10 0 -1.57447e-06 7.69125e-10 0 -1.52341e-06 6.40215e-10 0 -1.47461e-06 5.32296e-10 0
          -1.42794e-06 4.41937e-10 0 -1.38329e-06 3.66268e-10 0 -1.34056e-06 3.02887e-10 0 -1.29964e-06 2.49785e-10 0
          -1.26045e-06 2.05276e-10 0 -1.2229e-06 1.67947e-10 0 -1.18692e-06 1.36613e-10 0 -1.15243e-06 1.10278e-10 0
          -1.11936e-06 8.81012e-11 0 -1.08766e-06 6.9376e-11 0 -1.05725e-06 5.35028e-11 0 -1.02809e-06 3.99727e-11 0
          -1.00012e-06 2.83508e-11 0 -9.73286e-07 1.8263e-11 0 -9.47547e-07 9.38484e-12 0 -9.22855e-07 1.43098e-12 0
          -8.99169e-07 -5.8529e-12 0 -8.76449e-07 -1.26975e-11 0 -8.54658e-07 -1.93168e-11 0 -8.33758e-07 -2.59142e-11 0
          -8.13717e-07 -3.26877e-11 0 -7.94503e-07 -3.98354e-11 0 -7.76085e-07 -4.75604e-11 0 -7.58434e-07 -5.60755e-11 0
          -7.41524e-07 -6.56077e-11 0 -7.25329e-07 -7.64031e-11 0 -7.09823e-07 -8.87313e-11 0 -6.94985e-07 -1.02889e-10 0
          -6.80793e-07 -1.19206e-10 0 -6.67226e-07 -1.38045e-10 0 -6.54266e-07 -1.59808e-10 0 -6.41894e-07 -1.84935e-10 0
          -6.30093e-07 -2.13902e-10 0 -6.1885e-07 -2.47221e-10 0 -6.08149e-07 -2.85427e-10 0 -5.97977e-07 -3.29069e-10 0
          -5.88323e-07 -3.78686e-10 0 -5.79177e-07 -4.34784e-10 0 -5.70528e-07 -4.97796e-10 0 -5.6237e-07 -5.68041e-10 0
          -5.54694e-07 -6.45672e-10 0 -5.47494e-07 -7.30619e-10 0 -5.40765e-07 -8.22546e-10 0 -5.345e-07 -9.20803e-10 0
          -5.28695e-07 -1.02442e-09 0 -5.23344e-07 -1.13209e-09 0 -5.18439e-07 -1.24225e-09 0 -5.16097e-07 -1.32551e-09 0
          -0.000237847 0.000224706 0 -0.000203189 9.23488e-05 0 -0.000137552 3.77322e-05 0 -9.12098e-05 2.12969e-05 0
          -6.64187e-05 1.33521e-05 0 -5.06795e-05 8.88738e-06 0 -3.99085e-05 6.16042e-06 0 -3.21868e-05 4.40009e-06 0
          -2.64707e-05 3.21579e-06 0 -2.21357e-05 2.39241e-06 0 -1.87833e-05 1.80439e-06 0 -1.61476e-05 1.37522e-06 0
          -1.40452e-05 1.05659e-06 0 -1.23465e-05 8.1703e-07 0 -1.09579e-05 6.35361e-07 0 -9.81058e-06 4.96811e-07 0
          -8.85298e-06 3.9073e-07 0 -8.04605e-06 3.09227e-07 0 -7.35979e-06 2.46371e-07 0 -6.77093e-06 1.97667e-07 0
          -6.26132e-06 1.59703e-07 0 -5.81668e-06 1.29892e-07 0 -5.42574e-06 1.06277e-07 0 -5.0795e-06 8.73914e-08 0
          -4.77076e-06 7.21467e-08 0 -4.49373e-06 5.97369e-08 0 -4.24371e-06 4.95652e-08 0 -4.01687e-06 4.11851e-08 0
          -3.81006e-06 3.42563e-08 0 -3.62065e-06 2.85142e-08 0 -3.44648e-06 2.37483e-08 0 -3.28572e-06 1.97886e-08 0
          -3.13681e-06 1.64963e-08 0 -2.99844e-06 1.37571e-08 0 -2.8695e-06 1.14768e-08 0 -2.749e-06 9.57756e-09 0
          -2.63613e-06 7.99487e-09 0 -2.53016e-06 6.67536e-09 0 -2.43046e-06 5.57477e-09 0 -2.33648e-06 4.65639e-09 0
          -2.24774e-06 3.88974e-09 0 -2.16381e-06 3.24954e-09 0 -2.08433e-06 2.71473e-09 0 -2.00894e-06 2.26783e-09 0
          -1.93736e-06 1.89429e-09 0 -1.86932e-06 1.58197e-09 0 -1.80458e-06 1.32078e-09 0 -1.74293e-06 1.10231e-09 0
          -1.68416e-06 9.1953e-10 0 -1.6281e-06 7.66586e-10 0 -1.57458e-06 6.38587e-10 0 -1.52347e-06 5.3145e-10 0
          -1.47463e-06 4.41763e-10 0 -1.42792e-06 3.66672e-10 0 -1.38324e-06 3.03793e-10 0 -1.34048e-06 2.51129e-10 0
          -1.29954e-06 2.07008e-10 0 -1.26034e-06 1.7003e-10 0 -1.22278e-06 1.39021e-10 0 -1.18679e-06 1.12995e-10 0
          -1.15229e-06 9.11229e-11 0 -1.11922e-06 7.27083e-11 0 -1.08751e-06 5.71622e-11 0 -1.05711e-06 4.39867e-11 0
          -1.02794e-06 3.27585e-11 0 -9.99973e-07 2.31164e-11 0 -9.73142e-07 1.47494e-11 0 -9.47404e-07 7.3879e-12 0
          -9.22714e-07 7.94808e-13 0 -8.99031e-07 -5.24107e-12 0 -8.76314e-07 -1.09113e-11 0 -8.54526e-07 -1.63933e-11 0
          -8.3363e-07 -2.18558e-11 0 -8.13594e-07 -2.74628e-11 0 -7.94384e-07 -3.3378e-11 0 -7.75971e-07 -3.97691e-11 0
          -7.58326e-07 -4.68114e-11 0 -7.41422e-07 -5.46915e-11 0 -7.25233e-07 -6.36109e-11 0 -7.09735e-07 -7.37897e-11 0
          -6.94905e-07 -8.54696e-11 0 -6.80722e-07 -9.89168e-11 0 -6.67164e-07 -1.14424e-10 0 -6.54215e-07 -1.32313e-10 0
          -6.41855e-07 -1.52932e-10 0 -6.30068e-07 -1.76658e-10 0 -6.18839e-07 -2.03889e-10 0 -6.08153e-07 -2.35036e-10 0
          -5.97999e-07 -2.70516e-10 0 -5.88363e-07 -3.1073e-10 0 -5.79236e-07 -3.56045e-10 0 -5.70608e-07 -4.06761e-10 0
          -5.62471e-07 -4.63085e-10 0 -5.54816e-07 -5.25088e-10 0 -5.47636e-07 -5.9267e-10 0 -5.40925e-07 -6.65528e-10 0
          -5.34677e-07 -7.43131e-10 0 -5.28886e-07 -8.24713e-10 0 -5.23543e-07 -9.09283e-10 0 -5.18644e-07 -9.95663e-10 0
          -5.16303e-07 -1.06089e-09 0 -0.00112422 0.000225134 0 -0.000702694 9.07973e-05 0 -0.00021649 3.57987e-05 0
          -0.000125028 1.95687e-05 0 -8.38983e-05 1.19128e-05 0 -6.07478e-05 7.72955e-06 0 -4.60968e-05 5.24535e-06 0
          -3.61647e-05 3.68246e-06 0 -2.91151e-05 2.65413e-06 0 -2.39405e-05 1.95239e-06 0 -2.00415e-05 1.45886e-06 0
          -1.70405e-05 1.10309e-06 0 -1.46889e-05 8.41608e-07 0 -1.28171e-05 6.46663e-07 0 -1.13068e-05 4.99923e-07 0
          -1.00728e-05 3.88797e-07 0 -9.05289e-06 3.04302e-07 0 -8.20062e-06 2.39832e-07 0 -7.48096e-06 1.90446e-07 0
          -6.86714e-06 1.52424e-07 0 -6.33859e-06 1.22955e-07 0 -5.87932e-06 9.99269e-08 0 -5.47688e-06 8.17508e-08 0
          -5.12147e-06 6.72479e-08 0 -4.80532e-06 5.55515e-08 0 -4.52226e-06 4.60287e-08 0 -4.26728e-06 3.82166e-08 0
          -4.03635e-06 3.17729e-08 0 -3.82615e-06 2.64388e-08 0 -3.63394e-06 2.20136e-08 0 -3.45745e-06 1.83378e-08 0
          -3.29476e-06 1.5282e-08 0 -3.14427e-06 1.27403e-08 0 -3.00458e-06 1.0625e-08 0 -2.87454e-06 8.86392e-09 0
          -2.75315e-06 7.39697e-09 0 -2.63952e-06 6.17448e-09 0 -2.53293e-06 5.15525e-09 0 -2.43271e-06 4.30512e-09 0
          -2.33831e-06 3.59574e-09 0 -2.24921e-06 3.00357e-09 0 -2.16499e-06 2.50907e-09 0 -2.08526e-06 2.09599e-09 0
          -2.00968e-06 1.75081e-09 0 -1.93793e-06 1.4623e-09 0 -1.86976e-06 1.22108e-09 0 -1.8049e-06 1.01936e-09 0
          -1.74315e-06 8.50635e-10 0 -1.68431e-06 7.09478e-10 0 -1.62818e-06 5.91367e-10 0 -1.57462e-06 4.92523e-10 0
          -1.52347e-06 4.09793e-10 0 -1.47459e-06 3.40541e-10 0 -1.42785e-06 2.82563e-10 0 -1.38315e-06 2.34016e-10 0
          -1.34037e-06 1.9336e-10 0 -1.29942e-06 1.59301e-10 0 -1.26021e-06 1.3076e-10 0 -1.22264e-06 1.06829e-10 0
          -1.18664e-06 8.67455e-11 0 -1.15214e-06 6.9871e-11 0 -1.11907e-06 5.56663e-11 0 -1.08736e-06 4.36769e-11 0
          -1.05695e-06 3.35182e-11 0 -1.02779e-06 2.48634e-11 0 -9.99821e-07 1.74333e-11 0 -9.72992e-07 1.09879e-11 0
          -9.47256e-07 5.31895e-12 0 -9.22569e-07 2.43467e-13 0 -8.98889e-07 -4.40157e-12 0 -8.76175e-07 -8.76394e-12 0
          -8.5439e-07 -1.29806e-11 0 -8.33499e-07 -1.71814e-11 0 -8.13466e-07 -2.14927e-11 0 -7.94261e-07 -2.60404e-11 0
          -7.75853e-07 -3.09534e-11 0 -7.58213e-07 -3.6366e-11 0 -7.41314e-07 -4.24209e-11 0 -7.25131e-07 -4.92722e-11 0
          -7.09639e-07 -5.70873e-11 0 -6.94816e-07 -6.60496e-11 0 -6.8064e-07 -7.63605e-11 0 -6.67092e-07 -8.82405e-11 0
          -6.54151e-07 -1.0193e-10 0 -6.41801e-07 -1.1769e-10 0 -6.30025e-07 -1.35797e-10 0 -6.18807e-07 -1.56544e-10 0
          -6.08134e-07 -1.8023e-10 0 -5.97994e-07 -2.07153e-10 0 -5.88373e-07 -2.37596e-10 0 -5.79261e-07 -2.71814e-10 0
          -5.70649e-07 -3.10005e-10 0 -5.62527e-07 -3.52298e-10 0 -5.54888e-07 -3.98718e-10 0 -5.47724e-07 -4.49168e-10 0
          -5.41027e-07 -5.03404e-10 0 -5.34791e-07 -5.61023e-10 0 -5.2901e-07 -6.21461e-10 0 -5.23675e-07 -6.83999e-10 0
          -5.18779e-07 -7.47795e-10 0 -5.16439e-07 -7.95937e-10 0 -0.00133914 6.10464e-05 0 -0.000857628 4.63897e-05 0
          -0.000283039 2.59775e-05 0 -0.000153749 1.46973e-05 0 -9.89009e-05 8.92867e-06 0 -6.92774e-05 5.72486e-06 0
          -5.1234e-05 3.83456e-06 0 -3.93944e-05 2.66068e-06 0 -3.12142e-05 1.89882e-06 0 -2.5341e-05 1.3853e-06 0
          -2.09958e-05 1.02788e-06 0 -1.77021e-05 7.7243e-07 0 -1.51547e-05 5.85988e-07 0 -1.31501e-05 4.4782e-07 0
          -1.15486e-05 3.44404e-07 0 -1.02515e-05 2.66539e-07 0 -9.18751e-06 2.07698e-07 0 -8.3041e-06 1.6309e-07 0
          -7.5621e-06 1.2914e-07 0 -6.93193e-06 1.03161e-07 0 -6.39109e-06 8.31363e-08 0 -5.92235e-06 6.75574e-08 0
          -5.51241e-06 5.52985e-08 0 -5.15094e-06 4.55313e-08 0 -4.8298e-06 3.76541e-08 0 -4.54259e-06 3.12333e-08 0
          -4.28414e-06 2.59567e-08 0 -4.05031e-06 2.1596e-08 0 -3.8377e-06 1.79799e-08 0 -3.64347e-06 1.49757e-08 0
          -3.46531e-06 1.24778e-08 0 -3.30123e-06 1.03999e-08 0 -3.14957e-06 8.67072e-09 0 -3.00893e-06 7.23134e-09 0
          -2.8781e-06 6.03276e-09 0 -2.75605e-06 5.03429e-09 0 -2.64188e-06 4.20217e-09 0 -2.53484e-06 3.50839e-09 0
          -2.43425e-06 2.92971e-09 0 -2.33954e-06 2.44684e-09 0 -2.25019e-06 2.04377e-09 0 -2.16576e-06 1.70717e-09 0
          -2.08585e-06 1.42601e-09 0 -2.01012e-06 1.19106e-09 0 -1.93826e-06 9.94691e-10 0 -1.86999e-06 8.30515e-10 0
          -1.80505e-06 6.93224e-10 0 -1.74324e-06 5.78391e-10 0 -1.68434e-06 4.82325e-10 0 -1.62817e-06 4.01946e-10 0
          -1.57457e-06 3.34683e-10 0 -1.52339e-06 2.78387e-10 0 -1.47449e-06 2.31266e-10 0 -1.42774e-06 1.91818e-10 0
          -1.38302e-06 1.58791e-10 0 -1.34023e-06 1.31133e-10 0 -1.29927e-06 1.07966e-10 0 -1.26005e-06 8.85547e-11 0
          -1.22248e-06 7.22805e-11 0 -1.18648e-06 5.86257e-11 0 -1.15198e-06 4.71545e-11 0 -1.11891e-06 3.75004e-11 0
          -1.0872e-06 2.93538e-11 0 -1.05679e-06 2.24532e-11 0 -1.02763e-06 1.65759e-11 0 -9.99663e-07 1.1532e-11 0
          -9.72836e-07 7.1582e-12 0 -9.47103e-07 3.31272e-12 0 -9.22419e-07 -1.28932e-13 0 -8.98742e-07 -3.27766e-12 0
          -8.76032e-07 -6.23397e-12 0 -8.54251e-07 -9.09096e-12 0 -8.33363e-07 -1.19369e-11 0 -8.13335e-07 -1.48576e-11 0
          -7.94133e-07 -1.79385e-11 0 -7.7573e-07 -2.1267e-11 0 -7.58094e-07 -2.49339e-11 0 -7.412e-07 -2.90358e-11 0
          -7.25022e-07 -3.36767e-11 0 -7.09536e-07 -3.89693e-11 0 -6.94719e-07 -4.50369e-11 0 -6.80549e-07 -5.20144e-11 0
          -6.67007e-07 -6.00491e-11 0 -6.54073e-07 -6.93011e-11 0 -6.41731e-07 -7.9943e-11 0 -6.29963e-07 -9.21578e-11 0
          -6.18754e-07 -1.06137e-10 0 -6.08091e-07 -1.22075e-10 0 -5.97961e-07 -1.40165e-10 0 -5.88351e-07 -1.60587e-10 0
          -5.7925e-07 -1.83498e-10 0 -5.70649e-07 -2.09022e-10 0 -5.62539e-07 -2.3723e-10 0 -5.54912e-07 -2.68129e-10 0
          -5.47758e-07 -3.01642e-10 0 -5.41072e-07 -3.37601e-10 0 -5.34845e-07 -3.75735e-10 0 -5.2907e-07 -4.15673e-10 0
          -5.2374e-07 -4.56948e-10 0 -5.18847e-07 -4.99018e-10 0 -5.16508e-07 -5.30752e-10 0 -0.00136734 2.26533e-05 0
          -0.000890689 1.89244e-05 0 -0.000313548 1.27064e-05 0 -0.000171602 7.75405e-06 0 -0.000108769 4.76638e-06 0
          -7.49328e-05 3.0471e-06 0 -5.46037e-05 2.02808e-06 0 -4.14725e-05 1.39817e-06 0 -3.25314e-05 9.92089e-07 0
          -2.61932e-05 7.20165e-07 0 -2.15554e-05 5.31976e-07 0 -1.80736e-05 3.98096e-07 0 -1.54038e-05 3.00751e-07 0
          -1.33192e-05 2.28861e-07 0 -1.16655e-05 1.75253e-07 0 -1.03346e-05 1.35068e-07 0 -9.24867e-06 1.04858e-07 0
          -8.35102e-06 8.20879e-08 0 -7.59956e-06 6.4859e-08 0 -6.96283e-06 5.17487e-08 0 -6.41718e-06 4.16928e-08 0
          -5.94464e-06 3.38989e-08 0 -5.53152e-06 2.77797e-08 0 -5.16727e-06 2.29066e-08 0 -4.84368e-06 1.89722e-08 0
          -4.55429e-06 1.57586e-08 0 -4.29394e-06 1.31107e-08 0 -4.05846e-06 1.0917e-08 0 -3.84443e-06 9.09404e-09 0
          -3.64902e-06 7.57724e-09 0 -3.46985e-06 6.31467e-09 0 -3.30494e-06 5.26367e-09 0 -3.1526e-06 4.38873e-09 0
          -3.01138e-06 3.66025e-09 0 -2.88008e-06 3.05356e-09 0 -2.75763e-06 2.54813e-09 0 -2.64314e-06 2.12689e-09 0
          -2.53583e-06 1.77568e-09 0 -2.43502e-06 1.48274e-09 0 -2.34013e-06 1.23829e-09 0 -2.25063e-06 1.03425e-09 0
          -2.16607e-06 8.63856e-10 0 -2.08607e-06 7.21526e-10 0 -2.01026e-06 6.02598e-10 0 -1.93833e-06 5.03195e-10 0
          -1.87e-06 4.20092e-10 0 -1.80502e-06 3.506e-10 0 -1.74317e-06 2.92477e-10 0 -1.68424e-06 2.43854e-10 0
          -1.62805e-06 2.03173e-10 0 -1.57444e-06 1.69131e-10 0 -1.52324e-06 1.40641e-10 0 -1.47433e-06 1.16796e-10 0
          -1.42757e-06 9.68348e-11 0 -1.38285e-06 8.01237e-11 0 -1.34005e-06 6.6131e-11 0 -1.29909e-06 5.44117e-11 0
          -1.25987e-06 4.45932e-11 0 -1.2223e-06 3.63628e-11 0 -1.1863e-06 2.94582e-11 0 -1.1518e-06 2.36589e-11 0
          -1.11873e-06 1.87793e-11 0 -1.08702e-06 1.46628e-11 0 -1.05662e-06 1.11768e-11 0 -1.02746e-06 8.20876e-12 0
          -9.99498e-07 5.66248e-12 0 -9.72675e-07 3.4553e-12 0 -9.46945e-07 1.51545e-12 0 -9.22265e-07 -2.20077e-13 0
          -8.98592e-07 -1.80739e-12 0 -8.75885e-07 -3.29734e-12 0 -8.54107e-07 -4.73703e-12 0 -8.33223e-07 -6.1711e-12 0
          -8.13199e-07 -7.64292e-12 0 -7.94001e-07 -9.1957e-12 0 -7.75601e-07 -1.08735e-11 0 -7.5797e-07 -1.27222e-11 0
          -7.4108e-07 -1.47905e-11 0 -7.24906e-07 -1.71306e-11 0 -7.09424e-07 -1.97995e-11 0 -6.94611e-07 -2.28589e-11 0
          -6.80446e-07 -2.63765e-11 0 -6.66909e-07 -3.0426e-11 0 -6.53981e-07 -3.50875e-11 0 -6.41644e-07 -4.04467e-11 0
          -6.29882e-07 -4.65947e-11 0 -6.18679e-07 -5.36261e-11 0 -6.08023e-07 -6.16368e-11 0 -5.97899e-07 -7.0721e-11 0
          -5.88296e-07 -8.09663e-11 0 -5.79203e-07 -9.24488e-11 0 -5.7061e-07 -1.05226e-10 0 -5.62507e-07 -1.19331e-10 0
          -5.54887e-07 -1.34763e-10 0 -5.4774e-07 -1.51481e-10 0 -5.4106e-07 -1.69399e-10 0 -5.34839e-07 -1.88381e-10 0
          -5.29068e-07 -2.08243e-10 0 -5.23742e-07 -2.28756e-10 0 -5.1885e-07 -2.49654e-10 0 -5.16513e-07 -2.65415e-10 0
          -0.00137328 1.01022e-05 0 -0.000898116 8.64198e-06 0 -0.000321578 6.1697e-06 0 -0.000177324 3.94509e-06 0
          -0.00011215 2.45824e-06 0 -7.68778e-05 1.5722e-06 0 -5.57413e-05 1.04392e-06 0 -4.21484e-05 7.1762e-07 0
          -3.2935e-05 5.07808e-07 0 -2.64317e-05 3.67685e-07 0 -2.1692e-05 2.70933e-07 0 -1.81474e-05 2.02223e-07 0
          -1.54396e-05 1.52336e-07 0 -1.33332e-05 1.1555e-07 0 -1.16683e-05 8.81804e-08 0 -1.03327e-05 6.77306e-08 0
          -9.24585e-06 5.24231e-08 0 -8.34918e-06 4.09422e-08 0 -7.59938e-06 3.22998e-08 0 -6.96432e-06 2.57551e-08 0
          -6.41996e-06 2.07559e-08 0 -5.94825e-06 1.68931e-08 0 -5.53551e-06 1.38648e-08 0 -5.17125e-06 1.14525e-08 0
          -4.8474e-06 9.50136e-09 0 -4.55761e-06 7.90327e-09 0 -4.2968e-06 6.58262e-09 0 -4.06086e-06 5.48548e-09 0
          -3.84641e-06 4.57182e-09 0 -3.65063e-06 3.81043e-09 0 -3.47114e-06 3.17605e-09 0 -3.30597e-06 2.64765e-09 0
          -3.1534e-06 2.20763e-09 0 -3.012e-06 1.8412e-09 0 -2.88054e-06 1.53601e-09 0 -2.75798e-06 1.28174e-09 0
          -2.64339e-06 1.06983e-09 0 -2.53599e-06 8.93142e-10 0 -2.43512e-06 7.45767e-10 0 -2.34017e-06 6.22793e-10 0
          -2.25062e-06 5.20142e-10 0 -2.16604e-06 4.34424e-10 0 -2.086e-06 3.62823e-10 0 -2.01017e-06 3.02995e-10 0
          -1.93822e-06 2.52991e-10 0 -1.86988e-06 2.11186e-10 0 -1.80489e-06 1.7623e-10 0 -1.74303e-06 1.46993e-10 0
          -1.6841e-06 1.22535e-10 0 -1.6279e-06 1.02073e-10 0 -1.57428e-06 8.49513e-11 0 -1.52309e-06 7.06227e-11 0
          -1.47417e-06 5.86304e-11 0 -1.42741e-06 4.85924e-11 0 -1.38269e-06 4.01892e-11 0 -1.3399e-06 3.31535e-11 0
          -1.29895e-06 2.72615e-11 0 -1.25972e-06 2.23257e-11 0 -1.22216e-06 1.81888e-11 0 -1.18616e-06 1.47188e-11 0
          -1.15166e-06 1.18049e-11 0 -1.1186e-06 9.3535e-12 0 -1.08689e-06 7.28597e-12 0 -1.05649e-06 5.53558e-12 0
          -1.02734e-06 4.0457e-12 0 -9.99376e-07 2.76795e-12 0 -9.72555e-07 1.66072e-12 0 -9.46828e-07 6.87936e-13 0
          -9.22151e-07 -1.82114e-13 0 -8.9848e-07 -9.7765e-13 0 -8.75776e-07 -1.72424e-12 0 -8.54002e-07 -2.44558e-12 0
          -8.3312e-07 -3.1641e-12 0 -8.13098e-07 -3.90163e-12 0 -7.93903e-07 -4.67986e-12 0 -7.75506e-07 -5.52093e-12 0
          -7.57877e-07 -6.44791e-12 0 -7.4099e-07 -7.48522e-12 0 -7.24818e-07 -8.65911e-12 0 -7.09339e-07 -9.99803e-12 0
          -6.94529e-07 -1.1533e-11 0 -6.80366e-07 -1.32979e-11 0 -6.66831e-07 -1.53297e-11 0 -6.53906e-07 -1.76682e-11 0
          -6.41571e-07 -2.03563e-11 0 -6.29812e-07 -2.34393e-11 0 -6.18613e-07 -2.69643e-11 0 -6.07959e-07 -3.0979e-11 0
          -5.97838e-07 -3.55297e-11 0 -5.88238e-07 -4.06599e-11 0 -5.79148e-07 -4.64066e-11 0 -5.70558e-07 -5.27981e-11 0
          -5.62458e-07 -5.98496e-11 0 -5.54841e-07 -6.75599e-11 0 -5.47697e-07 -7.5908e-11 0 -5.41019e-07 -8.48504e-11 0
          -5.348e-07 -9.43194e-11 0 -5.29032e-07 -1.04223e-10 0 -5.23707e-07 -1.14448e-10 0 -5.18816e-07 -1.24862e-10 0
          -5.16479e-07 -1.32717e-10 0
        </DataArray>
      </PointData>
      <CellData Scalars="process rank">
        <DataArray type="Float32" Name="process rank" NumberOfComponents="1" format="ascii">
          0 0 0 0 0 0 0 0 0 0 0 0
          0 0 0 0 0 0 0 0 0 0 0 0
          0 0 0 0 0 0 0 0 0 0 0 0
          0 0 0 0 0 0 0 0 0 0 0 0
          0 0 0 0 0 0 0 0 0 0 0 0
          0 0 0 0 0 0 0 0 0 0 0 0
          0 0 0 0 0 0 0 0 0 0 0 0
          0 0 0 0 0 0 0 0 0 0 0 0
          0 0 0 0 0 0 0 0 0 0 0 0
          0 0 0 0 0 0 0 0 0 0 0 0
          0 0 0 0 0 0 0 0 0 0 0 0
          0 0 0 0 0 0 0 0 0 0 0 0
          0 0 0 0 0 0 0 0 0 0 0 0
          0 0 0 0 0 0 0 0 0 0 0 0
          0 0 0 0 0 0 0 0 0 0 0 0
          0 0 0 0 0 0 0 0 0 0 0 0
          0 0 0 0 0 0 0 0 0 0 0 0
          0 0 0 0 0 0 0 0 0 0 0 0
          0 0 0 0 0 0 0 0 0 0 0 0
          0 0 0 0 0 0 0 0 0 0 0 0
          0 0 0 0 0 0 0 0 0 0 0 0
          0 0 0 0 0 0 0 0 0 0 0 0
          0 0 0 0 0 0 0 0 0 0 0 0
          0 0 0 0 0 0 0 0 0 0 0 0
          0 0 0 0 0 0 0 0 0 0 0 0
          0 0 0 0 0 0 0 0 0 0 0 0
          0 0 0 0 0 0 0 0 0 0 0 0
          0 0 0 0 0 0 0 0 0 0 0 0
          0 0 0 0 0 0 0 0 0 0 0 0
          0 0 0 0 0 0 0 0 0 0 0 0
          0 0 0 0 0 0 0 0 0 0 0 0
          0 0 0 0 0 0 0 0 0 0 0 0
          0 0 0 0 0 0 0 0 0 0 0 0
          0 0 0 0 0 0 0 0 0 0 0 0
          0 0 0 0 0 0 0 0 0 0 0 0
          0 0 0 0 0 0 0 0 0 0 0 0
          0 0 0 0 0 0 0 0 0 0 0 0
          0 0 0 0 0 0 0 0 0 0 0 0
          0 0 0 0 0 0 0 0 0 0 0 0
          0 0 0 0 0 0 0 0 0 0 0 0
          0 0 0 0 0 0 0 0 0 0 0 0
          0 0 0 0 0 0 0 0 0 0 0 0
          0 0 0 0 0 0 0 0 0 0 0 0
          0 0 0 0 0 0 0 0 0 0 0 0
          0 0 0 0 0 0 0 0 0 0 0 0
          0 0 0 0 0 0 0 0 0 0 0 0
          0 0 0 0 0 0 0 0 0 0 0 0
          0 0 0 0 0 0 0 0 0 0 0 0
          0 0 0 0 0 0 0 0 0 0 0 0
          0 0 0 0 0 0 0 0 0 0 0 0
          0 0 0 0 0 0 0 0 0 0 0 0
          0 0 0 0 0 0 0 0 0 0 0 0
          0 0 0 0 0 0 0 0 0 0 0 0
          0 0 0 0 0 0 0 0 0 0 0 0
          0 0 0 0 0 0 0 0 0 0 0 0
          0 0 0 0 0 0 0 0 0 0 0 0
          0 0 0 0 0 0 0 0 0 0 0 0
          0 0 0 0 0 0 0 0 0 0 0 0
          0 0 0 0 0 0 0 0 0 0 0 0
          0 0 0 0 0 0 0 0 0 0 0 0
          0 0 0 0 0 0 0 0 0 0 0 0
          0 0 0 0 0 0 0 0 0 0 0 0
          0 0 0 0 0 0 0 0 0 0 0 0
          0 0 0 0 0 0 0 0 0 0 0 0
          0 0 0 0 0 0 0 0 0 0 0 0
          0 0 0 0 0 0 0 0 0 0 0 0
          0 0 0 0 0 0 0 0 0 0 0 0
          0 0 0 0 0 0 0 0 0 0 0 0
          0 0 0 0 0 0 0 0 0 0 0 0
          0 0 0 0 0 0 0 0 0 0 0 0
          0 0 0 0 0 0 0 0 0 0 0 0
          0 0 0 0 0 0 0 0 0 0 0 0
          0 0 0 0 0 0 0 0 0 0 0 0
          0 0 0 0 0 0 0 0 0 0 0 0
          0 0 0 0 0 0 0 0 0 0 0 0
          0 0 0 0 0 0 0 0 0 0 0 0
          0 0 0 0 0 0 0 0 0 0 0 0
          0 0 0 0 0 0 0 0 0 0 0 0
          0 0 0 0 0 0 0 0 0 0 0 0
          0 0 0 0 0 0 0 0 0 0 0 0
          0 0 0 0 0 0 0 0 0 0 0 0
          0 0 0 0 0 0 0 0 0 0 0 0
          0 0 0 0 0 0 0 0 0 0 0 0
          0 0 0 0 0 0 0 0 0 0 0 0
          0 0 0 0 0 0 0 0 0 0 0 0
          0 0 0 0 0 0 0 0 0 0 0 0
          0 0 0 0 0 0 0 0 0 0 0 0
          0 0 0 0 0 0 0 0 0 0 0 0
          0 0 0 0 0 0 0 0 0 0 0 0
          0 0 0 0 0 0 0 0 0 0 0 0
          0 0 0 0 0 0 0 0 0 0 0 0
          0 0 0 0 0 0 0 0 0 0 0 0
          0 0 0 0 0 0 0 0 0 0 0 0
          0 0 0 0 0 0 0 0 0 0 0 0
          0 0 0 0 0 0 0 0 0 0 0 0
          0 0 0 0 0 0 0 0 0 0 0 0
          0 0 0 0 0 0 0 0 0 0 0 0
          0 0 0 0 0 0 0 0 0 0 0 0
          0 0 0 0 0 0 0 0 0 0 0 0
          0 0 0 0 0 0 0 0 0 0 0 0
          0 0 0 0 0 0 0 0 0 0 0 0
          0 0 0 0 0 0 0 0 0 0 0 0
          0 0 0 0 0 0 0 0 0 0 0 0
          0 0 0 0 0 0 0 0 0 0 0 0
          0 0 0 0 0 0 0 0 0 0 0 0
          0 0 0 0 0 0 0 0 0 0 0 0
          0 0 0 0 0 0 0 0 0 0 0 0
          0 0 0 0 0 0 0 0 0 0 0 0
          0 0 0 0 0 0 0 0 0 0 0 0
          0 0 0 0 0 0 0 0 0 0 0 0
          0 0 0 0 0 0 0 0 0 0 0 0
          0 0 0 0 0 0 0 0 0 0 0 0
          0 0 0 0 0 0 0 0 0 0 0 0
          0 0 0 0 0 0 0 0 0 0 0 0
          0 0 0 0 0 0 0 0 0 0 0 0
          0 0 0 0 0 0 0 0 0 0 0 0
          0 0 0 0 0 0 0 0 0 0 0 0
          0 0 0 0 0 0 0 0 0 0 0 0
          0 0 0 0 0 0 0 0 0 0 0 0
          0 0 0 0 0 0 0 0 0 0 0 0
          0 0 0 0 0 0 0 0 0 0 0 0
          0 0 0 0 0 0 0 0 0 0 0 0
          0 0 0 0 0 0 0 0 0 0 0 0
          0 0 0 0 0 0 0 0 0 0 0 0
          0 0 0 0 0 0 0 0 0 0 0 0
          0 0 0 0 0 0 0 0 0 0 0 0
          0 0 0 0 0 0 0 0 0 0 0 0
          0 0 0 0 0 0 0 0 0 0 0 0
          0 0 0 0 0 0 0 0 0 0 0 0
          0 0 0 0 0 0 0 0 0 0 0 0
          0 0 0 0 0 0 0 0 0 0 0 0
          0 0 0 0 0 0 0 0 0 0 0 0
          0 0 0 0 0 0 0 0 0 0 0 0
          0 0 0 0 0 0 0 0 0 0 0 0
          0 0 0 0 0 0 0 0 0 0 0 0
          0 0 0 0 0 0 0 0 0 0 0 0
          0 0 0 0 0 0 0 0 0 0 0 0
          0 0 0 0 0 0 0 0 0 0 0 0
          0 0 0 0 0 0 0 0 0 0 0 0
          0 0 0 0 0 0 0 0 0 0 0 0
          0 0 0 0 0 0 0 0 0 0 0 0
          0 0 0 0 0 0 0 0 0 0 0 0
          0 0 0 0 0 0 0 0 0 0 0 0
          0 0 0 0 0 0 0 0 0 0 0 0
          0 0 0 0 0 0 0 0 0 0 0 0
          0 0 0 0 0 0 0 0 0 0 0 0
          0 0 0 0 0 0 0 0 0 0 0 0
          0 0 0 0 0 0 0 0 0 0 0 0
          0 0 0 0 0 0 0 0 0 0 0 0
          0 0 0 0 0 0 0 0 0 0 0 0
          0 0 0 0 0 0 0 0 0 0 0 0
          0 0 0 0 0 0 0 0 0 0 0 0
          0 0 0 0 0 0 0 0 0 0 0 0
          0 0 0 0 0 0 0 0 0 0 0 0
          0 0 0 0 0 0 0 0 0 0 0 0
          0 0 0 0 0 0 0 0 0 0 0 0
          0 0 0 0 0 0 0 0 0 0 0 0
          0 0 0 0 0 0 0 0 0 0 0 0
          0 0 0 0 0 0 0 0 0 0 0 0
          0 0 0 0 0 0 0 0 0 0 0 0
          0 0 0 0 0 0 0 0 0 0 0 0
          0 0 0 0 0 0 0 0 0 0 0 0
          0 0 0 0 0 0 0 0 0 0 0 0
          0 0 0 0 0 0 0 0 0 0 0 0
          0 0 0 0 0 0 0 0 0 0 0 0
          0 0 0 0 0 0 0 0 0 0 0 0
          0 0 0 0 0 0 0 0
        </DataArray>
      </CellData>
      <Points>
        <DataArray type="Float32" Name="Coordinates" NumberOfComponents="3" format="ascii">
          0.2 0 0 10.2 0 0 0.2 3 0 10.2 3 0
          20.2 0 0 20.2 3 0 30.2 0 0 30.2 3 0
          40.2 0 0 40.2 3 0 50.2 0 0 50.2 3 0
          60.2 0 0 60.2 3 0 70.2 0 0 70.2 3 0
          80.2 0 0 80.2 3 0 90.2 0 0 90.2 3 0
          100.2 0 0 100.2 3 0 110.2 0 0 110.2 3 0
          120.2 0 0 120.2 3 0 130.2 0 0 130.2 3 0
          140.2 0 0 140.2 3 0 150.2 0 0 150.2 3 0
          160.2 0 0 160.2 3 0 170.2 0 0 170.2 3 0
          180.2 0 0 180.2 3 0 190.2 0 0 190.2 3 0
          200.2 0 0 200.2 3 0 210.2 0 0 210.2 3 0
          220.2 0 0 220.2 3 0 230.2 0 0 230.2 3 0
          240.2 0 0 240.2 3 0 250.2 0 0 250.2 3 0
          260.2 0 0 260.2 3 0 270.2 0 0 270.2 3 0
          280.2 0 0 280.2 3 0 290.2 0 0 290.2 3 0
          300.2 0 0 300.2 3 0 310.2 0 0 310.2 3 0
          320.2 0 0 320.2 3 0 330.2 0 0 330.2 3 0
          340.2 0 0 340.2 3 0 350.2 0 0 350.2 3 0
          360.2 0 0 360.2 3 0 370.2 0 0 370.2 3 0
          380.2 0 0 380.2 3 0 390.2 0 0 390.2 3 0
          400.2 0 0 400.2 3 0 410.2 0 0 410.2 3 0
          420.2 0 0 420.2 3 0 430.2 0 0 430.2 3 0
          440.2 0 0 440.2 3 0 450.2 0 0 450.2 3 0
          460.2 0 0 460.2 3 0 470.2 0 0 470.2 3 0
          480.2 0 0 480.2 3 0 490.2 0 0 490.2 3 0
          500.2 0 0 500.2 3 0 510.2 0 0 510.2 3 0
          520.2 0 0 520.2 3 0 530.2 0 0 530.2 3 0
          540.2 0 0 540.2 3 0 550.2 0 0 550.2 3 0
          560.2 0 0 560.2 3 0 570.2 0 0 570.2 3 0
          580.2 0 0 580.2 3 0 590.2 0 0 590.2 3 0
          600.2 0 0 600.2 3 0 610.2 0 0 610.2 3 0
          620.2 0 0 620.2 3 0 630.2 0 0 630.2 3 0
          640.2 0 0 640.2 3 0 650.2 0 0 650.2 3 0
          660.2 0 0 660.2 3 0 670.2 0 0 670.2 3 0
          680.2 0 0 680.2 3 0 690.2 0 0 690.2 3 0
          700.2 0 0 700.2 3 0 710.2 0 0 710.2 3 0
          720.2 0 0 720.2 3 0 730.2 0 0 730.2 3 0
          740.2 0 0 740.2 3 0 750.2 0 0 750.2 3 0
          760.2 0 0 760.2 3 0 770.2 0 0 770.2 3 0
          780.2 0 0 780.2 3 0 790.2 0 0 790.2 3 0
          800.2 0 0 800.2 3 0 810.2 0 0 810.2 3 0
          820.2 0 0 820.2 3 0 830.2 0 0 830.2 3 0
          840.2 0 0 840.2 3 0 850.2 0 0 850.2 3 0
          860.2 0 0 860.2 3 0 870.2 0 0 870.2 3 0
          880.2 0 0 880.2 3 0 890.2 0 0 890.2 3 0
          900.2 0 0 900.2 3 0 910.2 0 0 910.2 3 0
          920.2 0 0 920.2 3 0 930.2 0 0 930.2 3 0
          940.2 0 0 940.2 3 0 950.2 0 0 950.2 3 0
          960.2 0 0 960.2 3 0 970.2 0 0 970.2 3 0
          980.2 0 0 980.2 3 0 990.2 0 0 990.2 3 0
          1000.2 0 0 1000.2 3 0 0.2 6 0 10.2 6 0
          20.2 6 0 30.2 6 0 40.2 6 0 50.2 6 0
          60.2 6 0 70.2 6 0 80.2 6 0 90.2 6 0
          100.2 6 0 110.2 6 0 120.2 6 0 130.2 6 0
          140.2 6 0 150.2 6 0 160.2 6 0 170.2 6 0
          180.2 6 0 190.2 6 0 200.2 6 0 210.2 6 0
          220.2 6 0 230.2 6 0 240.2 6 0 250.2 6 0
          260.2 6 0 270.2 6 0 280.2 6 0 290.2 6 0
          300.2 6 0 310.2 6 0 320.2 6 0 330.2 6 0
          340.2 6 0 350.2 6 0 360.2 6 0 370.2 6 0
          380.2 6 0 390.2 6 0 400.2 6 0 410.2 6 0
          420.2 6 0 430.2 6 0 440.2 6 0 450.2 6 0
          460.2 6 0 470.2 6 0 480.2 6 0 490.2 6 0
          500.2 6 0 510.2 6 0 520.2 6 0 530.2 6 0
          540.2 6 0 550.2 6 0 560.2 6 0 570.2 6 0
          580.2 6 0 590.2 6 0 600.2 6 0 610.2 6 0
          620.2 6 0 630.2 6 0 640.2 6 0 650.2 6 0
          660.2 6 0 670.2 6 0 680.2 6 0 690.2 6 0
          700.2 6 0 710.2 6 0 720.2 6 0 730.2 6 0
          740.2 6 0 750.2 6 0 760.2 6 0 770.2 6 0
          780.2 6 0 790.2 6 0 800.2 6 0 810.2 6 0
          820.2 6 0 830.2 6 0 840.2 6 0 850.2 6 0
          860.2 6 0 870.2 6 0 880.2 6 0 890.2 6 0
          900.2 6 0 910.2 6 0 920.2 6 0 930.2 6 0
          940.2 6 0 950.2 6 0 960.2 6 0 970.2 6 0
          980.2 6 0 990.2 6 0 1000.2 6 0 0.2 9 0
          10.2 9 0 20.2 9 0 30.2 9 0 40.2 9 0
          50.2 9 0 60.2 9 0 70.2 9 0 80.2 9 0
          90.2 9 0 100.2 9 0 110.2 9 0 120.2 9 0
          130.2 9 0 140.2 9 0 150.2 9 0 160.2 9 0
          170.2 9 0 180.2 9 0 190.2 9 0 200.2 9 0
          210.2 9 0 220.2 9 0 230.2 9 0 240.2 9 0
          250.2 9 0 260.2 9 0 270.2 9 0 280.2 9 0
          290.2 9 0 300.2 9 0 310.2 9 0 320.2 9 0
          330.2 9 0 340.2 9 0 350.2 9 0 360.2 9 0
          370.2 9 0 380.2 9 0 390.2 9 0 400.2 9 0
          410.2 9 0 420.2 9 0 430.2 9 0 440.2 9 0
          450.2 9 0 460.2 9 0 470.2 9 0 480.2 9 0
          490.2 9 0 500.2 9 0 510.2 9 0 520.2 9 0
          530.2 9 0 540.2 9 0 550.2 9 0 560.2 9 0
          570.2 9 0 580.2 9 0 590.2 9 0 600.2 9 0
          610.2 9 0 620.2 9 0 630.2 9 0 640.2 9 0
          650.2 9 0 660.2 9 0 670.2 9 0 680.2 9 0
          690.2 9 0 700.2 9 0 710.2 9 0 720.2 9 0
          730.2 9 0 740.2 9 0 750.2 9 0 760.2 9 0
          770.2 9 0 780.2 9 0 790.2 9 0 800.2 9 0
          810.2 9 0 820.2 9 0 830.2 9 0 840.2 9 0
          850.2 9 0 860.2 9 0 870.2 9 0 880.2 9 0
          890.2 9 0 900.2 9 0 910.2 9 0 920.2 9 0
          930.2 9 0 940.2 9 0 950.2 9 0 960.2 9 0
          970.2 9 0 980.2 9 0 990.2 9 0 1000.2 9 0
          0.2 12 0 10.2 12 0 20.2 12 0 30.2 12 0
          40.2 12 0 50.2 12 0 60.2 12 0 70.2 12 0
          80.2 12 0 90.2 12 0 100.2 12 0 110.2 12 0
          120.2 12 0 130.2 12 0 140.2 12 0 150.2 12 0
          160.2 12 0 170.2 12 0 180.2 12 0 190.2 12 0
          200.2 12 0 210.2 12 0 220.2 12 0 230.2 12 0
          240.2 12 0 250.2 12 0 260.2 12 0 270.2 12 0
          280.2 12 0 290.2 12 0 300.2 12 0 310.2 12 0
          320.2 12 0 330.2 12 0 340.2 12 0 350.2 12 0
          360.2 12 0 370.2 12 0 380.2 12 0 390.2 12 0
          400.2 12 0 410.2 12 0 420.2 12 0 430.2 12 0
          440.2 12 0 450.2 12 0 460.2 12 0 470.2 12 0
          480.2 12 0 490.2 12 0 500.2 12 0 510.2 12 0
          520.2 12 0 530.2 12 0 540.2 12 0 550.2 12 0
          560.2 12 0 570.2 12 0 580.2 12 0 590.2 12 0
          600.2 12 0 610.2 12 0 620.2 12 0 630.2 12 0
          640.2 12 0 650.2 12 0 660.2 12 0 670.2 12 0
          680.2 12 0 690.2 12 0 700.2 12 0 710.2 12 0
          720.2 12 0 730.2 12 0 740.2 12 0 750.2 12 0
          760.2 12 0 770.2 12 0 780.2 12 0 790.2 12 0
          800.2 12 0 810.2 12 0 820.2 12 0 830.2 12 0
          840.2 12 0 850.2 12 0 860.2 12 0 870.2 12 0
          880.2 12 0 890.2 12 0 900.2 12 0 910.2 12 0
          920.2 12 0 930.2 12 0 940.2 12 0 950.2 12 0
          960.2 12 0 970.2 12 0 980.2 12 0 990.2 12 0
          1000.2 12 0 0.2 15 0 10.2 15 0 20.2 15 0
          30.2 15 0 40.2 15 0 50.2 15 0 60.2 15 0
          70.2 15 0 80.2 15 0 90.2 15 0 100.2 15 0
          110.2 15 0 120.2 15 0 130.2 15 0 140.2 15 0
          150.2 15 0 160.2 15 0 170.2 15 0 180.2 15 0
          190.2 15 0 200.2 15 0 210.2 15 0 220.2 15 0
          230.2 15 0 240.2 15 0 250.2 15 0 260.2 15 0
          270.2 15 0 280.2 15 0 290.2 15 0 300.2 15 0
          310.2 15 0 320.2 15 0 330.2 15 0 340.2 15 0
          350.2 15 0 360.2 15 0 370.2 15 0 380.2 15 0
          390.2 15 0 400.2 15 0 410.2 15 0 420.2 15 0
          430.2 15 0 440.2 15 0 450.2 15 0 460.2 15 0
          470.2 15 0 480.2 15 0 490.2 15 0 500.2 15 0
          510.2 15 0 520.2 15 0 530.2 15 0 540.2 15 0
          550.2 15 0 560.2 15 0 570.2 15 0 580.2 15 0
          590.2 15 0 600.2 15 0 610.2 15 0 620.2 15 0
          630.2 15 0 640.2 15 0 650.2 15 0 660.2 15 0
          670.2 15 0 680.2 15 0 690.2 15 0 700.2 15 0
          710.2 15 0 720.2 15 0 730.2 15 0 740.2 15 0
          750.2 15 0 760.2 15 0 770.2 15 0 780.2 15 0
          790.2 15 0 800.2 15 0 810.2 15 0 820.2 15 0
          830.2 15 0 840.2 15 0 850.2 15 0 860.2 15 0
          870.2 15 0 880.2 15 0 890.2 15 0 900.2 15 0
          910.2 15 0 920.2 15 0 930.2 15 0 940.2 15 0
          950.2 15 0 960.2 15 0 970.2 15 0 980.2 15 0
          990.2 15 0 1000.2 15 0 0.2 18 0 10.2 18 0
          20.2 18 0 30.2 18 0 40.2 18 0 50.2 18 0
          60.2 18 0 70.2 18 0 80.2 18 0 90.2 18 0
          100.2 18 0 110.2 18 0 120.2 18 0 130.2 18 0
          140.2 18 0 150.2 18 0 160.2 18 0 170.2 18 0
          180.2 18 0 190.2 18 0 200.2 18 0 210.2 18 0
          220.2 18 0 230.2 18 0 240.2 18 0 250.2 18 0
          260.2 18 0 270.2 18 0 280.2 18 0 290.2 18 0
          300.2 18 0 310.2 18 0 320.2 18 0 330.2 18 0
          340.2 18 0 350.2 18 0 360.2 18 0 370.2 18 0
          380.2 18 0 390.2 18 0 400.2 18 0 410.2 18 0
          420.2 18 0 430.2 18 0 440.2 18 0 450.2 18 0
          460.2 18 0 470.2 18 0 480.2 18 0 490.2 18 0
          500.2 18 0 510.2 18 0 520.2 18 0 530.2 18 0
          540.2 18 0 550.2 18 0 560.2 18 0 570.2 18 0
          580.2 18 0 590.2 18 0 600.2 18 0 610.2 18 0
          620.2 18 0 630.2 18 0 640.2 18 0 650.2 18 0
          660.2 18 0 670.2 18 0 680.2 18 0 690.2 18 0
          700.2 18 0 710.2 18 0 720.2 18 0 730.2 18 0
          740.2 18 0 750.2 18 0 760.2 18 0 770.2 18 0
          780.2 18 0 790.2 18 0 800.2 18 0 810.2 18 0
          820.2 18 0 830.2 18 0 840.2 18 0 850.2 18 0
          860.2 18 0 870.2 18 0 880.2 18 0 890.2 18 0
          900.2 18 0 910.2 18 0 920.2 18 0 930.2 18 0
          940.2 18 0 950.2 18 0 960.2 18 0 970.2 18 0
          980.2 18 0 990.2 18 0 1000.2 18 0 0.2 21 0
          10.2 21 0 20.2 21 0 30.2 21 0 40.2 21 0
          50.2 21 0 60.2 21 0 70.2 21 0 80.2 21 0
          90.2 21 0 100.2 21 0 110.2 21 0 120.2 21 0
          130.2 21 0 140.2 21 0 150.2 21 0 160.2 21 0
          170.2 21 0 180.2 21 0 190.2 21 0 200.2 21 0
          210.2 21 0 220.2 21 0 230.2 21 0 240.2 21 0
          250.2 21 0 260.2 21 0 270.2 21 0 280.2 21 0
          290.2 21 0 300.2 21 0 310.2 21 0 320.2 21 0
          330.2 21 0 340.2 21 0 350.2 21 0 360.2 21 0
          370.2 21 0 380.2 21 0 390.2 21 0 400.2 21 0
          410.2 21 0 420.2 21 0 430.2 21 0 440.2 21 0
          450.2 21 0 460.2 21 0 470.2 21 0 480.2 21 0
          490.2 21 0 500.2 21 0 510.2 21 0 520.2 21 0
          530.2 21 0 540.2 21 0 550.2 21 0 560.2 21 0
          570.2 21 0 580.2 21 0 590.2 21 0 600.2 21 0
          610.2 21 0 620.2 21 0 630.2 21 0 640.2 21 0
          650.2 21 0 660.2 21 0 670.2 21 0 680.2 21 0
          690.2 21 0 700.2 21 0 710.2 21 0 720.2 21 0
          730.2 21 0 740.2 21 0 750.2 21 0 760.2 21 0
          770.2 21 0 780.2 21 0 790.2 21 0 800.2 21 0
          810.2 21 0 820.2 21 0 830.2 21 0 840.2 21 0
          850.2 21 0 860.2 21 0 870.2 21 0 880.2 21 0
          890.2 21 0 900.2 21 0 910.2 21 0 920.2 21 0
          930.2 21 0 940.2 21 0 950.2 21 0 960.2 21 0
          970.2 21 0 980.2 21 0 990.2 21 0 1000.2 21 0
          0.2 24 0 10.2 24 0 20.2 24 0 30.2 24 0
          40.2 24 0 50.2 24 0 60.2 24 0 70.2 24 0
          80.2 24 0 90.2 24 0 100.2 24 0 110.2 24 0
          120.2 24 0 130.2 24 0 140.2 24 0 150.2 24 0
          160.2 24 0 170.2 24 0 180.2 24 0 190.2 24 0
          200.2 24 0 210.2 24 0 220.2 24 0 230.2 24 0
          240.2 24 0 250.2 24 0 260.2 24 0 270.2 24 0
          280.2 24 0 290.2 24 0 300.2 24 0 310.2 24 0
          320.2 24 0 330.2 24 0 340.2 24 0 350.2 24 0
          360.2 24 0 370.2 24 0 380.2 24 0 390.2 24 0
          400.2 24 0 410.2 24 0 420.2 24 0 430.2 24 0
          440.2 24 0 450.2 24 0 460.2 24 0 470.2 24 0
          480.2 24 0 490.2 24 0 500.2 24 0 510.2 24 0
          520.2 24 0 530.2 24 0 540.2 24 0 550.2 24 0
          560.2 24 0 570.2 24 0 580.2 24 0 590.2 24 0
          600.2 24 0 610.2 24 0 620.2 24 0 630.2 24 0
          640.2 24 0 650.2 24 0 660.2 24 0 670.2 24 0
          680.2 24 0 690.2 24 0 700.2 24 0 710.2 24 0
          720.2 24 0 730.2 24 0 740.2 24 0 750.2 24 0
          760.2 24 0 770.2 24 0 780.2 24 0 790.2 24 0
          800.2 24 0 810.2 24 0 820.2 24 0 830.2 24 0
          840.2 24 0 850.2 24 0 860.2 24 0 870.2 24 0
          880.2 24 0 890.2 24 0 900.2 24 0 910.2 24 0
          920.2 24 0 930.2 24 0 940.2 24 0 950.2 24 0
          960.2 24 0 970.2 24 0 980.2 24 0 990.2 24 0
          1000.2 24 0 0.2 27 0 10.2 27 0 20.2 27 0
          30.2 27 0 40.2 27 0 50.2 27 0 60.2 27 0
          70.2 27 0 80.2 27 0 90.2 27 0 100.2 27 0
          110.2 27 0 120.2 27 0 130.2 27 0 140.2 27 0
          150.2 27 0 160.2 27 0 170.2 27 0 180.2 27 0
          190.2 27 0 200.2 27 0 210.2 27 0 220.2 27 0
          230.2 27 0 240.2 27 0 250.2 27 0 260.2 27 0
          270.2 27 0 280.2 27 0 290.2 27 0 300.2 27 0
          310.2 27 0 320.2 27 0 330.2 27 0 340.2 27 0
          350.2 27 0 360.2 27 0 370.2 27 0 380.2 27 0
          390.2 27 0 400.2 27 0 410.2 27 0 420.2 27 0
          430.2 27 0 440.2 27 0 450.2 27 0 460.2 27 0
          470.2 27 0 480.2 27 0 490.2 27 0 500.2 27 0
          510.2 27 0 520.2 27 0 530.2 27 0 540.2 27 0
          550.2 27 0 560.2 27 0 570.2 27 0 580.2 27 0
          590.2 27 0 600.2 27 0 610.2 27 0 620.2 27 0
          630.2 27 0 640.2 27 0 650.2 27 0 660.2 27 0
          670.2 27 0 680.2 27 0 690.2 27 0 700.2 27 0
          710.2 27 0 720.2 27 0 730.2 27 0 740.2 27 0
          750.2 27 0 760.2 27 0 770.2 27 0 780.2 27 0
          790.2 27 0 800.2 27 0 810.2 27 0 820.2 27 0
          830.2 27 0 840.2 27 0 850.2 27 0 860.2 27 0
          870.2 27 0 880.2 27 0 890.2 27 0 900.2 27 0
          910.2 27 0 920.2 27 0 930.2 27 0 940.2 27 0
          950.2 27 0 960.2 27 0 970.2 27 0 980.2 27 0
          990.2 27 0 1000.2 27 0 0.2 30 0 10.2 30 0
          20.2 30 0 30.2 30 0 40.2 30 0 50.2 30 0
          60.2 30 0 70.2 30 0 80.2 30 0 90.2 30 0
          100.2 30 0 110.2 30 0 120.2 30 0 130.2 30 0
          140.2 30 0 150.2 30 0 160.2 30 0 170.2 30 0
          180.2 30 0 190.2 30 0 200.2 30 0 210.2 30 0
          220.2 30 0 230.2 30 0 240.2 30 0 250.2 30 0
          260.2 30 0 270.2 30 0 280.2 30 0 290.2 30 0
          300.2 30 0 310.2 30 0 320.2 30 0 330.2 30 0
          340.2 30 0 350.2 30 0 360.2 30 0 370.2 30 0
          380.2 30 0 390.2 30 0 400.2 30 0 410.2 30 0
          420.2 30 0 430.2 30 0 440.2 30 0 450.2 30 0
          460.2 30 0 470.2 30 0 480.2 30 0 490.2 30 0
          500.2 30 0 510.2 30 0 520.2 30 0 530.2 30 0
          540.2 30 0 550.2 30 0 560.2 30 0 570.2 30 0
          580.2 30 0 590.2 30 0 600.2 30 0 610.2 30 0
          620.2 30 0 630.2 30 0 640.2 30 0 650.2 30 0
          660.2 30 0 670.2 30 0 680.2 30 0 690.2 30 0
          700.2 30 0 710.2 30 0 720.2 30 0 730.2 30 0
          740.2 30 0 750.2 30 0 760.2 30 0 770.2 30 0
          780.2 30 0 790.2 30 0 800.2 30 0 810.2 30 0
          820.2 30 0 830.2 30 0 840.2 30 0 850.2 30 0
          860.2 30 0 870.2 30 0 880.2 30 0 890.2 30 0
          900.2 30 0 910.2 30 0 920.2 30 0 930.2 30 0
          940.2 30 0 950.2 30 0 960.2 30 0 970.2 30 0
          980.2 30 0 990.2 30 0 1000.2 30 0 0.2 33 0
          10.2 33 0 20.2 33 0 30.2 33 0 40.2 33 0
          50.2 33 0 60.2 33 0 70.2 33 0 80.2 33 0
          90.2 33 0 100.2 33 0 110.2 33 0 120.2 33 0
          130.2 33 0 140.2 33 0 150.2 33 0 160.2 33 0
          170.2 33 0 180.2 33 0 190.2 33 0 200.2 33 0
          210.2 33 0 220.2 33 0 230.2 33 0 240.2 33 0
          250.2 33 0 260.2 33 0 270.2 33 0 280.2 33 0
          290.2 33 0 300.2 33 0 310.2 33 0 320.2 33 0
          330.2 33 0 340.2 33 0 350.2 33 0 360.2 33 0
          370.2 33 0 380.2 33 0 390.2 33 0 400.2 33 0
          410.2 33 0 420.2 33 0 430.2 33 0 440.2 33 0
          450.2 33 0 460.2 33 0 470.2 33 0 480.2 33 0
          490.2 33 0 500.2 33 0 510.2 33 0 520.2 33 0
          530.2 33 0 540.2 33 0 550.2 33 0 560.2 33 0
          570.2 33 0 580.2 33 0 590.2 33 0 600.2 33 0
          610.2 33 0 620.2 33 0 630.2 33 0 640.2 33 0
          650.2 33 0 660.2 33 0 670.2 33 0 680.2 33 0
          690.2 33 0 700.2 33 0 710.2 33 0 720.2 33 0
          730.2 33 0 740.2 33 0 750.2 33 0 760.2 33 0
          770.2 33 0 780.2 33 0 790.2 33 0 800.2 33 0
          810.2 33 0 820.2 33 0 830.2 33 0 840.2 33 0
          850.2 33 0 860.2 33 0 870.2 33 0 880.2 33 0
          890.2 33 0 900.2 33 0 910.2 33 0 920.2 33 0
          930.2 33 0 940.2 33 0 950.2 33 0 960.2 33 0
          970.2 33 0 980.2 33 0 990.2 33 0 1000.2 33 0
          0.2 36 0 10.2 36 0 20.2 36 0 30.2 36 0
          40.2 36 0 50.2 36 0 60.2 36 0 70.2 36 0
          80.2 36 0 90.2 36 0 100.2 36 0 110.2 36 0
          120.2 36 0 130.2 36 0 140.2 36 0 150.2 36 0
          160.2 36 0 170.2 36 0 180.2 36 0 190.2 36 0
          200.2 36 0 210.2 36 0 220.2 36 0 230.2 36 0
          240.2 36 0 250.2 36 0 260.2 36 0 270.2 36 0
          280.2 36 0 290.2 36 0 300.2 36 0 310.2 36 0
          320.2 36 0 330.2 36 0 340.2 36 0 350.2 36 0
          360.2 36 0 370.2 36 0 380.2 36 0 390.2 36 0
          400.2 36 0 410.2 36 0 420.2 36 0 430.2 36 0
          440.2 36 0 450.2 36 0 460.2 36 0 470.2 36 0
          480.2 36 0 490.2 36 0 500.2 36 0 510.2 36 0
          520.2 36 0 530.2 36 0 540.2 36 0 550.2 36 0
          560.2 36 0 570.2 36 0 580.2 36 0 590.2 36 0
          600.2 36 0 610.2 36 0 620.2 36 0 630.2 36 0
          640.2 36 0 650.2 36 0 660.2 36 0 670.2 36 0
          680.2 36 0 690.2 36 0 700.2 36 0 710.2 36 0
          720.2 36 0 730.2 36 0 740.2 36 0 750.2 36 0
          760.2 36 0 770.2 36 0 780.2 36 0 790.2 36 0
          800.2 36 0 810.2 36 0 820.2 36 0 830.2 36 0
          840.2 36 0 850.2 36 0 860.2 36 0 870.2 36 0
          880.2 36 0 890.2 36 0 900.2 36 0 910.2 36 0
          920.2 36 0 930.2 36 0 940.2 36 0 950.2 36 0
          960.2 36 0 970.2 36 0 980.2 36 0 990.2 36 0
          1000.2 36 0 0.2 39 0 10.2 39 0 20.2 39 0
          30.2 39 0 40.2 39 0 50.2 39 0 60.2 39 0
          70.2 39 0 80.2 39 0 90.2 39 0 100.2 39 0
          110.2 39 0 120.2 39 0 130.2 39 0 140.2 39 0
          150.2 39 0 160.2 39 0 170.2 39 0 180.2 39 0
          190.2 39 0 200.2 39 0 210.2 39 0 220.2 39 0
          230.2 39 0 240.2 39 0 250.2 39 0 260.2 39 0
          270.2 39 0 280.2 39 0 290.2 39 0 300.2 39 0
          310.2 39 0 320.2 39 0 330.2 39 0 340.2 39 0
          350.2 39 0 360.2 39 0 370.2 39 0 380.2 39 0
          390.2 39 0 400.2 39 0 410.2 39 0 420.2 39 0
          430.2 39 0 440.2 39 0 450.2 39 0 460.2 39 0
          470.2 39 0 480.2 39 0 490.2 39 0 500.2 39 0
          510.2 39 0 520.2 39 0 530.2 39 0 540.2 39 0
          550.2 39 0 560.2 39 0 570.2 39 0 580.2 39 0
          590.2 39 0 600.2 39 0 610.2 39 0 620.2 39 0
          630.2 39 0 640.2 39 0 650.2 39 0 660.2 39 0
          670.2 39 0 680.2 39 0 690.2 39 0 700.2 39 0
          710.2 39 0 720.2 39 0 730.2 39 0 740.2 39 0
          750.2 39 0 760.2 39 0 770.2 39 0 780.2 39 0
          790.2 39 0 800.2 39 0 810.2 39 0 820.2 39 0
          830.2 39 0 840.2 39 0 850.2 39 0 860.2 39 0
          870.2 39 0 880.2 39 0 890.2 39 0 900.2 39 0
          910.2 39 0 920.2 39 0 930.2 39 0 940.2 39 0
          950.2 39 0 960.2 39 0 970.2 39 0 980.2 39 0
          990.2 39 0 1000.2 39 0 0.2 42 0 10.2 42 0
          20.2 42 0 30.2 42 0 40.2 42 0 50.2 42 0
          60.2 42 0 70.2 42 0 80.2 42 0 90.2 42 0
          100.2 42 0 110.2 42 0 120.2 42 0 130.2 42 0
          140.2 42 0 150.2 42 0 160.2 42 0 170.2 42 0
          180.2 42 0 190.2 42 0 200.2 42 0 210.2 42 0
          220.2 42 0 230.2 42 0 240.2 42 0 250.2 42 0
          260.2 42 0 270.2 42 0 280.2 42 0 290.2 42 0
          300.2 42 0 310.2 42 0 320.2 42 0 330.2 42 0
          340.2 42 0 350.2 42 0 360.2 42 0 370.2 42 0
          380.2 42 0 390.2 42 0 400.2 42 0 410.2 42 0
          420.2 42 0 430.2 42 0 440.2 42 0 450.2 42 0
          460.2 42 0 470.2 42 0 480.2 42 0 490.2 42 0
          500.2 42 0 510.2 42 0 520.2 42 0 530.2 42 0
          540.2 42 0 550.2 42 0 560.2 42 0 570.2 42 0
          580.2 42 0 590.2 42 0 600.2 42 0 610.2 42 0
          620.2 42 0 630.2 42 0 640.2 42 0 650.2 42 0
          660.2 42 0 670.2 42 0 680.2 42 0 690.2 42 0
          700.2 42 0 710.2 42 0 720.2 42 0 730.2 42 0
          740.2 42 0 750.2 42 0 760.2 42 0 770.2 42 0
          780.2 42 0 790.2 42 0 800.2 42 0 810.2 42 0
          820.2 42 0 830.2 42 0 840.2 42 0 850.2 42 0
          860.2 42 0 870.2 42 0 880.2 42 0 890.2 42 0
          900.2 42 0 910.2 42 0 920.2 42 0 930.2 42 0
          940.2 42 0 950.2 42 0 960.2 42 0 970.2 42 0
          980.2 42 0 990.2 42 0 1000.2 42 0 0.2 45 0
          10.2 45 0 20.2 45 0 30.2 45 0 40.2 45 0
          50.2 45 0 60.2 45 0 70.2 45 0 80.2 45 0
          90.2 45 0 100.2 45 0 110.2 45 0 120.2 45 0
          130.2 45 0 140.2 45 0 150.2 45 0 160.2 45 0
          170.2 45 0 180.2 45 0 190.2 45 0 200.2 45 0
          210.2 45 0 220.2 45 0 230.2 45 0 240.2 45 0
          250.2 45 0 260.2 45 0 270.2 45 0 280.2 45 0
          290.2 45 0 300.2 45 0 310.2 45 0 320.2 45 0
          330.2 45 0 340.2 45 0 350.2 45 0 360.2 45 0
          370.2 45 0 380.2 45 0 390.2 45 0 400.2 45 0
          410.2 45 0 420.2 45 0 430.2 45 0 440.2 45 0
          450.2 45 0 460.2 45 0 470.2 45 0 480.2 45 0
          490.2 45 0 500.2 45 0 510.2 45 0 520.2 45 0
          530.2 45 0 540.2 45 0 550.2 45 0 560.2 45 0
          570.2 45 0 580.2 45 0 590.2 45 0 600.2 45 0
          610.2 45 0 620.2 45 0 630.2 45 0 640.2 45 0
          650.2 45 0 660.2 45 0 670.2 45 0 680.2 45 0
          690.2 45 0 700.2 45 0 710.2 45 0 720.2 45 0
          730.2 45 0 740.2 45 0 750.2 45 0 760.2 45 0
          770.2 45 0 780.2 45 0 790.2 45 0 800.2 45 0
          810.2 45 0 820.2 45 0 830.2 45 0 840.2 45 0
          850.2 45 0 860.2 45 0 870.2 45 0 880.2 45 0
          890.2 45 0 900.2 45 0 910.2 45 0 920.2 45 0
          930.2 45 0 940.2 45 0 950.2 45 0 960.2 45 0
          970.2 45 0 980.2 45 0 990.2 45 0 1000.2 45 0
          0.2 48 0 10.2 48 0 20.2 48 0 30.2 48 0
          40.2 48 0 50.2 48 0 60.2 48 0 70.2 48 0
          80.2 48 0 90.2 48 0 100.2 48 0 110.2 48 0
          120.2 48 0 130.2 48 0 140.2 48 0 150.2 48 0
          160.2 48 0 170.2 48 0 180.2 48 0 190.2 48 0
          200.2 48 0 210.2 48 0 220.2 48 0 230.2 48 0
          240.2 48 0 250.2 48 0 260.2 48 0 270.2 48 0
          280.2 48 0 290.2 48 0 300.2 48 0 310.2 48 0
          320.2 48 0 330.2 48 0 340.2 48 0 350.2 48 0
          360.2 48 0 370.2 48 0 380.2 48 0 390.2 48 0
          400.2 48 0 410.2 48 0 420.2 48 0 430.2 48 0
          440.2 48 0 450.2 48 0 460.2 48 0 470.2 48 0
          480.2 48 0 490.2 48 0 500.2 48 0 510.2 48 0
          520.2 48 0 530.2 48 0 540.2 48 0 550.2 48 0
          560.2 48 0 570.2 48 0 580.2 48 0 590.2 48 0
          600.2 48 0 610.2 48 0 620.2 48 0 630.2 48 0
          640.2 48 0 650.2 48 0 660.2 48 0 670.2 48 0
          680.2 48 0 690.2 48 0 700.2 48 0 710.2 48 0
          720.2 48 0 730.2 48 0 740.2 48 0 750.2 48 0
          760.2 48 0 770.2 48 0 780.2 48 0 790.2 48 0
          800.2 48 0 810.2 48 0 820.2 48 0 830.2 48 0
          840.2 48 0 850.2 48 0 860.2 48 0 870.2 48 0
          880.2 48 0 890.2 48 0 900.2 48 0 910.2 48 0
          920.2 48 0 930.2 48 0 940.2 48 0 950.2 48 0
          960.2 48 0 970.2 48 0 980.2 48 0 990.2 48 0
          1000.2 48 0 0.2 51 0 10.2 51 0 20.2 51 0
          30.2 51 0 40.2 51 0 50.2 51 0 60.2 51 0
          70.2 51 0 80.2 51 0 90.2 51 0 100.2 51 0
          110.2 51 0 120.2 51 0 130.2 51 0 140.2 51 0
          150.2 51 0 160.2 51 0 170.2 51 0 180.2 51 0
          190.2 51 0 200.2 51 0 210.2 51 0 220.2 51 0
          230.2 51 0 240.2 51 0 250.2 51 0 260.2 51 0
          270.2 51 0 280.2 51 0 290.2 51 0 300.2 51 0
          310.2 51 0 320.2 51 0 330.2 51 0 340.2 51 0
          350.2 51 0 360.2 51 0 370.2 51 0 380.2 51 0
          390.2 51 0 400.2 51 0 410.2 51 0 420.2 51 0
          430.2 51 0 440.2 51 0 450.2 51 0 460.2 51 0
          470.2 51 0 480.2 51 0 490.2 51 0 500.2 51 0
          510.2 51 0 520.2 51 0 530.2 51 0 540.2 51 0
          550.2 51 0 560.2 51 0 570.2 51 0 580.2 51 0
          590.2 51 0 600.2 51 0 610.2 51 0 620.2 51 0
          630.2 51 0 640.2 51 0 650.2 51 0 660.2 51 0
          670.2 51 0 680.2 51 0 690.2 51 0 700.2 51 0
          710.2 51 0 720.2 51 0 730.2 51 0 740.2 51 0
          750.2 51 0 760.2 51 0 770.2 51 0 780.2 51 0
          790.2 51 0 800.2 51 0 810.2 51 0 820.2 51 0
          830.2 51 0 840.2 51 0 850.2 51 0 860.2 51 0
          870.2 51 0 880.2 51 0 890.2 51 0 900.2 51 0
          910.2 51 0 920.2 51 0 930.2 51 0 940.2 51 0
          950.2 51 0 960.2 51 0 970.2 51 0 980.2 51 0
          990.2 51 0 1000.2 51 0 0.2 54 0 10.2 54 0
          20.2 54 0 30.2 54 0 40.2 54 0 50.2 54 0
          60.2 54 0 70.2 54 0 80.2 54 0 90.2 54 0
          100.2 54 0 110.2 54 0 120.2 54 0 130.2 54 0
          140.2 54 0 150.2 54 0 160.2 54 0 170.2 54 0
          180.2 54 0 190.2 54 0 200.2 54 0 210.2 54 0
          220.2 54 0 230.2 54 0 240.2 54 0 250.2 54 0
          260.2 54 0 270.2 54 0 280.2 54 0 290.2 54 0
          300.2 54 0 310.2 54 0 320.2 54 0 330.2 54 0
          340.2 54 0 350.2 54 0 360.2 54 0 370.2 54 0
          380.2 54 0 390.2 54 0 400.2 54 0 410.2 54 0
          420.2 54 0 430.2 54 0 440.2 54 0 450.2 54 0
          460.2 54 0 470.2 54 0 480.2 54 0 490.2 54 0
          500.2 54 0 510.2 54 0 520.2 54 0 530.2 54 0
          540.2 54 0 550.2 54 0 560.2 54 0 570.2 54 0
          580.2 54 0 590.2 54 0 600.2 54 0 610.2 54 0
          620.2 54 0 630.2 54 0 640.2 54 0 650.2 54 0
          660.2 54 0 670.2 54 0 680.2 54 0 690.2 54 0
          700.2 54 0 710.2 54 0 720.2 54 0 730.2 54 0
          740.2 54 0 750.2 54 0 760.2 54 0 770.2 54 0
          780.2 54 0 790.2 54 0 800.2 54 0 810.2 54 0
          820.2 54 0 830.2 54 0 840.2 54 0 850.2 54 0
          860.2 54 0 870.2 54 0 880.2 54 0 890.2 54 0
          900.2 54 0 910.2 54 0 920.2 54 0 930.2 54 0
          940.2 54 0 950.2 54 0 960.2 54 0 970.2 54 0
          980.2 54 0 990.2 54 0 1000.2 54 0 0.2 57 0
          10.2 57 0 20.2 57 0 30.2 57 0 40.2 57 0
          50.2 57 0 60.2 57 0 70.2 57 0 80.2 57 0
          90.2 57 0 100.2 57 0 110.2 57 0 120.2 57 0
          130.2 57 0 140.2 57 0 150.2 57 0 160.2 57 0
          170.2 57 0 180.2 57 0 190.2 57 0 200.2 57 0
          210.2 57 0 220.2 57 0 230.2 57 0 240.2 57 0
          250.2 57 0 260.2 57 0 270.2 57 0 280.2 57 0
          290.2 57 0 300.2 57 0 310.2 57 0 320.2 57 0
          330.2 57 0 340.2 57 0 350.2 57 0 360.2 57 0
          370.2 57 0 380.2 57 0 390.2 57 0 400.2 57 0
          410.2 57 0 420.2 57 0 430.2 57 0 440.2 57 0
          450.2 57 0 460.2 57 0 470.2 57 0 480.2 57 0
          490.2 57 0 500.2 57 0 510.2 57 0 520.2 57 0
          530.2 57 0 540.2 57 0 550.2 57 0 560.2 57 0
          570.2 57 0 580.2 57 0 590.2 57 0 600.2 57 0
          610.2 57 0 620.2 57 0 630.2 57 0 640.2 57 0
          650.2 57 0 660.2 57 0 670.2 57 0 680.2 57 0
          690.2 57 0 700.2 57 0 710.2 57 0 720.2 57 0
          730.2 57 0 740.2 57 0 750.2 57 0 760.2 57 0
          770.2 57 0 780.2 57 0 790.2 57 0 800.2 57 0
          810.2 57 0 820.2 57 0 830.2 57 0 840.2 57 0
          850.2 57 0 860.2 57 0 870.2 57 0 880.2 57 0
          890.2 57 0 900.2 57 0 910.2 57 0 920.2 57 0
          930.2 57 0 940.2 57 0 950.2 57 0 960.2 57 0
          970.2 57 0 980.2 57 0 990.2 57 0 1000.2 57 0
          0.2 60 0 10.2 60 0 20.2 60 0 30.2 60 0
          40.2 60 0 50.2 60 0 60.2 60 0 70.2 60 0
          80.2 60 0 90.2 60 0 100.2 60 0 110.2 60 0
          120.2 60 0 130.2 60 0 140.2 60 0 150.2 60 0
          160.2 60 0 170.2 60 0 180.2 60 0 190.2 60 0
          200.2 60 0 210.2 60 0 220.2 60 0 230.2 60 0
          240.2 60 0 250.2 60 0 260.2 60 0 270.2 60 0
          280.2 60 0 290.2 60 0 300.2 60 0 310.2 60 0
          320.2 60 0 330.2 60 0 340.2 60 0 350.2 60 0
          360.2 60 0 370.2 60 0 380.2 60 0 390.2 60 0
          400.2 60 0 410.2 60 0 420.2 60 0 430.2 60 0
          440.2 60 0 450.2 60 0 460.2 60 0 470.2 60 0
          480.2 60 0 490.2 60 0 500.2 60 0 510.2 60 0
          520.2 60 0 530.2 60 0 540.2 60 0 550.2 60 0
          560.2 60 0 570.2 60 0 580.2 60 0 590.2 60 0
          600.2 60 0 610.2 60 0 620.2 60 0 630.2 60 0
          640.2 60 0 650.2 60 0 660.2 60 0 670.2 60 0
          680.2 60 0 690.2 60 0 700.2 60 0 710.2 60 0
          720.2 60 0 730.2 60 0 740.2 60 0 750.2 60 0
          760.2 60 0 770.2 60 0 780.2 60 0 790.2 60 0
          800.2 60 0 810.2 60 0 820.2 60 0 830.2 60 0
          840.2 60 0 850.2 60 0 860.2 60 0 870.2 60 0
          880.2 60 0 890.2 60 0 900.2 60 0 910.2 60 0
          920.2 60 0 930.2 60 0 940.2 60 0 950.2 60 0
          960.2 60 0 970.2 60 0 980.2 60 0 990.2 60 0
          1000.2 60 0
        </DataArray>
      </Points>
      <Cells>
        <DataArray type="Int32" Name="connectivity" NumberOfComponents="1" format="ascii">
          0 1 3 2 1 4 5 3 4 6 7 5
          6 8 9 7 8 10 11 9 10 12 13 11
          12 14 15 13 14 16 17 15 16 18 19 17
          18 20 21 19 20 22 23 21 22 24 25 23
          24 26 27 25 26 28 29 27 28 30 31 29
          30 32 33 31 32 34 35 33 34 36 37 35
          36 38 39 37 38 40 41 39 40 42 43 41
          42 44 45 43 44 46 47 45 46 48 49 47
          48 50 51 49 50 52 53 51 52 54 55 53
          54 56 57 55 56 58 59 57 58 60 61 59
          60 62 63 61 62 64 65 63 64 66 67 65
          66 68 69 67 68 70 71 69 70 72 73 71
          72 74 75 73 74 76 77 75 76 78 79 77
          78 80 81 79 80 82 83 81 82 84 85 83
          84 86 87 85 86 88 89 87 88 90 91 89
          90 92 93 91 92 94 95 93 94 96 97 95
          96 98 99 97 98 100 101 99 100 102 103 101
          102 104 105 103 104 106 107 105 106 108 109 107
          108 110 111 109 110 112 113 111 112 114 115 113
          114 116 117 115 116 118 119 117 118 120 121 119
          120 122 123 121 122 124 125 123 124 126 127 125
          126 128 129 127 128 130 131 129 130 132 133 131
          132 134 135 133 134 136 137 135 136 138 139 137
          138 140 141 139 140 142 143 141 142 144 145 143
          144 146 147 145 146 148 149 147 148 150 151 149
          150 152 153 151 152 154 155 153 154 156 157 155
          156 158 159 157 158 160 161 159 160 162 163 161
          162 164 165 163 164 166 167 165 166 168 169 167
          168 170 171 169 170 172 173 171 172 174 175 173
          174 176 177 175 176 178 179 177 178 180 181 179
          180 182 183 181 182 184 185 183 184 186 187 185
          186 188 189 187 188 190 191 189 190 192 193 191
          192 194 195 193 194 196 197 195 196 198 199 197
          198 200 201 199 2 3 203 202 3 5 204 203
          5 7 205 204 7 9 206 205 9 11 207 206
          11 13 208 207 13 15 209 208 15 17 210 209
          17 19 211 210 19 21 212 211 21 23 213 212
          23 25 214 213 25 27 215 214 27 29 216 215
          29 31 217 216 31 33 218 217 33 35 219 218
          35 37 220 219 37 39 221 220 39 41 222 221
          41 43 223 222 43 45 224 223 45 47 225 224
          47 49 226 225 49 51 227 226 51 53 228 227
          53 55 229 228 55 57 230 229 57 59 231 230
          59 61 232 231 61 63 233 232 63 65 234 233
          65 67 235 234 67 69 236 235 69 71 237 236
          71 73 238 237 73 75 239 238 75 77 240 239
          77 79 241 240 79 81 242 241 81 83 243 242
          83 85 244 243 85 87 245 244 87 89 246 245
          89 91 247 246 91 93 248 247 93 95 249 248
          95 97 250 249 97 99 251 250 99 101 252 251
          101 103 253 252 103 105 254 253 105 107 255 254
          107 109 256 255 109 111 257 256 111 113 258 257
          113 115 259 258 115 117 260 259 117 119 261 260
          119 121 262 261 121 123 263 262 123 125 264 263
          125 127 265 264 127 129 266 265 129 131 267 266
          131 133 268 267 133 135 269 268 135 137 270 269
          137 139 271 270 139 141 272 271 141 143 273 272
          143 145 274 273 145 147 275 274 147 149 276 275
          149 151 277 276 151 153 278 277 153 155 279 278
          155 157 280 279 157 159 281 280 159 161 282 281
          161 163 283 282 163 165 284 283 165 167 285 284
          167 169 286 285 169 171 287 286 171 173 288 287
          173 175 289 288 175 177 290 289 177 179 291 290
          179 181 292 291 181 183 293 292 183 185 294 293
          185 187 295 294 187 189 296 295 189 191 297 296
          191 193 298 297 193 195 299 298 195 197 300 299
          197 199 301 300 199 201 302 301 202 203 304 303
          203 204 305 304 204 205 306 305 205 206 307 306
          206 207 308 307 207 208 309 308 208 209 310 309
          209 210 311 310 210 211 312 311 211 212 313 312
          212 213 314 313 213 214 315 314 214 215 316 315
          215 216 317 316 216 217 318 317 217 218 319 318
          218 219 320 319 219 220 321 320 220 221 322 321
          221 222 323 322 222 223 324 323 223 224 325 324
          224 225 326 325 225 226 327 326 226 227 328 327
          227 228 329 328 228 229 330 329 229 230 331 330
          230 231 332 331 231 232 333 332 232 233 334 333
          233 234 335 334 234 235 336 335 235 236 337 336
          236 237 338 337 237 238 339 338 238 239 340 339
          239 240 341 340 240 241 342 341 241 242 343 342
          242 243 344 343 243 244 345 344 244 245 346 345
          245 246 347 346 246 247 348 347 247 248 349 348
          248 249 350 349 249 250 351 350 250 251 352 351
          251 252 353 352 252 253 354 353 253 254 355 354
          254 255 356 355 255 256 357 356 256 257 358 357
          257 258 359 358 258 259 360 359 259 260 361 360
          260 261 362 361 261 262 363 362 262 263 364 363
          263 264 365 364 264 265 366 365 265 266 367 366
          266 267 368 367 267 268 369 368 268 269 370 369
          269 270 371 370 270 271 372 371 271 272 373 372
          272 273 374 373 273 274 375 374 274 275 376 375
          275 276 377 376 276 277 378 377 277 278 379 378
          278 279 380 379 279 280 381 380 280 281 382 381
          281 282 383 382 282 283 384 383 283 284 385 384
          284 285 386 385 285 286 387 386 286 287 388 387
          287 288 389 388 288 289 390 389 289 290 391 390
          290 291 392 391 291 292 393 392 292 293 394 393
          293 294 395 394 294 295 396 395 295 296 397 396
          296 297 398 397 297 298 399 398 298 299 400 399
          299 300 401 400 300 301 402 401 301 302 403 402
          303 304 405 404 304 305 406 405 305 306 407 406
          306 307 408 407 307 308 409 408 308 309 410 409
          309 310 411 410 310 311 412 411 311 312 413 412
          312 313 414 413 313 314 415 414 314 315 416 415
          315 316 417 416 316 317 418 417 317 318 419 418
          318 319 420 419 319 320 421 420 320 321 422 421
          321 322 423 422 322 323 424 423 323 324 425 424
          324 325 426 425 325 326 427 426 326 327 428 427
          327 328 429 428 328 329 430 429 329 330 431 430
          330 331 432 431 331 332 433 432 332 333 434 433
          333 334 435 434 334 335 436 435 335 336 437 436
          336 337 438 437 337 338 439 438 338 339 440 439
          339 340 441 440 340 341 442 441 341 342 443 442
          342 343 444 443 343 344 445 444 344 345 446 445
          345 346 447 446 346 347 448 447 347 348 449 448
          348 349 450 449 349 350 451 450 350 351 452 451
          351 352 453 452 352 353 454 453 353 354 455 454
          354 355 456 455 355 356 457 456 356 357 458 457
          357 358 459 458 358 359 460 459 359 360 461 460
          360 361 462 461 361 362 463 462 362 363 464 463
          363 364 465 464 364 365 466 465 365 366 467 466
          366 367 468 467 367 368 469 468 368 369 470 469
          369 370 471 470 370 371 472 471 371 372 473 472
          372 373 474 473 373 374 475 474 374 375 476 475
          375 376 477 476 376 377 478 477 377 378 479 478
          378 379 480 479 379 380 481 480 380 381 482 481
          381 382 483 482 382 383 484 483 383 384 485 484
          384 385 486 485 385 386 487 486 386 387 488 487
          387 388 489 488 388 389 490 489 389 390 491 490
          390 391 492 491 391 392 493 492 392 393 494 493
          393 394 495 494 394 395 496 495 395 396 497 496
          396 397 498 497 397 398 499 498 398 399 500 499
          399 400 501 500 400 401 502 501 401 402 503 502
          402 403 504 503 404 405 506 505 405 406 507 506
          406 407 508 507 407 408 509 508 408 409 510 509
          409 410 511 510 410 411 512 511 411 412 513 512
          412 413 514 513 413 414 515 514 414 415 516 515
          415 416 517 516 416 417 518 517 417 418 519 518
          418 419 520 519 419 420 521 520 420 421 522 521
          421 422 523 522 422 423 524 523 423 424 525 524
          424 425 526 525 425 426 527 526 426 427 528 527
          427 428 529 528 428 429 530 529 429 430 531 530
          430 431 532 531 431 432 533 532 432 433 534 533
          433 434 535 534 434 435 536 535 435 436 537 536
          436 437 538 537 437 438 539 538 438 439 540 539
          439 440 541 540 440 441 542 541 441 442 543 542
          442 443 544 543 443 444 545 544 444 445 546 545
          445 446 547 546 446 447 548 547 447 448 549 548
          448 449 550 549 449 450 551 550 450 451 552 551
          451 452 553 552 452 453 554 553 453 454 555 554
          454 455 556 555 455 456 557 556 456 457 558 557
          457 458 559 558 458 459 560 559 459 460 561 560
          460 461 562 561 461 462 563 562 462 463 564 563
          463 464 565 564 464 465 566 565 465 466 567 566
          466 467 568 567 467 468 569 568 468 469 570 569
          469 470 571 570 470 471 572 571 471 472 573 572
          472 473 574 573 473 474 575 574 474 475 576 575
          475 476 577 576 476 477 578 577 477 478 579 578
          478 479 580 579 479 480 581 580 480 481 582 581
          481 482 583 582 482 483 584 583 483 484 585 584
          484 485 586 585 485 486 587 586 486 487 588 587
          487 488 589 588 488 489 590 589 489 490 591 590
          490 491 592 591 491 492 593 592 492 493 594 593
          493 494 595 594 494 495 596 595 495 496 597 596
          496 497 598 597 497 498 599 598 498 499 600 599
          499 500 601 600 500 501 602 601 501 502 603 602
          502 503 604 603 503 504 605 604 505 506 607 606
          506 507 608 607 507 508 609 608 508 509 610 609
          509 510 611 610 510 511 612 611 511 512 613 612
          512 513 614 613 513 514 615 614 514 515 616 615
          515 516 617 616 516 517 618 617 517 518 619 618
          518 519 620 619 519 520 621 620 520 521 622 621
          521 522 623 622 522 523 624 623 523 524 625 624
          524 525 626 625 525 526 627 626 526 527 628 627
          527 528 629 628 528 529 630 629 529 530 631 630
          530 531 632 631 531 532 633 632 532 533 634 633
          533 534 635 634 534 535 636 635 535 536 637 636
          536 537 638 637 537 538 639 638 538 539 640 639
          539 540 641 640 540 541 642 641 541 542 643 642
          542 543 644 643 543 544 645 644 544 545 646 645
          545 546 647 646 546 547 648 647 547 548 649 648
          548 549 650 649 549 550 651 650 550 551 652 651
          551 552 653 652 552 553 654 653 553 554 655 654
          554 555 656 655 555 556 657 656 556 557 658 657
          557 558 659 658 558 559 660 659 559 560 661 660
          560 561 662 661 561 562 663 662 562 563 664 663
          563 564 665 664 564 565 666 665 565 566 667 666
          566 567 668 667 567 568 669 668 568 569 670 669
          569 570 671 670 570 571 672 671 571 572 673 672
          572 573 674 673 573 574 675 674 574 575 676 675
          575 576 677 676 576 577 678 677 577 578 679 678
          578 579 680 679 579 580 681 680 580 581 682 681
          581 582 683 682 582 583 684 683 583 584 685 684
          584 585 686 685 585 586 687 686 586 587 688 687
          587 588 689 688 588 589 690 689 589 590 691 690
          590 591 692 691 591 592 693 692 592 593 694 693
          593 594 695 694 594 595 696 695 595 596 697 696
          596 597 698 697 597 598 699 698 598 599 700 699
          599 600 701 700 600 601 702 701 601 602 703 702
          602 603 704 703 603 604 705 704 604 605 706 705
          606 607 708 707 607 608 709 708 608 609 710 709
          609 610 711 710 610 611 712 711 611 612 713 712
          612 613 714 713 613 614 715 714 614 615 716 715
          615 616 717 716 616 617 718 717 617 618 719 718
          618 619 720 719 619 620 721 720 620 621 722 721
          621 622 723 722 622 623 724 723 623 624 725 724
          624 625 726 725 625 626 727 726 626 627 728 727
          627 628 729 728 628 629 730 729 629 630 731 730
          630 631 732 731 631 632 733 732 632 633 734 733
          633 634 735 734 634 635 736 735 635 636 737 736
          636 637 738 737 637 638 739 738 638 639 740 739
          639 640 741 740 640 641 742 741 641 642 743 742
          642 643 744 743 643 644 745 744 644 645 746 745
          645 646 747 746 646 647 748 747 647 648 749 748
          648 649 750 749 649 650 751 750 650 651 752 751
          651 652 753 752 652 653 754 753 653 654 755 754
          654 655 756 755 655 656 757 756 656 657 758 757
          657 658 759 758 658 659 760 759 659 660 761 760
          660 661 762 761 661 662 763 762 662 663 764 763
          663 664 765 764 664 665 766 765 665 666 767 766
          666 667 768 767 667 668 769 768 668 669 770 769
          669 670 771 770 670 671 772 771 671 672 773 772
          672 673 774 773 673 674 775 774 674 675 776 775
          675 676 777 776 676 677 778 777 677 678 779 778
          678 679 780 779 679 680 781 780 680 681 782 781
          681 682 783 782 682 683 784 783 683 684 785 784
          684 685 786 785 685 686 787 786 686 687 788 787
          687 688 789 788 688 689 790 789 689 690 791 790
          690 691 792 791 691 692 793 792 692 693 794 793
          693 694 795 794 694 695 796 795 695 696 797 796
          696 697 798 797 697 698 799 798 698 699 800 799
          699 700 801 800 700 701 802 801 701 702 803 802
          702 703 804 803 703 704 805 804 704 705 806 805
          705 706 807 806 707 708 809 808 708 709 810 809
          709 710 811 810 710 711 812 811 711 712 813 812
          712 713 814 813 713 714 815 814 714 715 816 815
          715 716 817 816 716 717 818 817 717 718 819 818
          718 719 820 819 719 720 821 820 720 721 822 821
          721 722 823 822 722 723 824 823 723 724 825 824
          724 725 826 825 725 726 827 826 726 727 828 827
          727 728 829 828 728 729 830 829 729 730 831 830
          730 731 832 831 731 732 833 832 732 733 834 833
          733 734 835 834 734 735 836 835 735 736 837 836
          736 737 838 837 737 738 839 838 738 739 840 839
          739 740 841 840 740 741 842 841 741 742 843 842
          742 743 844 843 743 744 845 844 744 745 846 845
          745 746 847 846 746 747 848 847 747 748 849 848
          748 749 850 849 749 750 851 850 750 751 852 851
          751 752 853 852 752 753 854 853 753 754 855 854
          754 755 856 855 755 756 857 856 756 757 858 857
          757 758 859 858 758 759 860 859 759 760 861 860
          760 761 862 861 761 762 863 862 762 763 864 863
          763 764 865 864 764 765 866 865 765 766 867 866
          766 767 868 867 767 768 869 868 768 769 870 869
          769 770 871 870 770 771 872 871 771 772 873 872
          772 773 874 873 773 774 875 874 774 775 876 875
          775 776 877 876 776 777 878 877 777 778 879 878
          778 779 880 879 779 780 881 880 780 781 882 881
          781 782 883 882 782 783 884 883 783 784 885 884
          784 785 886 885 785 786 887 886 786 787 888 887
          787 788 889 888 788 789 890 889 789 790 891 890
          790 791 892 891 791 792 893 892 792 793 894 893
          793 794 895 894 794 795 896 895 795 796 897 896
          796 797 898 897 797 798 899 898 798 799 900 899
          799 800 901 900 800 801 902 901 801 802 903 902
          802 803 904 903 803 804 905 904 804 805 906 905
          805 806 907 906 806 807 908 907 808 809 910 909
          809 810 911 910 810 811 912 911 811 812 913 912
          812 813 914 913 813 814 915 914 814 815 916 915
          815 816 917 916 816 817 918 917 817 818 919 918
          818 819 920 919 819 820 921 920 820 821 922 921
          821 822 923 922 822 823 924 923 823 824 925 924
          824 825 926 925 825 826 927 926 826 827 928 927
          827 828 929 928 828 829 930 929 829 830 931 930
          830 831 932 931 831 832 933 932 832 833 934 933
          833 834 935 934 834 835 936 935 835 836 937 936
          836 837 938 937 837 838 939 938 838 839 940 939
          839 840 941 940 840 841 942 941 841 842 943 942
          842 843 944 943 843 844 945 944 844 845 946 945
          845 846 947 946 846 847 948 947 847 848 949 948
          848 849 950 949 849 850 951 950 850 851 952 951
          851 852 953 952 852 853 954 953 853 854 955 954
          854 855 956 955 855 856 957 956 856 857 958 957
          857 858 959 958 858 859 960 959 859 860 961 960
          860 861 962 961 861 862 963 962 862 863 964 963
          863 864 965 964 864 865 966 965 865 866 967 966
          866 867 968 967 867 868 969 968 868 869 970 969
          869 870 971 970 870 871 972 971 871 872 973 972
          872 873 974 973 873 874 975 974 874 875 976 975
          875 876 977 976 876 877 978 977 877 878 979 978
          878 879 980 979 879 880 981 980 880 881 982 981
          881 882 983 982 882 883 984 983 883 884 985 984
          884 885 986 985 885 886 987 986 886 887 988 987
          887 888 989 988 888 889 990 989 889 890 991 990
          890 891 992 991 891 892 993 992 892 893 994 993
          893 894 995 994 894 895 996 995 895 896 997 996
          896 897 998 997 897 898 999 998 898 899 1000 999
          899 900 1001 1000 900 901 1002 1001 901 902 1003 1002
          902 903 1004 1003 903 904 1005 1004 904 905 1006 1005
          905 906 1007 1006 906 907 1008 1007 907 908 1009 1008
          909 910 1011 1010 910 911 1012 1011 911 912 1013 1012
          912 913 1014 1013 913 914 1015 1014 914 915 1016 1015
          915 916 1017 1016 916 917 1018 1017 917 918 1019 1018
          918 919 1020 1019 919 920 1021 1020 920 921 1022 1021
          921 922 1023 1022 922 923 1024 1023 923 924 1025 1024
          924 925 1026 1025 925 926 1027 1026 926 927 1028 1027
          927 928 1029 1028 928 929 1030 1029 929 930 1031 1030
          930 931 1032 1031 931 932 1033 1032 932 933 1034 1033
          933 934 1035 1034 934 935 1036 1035 935 936 1037 1036
          936 937 1038 1037 937 938 1039 1038 938 939 1040 1039
          939 940 1041 1040 940 941 1042 1041 941 942 1043 1042
          942 943 1044 1043 943 944 1045 1044 944 945 1046 1045
          945 946 1047 1046 946 947 1048 1047 947 948 1049 1048
          948 949 1050 1049 949 950 1051 1050 950 951 1052 1051
          951 952 1053 1052 952 953 1054 1053 953 954 1055 1054
          954 955 1056 1055 955 956 1057 1056 956 957 1058 1057
          957 958 1059 1058 958 959 1060 1059 959 960 1061 1060
          960 961 1062 1061 961 962 1063 1062 962 963 1064 1063
          963 964 1065 1064 964 965 1066 1065 965 966 1067 1066
          966 967 1068 1067 967 968 1069 1068 968 969 1070 1069
          969 970 1071 1070 970 971 1072 1071 971 972 1073 1072
          972 973 1074 1073 973 974 1075 1074 974 975 1076 1075
          975 976 1077 1076 976 977 1078 1077 977 978 1079 1078
          978 979 1080 1079 979 980 1081 1080 980 981 1082 1081
          981 982 1083 1082 982 983 1084 1083 983 984 1085 1084
          984 985 1086 1085 985 986 1087 1086 986 987 1088 1087
          987 988 1089 1088 988 989 1090 1089 989 990 1091 1090
          990 991 1092 1091 991 992 1093 1092 992 993 1094 1093
          993 994 1095 1094 994 995 1096 1095 995 996 1097 1096
          996 997 1098 1097 997 998 1099 1098 998 999 1100 1099
          999 1000 1101 1100 1000 1001 1102 1101 1001 1002 1103 1102
          1002 1003 1104 1103 1003 1004 1105 1104 1004 1005 1106 1105
          1005 1006 1107 1106 1006 1007 1108 1107 1007 1008 1109 1108
          1008 1009 1110 1109 1010 1011 1112 1111 1011 1012 1113 1112
          1012 1013 1114 1113 1013 1014 1115 1114 1014 1015 1116 1115
          1015 1016 1117 1116 1016 1017 1118 1117 1017 1018 1119 1118
          1018 1019 1120 1119 1019 1020 1121 1120 1020 1021 1122 1121
          1021 1022 1123 1122 1022 1023 1124 1123 1023 1024 1125 1124
          1024 1025 1126 1125 1025 1026 1127 1126 1026 1027 1128 1127
          1027 1028 1129 1128 1028 1029 1130 1129 1029 1030 1131 1130
          1030 1031 1132 1131 1031 1032 1133 1132 1032 1033 1134 1133
          1033 1034 1135 1134 1034 1035 1136 1135 1035 1036 1137 1136
          1036 1037 1138 1137 1037 1038 1139 1138 1038 1039 1140 1139
          1039 1040 1141 1140 1040 1041 1142 1141 1041 1042 1143 1142
          1042 1043 1144 1143 1043 1044 1145 1144 1044 1045 1146 1145
          1045 1046 1147 1146 1046 1047 1148 1147 1047 1048 1149 1148
          1048 1049 1150 1149 1049 1050 1151 1150 1050 1051 1152 1151
          1051 1052 1153 1152 1052 1053 1154 1153 1053 1054 1155 1154
          1054 1055 1156 1155 1055 1056 1157 1156 1056 1057 1158 1157
          1057 1058 1159 1158 1058 1059 1160 1159 1059 1060 1161 1160
          1060 1061 1162 1161 1061 1062 1163 1162 1062 1063 1164 1163
          1063 1064 1165 1164 1064 1065 1166 1165 1065 1066 1167 1166
          1066 1067 1168 1167 1067 1068 1169 1168 1068 1069 1170 1169
          1069 1070 1171 1170 1070 1071 1172 1171 1071 1072 1173 1172
          1072 1073 1174 1173 1073 1074 1175 1174 1074 1075 1176 1175
          1075 1076 1177 1176 1076 1077 1178 1177 1077 1078 1179 1178
          1078 1079 1180 1179 1079 1080 1181 1180 1080 1081 1182 1181
          1081 1082 1183 1182 1082 1083 1184 1183 1083 1084 1185 1184
          1084 1085 1186 1185 1085 1086 1187 1186 1086 1087 1188 1187
          1087 1088 1189 1188 1088 1089 1190 1189 1089 1090 1191 1190
          1090 1091 1192 1191 1091 1092 1193 1192 1092 1093 1194 1193
          1093 1094 1195 1194 1094 1095 1196 1195 1095 1096 1197 1196
          1096 1097 1198 1197 1097 1098 1199 1198 1098 1099 1200 1199
          1099 1100 1201 1200 1100 1101 1202 1201 1101 1102 1203 1202
          1102 1103 1204 1203 1103 1104 1205 1204 1104 1105 1206 1205
          1105 1106 1207 1206 1106 1107 1208 1207 1107 1108 1209 1208
          1108 1109 1210 1209 1109 1110 1211 1210 1111 1112 1213 1212
          1112 1113 1214 1213 1113 1114 1215 1214 1114 1115 1216 1215
          1115 1116 1217 1216 1116 1117 1218 1217 1117 1118 1219 1218
          1118 1119 1220 1219 1119 1120 1221 1220 1120 1121 1222 1221
          1121 1122 1223 1222 1122 1123 1224 1223 1123 1124 1225 1224
          1124 1125 1226 1225 1125 1126 1227 1226 1126 1127 1228 1227
          1127 1128 1229 1228 1128 1129 1230 1229 1129 1130 1231 1230
          1130 1131 1232 1231 1131 1132 1233 1232 1132 1133 1234 1233
          1133 1134 1235 1234 1134 1135 1236 1235 1135 1136 1237 1236
          1136 1137 1238 1237 1137 1138 1239 1238 1138 1139 1240 1239
          1139 1140 1241 1240 1140 1141 1242 1241 1141 1142 1243 1242
          1142 1143 1244 1243 1143 1144 1245 1244 1144 1145 1246 1245
          1145 1146 1247 1246 1146 1147 1248 1247 1147 1148 1249 1248
          1148 1149 1250 1249 1149 1150 1251 1250 1150 1151 1252 1251
          1151 1152 1253 1252 1152 1153 1254 1253 1153 1154 1255 1254
          1154 1155 1256 1255 1155 1156 1257 1256 1156 1157 1258 1257
          1157 1158 1259 1258 1158 1159 1260 1259 1159 1160 1261 1260
          1160 1161 1262 1261 1161 1162 1263 1262 1162 1163 1264 1263
          1163 1164 1265 1264 1164 1165 1266 1265 1165 1166 1267 1266
          1166 1167 1268 1267 1167 1168 1269 1268 1168 1169 1270 1269
          1169 1170 1271 1270 1170 1171 1272 1271 1171 1172 1273 1272
          1172 1173 1274 1273 1173 1174 1275 1274 1174 1175 1276 1275
          1175 1176 1277 1276 1176 1177 1278 1277 1177 1178 1279 1278
          1178 1179 1280 1279 1179 1180 1281 1280 1180 1181 1282 1281
          1181 1182 1283 1282 1182 1183 1284 1283 1183 1184 1285 1284
          1184 1185 1286 1285 1185 1186 1287 1286 1186 1187 1288 1287
          1187 1188 1289 1288 1188 1189 1290 1289 1189 1190 1291 1290
          1190 1191 1292 1291 1191 1192 1293 1292 1192 1193 1294 1293
          1193 1194 1295 1294 1194 1195 1296 1295 1195 1196 1297 1296
          1196 1197 1298 1297 1197 1198 1299 1298 1198 1199 1300 1299
          1199 1200 1301 1300 1200 1201 1302 1301 1201 1202 1303 1302
          1202 1203 1304 1303 1203 1204 1305 1304 1204 1205 1306 1305
          1205 1206 1307 1306 1206 1207 1308 1307 1207 1208 1309 1308
          1208 1209 1310 1309 1209 1210 1311 1310 1210 1211 1312 1311
          1212 1213 1314 1313 1213 1214 1315 1314 1214 1215 1316 1315
          1215 1216 1317 1316 1216 1217 1318 1317 1217 1218 1319 1318
          1218 1219 1320 1319 1219 1220 1321 1320 1220 1221 1322 1321
          1221 1222 1323 1322 1222 1223 1324 1323 1223 1224 1325 1324
          1224 1225 1326 1325 1225 1226 1327 1326 1226 1227 1328 1327
          1227 1228 1329 1328 1228 1229 1330 1329 1229 1230 1331 1330
          1230 1231 1332 1331 1231 1232 1333 1332 1232 1233 1334 1333
          1233 1234 1335 1334 1234 1235 1336 1335 1235 1236 1337 1336
          1236 1237 1338 1337 1237 1238 1339 1338 1238 1239 1340 1339
          1239 1240 1341 1340 1240 1241 1342 1341 1241 1242 1343 1342
          1242 1243 1344 1343 1243 1244 1345 1344 1244 1245 1346 1345
          1245 1246 1347 1346 1246 1247 1348 1347 1247 1248 1349 1348
          1248 1249 1350 1349 1249 1250 1351 1350 1250 1251 1352 1351
          1251 1252 1353 1352 1252 1253 1354 1353 1253 1254 1355 1354
          1254 1255 1356 1355 1255 1256 1357 1356 1256 1257 1358 1357
          1257 1258 1359 1358 1258 1259 1360 1359 1259 1260 1361 1360
          1260 1261 1362 1361 1261 1262 1363 1362 1262 1263 1364 1363
          1263 1264 1365 1364 1264 1265 1366 1365 1265 1266 1367 1366
          1266 1267 1368 1367 1267 1268 1369 1368 1268 1269 1370 1369
          1269 1270 1371 1370 1270 1271 1372 1371 1271 1272 1373 1372
          1272 1273 1374 1373 1273 1274 1375 1374 1274 1275 1376 1375
          1275 1276 1377 1376 1276 1277 1378 1377 1277 1278 1379 1378
          1278 1279 1380 1379 1279 1280 1381 1380 1280 1281 1382 1381
          1281 1282 1383 1382 1282 1283 1384 1383 1283 1284 1385 1384
          1284 1285 1386 1385 1285 1286 1387 1386 1286 1287 1388 1387
          1287 1288 1389 1388 1288 1289 1390 1389 1289 1290 1391 1390
          1290 1291 1392 1391 1291 1292 1393 1392 1292 1293 1394 1393
          1293 1294 1395 1394 1294 1295 1396 1395 1295 1296 1397 1396
          1296 1297 1398 1397 1297 1298 1399 1398 1298 1299 1400 1399
          1299 1300 1401 1400 1300 1301 1402 1401 1301 1302 1403 1402
          1302 1303 1404 1403 1303 1304 1405 1404 1304 1305 1406 1405
          1305 1306 1407 1406 1306 1307 1408 1407 1307 1308 1409 1408
          1308 1309 1410 1409 1309 1310 1411 1410 1310 1311 1412 1411
          1311 1312 1413 1412 1313 1314 1415 1414 1314 1315 1416 1415
          1315 1316 1417 1416 1316 1317 1418 1417 1317 1318 1419 1418
          1318 1319 1420 1419 1319 1320 1421 1420 1320 1321 1422 1421
          1321 1322 1423 1422 1322 1323 1424 1423 1323 1324 1425 1424
          1324 1325 1426 1425 1325 1326 1427 1426 1326 1327 1428 1427
          1327 1328 1429 1428 1328 1329 1430 1429 1329 1330 1431 1430
          1330 1331 1432 1431 1331 1332 1433 1432 1332 1333 1434 1433
          1333 1334 1435 1434 1334 1335 1436 1435 1335 1336 1437 1436
          1336 1337 1438 1437 1337 1338 1439 1438 1338 1339 1440 1439
          1339 1340 1441 1440 1340 1341 1442 1441 1341 1342 1443 1442
          1342 1343 1444 1443 1343 1344 1445 1444 1344 1345 1446 1445
          1345 1346 1447 1446 1346 1347 1448 1447 1347 1348 1449 1448
          1348 1349 1450 1449 1349 1350 1451 1450 1350 1351 1452 1451
          1351 1352 1453 1452 1352 1353 1454 1453 1353 1354 1455 1454
          1354 1355 1456 1455 1355 1356 1457 1456 1356 1357 1458 1457
          1357 1358 1459 1458 1358 1359 1460 1459 1359 1360 1461 1460
          1360 1361 1462 1461 1361 1362 1463 1462 1362 1363 1464 1463
          1363 1364 1465 1464 1364 1365 1466 1465 1365 1366 1467 1466
          1366 1367 1468 1467 1367 1368 1469 1468 1368 1369 1470 1469
          1369 1370 1471 1470 1370 1371 1472 1471 1371 1372 1473 1472
          1372 1373 1474 1473 1373 1374 1475 1474 1374 1375 1476 1475
          1375 1376 1477 1476 1376 1377 1478 1477 1377 1378 1479 1478
          1378 1379 1480 1479 1379 1380 1481 1480 1380 1381 1482 1481
          1381 1382 1483 1482 1382 1383 1484 1483 1383 1384 1485 1484
          1384 1385 1486 1485 1385 1386 1487 1486 1386 1387 1488 1487
          1387 1388 1489 1488 1388 1389 1490 1489 1389 1390 1491 1490
          1390 1391 1492 1491 1391 1392 1493 1492 1392 1393 1494 1493
          1393 1394 1495 1494 1394 1395 1496 1495 1395 1396 1497 1496
          1396 1397 1498 1497 1397 1398 1499 1498 1398 1399 1500 1499
          1399 1400 1501 1500 1400 1401 1502 1501 1401 1402 1503 1502
          1402 1403 1504 1503 1403 1404 1505 1504 1404 1405 1506 1505
          1405 1406 1507 1506 1406 1407 1508 1507 1407 1408 1509 1508
          1408 1409 1510 1509 1409 1410 1511 1510 1410 1411 1512 1511
          1411 1412 1513 1512 1412 1413 1514 1513 1414 1415 1516 1515
          1415 1416 1517 1516 1416 1417 1518 1517 1417 1418 1519 1518
          1418 1419 1520 1519 1419 1420 1521 1520 1420 1421 1522 1521
          1421 1422 1523 1522 1422 1423 1524 1523 1423 1424 1525 1524
          1424 1425 1526 1525 1425 1426 1527 1526 1426 1427 1528 1527
          1427 1428 1529 1528 1428 1429 1530 1529 1429 1430 1531 1530
          1430 1431 1532 1531 1431 1432 1533 1532 1432 1433 1534 1533
          1433 1434 1535 1534 1434 1435 1536 1535 1435 1436 1537 1536
          1436 1437 1538 1537 1437 1438 1539 1538 1438 1439 1540 1539
          1439 1440 1541 1540 1440 1441 1542 1541 1441 1442 1543 1542
          1442 1443 1544 1543 1443 1444 1545 1544 1444 1445 1546 1545
          1445 1446 1547 1546 1446 1447 1548 1547 1447 1448 1549 1548
          1448 1449 1550 1549 1449 1450 1551 1550 1450 1451 1552 1551
          1451 1452 1553 1552 1452 1453 1554 1553 1453 1454 1555 1554
          1454 1455 1556 1555 1455 1456 1557 1556 1456 1457 1558 1557
          1457 1458 1559 1558 1458 1459 1560 1559 1459 1460 1561 1560
          1460 1461 1562 1561 1461 1462 1563 1562 1462 1463 1564 1563
          1463 1464 1565 1564 1464 1465 1566 1565 1465 1466 1567 1566
          1466 1467 1568 1567 1467 1468 1569 1568 1468 1469 1570 1569
          1469 1470 1571 1570 1470 1471 1572 1571 1471 1472 1573 1572
          1472 1473 1574 1573 1473 1474 1575 1574 1474 1475 1576 1575
          1475 1476 1577 1576 1476 1477 1578 1577 1477 1478 1579 1578
          1478 1479 1580 1579 1479 1480 1581 1580 1480 1481 1582 1581
          1481 1482 1583 1582 1482 1483 1584 1583 1483 1484 1585 1584
          1484 1485 1586 1585 1485 1486 1587 1586 1486 1487 1588 1587
          1487 1488 1589 1588 1488 1489 1590 1589 1489 1490 1591 1590
          1490 1491 1592 1591 1491 1492 1593 1592 1492 1493 1594 1593
          1493 1494 1595 1594 1494 1495 1596 1595 1495 1496 1597 1596
          1496 1497 1598 1597 1497 1498 1599 1598 1498 1499 1600 1599
          1499 1500 1601 1600 1500 1501 1602 1601 1501 1502 1603 1602
          1502 1503 1604 1603 1503 1504 1605 1604 1504 1505 1606 1605
          1505 1506 1607 1606 1506 1507 1608 1607 1507 1508 1609 1608
          1508 1509 1610 1609 1509 1510 1611 1610 1510 1511 1612 1611
          1511 1512 1613 1612 1512 1513 1614 1613 1513 1514 1615 1614
          1515 1516 1617 1616 1516 1517 1618 1617 1517 1518 1619 1618
          1518 1519 1620 1619 1519 1520 1621 1620 1520 1521 1622 1621
          1521 1522 1623 1622 1522 1523 1624 1623 1523 1524 1625 1624
          1524 1525 1626 1625 1525 1526 1627 1626 1526 1527 1628 1627
          1527 1528 1629 1628 1528 1529 1630 1629 1529 1530 1631 1630
          1530 1531 1632 1631 1531 1532 1633 1632 1532 1533 1634 1633
          1533 1534 1635 1634 1534 1535 1636 1635 1535 1536 1637 1636
          1536 1537 1638 1637 1537 1538 1639 1638 1538 1539 1640 1639
          1539 1540 1641 1640 1540 1541 1642 1641 1541 1542 1643 1642
          1542 1543 1644 1643 1543 1544 1645 1644 1544 1545 1646 1645
          1545 1546 1647 1646 1546 1547 1648 1647 1547 1548 1649 1648
          1548 1549 1650 1649 1549 1550 1651 1650 1550 1551 1652 1651
          1551 1552 1653 1652 1552 1553 1654 1653 1553 1554 1655 1654
          1554 1555 1656 1655 1555 1556 1657 1656 1556 1557 1658 1657
          1557 1558 1659 1658 1558 1559 1660 1659 1559 1560 1661 1660
          1560 1561 1662 1661 1561 1562 1663 1662 1562 1563 1664 1663
          1563 1564 1665 1664 1564 1565 1666 1665 1565 1566 1667 1666
          1566 1567 1668 1667 1567 1568 1669 1668 1568 1569 1670 1669
          1569 1570 1671 1670 1570 1571 1672 1671 1571 1572 1673 1672
          1572 1573 1674 1673 1573 1574 1675 1674 1574 1575 1676 1675
          1575 1576 1677 1676 1576 1577 1678 1677 1577 1578 1679 1678
          1578 1579 1680 1679 1579 1580 1681 1680 1580 1581 1682 1681
          1581 1582 1683 1682 1582 1583 1684 1683 1583 1584 1685 1684
          1584 1585 1686 1685 1585 1586 1687 1686 1586 1587 1688 1687
          1587 1588 1689 1688 1588 1589 1690 1689 1589 1590 1691 1690
          1590 1591 1692 1691 1591 1592 1693 1692 1592 1593 1694 1693
          1593 1594 1695 1694 1594 1595 1696 1695 1595 1596 1697 1696
          1596 1597 1698 1697 1597 1598 1699 1698 1598 1599 1700 1699
          1599 1600 1701 1700 1600 1601 1702 1701 1601 1602 1703 1702
          1602 1603 1704 1703 1603 1604 1705 1704 1604 1605 1706 1705
          1605 1606 1707 1706 1606 1607 1708 1707 1607 1608 1709 1708
          1608 1609 1710 1709 1609 1610 1711 1710 1610 1611 1712 1711
          1611 1612 1713 1712 1612 1613 1714 1713 1613 1614 1715 1714
          1614 1615 1716 1715 1616 1617 1718 1717 1617 1618 1719 1718
          1618 1619 1720 1719 1619 1620 1721 1720 1620 1621 1722 1721
          1621 1622 1723 1722 1622 1623 1724 1723 1623 1624 1725 1724
          1624 1625 1726 1725 1625 1626 1727 1726 1626 1627 1728 1727
          1627 1628 1729 1728 1628 1629 1730 1729 1629 1630 1731 1730
          1630 1631 1732 1731 1631 1632 1733 1732 1632 1633 1734 1733
          1633 1634 1735 1734 1634 1635 1736 1735 1635 1636 1737 1736
          1636 1637 1738 1737 1637 1638 1739 1738 1638 1639 1740 1739
          1639 1640 1741 1740 1640 1641 1742 1741 1641 1642 1743 1742
          1642 1643 1744 1743 1643 1644 1745 1744 1644 1645 1746 1745
          1645 1646 1747 1746 1646 1647 1748 1747 1647 1648 1749 1748
          1648 1649 1750 1749 1649 1650 1751 1750 1650 1651 1752 1751
          1651 1652 1753 1752 1652 1653 1754 1753 1653 1654 1755 1754
          1654 1655 1756 1755 1655 1656 1757 1756 1656 1657 1758 1757
          1657 1658 1759 1758 1658 1659 1760 1759 1659 1660 1761 1760
          1660 1661 1762 1761 1661 1662 1763 1762 1662 1663 1764 1763
          1663 1664 1765 1764 1664 1665 1766 1765 1665 1666 1767 1766
          1666 1667 1768 1767 1667 1668 1769 1768 1668 1669 1770 1769
          1669 1670 1771 1770 1670 1671 1772 1771 1671 1672 1773 1772
          1672 1673 1774 1773 1673 1674 1775 1774 1674 1675 1776 1775
          1675 1676 1777 1776 1676 1677 1778 1777 1677 1678 1779 1778
          1678 1679 1780 1779 1679 1680 1781 1780 1680 1681 1782 1781
          1681 1682 1783 1782 1682 1683 1784 1783 1683 1684 1785 1784
          1684 1685 1786 1785 1685 1686 1787 1786 1686 1687 1788 1787
          1687 1688 1789 1788 1688 1689 1790 1789 1689 1690 1791 1790
          1690 1691 1792 1791 1691 1692 1793 1792 1692 1693 1794 1793
          1693 1694 1795 1794 1694 1695 1796 1795 1695 1696 1797 1796
          1696 1697 1798 1797 1697 1698 1799 1798 1698 1699 1800 1799
          1699 1700 1801 1800 1700 1701 1802 1801 1701 1702 1803 1802
          1702 1703 1804 1803 1703 1704 1805 1804 1704 1705 1806 1805
          1705 1706 1807 1806 1706 1707 1808 1807 1707 1708 1809 1808
          1708 1709 1810 1809 1709 1710 1811 1810 1710 1711 1812 1811
          1711 1712 1813 1812 1712 1713 1814 1813 1713 1714 1815 1814
          1714 1715 1816 1815 1715 1716 1817 1816 1717 1718 1819 1818
          1718 1719 1820 1819 1719 1720 1821 1820 1720 1721 1822 1821
          1721 1722 1823 1822 1722 1723 1824 1823 1723 1724 1825 1824
          1724 1725 1826 1825 1725 1726 1827 1826 1726 1727 1828 1827
          1727 1728 1829 1828 1728 1729 1830 1829 1729 1730 1831 1830
          1730 1731 1832 1831 1731 1732 1833 1832 1732 1733 1834 1833
          1733 1734 1835 1834 1734 1735 1836 1835 1735 1736 1837 1836
          1736 1737 1838 1837 1737 1738 1839 1838 1738 1739 1840 1839
          1739 1740 1841 1840 1740 1741 1842 1841 1741 1742 1843 1842
          1742 1743 1844 1843 1743 1744 1845 1844 1744 1745 1846 1845
          1745 1746 1847 1846 1746 1747 1848 1847 1747 1748 1849 1848
          1748 1749 1850 1849 1749 1750 1851 1850 1750 1751 1852 1851
          1751 1752 1853 1852 1752 1753 1854 1853 1753 1754 1855 1854
          1754 1755 1856 1855 1755 1756 1857 1856 1756 1757 1858 1857
          1757 1758 1859 1858 1758 1759 1860 1859 1759 1760 1861 1860
          1760 1761 1862 1861 1761 1762 1863 1862 1762 1763 1864 1863
          1763 1764 1865 1864 1764 1765 1866 1865 1765 1766 1867 1866
          1766 1767 1868 1867 1767 1768 1869 1868 1768 1769 1870 1869
          1769 1770 1871 1870 1770 1771 1872 1871 1771 1772 1873 1872
          1772 1773 1874 1873 1773 1774 1875 1874 1774 1775 1876 1875
          1775 1776 1877 1876 1776 1777 1878 1877 1777 1778 1879 1878
          1778 1779 1880 1879 1779 1780 1881 1880 1780 1781 1882 1881
          1781 1782 1883 1882 1782 1783 1884 1883 1783 1784 1885 1884
          1784 1785 1886 1885 1785 1786 1887 1886 1786 1787 1888 1887
          1787 1788 1889 1888 1788 1789 1890 1889 1789 1790 1891 1890
          1790 1791 1892 1891 1791 1792 1893 1892 1792 1793 1894 1893
          1793 1794 1895 1894 1794 1795 1896 1895 1795 1796 1897 1896
          1796 1797 1898 1897 1797 1798 1899 1898 1798 1799 1900 1899
          1799 1800 1901 1900 1800 1801 1902 1901 1801 1802 1903 1902
          1802 1803 1904 1903 1803 1804 1905 1904 1804 1805 1906 1905
          1805 1806 1907 1906 1806 1807 1908 1907 1807 1808 1909 1908
          1808 1809 1910 1909 1809 1810 1911 1910 1810 1811 1912 1911
          1811 1812 1913 1912 1812 1813 1914 1913 1813 1814 1915 1914
          1814 1815 1916 1915 1815 1816 1917 1916 1816 1817 1918 1917
          1818 1819 1920 1919 1819 1820 1921 1920 1820 1821 1922 1921
          1821 1822 1923 1922 1822 1823 1924 1923 1823 1824 1925 1924
          1824 1825 1926 1925 1825 1826 1927 1926 1826 1827 1928 1927
          1827 1828 1929 1928 1828 1829 1930 1929 1829 1830 1931 1930
          1830 1831 1932 1931 1831 1832 1933 1932 1832 1833 1934 1933
          1833 1834 1935 1934 1834 1835 1936 1935 1835 1836 1937 1936
          1836 1837 1938 1937 1837 1838 1939 1938 1838 1839 1940 1939
          1839 1840 1941 1940 1840 1841 1942 1941 1841 1842 1943 1942
          1842 1843 1944 1943 1843 1844 1945 1944 1844 1845 1946 1945
          1845 1846 1947 1946 1846 1847 1948 1947 1847 1848 1949 1948
          1848 1849 1950 1949 1849 1850 1951 1950 1850 1851 1952 1951
          1851 1852 1953 1952 1852 1853 1954 1953 1853 1854 1955 1954
          1854 1855 1956 1955 1855 1856 1957 1956 1856 1857 1958 1957
          1857 1858 1959 1958 1858 1859 1960 1959 1859 1860 1961 1960
          1860 1861 1962 1961 1861 1862 1963 1962 1862 1863 1964 1963
          1863 1864 1965 1964 1864 1865 1966 1965 1865 1866 1967 1966
          1866 1867 1968 1967 1867 1868 1969 1968 1868 1869 1970 1969
          1869 1870 1971 1970 1870 1871 1972 1971 1871 1872 1973 1972
          1872 1873 1974 1973 1873 1874 1975 1974 1874 1875 1976 1975
          1875 1876 1977 1976 1876 1877 1978 1977 1877 1878 1979 1978
          1878 1879 1980 1979 1879 1880 1981 1980 1880 1881 1982 1981
          1881 1882 1983 1982 1882 1883 1984 1983 1883 1884 1985 1984
          1884 1885 1986 1985 1885 1886 1987 1986 1886 1887 1988 1987
          1887 1888 1989 1988 1888 1889 1990 1989 1889 1890 1991 1990
          1890 1891 1992 1991 1891 1892 1993 1992 1892 1893 1994 1993
          1893 1894 1995 1994 1894 1895 1996 1995 1895 1896 1997 1996
          1896 1897 1998 1997 1897 1898 1999 1998 1898 1899 2000 1999
          1899 1900 2001 2000 1900 1901 2002 2001 1901 1902 2003 2002
          1902 1903 2004 2003 1903 1904 2005 2004 1904 1905 2006 2005
          1905 1906 2007 2006 1906 1907 2008 2007 1907 1908 2009 2008
          1908 1909 2010 2009 1909 1910 2011 2010 1910 1911 2012 2011
          1911 1912 2013 2012 1912 1913 2014 2013 1913 1914 2015 2014
          1914 1915 2016 2015 1915 1916 2017 2016 1916 1917 2018 2017
          1917 1918 2019 2018 1919 1920 2021 2020 1920 1921 2022 2021
          1921 1922 2023 2022 1922 1923 2024 2023 1923 1924 2025 2024
          1924 1925 2026 2025 1925 1926 2027 2026 1926 1927 2028 2027
          1927 1928 2029 2028 1928 1929 2030 2029 1929 1930 2031 2030
          1930 1931 2032 2031 1931 1932 2033 2032 1932 1933 2034 2033
          1933 1934 2035 2034 1934 1935 2036 2035 1935 1936 2037 2036
          1936 1937 2038 2037 1937 1938 2039 2038 1938 1939 2040 2039
          1939 1940 2041 2040 1940 1941 2042 2041 1941 1942 2043 2042
          1942 1943 2044 2043 1943 1944 2045 2044 1944 1945 2046 2045
          1945 1946 2047 2046 1946 1947 2048 2047 1947 1948 2049 2048
          1948 1949 2050 2049 1949 1950 2051 2050 1950 1951 2052 2051
          1951 1952 2053 2052 1952 1953 2054 2053 1953 1954 2055 2054
          1954 1955 2056 2055 1955 1956 2057 2056 1956 1957 2058 2057
          1957 1958 2059 2058 1958 1959 2060 2059 1959 1960 2061 2060
          1960 1961 2062 2061 1961 1962 2063 2062 1962 1963 2064 2063
          1963 1964 2065 2064 1964 1965 2066 2065 1965 1966 2067 2066
          1966 1967 2068 2067 1967 1968 2069 2068 1968 1969 2070 2069
          1969 1970 2071 2070 1970 1971 2072 2071 1971 1972 2073 2072
          1972 1973 2074 2073 1973 1974 2075 2074 1974 1975 2076 2075
          1975 1976 2077 2076 1976 1977 2078 2077 1977 1978 2079 2078
          1978 1979 2080 2079 1979 1980 2081 2080 1980 1981 2082 2081
          1981 1982 2083 2082 1982 1983 2084 2083 1983 1984 2085 2084
          1984 1985 2086 2085 1985 1986 2087 2086 1986 1987 2088 2087
          1987 1988 2089 2088 1988 1989 2090 2089 1989 1990 2091 2090
          1990 1991 2092 2091 1991 1992 2093 2092 1992 1993 2094 2093
          1993 1994 2095 2094 1994 1995 2096 2095 1995 1996 2097 2096
          1996 1997 2098 2097 1997 1998 2099 2098 1998 1999 2100 2099
          1999 2000 2101 2100 2000 2001 2102 2101 2001 2002 2103 2102
          2002 2003 2104 2103 2003 2004 2105 2104 2004 2005 2106 2105
          2005 2006 2107 2106 2006 2007 2108 2107 2007 2008 2109 2108
          2008 2009 2110 2109 2009 2010 2111 2110 2010 2011 2112 2111
          2011 2012 2113 2112 2012 2013 2114 2113 2013 2014 2115 2114
          2014 2015 2116 2115 2015 2016 2117 2116 2016 2017 2118 2117
          2017 2018 2119 2118 2018 2019 2120 2119
        </DataArray>
        <DataArray type="Int32" Name="offsets" NumberOfComponents="1" format="ascii">
          4 8 12 16 20 24 28 32 36 40 44 48
          52 56 60 64 68 72 76 80 84 88 92 96
          100 104 108 112 116 120 124 128 132 136 140 144
          148 152 156 160 164 168 172 176 180 184 188 192
          196 200 204 208 212 216 220 224 228 232 236 240
          244 248 252 256 260 264 268 272 276 280 284 288
          292 296 300 304 308 312 316 320 324 328 332 336
          340 344 348 352 356 360 364 368 372 376 380 384
          388 392 396 400 404 408 412 416 420 424 428 432
          436 440 444 448 452 456 460 464 468 472 476 480
          484 488 492 496 500 504 508 512 516 520 524 528
          532 536 540 544 548 552 556 560 564 568 572 576
          580 584 588 592 596 600 604 608 612 616 620 624
          628 632 636 640 644 648 652 656 660 664 668 672
          676 680 684 688 692 696 700 704 708 712 716 720
          724 728 732 736 740 744 748 752 756 760 764 768
          772 776 780 784 788 792 796 800 804 808 812 816
          820 824 828 832 836 840 844 848 852 856 860 864
          868 872 876 880 884 888 892 896 900 904 908 912
          916 920 924 928 932 936 940 944 948 952 956 960
          964 968 972 976 980 984 988 992 996 1000 1004 1008
          1012 1016 1020 1024 1028 1032 1036 1040 1044 1048 1052 1056
          1060 1064 1068 1072 1076 1080 1084 1088 1092 1096 1100 1104
          1108 1112 1116 1120 1124 1128 1132 1136 1140 1144 1148 1152
          1156 1160 1164 1168 1172 1176 1180 1184 1188 1192 1196 1200
          1204 1208 1212 1216 1220 1224 1228 1232 1236 1240 1244 1248
          1252 1256 1260 1264 1268 1272 1276 1280 1284 1288 1292 1296
          1300 1304 1308 1312 1316 1320 1324 1328 1332 1336 1340 1344
          1348 1352 1356 1360 1364 1368 1372 1376 1380 1384 1388 1392
          1396 1400 1404 1408 1412 1416 1420 1424 1428 1432 1436 1440
          1444 1448 1452 1456 1460 1464 1468 1472 1476 1480 1484 1488
          1492 1496 1500 1504 1508 1512 1516 1520 1524 1528 1532 1536
          1540 1544 1548 1552 1556 1560 1564 1568 1572 1576 1580 1584
          1588 1592 1596 1600 1604 1608 1612 1616 1620 1624 1628 1632
          1636 1640 1644 1648 1652 1656 1660 1664 1668 1672 1676 1680
          1684 1688 1692 1696 1700 1704 1708 1712 1716 1720 1724 1728
          1732 1736 1740 1744 1748 1752 1756 1760 1764 1768 1772 1776
          1780 1784 1788 1792 1796 1800 1804 1808 1812 1816 1820 1824
          1828 1832 1836 1840 1844 1848 1852 1856 1860 1864 1868 1872
          1876 1880 1884 1888 1892 1896 1900 1904 1908 1912 1916 1920
          1924 1928 1932 1936 1940 1944 1948 1952 1956 1960 1964 1968
          1972 1976 1980 1984 1988 1992 1996 2000 2004 2008 2012 2016
          2020 2024 2028 2032 2036 2040 2044 2048 2052 2056 2060 2064
          2068 2072 2076 2080 2084 2088 2092 2096 2100 2104 2108 2112
          2116 2120 2124 2128 2132 2136 2140 2144 2148 2152 2156 2160
          2164 2168 2172 2176 2180 2184 2188 2192 2196 2200 2204 2208
          2212 2216 2220 2224 2228 2232 2236 2240 2244 2248 2252 2256
          2260 2264 2268 2272 2276 2280 2284 2288 2292 2296 2300 2304
          2308 2312 2316 2320 2324 2328 2332 2336 2340 2344 2348 2352
          2356 2360 2364 2368 2372 2376 2380 2384 2388 2392 2396 2400
          2404 2408 2412 2416 2420 2424 2428 2432 2436 2440 2444 2448
          2452 2456 2460 2464 2468 2472 2476 2480 2484 2488 2492 2496
          2500 2504 2508 2512 2516 2520 2524 2528 2532 2536 2540 2544
          2548 2552 2556 2560 2564 2568 2572 2576 2580 2584 2588 2592
          2596 2600 2604 2608 2612 2616 2620 2624 2628 2632 2636 2640
          2644 2648 2652 2656 2660 2664 2668 2672 2676 2680 2684 2688
          2692 2696 2700 2704 2708 2712 2716 2720 2724 2728 2732 2736
          2740 2744 2748 2752 2756 2760 2764 2768 2772 2776 2780 2784
          2788 2792 2796 2800 2804 2808 2812 2816 2820 2824 2828 2832
          2836 2840 2844 2848 2852 2856 2860 2864 2868 2872 2876 2880
          2884 2888 2892 2896 2900 2904 2908 2912 2916 2920 2924 2928
          2932 2936 2940 2944 2948 2952 2956 2960 2964 2968 2972 2976
          2980 2984 2988 2992 2996 3000 3004 3008 3012 3016 3020 3024
          3028 3032 3036 3040 3044 3048 3052 3056 3060 3064 3068 3072
          3076 3080 3084 3088 3092 3096 3100 3104 3108 3112 3116 3120
          3124 3128 3132 3136 3140 3144 3148 3152 3156 3160 3164 3168
          3172 3176 3180 3184 3188 3192 3196 3200 3204 3208 3212 3216
          3220 3224 3228 3232 3236 3240 3244 3248 3252 3256 3260 3264
          3268 3272 3276 3280 3284 3288 3292 3296 3300 3304 3308 3312
          3316 3320 3324 3328 3332 3336 3340 3344 3348 3352 3356 3360
          3364 3368 3372 3376 3380 3384 3388 3392 3396 3400 3404 3408
          3412 3416 3420 3424 3428 3432 3436 3440 3444 3448 3452 3456
          3460 3464 3468 3472 3476 3480 3484 3488 3492 3496 3500 3504
          3508 3512 3516 3520 3524 3528 3532 3536 3540 3544 3548 3552
          3556 3560 3564 3568 3572 3576 3580 3584 3588 3592 3596 3600
          3604 3608 3612 3616 3620 3624 3628 3632 3636 3640 3644 3648
          3652 3656 3660 3664 3668 3672 3676 3680 3684 3688 3692 3696
          3700 3704 3708 3712 3716 3720 3724 3728 3732 3736 3740 3744
          3748 3752 3756 3760 3764 3768 3772 3776 3780 3784 3788 3792
          3796 3800 3804 3808 3812 3816 3820 3824 3828 3832 3836 3840
          3844 3848 3852 3856 3860 3864 3868 3872 3876 3880 3884 3888
          3892 3896 3900 3904 3908 3912 3916 3920 3924 3928 3932 3936
          3940 3944 3948 3952 3956 3960 3964 3968 3972 3976 3980 3984
          3988 3992 3996 4000 4004 4008 4012 4016 4020 4024 4028 4032
          4036 4040 4044 4048 4052 4056 4060 4064 4068 4072 4076 4080
          4084 4088 4092 4096 4100 4104 4108 4112 4116 4120 4124 4128
          4132 4136 4140 4144 4148 4152 4156 4160 4164 4168 4172 4176
          4180 4184 4188 4192 4196 4200 4204 4208 4212 4216 4220 4224
          4228 4232 4236 4240 4244 4248 4252 4256 4260 4264 4268 4272
          4276 4280 4284 4288 4292 4296 4300 4304 4308 4312 4316 4320
          4324 4328 4332 4336 4340 4344 4348 4352 4356 4360 4364 4368
          4372 4376 4380 4384 4388 4392 4396 4400 4404 4408 4412 4416
          4420 4424 4428 4432 4436 4440 4444 4448 4452 4456 4460 4464
          4468 4472 4476 4480 4484 4488 4492 4496 4500 4504 4508 4512
          4516 4520 4524 4528 4532 4536 4540 4544 4548 4552 4556 4560
          4564 4568 4572 4576 4580 4584 4588 4592 4596 4600 4604 4608
          4612 4616 4620 4624 4628 4632 4636 4640 4644 4648 4652 4656
          4660 4664 4668 4672 4676 4680 4684 4688 4692 4696 4700 4704
          4708 4712 4716 4720 4724 4728 4732 4736 4740 4744 4748 4752
          4756 4760 4764 4768 4772 4776 4780 4784 4788 4792 4796 4800
          4804 4808 4812 4816 4820 4824 4828 4832 4836 4840 4844 4848
          4852 4856 4860 4864 4868 4872 4876 4880 4884 4888 4892 4896
          4900 4904 4908 4912 4916 4920 4924 4928 4932 4936 4940 4944
          4948 4952 4956 4960 4964 4968 4972 4976 4980 4984 4988 4992
          4996 5000 5004 5008 5012 5016 5020 5024 5028 5032 5036 5040
          5044 5048 5052 5056 5060 5064 5068 5072 5076 5080 5084 5088
          5092 5096 5100 5104 5108 5112 5116 5120 5124 5128 5132 5136
          5140 5144 5148 5152 5156 5160 5164 5168 5172 5176 5180 5184
          5188 5192 5196 5200 5204 5208 5212 5216 5220 5224 5228 5232
          5236 5240 5244 5248 5252 5256 5260 5264 5268 5272 5276 5280
          5284 5288 5292 5296 5300 5304 5308 5312 5316 5320 5324 5328
          5332 5336 5340 5344 5348 5352 5356 5360 5364 5368 5372 5376
          5380 5384 5388 5392 5396 5400 5404 5408 5412 5416 5420 5424
          5428 5432 5436 5440 5444 5448 5452 5456 5460 5464 5468 5472
          5476 5480 5484 5488 5492 5496 5500 5504 5508 5512 5516 5520
          5524 5528 5532 5536 5540 5544 5548 5552 5556 5560 5564 5568
          5572 5576 5580 5584 5588 5592 5596 5600 5604 5608 5612 5616
          5620 5624 5628 5632 5636 5640 5644 5648 5652 5656 5660 5664
          5668 5672 5676 5680 5684 5688 5692 5696 5700 5704 5708 5712
          5716 5720 5724 5728 5732 5736 5740 5744 5748 5752 5756 5760
          5764 5768 5772 5776 5780 5784 5788 5792 5796 5800 5804 5808
          5812 5816 5820 5824 5828 5832 5836 5840 5844 5848 5852 5856
          5860 5864 5868 5872 5876 5880 5884 5888 5892 5896 5900 5904
          5908 5912 5916 5920 5924 5928 5932 5936 5940 5944 5948 5952
          5956 5960 5964 5968 5972 5976 5980 5984 5988 5992 5996 6000
          6004 6008 6012 6016 6020 6024 6028 6032 6036 6040 6044 6048
          6052 6056 6060 6064 6068 6072 6076 6080 6084 6088 6092 6096
          6100 6104 6108 6112 6116 6120 6124 6128 6132 6136 6140 6144
          6148 6152 6156 6160 6164 6168 6172 6176 6180 6184 6188 6192
          6196 6200 6204 6208 6212 6216 6220 6224 6228 6232 6236 6240
          6244 6248 6252 6256 6260 6264 6268 6272 6276 6280 6284 6288
          6292 6296 6300 6304 6308 6312 6316 6320 6324 6328 6332 6336
          6340 6344 6348 6352 6356 6360 6364 6368 6372 6376 6380 6384
          6388 6392 6396 6400 6404 6408 6412 6416 6420 6424 6428 6432
          6436 6440 6444 6448 6452 6456 6460 6464 6468 6472 6476 6480
          6484 6488 6492 6496 6500 6504 6508 6512 6516 6520 6524 6528
          6532 6536 6540 6544 6548 6552 6556 6560 6564 6568 6572 6576
          6580 6584 6588 6592 6596 6600 6604 6608 6612 6616 6620 6624
          6628 6632 6636 6640 6644 6648 6652 6656 6660 6664 6668 6672
          6676 6680 6684 6688 6692 6696 6700 6704 6708 6712 6716 6720
          6724 6728 6732 6736 6740 6744 6748 6752 6756 6760 6764 6768
          6772 6776 6780 6784 6788 6792 6796 6800 6804 6808 6812 6816
          6820 6824 6828 6832 6836 6840 6844 6848 6852 6856 6860 6864
          6868 6872 6876 6880 6884 6888 6892 6896 6900 6904 6908 6912
          6916 6920 6924 6928 6932 6936 6940 6944 6948 6952 6956 6960
          6964 6968 6972 6976 6980 6984 6988 6992 6996 7000 7004 7008
          7012 7016 7020 7024 7028 7032 7036 7040 7044 7048 7052 7056
          7060 7064 7068 7072 7076 7080 7084 7088 7092 7096 7100 7104
          7108 7112 7116 7120 7124 7128 7132 7136 7140 7144 7148 7152
          7156 7160 7164 7168 7172 7176 7180 7184 7188 7192 7196 7200
          7204 7208 7212 7216 7220 7224 7228 7232 7236 7240 7244 7248
          7252 7256 7260 7264 7268 7272 7276 7280 7284 7288 7292 7296
          7300 7304 7308 7312 7316 7320 7324 7328 7332 7336 7340 7344
          7348 7352 7356 7360 7364 7368 7372 7376 7380 7384 7388 7392
          7396 7400 7404 7408 7412 7416 7420 7424 7428 7432 7436 7440
          7444 7448 7452 7456 7460 7464 7468 7472 7476 7480 7484 7488
          7492 7496 7500 7504 7508 7512 7516 7520 7524 7528 7532 7536
          7540 7544 7548 7552 7556 7560 7564 7568 7572 7576 7580 7584
          7588 7592 7596 7600 7604 7608 7612 7616 7620 7624 7628 7632
          7636 7640 7644 7648 7652 7656 7660 7664 7668 7672 7676 7680
          7684 7688 7692 7696 7700 7704 7708 7712 7716 7720 7724 7728
          7732 7736 7740 7744 7748 7752 7756 7760 7764 7768 7772 7776
          7780 7784 7788 7792 7796 7800 7804 7808 7812 7816 7820 7824
          7828 7832 7836 7840 7844 7848 7852 7856 7860 7864 7868 7872
          7876 7880 7884 7888 7892 7896 7900 7904 7908 7912 7916 7920
          7924 7928 7932 7936 7940 7944 7948 7952 7956 7960 7964 7968
          7972 7976 7980 7984 7988 7992 7996 8000
        </DataArray>
        <DataArray type="UInt8" Name="types" NumberOfComponents="1" format="ascii">
          9 9 9 9 9 9 9 9 9 9 9 9
          9 9 9 9 9 9 9 9 9 9 9 9
          9 9 9 9 9 9 9 9 9 9 9 9
          9 9 9 9 9 9 9 9 9 9 9 9
          9 9 9 9 9 9 9 9 9 9 9 9
          9 9 9 9 9 9 9 9 9 9 9 9
          9 9 9 9 9 9 9 9 9 9 9 9
          9 9 9 9 9 9 9 9 9 9 9 9
          9 9 9 9 9 9 9 9 9 9 9 9
          9 9 9 9 9 9 9 9 9 9 9 9
          9 9 9 9 9 9 9 9 9 9 9 9
          9 9 9 9 9 9 9 9 9 9 9 9
          9 9 9 9 9 9 9 9 9 9 9 9
          9 9 9 9 9 9 9 9 9 9 9 9
          9 9 9 9 9 9 9 9 9 9 9 9
          9 9 9 9 9 9 9 9 9 9 9 9
          9 9 9 9 9 9 9 9 9 9 9 9
          9 9 9 9 9 9 9 9 9 9 9 9
          9 9 9 9 9 9 9 9 9 9 9 9
          9 9 9 9 9 9 9 9 9 9 9 9
          9 9 9 9 9 9 9 9 9 9 9 9
          9 9 9 9 9 9 9 9 9 9 9 9
          9 9 9 9 9 9 9 9 9 9 9 9
          9 9 9 9 9 9 9 9 9 9 9 9
          9 9 9 9 9 9 9 9 9 9 9 9
          9 9 9 9 9 9 9 9 9 9 9 9
          9 9 9 9 9 9 9 9 9 9 9 9
          9 9 9 9 9 9 9 9 9 9 9 9
          9 9 9 9 9 9 9 9 9 9 9 9
          9 9 9 9 9 9 9 9 9 9 9 9
          9 9 9 9 9 9 9 9 9 9 9 9
          9 9 9 9 9 9 9 9 9 9 9 9
          9 9 9 9 9 9 9 9 9 9 9 9
          9 9 9 9 9 9 9 9 9 9 9 9
          9 9 9 9 9 9 9 9 9 9 9 9
          9 9 9 9 9 9 9 9 9 9 9 9
          9 9 9 9 9 9 9 9 9 9 9 9
          9 9 9 9 9 9 9 9 9 9 9 9
          9 9 9 9 9 9 9 9 9 9 9 9
          9 9 9 9 9 9 9 9 9 9 9 9
          9 9 9 9 9 9 9 9 9 9 9 9
          9 9 9 9 9 9 9 9 9 9 9 9
          9 9 9 9 9 9 9 9 9 9 9 9
          9 9 9 9 9 9 9 9 9 9 9 9
          9 9 9 9 9 9 9 9 9 9 9 9
          9 9 9 9 9 9 9 9 9 9 9 9
          9 9 9 9 9 9 9 9 9 9 9 9
          9 9 9 9 9 9 9 9 9 9 9 9
          9 9 9 9 9 9 9 9 9 9 9 9
          9 9 9 9 9 9 9 9 9 9 9 9
          9 9 9 9 9 9 9 9 9 9 9 9
          9 9 9 9 9 9 9 9 9 9 9 9
          9 9 9 9 9 9 9 9 9 9 9 9
          9 9 9 9 9 9 9 9 9 9 9 9
          9 9 9 9 9 9 9 9 9 9 9 9
          9 9 9 9 9 9 9 9 9 9 9 9
          9 9 9 9 9 9 9 9 9 9 9 9
          9 9 9 9 9 9 9 9 9 9 9 9
          9 9 9 9 9 9 9 9 9 9 9 9
          9 9 9 9 9 9 9 9 9 9 9 9
          9 9 9 9 9 9 9 9 9 9 9 9
          9 9 9 9 9 9 9 9 9 9 9 9
          9 9 9 9 9 9 9 9 9 9 9 9
          9 9 9 9 9 9 9 9 9 9 9 9
          9 9 9 9 9 9 9 9 9 9 9 9
          9 9 9 9 9 9 9 9 9 9 9 9
          9 9 9 9 9 9 9 9 9 9 9 9
          9 9 9 9 9 9 9 9 9 9 9 9
          9 9 9 9 9 9 9 9 9 9 9 9
          9 9 9 9 9 9 9 9 9 9 9 9
          9 9 9 9 9 9 9 9 9 9 9 9
          9 9 9 9 9 9 9 9 9 9 9 9
          9 9 9 9 9 9 9 9 9 9 9 9
          9 9 9 9 9 9 9 9 9 9 9 9
          9 9 9 9 9 9 9 9 9 9 9 9
          9 9 9 9 9 9 9 9 9 9 9 9
          9 9 9 9 9 9 9 9 9 9 9 9
          9 9 9 9 9 9 9 9 9 9 9 9
          9 9 9 9 9 9 9 9 9 9 9 9
          9 9 9 9 9 9 9 9 9 9 9 9
          9 9 9 9 9 9 9 9 9 9 9 9
          9 9 9 9 9 9 9 9 9 9 9 9
          9 9 9 9 9 9 9 9 9 9 9 9
          9 9 9 9 9 9 9 9 9 9 9 9
          9 9 9 9 9 9 9 9 9 9 9 9
          9 9 9 9 9 9 9 9 9 9 9 9
          9 9 9 9 9 9 9 9 9 9 9 9
          9 9 9 9 9 9 9 9 9 9 9 9
          9 9 9 9 9 9 9 9 9 9 9 9
          9 9 9 9 9 9 9 9 9 9 9 9
          9 9 9 9 9 9 9 9 9 9 9 9
          9 9 9 9 9 9 9 9 9 9 9 9
          9 9 9 9 9 9 9 9 9 9 9 9
          9 9 9 9 9 9 9 9 9 9 9 9
          9 9 9 9 9 9 9 9 9 9 9 9
          9 9 9 9 9 9 9 9 9 9 9 9
          9 9 9 9 9 9 9 9 9 9 9 9
          9 9 9 9 9 9 9 9 9 9 9 9
          9 9 9 9 9 9 9 9 9 9 9 9
          9 9 9 9 9 9 9 9 9 9 9 9
          9 9 9 9 9 9 9 9 9 9 9 9
          9 9 9 9 9 9 9 9 9 9 9 9
          9 9 9 9 9 9 9 9 9 9 9 9
          9 9 9 9 9 9 9 9 9 9 9 9
          9 9 9 9 9 9 9 9 9 9 9 9
          9 9 9 9 9 9 9 9 9 9 9 9
          9 9 9 9 9 9 9 9 9 9 9 9
          9 9 9 9 9 9 9 9 9 9 9 9
          9 9 9 9 9 9 9 9 9 9 9 9
          9 9 9 9 9 9 9 9 9 9 9 9
          9 9 9 9 9 9 9 9 9 9 9 9
          9 9 9 9 9 9 9 9 9 9 9 9
          9 9 9 9 9 9 9 9 9 9 9 9
          9 9 9 9 9 9 9 9 9 9 9 9
          9 9 9 9 9 9 9 9 9 9 9 9
          9 9 9 9 9 9 9 9 9 9 9 9
          9 9 9 9 9 9 9 9 9 9 9 9
          9 9 9 9 9 9 9 9 9 9 9 9
          9 9 9 9 9 9 9 9 9 9 9 9
          9 9 9 9 9 9 9 9 9 9 9 9
          9 9 9 9 9 9 9 9 9 9 9 9
          9 9 9 9 9 9 9 9 9 9 9 9
          9 9 9 9 9 9 9 9 9 9 9 9
          9 9 9 9 9 9 9 9 9 9 9 9
          9 9 9 9 9 9 9 9 9 9 9 9
          9 9 9 9 9 9 9 9 9 9 9 9
          9 9 9 9 9 9 9 9 9 9 9 9
          9 9 9 9 9 9 9 9 9 9 9 9
          9 9 9 9 9 9 9 9 9 9 9 9
          9 9 9 9 9 9 9 9 9 9 9 9
          9 9 9 9 9 9 9 9 9 9 9 9
          9 9 9 9 9 9 9 9 9 9 9 9
          9 9 9 9 9 9 9 9 9 9 9 9
          9 9 9 9 9 9 9 9 9 9 9 9
          9 9 9 9 9 9 9 9 9 9 9 9
          9 9 9 9 9 9 9 9 9 9 9 9
          9 9 9 9 9 9 9 9 9 9 9 9
          9 9 9 9 9 9 9 9 9 9 9 9
          9 9 9 9 9 9 9 9 9 9 9 9
          9 9 9 9 9 9 9 9 9 9 9 9
          9 9 9 9 9 9 9 9 9 9 9 9
          9 9 9 9 9 9 9 9 9 9 9 9
          9 9 9 9 9 9 9 9 9 9 9 9
          9 9 9 9 9 9 9 9 9 9 9 9
          9 9 9 9 9 9 9 9 9 9 9 9
          9 9 9 9 9 9 9 9 9 9 9 9
          9 9 9 9 9 9 9 9 9 9 9 9
          9 9 9 9 9 9 9 9 9 9 9 9
          9 9 9 9 9 9 9 9 9 9 9 9
          9 9 9 9 9 9 9 9 9 9 9 9
          9 9 9 9 9 9 9 9 9 9 9 9
          9 9 9 9 9 9 9 9 9 9 9 9
          9 9 9 9 9 9 9 9 9 9 9 9
          9 9 9 9 9 9 9 9 9 9 9 9
          9 9 9 9 9 9 9 9 9 9 9 9
          9 9 9 9 9 9 9 9 9 9 9 9
          9 9 9 9 9 9 9 9 9 9 9 9
          9 9 9 9 9 9 9 9 9 9 9 9
          9 9 9 9 9 9 9 9 9 9 9 9
          9 9 9 9 9 9 9 9 9 9 9 9
          9 9 9 9 9 9 9 9 9 9 9 9
          9 9 9 9 9 9 9 9 9 9 9 9
          9 9 9 9 9 9 9 9 9 9 9 9
          9 9 9 9 9 9 9 9 9 9 9 9
          9 9 9 9 9 9 9 9 9 9 9 9
          9 9 9 9 9 9 9 9 9 9 9 9
          9 9 9 9 9 9 9 9
        </DataArray>
      </Cells>
    </Piece>
  </UnstructuredGrid>
</VTKFile>
