<?xml version="1.0"?>
<VTKFile type="UnstructuredGrid" version="0.1" byte_order="LittleEndian">
  <UnstructuredGrid>
    <Piece NumberOfCells="2000" NumberOfPoints="2121">
      <PointData Scalars="p" Vectors="velocity_gas (m/s)">
        <DataArray type="Float32" Name="p" NumberOfComponents="1" format="ascii">
          6.01194e+06 6.0119e+06 6.01108e+06 6.01103e+06 6.01178e+06 6.0109e+06 6.01157e+06 6.01068e+06 6.0113e+06 6.01039e+06 6.01097e+06 6.01004e+06
          6.01058e+06 6.00964e+06 6.01016e+06 6.00919e+06 6.00972e+06 6.00873e+06 6.00926e+06 6.00826e+06 6.00881e+06 6.0078e+06 6.00838e+06 6.00735e+06
          6.00798e+06 6.00693e+06 6.0076e+06 6.00655e+06 6.00727e+06 6.00621e+06 6.00699e+06 6.00592e+06 6.00675e+06 6.00567e+06 6.00656e+06 6.00548e+06
          6.00642e+06 6.00534e+06 6.00634e+06 6.00524e+06 6.0063e+06 6.0052e+06 6.0063e+06 6.00521e+06 6.00635e+06 6.00525e+06 6.00644e+06 6.00534e+06
          6.00657e+06 6.00547e+06 6.00673e+06 6.00563e+06 6.00693e+06 6.00582e+06 6.00715e+06 6.00604e+06 6.00739e+06 6.00629e+06 6.00766e+06 6.00655e+06
          6.00794e+06 6.00684e+06 6.00824e+06 6.00714e+06 6.00856e+06 6.00745e+06 6.00888e+06 6.00777e+06 6.00921e+06 6.00811e+06 6.00955e+06 6.00844e+06
          6.0099e+06 6.00879e+06 6.01024e+06 6.00913e+06 6.01059e+06 6.00948e+06 6.01094e+06 6.00983e+06 6.01128e+06 6.01017e+06 6.01163e+06 6.01052e+06
          6.01197e+06 6.01086e+06 6.0123e+06 6.01119e+06 6.01264e+06 6.01153e+06 6.01296e+06 6.01185e+06 6.01328e+06 6.01217e+06 6.0136e+06 6.01249e+06
          6.01391e+06 6.0128e+06 6.01421e+06 6.0131e+06 6.0145e+06 6.01339e+06 6.01479e+06 6.01368e+06 6.01507e+06 6.01396e+06 6.01534e+06 6.01423e+06
          6.01561e+06 6.0145e+06 6.01587e+06 6.01476e+06 6.01612e+06 6.01501e+06 6.01636e+06 6.01525e+06 6.0166e+06 6.01549e+06 6.01683e+06 6.01572e+06
          6.01705e+06 6.01594e+06 6.01726e+06 6.01615e+06 6.01747e+06 6.01636e+06 6.01768e+06 6.01656e+06 6.01787e+06 6.01676e+06 6.01806e+06 6.01695e+06
          6.01825e+06 6.01714e+06 6.01842e+06 6.01731e+06 6.0186e+06 6.01749e+06 6.01877e+06 6.01765e+06 6.01893e+06 6.01782e+06 6.01908e+06 6.01797e+06
          6.01924e+06 6.01813e+06 6.01938e+06 6.01827e+06 6.01953e+06 6.01842e+06 6.01967e+06 6.01855e+06 6.0198e+06 6.01869e+06 6.01993e+06 6.01882e+06
          6.02006e+06 6.01895e+06 6.02018e+06 6.01907e+06 6.0203e+06 6.01919e+06 6.02042e+06 6.0193e+06 6.02053e+06 6.01942e+06 6.02064e+06 6.01953e+06
          6.02074e+06 6.01963e+06 6.02085e+06 6.01974e+06 6.02095e+06 6.01984e+06 6.02105e+06 6.01994e+06 6.02115e+06 6.02003e+06 6.02124e+06 6.02013e+06
          6.02133e+06 6.02022e+06 6.02142e+06 6.02031e+06 6.02151e+06 6.0204e+06 6.0216e+06 6.02049e+06 6.02168e+06 6.02057e+06 6.02176e+06 6.02065e+06
          6.02185e+06 6.02073e+06 6.02192e+06 6.02081e+06 6.022e+06 6.02089e+06 6.02208e+06 6.02097e+06 6.02215e+06 6.02104e+06 6.01057e+06 6.01052e+06
          6.01036e+06 6.01012e+06 6.00979e+06 6.0094e+06 6.00895e+06 6.00846e+06 6.00796e+06 6.00744e+06 6.00694e+06 6.00646e+06 6.00601e+06 6.0056e+06
          6.00523e+06 6.00492e+06 6.00466e+06 6.00445e+06 6.00429e+06 6.00419e+06 6.00414e+06 6.00413e+06 6.00418e+06 6.00426e+06 6.00438e+06 6.00454e+06
          6.00473e+06 6.00495e+06 6.00519e+06 6.00545e+06 6.00574e+06 6.00603e+06 6.00635e+06 6.00667e+06 6.007e+06 6.00734e+06 6.00768e+06 6.00803e+06
          6.00837e+06 6.00872e+06 6.00906e+06 6.00941e+06 6.00975e+06 6.01008e+06 6.01042e+06 6.01074e+06 6.01106e+06 6.01138e+06 6.01169e+06 6.01199e+06
          6.01228e+06 6.01257e+06 6.01285e+06 6.01312e+06 6.01339e+06 6.01364e+06 6.0139e+06 6.01414e+06 6.01438e+06 6.0146e+06 6.01483e+06 6.01504e+06
          6.01525e+06 6.01545e+06 6.01565e+06 6.01584e+06 6.01602e+06 6.0162e+06 6.01638e+06 6.01654e+06 6.01671e+06 6.01686e+06 6.01701e+06 6.01716e+06
          6.0173e+06 6.01744e+06 6.01758e+06 6.01771e+06 6.01783e+06 6.01796e+06 6.01808e+06 6.01819e+06 6.01831e+06 6.01842e+06 6.01852e+06 6.01863e+06
          6.01873e+06 6.01883e+06 6.01892e+06 6.01902e+06 6.01911e+06 6.0192e+06 6.01929e+06 6.01937e+06 6.01946e+06 6.01954e+06 6.01962e+06 6.0197e+06
          6.01978e+06 6.01986e+06 6.01993e+06 6.01044e+06 6.01038e+06 6.0102e+06 6.00991e+06 6.00952e+06 6.00906e+06 6.00854e+06 6.00798e+06 6.0074e+06
          6.00682e+06 6.00625e+06 6.00571e+06 6.00521e+06 6.00475e+06 6.00434e+06 6.004e+06 6.0037e+06 6.00347e+06 6.00329e+06 6.00317e+06 6.0031e+06
          6.00309e+06 6.00312e+06 6.00319e+06 6.00331e+06 6.00346e+06 6.00364e+06 6.00386e+06 6.00409e+06 6.00436e+06 6.00464e+06 6.00493e+06 6.00524e+06
          6.00556e+06 6.0059e+06 6.00623e+06 6.00657e+06 6.00692e+06 6.00726e+06 6.00761e+06 6.00796e+06 6.0083e+06 6.00864e+06 6.00898e+06 6.00931e+06
          6.00963e+06 6.00995e+06 6.01027e+06 6.01058e+06 6.01088e+06 6.01117e+06 6.01146e+06 6.01174e+06 6.01201e+06 6.01228e+06 6.01254e+06 6.01279e+06
          6.01303e+06 6.01327e+06 6.01349e+06 6.01372e+06 6.01393e+06 6.01414e+06 6.01434e+06 6.01454e+06 6.01473e+06 6.01491e+06 6.01509e+06 6.01527e+06
          6.01543e+06 6.0156e+06 6.01575e+06 6.0159e+06 6.01605e+06 6.01619e+06 6.01633e+06 6.01647e+06 6.0166e+06 6.01672e+06 6.01685e+06 6.01697e+06
          6.01708e+06 6.0172e+06 6.0173e+06 6.01741e+06 6.01752e+06 6.01762e+06 6.01772e+06 6.01781e+06 6.01791e+06 6.018e+06 6.01809e+06 6.01818e+06
          6.01826e+06 6.01835e+06 6.01843e+06 6.01851e+06 6.01859e+06 6.01867e+06 6.01875e+06 6.01883e+06 6.01073e+06 6.01066e+06 6.01043e+06 6.01008e+06
          6.00961e+06 6.00905e+06 6.00842e+06 6.00775e+06 6.00707e+06 6.00639e+06 6.00573e+06 6.0051e+06 6.00453e+06 6.004e+06 6.00354e+06 6.00314e+06
          6.00281e+06 6.00254e+06 6.00233e+06 6.00219e+06 6.0021e+06 6.00206e+06 6.00208e+06 6.00214e+06 6.00225e+06 6.00239e+06 6.00257e+06 6.00277e+06
          6.00301e+06 6.00326e+06 6.00354e+06 6.00384e+06 6.00414e+06 6.00446e+06 6.00479e+06 6.00513e+06 6.00547e+06 6.00581e+06 6.00616e+06 6.0065e+06
          6.00685e+06 6.00719e+06 6.00753e+06 6.00787e+06 6.0082e+06 6.00852e+06 6.00885e+06 6.00916e+06 6.00947e+06 6.00977e+06 6.01006e+06 6.01035e+06
          6.01063e+06 6.0109e+06 6.01117e+06 6.01142e+06 6.01168e+06 6.01192e+06 6.01216e+06 6.01238e+06 6.01261e+06 6.01282e+06 6.01303e+06 6.01323e+06
          6.01343e+06 6.01362e+06 6.0138e+06 6.01398e+06 6.01416e+06 6.01432e+06 6.01448e+06 6.01464e+06 6.01479e+06 6.01494e+06 6.01508e+06 6.01522e+06
          6.01536e+06 6.01549e+06 6.01561e+06 6.01574e+06 6.01586e+06 6.01597e+06 6.01608e+06 6.01619e+06 6.0163e+06 6.0164e+06 6.01651e+06 6.0166e+06
          6.0167e+06 6.0168e+06 6.01689e+06 6.01698e+06 6.01707e+06 6.01715e+06 6.01724e+06 6.01732e+06 6.0174e+06 6.01748e+06 6.01756e+06 6.01764e+06
          6.01772e+06 6.01151e+06 6.01141e+06 6.01113e+06 6.01068e+06 6.01009e+06 6.00939e+06 6.00862e+06 6.0078e+06 6.00698e+06 6.00616e+06 6.00538e+06
          6.00464e+06 6.00397e+06 6.00336e+06 6.00282e+06 6.00236e+06 6.00197e+06 6.00166e+06 6.00141e+06 6.00123e+06 6.00112e+06 6.00106e+06 6.00106e+06
          6.0011e+06 6.0012e+06 6.00133e+06 6.0015e+06 6.0017e+06 6.00192e+06 6.00218e+06 6.00245e+06 6.00274e+06 6.00305e+06 6.00336e+06 6.00369e+06
          6.00403e+06 6.00437e+06 6.00471e+06 6.00505e+06 6.0054e+06 6.00574e+06 6.00608e+06 6.00642e+06 6.00676e+06 6.00709e+06 6.00742e+06 6.00774e+06
          6.00805e+06 6.00836e+06 6.00866e+06 6.00895e+06 6.00924e+06 6.00952e+06 6.00979e+06 6.01006e+06 6.01032e+06 6.01057e+06 6.01081e+06 6.01105e+06
          6.01128e+06 6.0115e+06 6.01171e+06 6.01192e+06 6.01212e+06 6.01232e+06 6.01251e+06 6.01269e+06 6.01287e+06 6.01304e+06 6.01321e+06 6.01337e+06
          6.01353e+06 6.01368e+06 6.01383e+06 6.01397e+06 6.01411e+06 6.01425e+06 6.01438e+06 6.0145e+06 6.01463e+06 6.01474e+06 6.01486e+06 6.01497e+06
          6.01508e+06 6.01519e+06 6.01529e+06 6.0154e+06 6.01549e+06 6.01559e+06 6.01569e+06 6.01578e+06 6.01587e+06 6.01596e+06 6.01604e+06 6.01613e+06
          6.01621e+06 6.01629e+06 6.01638e+06 6.01646e+06 6.01653e+06 6.01661e+06 6.01284e+06 6.01271e+06 6.01235e+06 6.01177e+06 6.01101e+06 6.01013e+06
          6.00916e+06 6.00815e+06 6.00713e+06 6.00614e+06 6.0052e+06 6.00432e+06 6.00353e+06 6.00281e+06 6.00218e+06 6.00164e+06 6.00119e+06 6.00082e+06
          6.00053e+06 6.00031e+06 6.00016e+06 6.00008e+06 6.00005e+06 6.00008e+06 6.00016e+06 6.00028e+06 6.00043e+06 6.00063e+06 6.00085e+06 6.00109e+06
          6.00136e+06 6.00165e+06 6.00195e+06 6.00227e+06 6.00259e+06 6.00292e+06 6.00326e+06 6.0036e+06 6.00395e+06 6.00429e+06 6.00464e+06 6.00498e+06
          6.00532e+06 6.00565e+06 6.00598e+06 6.00631e+06 6.00663e+06 6.00694e+06 6.00725e+06 6.00755e+06 6.00784e+06 6.00813e+06 6.00841e+06 6.00868e+06
          6.00895e+06 6.00921e+06 6.00946e+06 6.0097e+06 6.00994e+06 6.01017e+06 6.01039e+06 6.0106e+06 6.01081e+06 6.01101e+06 6.01121e+06 6.0114e+06
          6.01158e+06 6.01176e+06 6.01194e+06 6.0121e+06 6.01226e+06 6.01242e+06 6.01257e+06 6.01272e+06 6.01286e+06 6.013e+06 6.01314e+06 6.01327e+06
          6.01339e+06 6.01352e+06 6.01364e+06 6.01375e+06 6.01386e+06 6.01397e+06 6.01408e+06 6.01418e+06 6.01429e+06 6.01438e+06 6.01448e+06 6.01458e+06
          6.01467e+06 6.01476e+06 6.01485e+06 6.01493e+06 6.01502e+06 6.0151e+06 6.01519e+06 6.01527e+06 6.01535e+06 6.01543e+06 6.0155e+06 6.01485e+06
          6.01468e+06 6.01419e+06 6.01343e+06 6.01244e+06 6.01131e+06 6.01007e+06 6.00881e+06 6.00755e+06 6.00634e+06 6.0052e+06 6.00415e+06 6.0032e+06
          6.00236e+06 6.00162e+06 6.00099e+06 6.00046e+06 6.00002e+06 5.99967e+06 5.99941e+06 5.99923e+06 5.99911e+06 5.99906e+06 5.99907e+06 5.99913e+06
          5.99923e+06 5.99938e+06 5.99956e+06 5.99977e+06 6.00001e+06 6.00028e+06 6.00056e+06 6.00086e+06 6.00117e+06 6.00149e+06 6.00182e+06 6.00216e+06
          6.0025e+06 6.00284e+06 6.00319e+06 6.00353e+06 6.00387e+06 6.00421e+06 6.00454e+06 6.00488e+06 6.0052e+06 6.00552e+06 6.00583e+06 6.00614e+06
          6.00644e+06 6.00674e+06 6.00702e+06 6.0073e+06 6.00757e+06 6.00784e+06 6.0081e+06 6.00835e+06 6.00859e+06 6.00883e+06 6.00906e+06 6.00928e+06
          6.00949e+06 6.0097e+06 6.0099e+06 6.0101e+06 6.01029e+06 6.01048e+06 6.01065e+06 6.01083e+06 6.01099e+06 6.01115e+06 6.01131e+06 6.01146e+06
          6.01161e+06 6.01175e+06 6.01189e+06 6.01203e+06 6.01216e+06 6.01228e+06 6.01241e+06 6.01252e+06 6.01264e+06 6.01275e+06 6.01286e+06 6.01297e+06
          6.01307e+06 6.01318e+06 6.01328e+06 6.01337e+06 6.01347e+06 6.01356e+06 6.01365e+06 6.01374e+06 6.01382e+06 6.01391e+06 6.01399e+06 6.01408e+06
          6.01416e+06 6.01424e+06 6.01432e+06 6.0144e+06 6.01768e+06 6.01744e+06 6.01679e+06 6.01577e+06 6.01447e+06 6.01298e+06 6.0114e+06 6.0098e+06
          6.00824e+06 6.00675e+06 6.00537e+06 6.00411e+06 6.00298e+06 6.00199e+06 6.00113e+06 6.00039e+06 5.99977e+06 5.99926e+06 5.99885e+06 5.99854e+06
          5.99831e+06 5.99816e+06 5.99808e+06 5.99806e+06 5.9981e+06 5.99819e+06 5.99833e+06 5.9985e+06 5.9987e+06 5.99894e+06 5.99919e+06 5.99947e+06
          5.99977e+06 6.00008e+06 6.0004e+06 6.00072e+06 6.00106e+06 6.0014e+06 6.00174e+06 6.00208e+06 6.00242e+06 6.00277e+06 6.0031e+06 6.00344e+06
          6.00377e+06 6.00409e+06 6.00441e+06 6.00473e+06 6.00503e+06 6.00533e+06 6.00563e+06 6.00591e+06 6.00619e+06 6.00647e+06 6.00673e+06 6.00699e+06
          6.00724e+06 6.00748e+06 6.00772e+06 6.00795e+06 6.00817e+06 6.00838e+06 6.00859e+06 6.0088e+06 6.00899e+06 6.00918e+06 6.00937e+06 6.00954e+06
          6.00972e+06 6.00988e+06 6.01004e+06 6.0102e+06 6.01035e+06 6.0105e+06 6.01064e+06 6.01078e+06 6.01092e+06 6.01105e+06 6.01117e+06 6.0113e+06
          6.01142e+06 6.01153e+06 6.01164e+06 6.01175e+06 6.01186e+06 6.01196e+06 6.01207e+06 6.01216e+06 6.01226e+06 6.01236e+06 6.01245e+06 6.01254e+06
          6.01263e+06 6.01272e+06 6.0128e+06 6.01288e+06 6.01297e+06 6.01305e+06 6.01313e+06 6.01321e+06 6.01329e+06 6.02155e+06 6.02123e+06 6.02032e+06
          6.01893e+06 6.01718e+06 6.01523e+06 6.01318e+06 6.01115e+06 6.0092e+06 6.00738e+06 6.00571e+06 6.0042e+06 6.00287e+06 6.0017e+06 6.00069e+06
          5.99983e+06 5.99911e+06 5.99852e+06 5.99805e+06 5.99768e+06 5.99741e+06 5.99722e+06 5.99711e+06 5.99707e+06 5.99709e+06 5.99716e+06 5.99728e+06
          5.99744e+06 5.99764e+06 5.99786e+06 5.99811e+06 5.99839e+06 5.99868e+06 5.99898e+06 5.9993e+06 5.99963e+06 5.99996e+06 6.0003e+06 6.00064e+06
          6.00098e+06 6.00132e+06 6.00166e+06 6.002e+06 6.00233e+06 6.00266e+06 6.00299e+06 6.0033e+06 6.00362e+06 6.00393e+06 6.00423e+06 6.00452e+06
          6.00481e+06 6.00508e+06 6.00536e+06 6.00562e+06 6.00588e+06 6.00613e+06 6.00637e+06 6.00661e+06 6.00684e+06 6.00706e+06 6.00728e+06 6.00748e+06
          6.00769e+06 6.00788e+06 6.00807e+06 6.00826e+06 6.00843e+06 6.00861e+06 6.00877e+06 6.00894e+06 6.00909e+06 6.00924e+06 6.00939e+06 6.00953e+06
          6.00967e+06 6.00981e+06 6.00994e+06 6.01006e+06 6.01019e+06 6.01031e+06 6.01042e+06 6.01053e+06 6.01064e+06 6.01075e+06 6.01086e+06 6.01096e+06
          6.01106e+06 6.01115e+06 6.01125e+06 6.01134e+06 6.01143e+06 6.01152e+06 6.01161e+06 6.01169e+06 6.01178e+06 6.01186e+06 6.01194e+06 6.01202e+06
          6.0121e+06 6.01218e+06 6.0268e+06 6.02634e+06 6.02505e+06 6.0231e+06 6.02072e+06 6.01812e+06 6.01546e+06 6.01288e+06 6.01045e+06 6.00821e+06
          6.0062e+06 6.00441e+06 6.00284e+06 6.00148e+06 6.00031e+06 5.99932e+06 5.99849e+06 5.99781e+06 5.99726e+06 5.99684e+06 5.99652e+06 5.99629e+06
          5.99615e+06 5.99608e+06 5.99608e+06 5.99613e+06 5.99624e+06 5.99638e+06 5.99657e+06 5.99679e+06 5.99703e+06 5.9973e+06 5.99759e+06 5.99789e+06
          5.9982e+06 5.99853e+06 5.99886e+06 5.9992e+06 5.99953e+06 5.99988e+06 6.00022e+06 6.00055e+06 6.00089e+06 6.00122e+06 6.00155e+06 6.00188e+06
          6.0022e+06 6.00251e+06 6.00282e+06 6.00312e+06 6.00341e+06 6.0037e+06 6.00398e+06 6.00425e+06 6.00451e+06 6.00477e+06 6.00502e+06 6.00526e+06
          6.0055e+06 6.00573e+06 6.00595e+06 6.00617e+06 6.00638e+06 6.00658e+06 6.00677e+06 6.00696e+06 6.00715e+06 6.00733e+06 6.0075e+06 6.00766e+06
          6.00783e+06 6.00798e+06 6.00814e+06 6.00828e+06 6.00843e+06 6.00856e+06 6.0087e+06 6.00883e+06 6.00895e+06 6.00908e+06 6.0092e+06 6.00931e+06
          6.00943e+06 6.00954e+06 6.00964e+06 6.00975e+06 6.00985e+06 6.00995e+06 6.01004e+06 6.01014e+06 6.01023e+06 6.01032e+06 6.01041e+06 6.0105e+06
          6.01058e+06 6.01067e+06 6.01075e+06 6.01083e+06 6.01091e+06 6.011e+06 6.01107e+06 6.03394e+06 6.03324e+06 6.03134e+06 6.02855e+06 6.02524e+06
          6.02173e+06 6.01826e+06 6.01498e+06 6.01196e+06 6.00924e+06 6.00683e+06 6.00471e+06 6.00288e+06 6.0013e+06 5.99996e+06 5.99883e+06 5.99788e+06
          5.99711e+06 5.99649e+06 5.996e+06 5.99563e+06 5.99536e+06 5.99518e+06 5.99509e+06 5.99506e+06 5.9951e+06 5.99519e+06 5.99533e+06 5.9955e+06
          5.99571e+06 5.99595e+06 5.99622e+06 5.9965e+06 5.9968e+06 5.99711e+06 5.99743e+06 5.99776e+06 5.99809e+06 5.99843e+06 5.99877e+06 5.99911e+06
          5.99945e+06 5.99979e+06 6.00012e+06 6.00045e+06 6.00077e+06 6.00109e+06 6.0014e+06 6.00171e+06 6.00201e+06 6.0023e+06 6.00259e+06 6.00287e+06
          6.00314e+06 6.00341e+06 6.00366e+06 6.00391e+06 6.00416e+06 6.00439e+06 6.00462e+06 6.00484e+06 6.00506e+06 6.00527e+06 6.00547e+06 6.00566e+06
          6.00586e+06 6.00604e+06 6.00622e+06 6.00639e+06 6.00656e+06 6.00672e+06 6.00688e+06 6.00703e+06 6.00717e+06 6.00732e+06 6.00746e+06 6.00759e+06
          6.00772e+06 6.00785e+06 6.00797e+06 6.00809e+06 6.0082e+06 6.00832e+06 6.00843e+06 6.00853e+06 6.00864e+06 6.00874e+06 6.00884e+06 6.00893e+06
          6.00903e+06 6.00912e+06 6.00921e+06 6.0093e+06 6.00939e+06 6.00948e+06 6.00956e+06 6.00964e+06 6.00973e+06 6.00981e+06 6.00989e+06 6.00997e+06
          6.04376e+06 6.04266e+06 6.03973e+06 6.03559e+06 6.03089e+06 6.02613e+06 6.02159e+06 6.01743e+06 6.0137e+06 6.01042e+06 6.00756e+06 6.00508e+06
          6.00296e+06 6.00115e+06 5.99963e+06 5.99835e+06 5.99729e+06 5.99642e+06 5.99572e+06 5.99516e+06 5.99474e+06 5.99443e+06 5.99422e+06 5.9941e+06
          5.99405e+06 5.99407e+06 5.99415e+06 5.99427e+06 5.99444e+06 5.99464e+06 5.99487e+06 5.99513e+06 5.99541e+06 5.9957e+06 5.99601e+06 5.99633e+06
          5.99666e+06 5.99699e+06 5.99733e+06 5.99767e+06 5.99801e+06 5.99834e+06 5.99868e+06 5.99901e+06 5.99934e+06 5.99967e+06 5.99998e+06 6.0003e+06
          6.0006e+06 6.0009e+06 6.0012e+06 6.00148e+06 6.00176e+06 6.00203e+06 6.0023e+06 6.00256e+06 6.0028e+06 6.00305e+06 6.00328e+06 6.00351e+06
          6.00373e+06 6.00395e+06 6.00416e+06 6.00436e+06 6.00456e+06 6.00475e+06 6.00493e+06 6.00511e+06 6.00528e+06 6.00545e+06 6.00561e+06 6.00577e+06
          6.00592e+06 6.00606e+06 6.00621e+06 6.00635e+06 6.00648e+06 6.00661e+06 6.00674e+06 6.00686e+06 6.00698e+06 6.00709e+06 6.00721e+06 6.00732e+06
          6.00742e+06 6.00753e+06 6.00763e+06 6.00773e+06 6.00783e+06 6.00792e+06 6.00801e+06 6.0081e+06 6.00819e+06 6.00828e+06 6.00837e+06 6.00845e+06
          6.00854e+06 6.00862e+06 6.0087e+06 6.00878e+06 6.00886e+06 6.05768e+06 6.05581e+06 6.05102e+06 6.04464e+06 6.03785e+06 6.03134e+06 6.02542e+06
          6.02019e+06 6.01563e+06 6.01171e+06 6.00835e+06 6.00549e+06 6.00306e+06 6.00101e+06 5.9993e+06 5.99786e+06 5.99668e+06 5.99572e+06 5.99494e+06
          5.99432e+06 5.99385e+06 5.9935e+06 5.99326e+06 5.99311e+06 5.99304e+06 5.99304e+06 5.9931e+06 5.99321e+06 5.99337e+06 5.99356e+06 5.99379e+06
          5.99404e+06 5.99432e+06 5.99461e+06 5.99492e+06 5.99523e+06 5.99556e+06 5.99589e+06 5.99623e+06 5.99656e+06 5.9969e+06 5.99724e+06 5.99758e+06
          5.99791e+06 5.99824e+06 5.99856e+06 5.99888e+06 5.99919e+06 5.9995e+06 5.9998e+06 6.00009e+06 6.00037e+06 6.00065e+06 6.00093e+06 6.00119e+06
          6.00145e+06 6.0017e+06 6.00194e+06 6.00218e+06 6.0024e+06 6.00263e+06 6.00284e+06 6.00305e+06 6.00325e+06 6.00345e+06 6.00364e+06 6.00382e+06
          6.004e+06 6.00417e+06 6.00434e+06 6.0045e+06 6.00466e+06 6.00481e+06 6.00496e+06 6.0051e+06 6.00524e+06 6.00537e+06 6.0055e+06 6.00563e+06
          6.00575e+06 6.00587e+06 6.00599e+06 6.0061e+06 6.00621e+06 6.00632e+06 6.00642e+06 6.00652e+06 6.00662e+06 6.00672e+06 6.00681e+06 6.0069e+06
          6.007e+06 6.00708e+06 6.00717e+06 6.00726e+06 6.00734e+06 6.00743e+06 6.00751e+06 6.00759e+06 6.00767e+06 6.00775e+06 6.07846e+06 6.0749e+06
          6.06638e+06 6.0561e+06 6.04615e+06 6.03728e+06 6.02964e+06 6.02314e+06 6.01766e+06 6.01303e+06 6.00914e+06 6.00588e+06 6.00314e+06 6.00085e+06
          5.99894e+06 5.99736e+06 5.99606e+06 5.995e+06 5.99414e+06 5.99346e+06 5.99294e+06 5.99255e+06 5.99228e+06 5.9921e+06 5.99202e+06 5.992e+06
          5.99205e+06 5.99215e+06 5.9923e+06 5.99249e+06 5.99271e+06 5.99296e+06 5.99323e+06 5.99352e+06 5.99382e+06 5.99414e+06 5.99446e+06 5.99479e+06
          5.99512e+06 5.99546e+06 5.9958e+06 5.99614e+06 5.99647e+06 5.9968e+06 5.99713e+06 5.99745e+06 5.99777e+06 5.99808e+06 5.99839e+06 5.99869e+06
          5.99898e+06 5.99927e+06 5.99955e+06 5.99982e+06 6.00008e+06 6.00034e+06 6.00059e+06 6.00083e+06 6.00107e+06 6.0013e+06 6.00152e+06 6.00173e+06
          6.00194e+06 6.00214e+06 6.00234e+06 6.00253e+06 6.00271e+06 6.00289e+06 6.00306e+06 6.00323e+06 6.00339e+06 6.00355e+06 6.0037e+06 6.00385e+06
          6.00399e+06 6.00413e+06 6.00426e+06 6.00439e+06 6.00452e+06 6.00464e+06 6.00476e+06 6.00488e+06 6.00499e+06 6.0051e+06 6.00521e+06 6.00531e+06
          6.00541e+06 6.00551e+06 6.00561e+06 6.0057e+06 6.0058e+06 6.00589e+06 6.00598e+06 6.00606e+06 6.00615e+06 6.00624e+06 6.00632e+06 6.0064e+06
          6.00648e+06 6.00656e+06 6.00664e+06 6.11257e+06 6.10438e+06 6.08724e+06 6.07005e+06 6.05559e+06 6.04373e+06 6.03406e+06 6.02615e+06 6.01965e+06
          6.0143e+06 6.00987e+06 6.0062e+06 6.00316e+06 6.00063e+06 5.99854e+06 5.99682e+06 5.9954e+06 5.99425e+06 5.99332e+06 5.99259e+06 5.99202e+06
          5.9916e+06 5.99129e+06 5.9911e+06 5.99099e+06 5.99096e+06 5.99099e+06 5.99109e+06 5.99123e+06 5.99141e+06 5.99162e+06 5.99187e+06 5.99213e+06
          5.99242e+06 5.99272e+06 5.99304e+06 5.99336e+06 5.99369e+06 5.99402e+06 5.99436e+06 5.99469e+06 5.99503e+06 5.99536e+06 5.9957e+06 5.99602e+06
          5.99635e+06 5.99666e+06 5.99698e+06 5.99728e+06 5.99758e+06 5.99787e+06 5.99816e+06 5.99844e+06 5.99871e+06 5.99898e+06 5.99923e+06 5.99948e+06
          5.99972e+06 5.99996e+06 6.00019e+06 6.00041e+06 6.00063e+06 6.00084e+06 6.00104e+06 6.00123e+06 6.00142e+06 6.00161e+06 6.00178e+06 6.00196e+06
          6.00212e+06 6.00228e+06 6.00244e+06 6.00259e+06 6.00274e+06 6.00288e+06 6.00302e+06 6.00316e+06 6.00329e+06 6.00341e+06 6.00353e+06 6.00365e+06
          6.00377e+06 6.00388e+06 6.00399e+06 6.0041e+06 6.0042e+06 6.0043e+06 6.0044e+06 6.0045e+06 6.0046e+06 6.00469e+06 6.00478e+06 6.00487e+06
          6.00496e+06 6.00504e+06 6.00513e+06 6.00521e+06 6.00529e+06 6.00538e+06 6.00546e+06 6.00554e+06 6.1821e+06 6.1542e+06 6.11324e+06 6.08573e+06
          6.06556e+06 6.05025e+06 6.03837e+06 6.02899e+06 6.02148e+06 6.01541e+06 6.01047e+06 6.00641e+06 6.00308e+06 6.00033e+06 5.99807e+06 5.99621e+06
          5.9947e+06 5.99346e+06 5.99247e+06 5.99169e+06 5.99108e+06 5.99062e+06 5.99029e+06 5.99007e+06 5.98995e+06 5.98991e+06 5.98993e+06 5.99002e+06
          5.99015e+06 5.99032e+06 5.99054e+06 5.99078e+06 5.99104e+06 5.99132e+06 5.99162e+06 5.99194e+06 5.99226e+06 5.99259e+06 5.99292e+06 5.99325e+06
          5.99359e+06 5.99393e+06 5.99426e+06 5.99459e+06 5.99492e+06 5.99524e+06 5.99556e+06 5.99587e+06 5.99618e+06 5.99648e+06 5.99677e+06 5.99705e+06
          5.99733e+06 5.9976e+06 5.99787e+06 5.99812e+06 5.99838e+06 5.99862e+06 5.99885e+06 5.99908e+06 5.9993e+06 5.99952e+06 5.99973e+06 5.99993e+06
          6.00012e+06 6.00031e+06 6.0005e+06 6.00068e+06 6.00085e+06 6.00102e+06 6.00118e+06 6.00133e+06 6.00149e+06 6.00163e+06 6.00178e+06 6.00191e+06
          6.00205e+06 6.00218e+06 6.0023e+06 6.00243e+06 6.00255e+06 6.00266e+06 6.00277e+06 6.00288e+06 6.00299e+06 6.0031e+06 6.0032e+06 6.0033e+06
          6.00339e+06 6.00349e+06 6.00358e+06 6.00367e+06 6.00376e+06 6.00385e+06 6.00394e+06 6.00402e+06 6.0041e+06 6.00419e+06 6.00427e+06 6.00435e+06
          6.00443e+06 6.48475e+06 6.20956e+06 6.14056e+06 6.10126e+06 6.07504e+06 6.05623e+06 6.0422e+06 6.03142e+06 6.02298e+06 6.01626e+06 6.01084e+06
          6.00645e+06 6.00286e+06 5.99992e+06 5.99751e+06 5.99554e+06 5.99393e+06 5.99262e+06 5.99158e+06 5.99075e+06 5.99011e+06 5.98962e+06 5.98927e+06
          5.98904e+06 5.9889e+06 5.98884e+06 5.98886e+06 5.98894e+06 5.98907e+06 5.98924e+06 5.98944e+06 5.98968e+06 5.98994e+06 5.99023e+06 5.99052e+06
          5.99084e+06 5.99116e+06 5.99148e+06 5.99181e+06 5.99215e+06 5.99248e+06 5.99282e+06 5.99315e+06 5.99348e+06 5.99381e+06 5.99413e+06 5.99445e+06
          5.99476e+06 5.99507e+06 5.99537e+06 5.99566e+06 5.99595e+06 5.99623e+06 5.9965e+06 5.99676e+06 5.99702e+06 5.99727e+06 5.99751e+06 5.99775e+06
          5.99798e+06 5.9982e+06 5.99841e+06 5.99862e+06 5.99882e+06 5.99902e+06 5.99921e+06 5.99939e+06 5.99957e+06 5.99974e+06 5.99991e+06 6.00007e+06
          6.00023e+06 6.00038e+06 6.00052e+06 6.00067e+06 6.00081e+06 6.00094e+06 6.00107e+06 6.0012e+06 6.00132e+06 6.00144e+06 6.00155e+06 6.00167e+06
          6.00178e+06 6.00188e+06 6.00199e+06 6.00209e+06 6.00219e+06 6.00228e+06 6.00238e+06 6.00247e+06 6.00256e+06 6.00265e+06 6.00274e+06 6.00283e+06
          6.00291e+06 6.003e+06 6.00308e+06 6.00316e+06 6.00324e+06 6.00332e+06 6.53777e+06 6.25438e+06 6.16306e+06 6.11417e+06 6.08278e+06 6.06098e+06
          6.04512e+06 6.03318e+06 6.02397e+06 6.01672e+06 6.01093e+06 6.00626e+06 6.00246e+06 5.99937e+06 5.99684e+06 5.99477e+06 5.99309e+06 5.99173e+06
          5.99064e+06 5.98977e+06 5.9891e+06 5.9886e+06 5.98823e+06 5.98798e+06 5.98783e+06 5.98777e+06 5.98778e+06 5.98785e+06 5.98798e+06 5.98815e+06
          5.98835e+06 5.98858e+06 5.98885e+06 5.98913e+06 5.98942e+06 5.98973e+06 5.99005e+06 5.99038e+06 5.99071e+06 5.99104e+06 5.99138e+06 5.99172e+06
          5.99205e+06 5.99238e+06 5.99271e+06 5.99303e+06 5.99335e+06 5.99366e+06 5.99396e+06 5.99426e+06 5.99456e+06 5.99484e+06 5.99512e+06 5.99539e+06
          5.99565e+06 5.99591e+06 5.99616e+06 5.9964e+06 5.99664e+06 5.99687e+06 5.99709e+06 5.9973e+06 5.99751e+06 5.99772e+06 5.99791e+06 5.9981e+06
          5.99828e+06 5.99846e+06 5.99863e+06 5.9988e+06 5.99896e+06 5.99912e+06 5.99927e+06 5.99942e+06 5.99956e+06 5.9997e+06 5.99983e+06 5.99996e+06
          6.00009e+06 6.00021e+06 6.00033e+06 6.00045e+06 6.00056e+06 6.00067e+06 6.00078e+06 6.00088e+06 6.00098e+06 6.00108e+06 6.00118e+06 6.00127e+06
          6.00136e+06 6.00146e+06 6.00155e+06 6.00163e+06 6.00172e+06 6.0018e+06 6.00189e+06 6.00197e+06 6.00205e+06 6.00213e+06 6.00222e+06 6.5582e+06
          6.27423e+06 6.17674e+06 6.12241e+06 6.08767e+06 6.06387e+06 6.04678e+06 6.03406e+06 6.02432e+06 6.01671e+06 6.01066e+06 6.0058e+06 6.00186e+06
          5.99865e+06 5.99603e+06 5.9939e+06 5.99216e+06 5.99076e+06 5.98964e+06 5.98875e+06 5.98806e+06 5.98754e+06 5.98716e+06 5.98691e+06 5.98675e+06
          5.98669e+06 5.98669e+06 5.98676e+06 5.98688e+06 5.98705e+06 5.98725e+06 5.98749e+06 5.98774e+06 5.98802e+06 5.98832e+06 5.98863e+06 5.98895e+06
          5.98928e+06 5.98961e+06 5.98994e+06 5.99028e+06 5.99061e+06 5.99094e+06 5.99127e+06 5.9916e+06 5.99192e+06 5.99224e+06 5.99255e+06 5.99286e+06
          5.99316e+06 5.99345e+06 5.99373e+06 5.99401e+06 5.99428e+06 5.99455e+06 5.9948e+06 5.99505e+06 5.9953e+06 5.99553e+06 5.99576e+06 5.99598e+06
          5.9962e+06 5.99641e+06 5.99661e+06 5.9968e+06 5.99699e+06 5.99718e+06 5.99735e+06 5.99753e+06 5.99769e+06 5.99786e+06 5.99801e+06 5.99816e+06
          5.99831e+06 5.99845e+06 5.99859e+06 5.99872e+06 5.99886e+06 5.99898e+06 5.9991e+06 5.99922e+06 5.99934e+06 5.99945e+06 5.99956e+06 5.99967e+06
          5.99977e+06 5.99987e+06 5.99997e+06 6.00007e+06 6.00016e+06 6.00026e+06 6.00035e+06 6.00044e+06 6.00053e+06 6.00061e+06 6.0007e+06 6.00078e+06
          6.00086e+06 6.00095e+06 6.00103e+06 6.00111e+06 6.56375e+06 6.27984e+06 6.18091e+06 6.12494e+06 6.08903e+06 6.06448e+06 6.04692e+06 6.03389e+06
          6.02395e+06 6.01618e+06 6.01001e+06 6.00504e+06 6.00102e+06 5.99775e+06 5.99508e+06 5.99291e+06 5.99114e+06 5.98972e+06 5.98858e+06 5.98768e+06
          5.98698e+06 5.98646e+06 5.98607e+06 5.98581e+06 5.98566e+06 5.98559e+06 5.98559e+06 5.98566e+06 5.98578e+06 5.98595e+06 5.98615e+06 5.98638e+06
          5.98664e+06 5.98692e+06 5.98722e+06 5.98753e+06 5.98784e+06 5.98817e+06 5.9885e+06 5.98884e+06 5.98917e+06 5.9895e+06 5.98984e+06 5.99017e+06
          5.9905e+06 5.99082e+06 5.99113e+06 5.99145e+06 5.99175e+06 5.99205e+06 5.99234e+06 5.99263e+06 5.99291e+06 5.99318e+06 5.99344e+06 5.9937e+06
          5.99395e+06 5.99419e+06 5.99443e+06 5.99465e+06 5.99488e+06 5.99509e+06 5.9953e+06 5.9955e+06 5.9957e+06 5.99589e+06 5.99607e+06 5.99625e+06
          5.99642e+06 5.99659e+06 5.99675e+06 5.9969e+06 5.99706e+06 5.9972e+06 5.99735e+06 5.99748e+06 5.99762e+06 5.99775e+06 5.99787e+06 5.998e+06
          5.99812e+06 5.99823e+06 5.99834e+06 5.99845e+06 5.99856e+06 5.99866e+06 5.99877e+06 5.99887e+06 5.99896e+06 5.99906e+06 5.99915e+06 5.99924e+06
          5.99933e+06 5.99942e+06 5.9995e+06 5.99959e+06 5.99967e+06 5.99976e+06 5.99984e+06 5.99992e+06 6e+06
        </DataArray>
        <DataArray type="Float32" Name="rho" NumberOfComponents="1" format="ascii">
          35.4433 35.194 34.3925 34.3305 35.3358 34.661 35.5798 35.0702 35.8721 35.4853 36.174 35.8788
          36.4618 36.2365 36.7219 36.5506 36.9473 36.818 37.1358 37.0388 37.2874 37.2157 37.4049 37.3527
          37.4929 37.455 37.5563 37.5288 37.6001 37.5799 37.6292 37.6139 37.6475 37.6354 37.6585 37.6485
          37.6648 37.656 37.6682 37.6601 37.6701 37.6624 37.6712 37.6637 37.672 37.6646 37.6729 37.6655
          37.6738 37.6665 37.675 37.6676 37.6763 37.6689 37.6778 37.6704 37.6794 37.672 37.6812 37.6738
          37.6831 37.6757 37.6851 37.6777 37.6872 37.6798 37.6894 37.6819 37.6916 37.6842 37.6938 37.6864
          37.6961 37.6887 37.6984 37.691 37.7008 37.6933 37.7031 37.6957 37.7054 37.698 37.7077 37.7003
          37.71 37.7026 37.7122 37.7048 37.7144 37.707 37.7166 37.7092 37.7188 37.7113 37.7209 37.7135
          37.7229 37.7155 37.7249 37.7175 37.7269 37.7195 37.7288 37.7214 37.7307 37.7233 37.7325 37.7251
          37.7343 37.7269 37.736 37.7286 37.7377 37.7303 37.7393 37.7319 37.7409 37.7335 37.7425 37.735
          37.7439 37.7365 37.7454 37.738 37.7468 37.7394 37.7481 37.7407 37.7495 37.742 37.7507 37.7433
          37.752 37.7445 37.7531 37.7457 37.7543 37.7469 37.7554 37.748 37.7565 37.7491 37.7576 37.7501
          37.7586 37.7511 37.7596 37.7521 37.7605 37.7531 37.7614 37.754 37.7623 37.7549 37.7632 37.7558
          37.7641 37.7566 37.7649 37.7575 37.7657 37.7583 37.7665 37.759 37.7672 37.7598 37.7679 37.7605
          37.7687 37.7612 37.7694 37.7619 37.77 37.7626 37.7707 37.7633 37.7713 37.7639 37.772 37.7645
          37.7726 37.7652 37.7732 37.7658 37.7738 37.7663 37.7744 37.7669 37.7749 37.7675 37.7755 37.768
          37.776 37.7686 37.7766 37.7691 37.7771 37.7696 37.7776 37.7701 37.778 37.7706 33.3125 33.2807
          33.6326 34.1483 34.7004 35.2313 35.7143 36.1379 36.4982 36.7958 37.0347 37.2211 37.3616 37.4636
          37.5351 37.5832 37.6142 37.6333 37.6445 37.6507 37.6541 37.656 37.6572 37.6582 37.6591 37.6603
          37.6616 37.663 37.6647 37.6664 37.6683 37.6703 37.6724 37.6746 37.6768 37.679 37.6813 37.6836
          37.6859 37.6883 37.6906 37.6929 37.6951 37.6974 37.6996 37.7018 37.7039 37.706 37.7081 37.7101
          37.7121 37.714 37.7159 37.7177 37.7195 37.7212 37.7229 37.7245 37.7261 37.7276 37.7291 37.7305
          37.7319 37.7333 37.7346 37.7359 37.7371 37.7383 37.7394 37.7406 37.7417 37.7427 37.7437 37.7447
          37.7457 37.7466 37.7475 37.7484 37.7492 37.75 37.7508 37.7516 37.7523 37.7531 37.7538 37.7545
          37.7552 37.7558 37.7565 37.7571 37.7577 37.7583 37.7589 37.7595 37.7601 37.7606 37.7612 37.7617
          37.7622 37.7627 37.7632 32.0812 32.0996 32.4843 33.0815 33.7499 34.4121 35.0277 35.5766 36.0503
          36.447 36.7697 37.0246 37.2199 37.3643 37.4671 37.5374 37.5836 37.6126 37.6299 37.6397 37.6451
          37.648 37.6497 37.6508 37.6519 37.653 37.6543 37.6557 37.6573 37.6591 37.661 37.663 37.665
          37.6672 37.6694 37.6716 37.6739 37.6762 37.6785 37.6809 37.6832 37.6855 37.6877 37.69 37.6922
          37.6944 37.6965 37.6986 37.7007 37.7027 37.7047 37.7066 37.7084 37.7103 37.712 37.7138 37.7154
          37.7171 37.7187 37.7202 37.7217 37.7231 37.7245 37.7259 37.7272 37.7284 37.7297 37.7309 37.732
          37.7331 37.7342 37.7353 37.7363 37.7373 37.7382 37.7392 37.7401 37.7409 37.7418 37.7426 37.7434
          37.7442 37.7449 37.7457 37.7464 37.7471 37.7477 37.7484 37.7491 37.7497 37.7503 37.7509 37.7515
          37.7521 37.7526 37.7532 37.7537 37.7543 37.7548 37.7553 37.7558 30.7114 30.7929 31.2328 31.9128
          32.6921 33.4825 34.2325 34.9133 35.5104 36.0184 36.438 36.7745 37.0363 37.2335 37.3767 37.4764
          37.5431 37.5857 37.6117 37.6268 37.6351 37.6396 37.642 37.6435 37.6447 37.6458 37.6471 37.6485
          37.6501 37.6518 37.6537 37.6556 37.6577 37.6598 37.662 37.6643 37.6665 37.6688 37.6711 37.6735
          37.6758 37.6781 37.6803 37.6826 37.6848 37.687 37.6891 37.6912 37.6933 37.6953 37.6972 37.6992
          37.701 37.7029 37.7046 37.7063 37.708 37.7097 37.7112 37.7128 37.7143 37.7157 37.7171 37.7184
          37.7198 37.721 37.7223 37.7234 37.7246 37.7257 37.7268 37.7279 37.7289 37.7299 37.7308 37.7317
          37.7326 37.7335 37.7343 37.7352 37.736 37.7367 37.7375 37.7382 37.7389 37.7396 37.7403 37.741
          37.7416 37.7423 37.7429 37.7435 37.7441 37.7446 37.7452 37.7458 37.7463 37.7469 37.7474 37.7479
          37.7484 29.2285 29.3776 29.8878 30.6571 31.5466 32.4634 33.3493 34.1675 34.8958 35.5239 36.0499
          36.4779 36.8155 37.0736 37.2644 37.4 37.4922 37.5523 37.5896 37.6116 37.624 37.6306 37.6341
          37.6361 37.6375 37.6387 37.6399 37.6413 37.6428 37.6445 37.6464 37.6483 37.6503 37.6525 37.6547
          37.6569 37.6592 37.6614 37.6638 37.6661 37.6684 37.6707 37.6729 37.6752 37.6774 37.6796 37.6817
          37.6838 37.6858 37.6879 37.6898 37.6917 37.6936 37.6954 37.6972 37.6989 37.7006 37.7022 37.7038
          37.7053 37.7068 37.7083 37.7097 37.711 37.7123 37.7136 37.7148 37.716 37.7172 37.7183 37.7194
          37.7204 37.7214 37.7224 37.7234 37.7243 37.7252 37.7261 37.7269 37.7277 37.7285 37.7293 37.7301
          37.7308 37.7315 37.7322 37.7329 37.7336 37.7342 37.7348 37.7355 37.7361 37.7366 37.7372 37.7378
          37.7384 37.7389 37.7394 37.74 37.7405 37.741 27.6714 27.8861 28.4713 29.3313 30.3303 31.3718
          32.3919 33.349 34.2148 34.9711 35.6117 36.139 36.5603 36.8866 37.1311 37.308 37.4305 37.5117
          37.563 37.5938 37.6114 37.621 37.626 37.6286 37.6303 37.6315 37.6328 37.6341 37.6356 37.6373
          37.6391 37.641 37.643 37.6451 37.6473 37.6495 37.6518 37.6541 37.6564 37.6587 37.661 37.6632
          37.6655 37.6678 37.67 37.6721 37.6743 37.6764 37.6784 37.6805 37.6824 37.6843 37.6862 37.688
          37.6898 37.6915 37.6932 37.6948 37.6964 37.6979 37.6994 37.7009 37.7023 37.7036 37.7049 37.7062
          37.7074 37.7086 37.7098 37.7109 37.712 37.713 37.714 37.715 37.716 37.7169 37.7178 37.7187
          37.7195 37.7203 37.7211 37.7219 37.7227 37.7234 37.7241 37.7248 37.7255 37.7261 37.7268 37.7274
          37.728 37.7286 37.7292 37.7298 37.7304 37.7309 37.7315 37.732 37.7326 37.7331 37.7336 26.096
          26.3684 27.0219 27.9637 29.0634 30.2243 31.3769 32.4716 33.4749 34.365 35.128 35.7617 36.2733
          36.6742 36.9781 37.2009 37.358 37.4637 37.5317 37.5732 37.5973 37.6105 37.6174 37.621 37.623
          37.6244 37.6257 37.627 37.6284 37.6301 37.6318 37.6337 37.6357 37.6378 37.64 37.6422 37.6444
          37.6467 37.649 37.6513 37.6536 37.6559 37.6581 37.6604 37.6626 37.6647 37.6669 37.669 37.671
          37.673 37.675 37.6769 37.6788 37.6806 37.6824 37.6841 37.6858 37.6874 37.689 37.6905 37.692
          37.6934 37.6948 37.6962 37.6975 37.6988 37.7 37.7012 37.7023 37.7035 37.7045 37.7056 37.7066
          37.7076 37.7085 37.7095 37.7104 37.7112 37.7121 37.7129 37.7137 37.7145 37.7152 37.716 37.7167
          37.7174 37.7181 37.7187 37.7194 37.72 37.7206 37.7212 37.7218 37.7224 37.723 37.7235 37.7241
          37.7246 37.7252 37.7257 37.7262 24.5706 24.8889 25.5952 26.5986 27.7787 29.0426 30.3185 31.5492
          32.6902 33.7134 34.603 35.35 35.9578 36.4385 36.8069 37.0798 37.275 37.4085 37.4955 37.5496
          37.5814 37.5991 37.6084 37.6132 37.6157 37.6173 37.6186 37.6199 37.6213 37.6229 37.6246 37.6264
          37.6284 37.6305 37.6326 37.6348 37.6371 37.6393 37.6416 37.6439 37.6462 37.6485 37.6507 37.653
          37.6552 37.6573 37.6595 37.6616 37.6636 37.6656 37.6676 37.6695 37.6714 37.6732 37.675 37.6767
          37.6784 37.68 37.6816 37.6831 37.6846 37.686 37.6874 37.6888 37.6901 37.6914 37.6926 37.6938
          37.6949 37.696 37.6971 37.6982 37.6992 37.7002 37.7011 37.7021 37.7029 37.7038 37.7047 37.7055
          37.7063 37.7071 37.7078 37.7085 37.7093 37.71 37.7106 37.7113 37.7119 37.7126 37.7132 37.7138
          37.7144 37.715 37.7155 37.7161 37.7167 37.7172 37.7178 37.7183 37.7188 23.1585 23.5123 24.2528
          25.2902 26.5213 27.8622 29.2415 30.5958 31.8718 33.0291 34.0443 34.9081 35.6175 36.1824 36.6193
          36.9463 37.1823 37.3462 37.4547 37.5229 37.5637 37.5866 37.5989 37.6051 37.6083 37.6101 37.6115
          37.6128 37.6141 37.6157 37.6174 37.6192 37.6211 37.6232 37.6253 37.6275 37.6297 37.632 37.6342
          37.6365 37.6388 37.6411 37.6433 37.6456 37.6478 37.6499 37.6521 37.6542 37.6562 37.6582 37.6602
          37.6621 37.664 37.6658 37.6676 37.6693 37.671 37.6726 37.6742 37.6757 37.6772 37.6786 37.68
          37.6814 37.6827 37.6839 37.6852 37.6864 37.6875 37.6886 37.6897 37.6908 37.6918 37.6928 37.6937
          37.6946 37.6955 37.6964 37.6973 37.6981 37.6989 37.6996 37.7004 37.7011 37.7018 37.7025 37.7032
          37.7039 37.7045 37.7052 37.7058 37.7064 37.707 37.7076 37.7081 37.7087 37.7093 37.7098 37.7103
          37.7109 37.7114 21.8849 22.2794 23.0431 24.0889 25.339 26.724 28.1786 29.6363 31.0344 32.3219
          33.4633 34.443 35.2569 35.9098 36.4181 36.8019 37.0816 37.2779 37.4096 37.4935 37.5442 37.5732
          37.5888 37.5968 37.6008 37.6029 37.6044 37.6057 37.607 37.6085 37.6101 37.6119 37.6138 37.6159
          37.618 37.6201 37.6224 37.6246 37.6269 37.6291 37.6314 37.6337 37.6359 37.6382 37.6404 37.6425
          37.6447 37.6468 37.6488 37.6508 37.6528 37.6547 37.6566 37.6584 37.6601 37.6619 37.6635 37.6652
          37.6667 37.6683 37.6698 37.6712 37.6726 37.6739 37.6753 37.6765 37.6778 37.6789 37.6801 37.6812
          37.6823 37.6833 37.6844 37.6853 37.6863 37.6872 37.6881 37.689 37.6898 37.6907 37.6915 37.6922
          37.693 37.6937 37.6944 37.6951 37.6958 37.6965 37.6971 37.6977 37.6984 37.699 37.6996 37.7001
          37.7007 37.7013 37.7018 37.7024 37.7029 37.7035 37.704 20.6428 21.1388 21.9767 23.0371 24.2723
          25.6649 27.1637 28.698 30.1997 31.606 32.8701 33.964 34.882 35.6251 36.207 36.6494 36.9745
          37.2045 37.3608 37.4616 37.5232 37.5588 37.5783 37.5882 37.5932 37.5957 37.5973 37.5986 37.5999
          37.6013 37.6029 37.6047 37.6066 37.6086 37.6106 37.6128 37.615 37.6172 37.6195 37.6218 37.624
          37.6263 37.6285 37.6308 37.633 37.6351 37.6373 37.6394 37.6414 37.6434 37.6454 37.6473 37.6492
          37.651 37.6527 37.6545 37.6561 37.6578 37.6593 37.6609 37.6623 37.6638 37.6652 37.6665 37.6678
          37.6691 37.6703 37.6715 37.6727 37.6738 37.6749 37.6759 37.6769 37.6779 37.6789 37.6798 37.6807
          37.6816 37.6824 37.6832 37.684 37.6848 37.6856 37.6863 37.687 37.6877 37.6884 37.6891 37.6897
          37.6903 37.691 37.6916 37.6922 37.6927 37.6933 37.6939 37.6944 37.695 37.6955 37.6961 37.6966
          19.1178 19.8649 20.9313 22.0987 23.3475 24.7185 26.2243 27.8077 29.3899 30.8992 32.2763 33.4824
          34.5004 35.3335 35.9901 36.4918 36.8631 37.128 37.3095 37.4279 37.501 37.5437 37.5673 37.5794
          37.5854 37.5884 37.5901 37.5914 37.5927 37.5941 37.5957 37.5974 37.5993 37.6013 37.6033 37.6055
          37.6077 37.6099 37.6121 37.6144 37.6167 37.6189 37.6212 37.6234 37.6256 37.6277 37.6299 37.632
          37.634 37.636 37.638 37.6399 37.6418 37.6436 37.6453 37.6471 37.6487 37.6504 37.6519 37.6535
          37.6549 37.6564 37.6578 37.6591 37.6604 37.6617 37.6629 37.6641 37.6653 37.6664 37.6675 37.6685
          37.6695 37.6705 37.6715 37.6724 37.6733 37.6742 37.675 37.6758 37.6766 37.6774 37.6782 37.6789
          37.6796 37.6803 37.681 37.6816 37.6823 37.6829 37.6835 37.6842 37.6847 37.6853 37.6859 37.6865
          37.687 37.6876 37.6881 37.6887 37.6892 16.9365 18.1395 19.6879 21.1613 22.5243 23.9009 25.3851
          26.9866 28.6257 30.2195 31.6969 33.007 34.1229 35.0422 35.7724 36.3329 36.7502 37.05 37.2567
          37.393 37.478 37.5281 37.5559 37.5704 37.5776 37.5811 37.583 37.5843 37.5856 37.5869 37.5885
          37.5902 37.592 37.594 37.596 37.5981 37.6003 37.6025 37.6048 37.607 37.6093 37.6115 37.6138
          37.616 37.6182 37.6203 37.6225 37.6246 37.6266 37.6286 37.6306 37.6325 37.6343 37.6362 37.6379
          37.6397 37.6413 37.6429 37.6445 37.646 37.6475 37.649 37.6504 37.6517 37.653 37.6543 37.6555
          37.6567 37.6579 37.659 37.6601 37.6611 37.6621 37.6631 37.6641 37.665 37.6659 37.6668 37.6676
          37.6684 37.6692 37.67 37.6707 37.6715 37.6722 37.6729 37.6736 37.6742 37.6749 37.6755 37.6761
          37.6767 37.6773 37.6779 37.6785 37.6791 37.6796 37.6802 37.6807 37.6813 37.6818 14.0634 15.8197
          18.06 20.0858 21.7354 23.1877 24.6621 26.251 27.9252 29.5838 31.1468 32.5505 33.758 34.7577
          35.5593 36.177 36.639 36.9727 37.2042 37.358 37.4548 37.5122 37.5444 37.5613 37.5696 37.5737
          37.5758 37.5771 37.5784 37.5797 37.5812 37.5829 37.5847 37.5866 37.5887 37.5908 37.5929 37.5952
          37.5974 37.5996 37.6019 37.6041 37.6064 37.6086 37.6108 37.6129 37.6151 37.6172 37.6192 37.6212
          37.6232 37.6251 37.6269 37.6288 37.6305 37.6322 37.6339 37.6355 37.6371 37.6386 37.6401 37.6416
          37.643 37.6443 37.6456 37.6469 37.6481 37.6493 37.6505 37.6516 37.6527 37.6537 37.6547 37.6557
          37.6567 37.6576 37.6585 37.6593 37.6602 37.661 37.6618 37.6626 37.6633 37.6641 37.6648 37.6655
          37.6662 37.6668 37.6675 37.6681 37.6687 37.6693 37.6699 37.6705 37.6711 37.6717 37.6722 37.6728
          37.6733 37.6739 37.6744 11.0452 13.2218 16.1081 18.8252 20.9255 22.551 24.0448 25.6165 27.3004
          29.007 30.6403 32.1256 33.4154 34.4905 35.3573 36.0289 36.5328 36.8984 37.1536 37.324 37.432
          37.4965 37.5329 37.5521 37.5617 37.5662 37.5685 37.5699 37.5712 37.5725 37.574 37.5756 37.5774
          37.5793 37.5813 37.5834 37.5856 37.5878 37.59 37.5923 37.5945 37.5968 37.599 37.6012 37.6034
          37.6056 37.6077 37.6098 37.6118 37.6138 37.6158 37.6177 37.6195 37.6214 37.6231 37.6248 37.6265
          37.6281 37.6297 37.6312 37.6327 37.6342 37.6356 37.6369 37.6382 37.6395 37.6407 37.6419 37.6431
          37.6442 37.6452 37.6463 37.6473 37.6483 37.6492 37.6502 37.6511 37.6519 37.6528 37.6536 37.6544
          37.6552 37.6559 37.6567 37.6574 37.6581 37.6587 37.6594 37.6601 37.6607 37.6613 37.6619 37.6625
          37.6631 37.6637 37.6643 37.6648 37.6654 37.6659 37.6665 37.667 8.62607 10.9989 14.2059 17.5062
          20.1037 21.9748 23.525 25.086 26.7635 28.5027 30.1912 31.7449 33.1062 34.2486 35.1729 35.8935
          36.4354 36.8301 37.1066 37.292 37.4104 37.4814 37.5217 37.5431 37.5537 37.5587 37.5612 37.5627
          37.564 37.5653 37.5667 37.5683 37.5701 37.572 37.574 37.5761 37.5782 37.5804 37.5826 37.5849
          37.5871 37.5894 37.5916 37.5938 37.596 37.5982 37.6003 37.6024 37.6044 37.6064 37.6084 37.6103
          37.6121 37.614 37.6157 37.6174 37.6191 37.6207 37.6223 37.6238 37.6253 37.6268 37.6282 37.6295
          37.6308 37.6321 37.6333 37.6345 37.6357 37.6368 37.6378 37.6389 37.6399 37.6409 37.6418 37.6428
          37.6437 37.6445 37.6454 37.6462 37.647 37.6478 37.6485 37.6493 37.65 37.6507 37.6513 37.652
          37.6527 37.6533 37.6539 37.6545 37.6551 37.6557 37.6563 37.6568 37.6574 37.658 37.6585 37.659
          37.6596 7.65542 9.51606 12.7563 16.3547 19.348 21.4704 23.0997 24.6582 26.3247 28.0834 29.8128
          31.4212 32.8416 34.0404 35.0135 35.7763 36.3509 36.7704 37.0652 37.2635 37.3907 37.4673 37.5109
          37.5342 37.5458 37.5513 37.5539 37.5555 37.5567 37.558 37.5594 37.561 37.5628 37.5647 37.5666
          37.5687 37.5709 37.5731 37.5753 37.5775 37.5798 37.582 37.5842 37.5864 37.5886 37.5908 37.5929
          37.595 37.597 37.599 37.601 37.6029 37.6048 37.6066 37.6083 37.61 37.6117 37.6133 37.6149
          37.6164 37.6179 37.6194 37.6208 37.6221 37.6234 37.6247 37.6259 37.6271 37.6282 37.6294 37.6304
          37.6315 37.6325 37.6335 37.6344 37.6354 37.6363 37.6371 37.638 37.6388 37.6396 37.6404 37.6411
          37.6418 37.6426 37.6433 37.6439 37.6446 37.6453 37.6459 37.6465 37.6471 37.6477 37.6483 37.6489
          37.6494 37.65 37.6506 37.6511 37.6516 37.6522 6.99759 8.84299 11.8737 15.5305 18.753 21.0699
          22.7753 24.3369 25.9936 27.7598 29.5189 31.168 32.6335 33.876 34.8872 35.683 36.2833 36.7222
          37.0314 37.2398 37.3737 37.4547 37.5009 37.5256 37.5379 37.5438 37.5466 37.5482 37.5494 37.5507
          37.5521 37.5537 37.5554 37.5573 37.5593 37.5614 37.5635 37.5657 37.5679 37.5701 37.5724 37.5746
          37.5768 37.579 37.5812 37.5834 37.5855 37.5876 37.5896 37.5916 37.5936 37.5955 37.5974 37.5992
          37.6009 37.6026 37.6043 37.6059 37.6075 37.609 37.6105 37.612 37.6134 37.6147 37.616 37.6173
          37.6185 37.6197 37.6208 37.622 37.623 37.6241 37.6251 37.6261 37.627 37.628 37.6289 37.6297
          37.6306 37.6314 37.6322 37.633 37.6337 37.6344 37.6352 37.6359 37.6365 37.6372 37.6378 37.6385
          37.6391 37.6397 37.6403 37.6409 37.6415 37.642 37.6426 37.6432 37.6437 37.6442 37.6448 6.77911
          8.49571 11.4304 15.0585 18.378 20.8081 22.5657 24.1314 25.7811 27.5486 29.3255 31.0003 32.4949
          33.7659 34.8027 35.6195 36.2368 36.6885 37.0069 37.2219 37.3602 37.444 37.4919 37.5175 37.5303
          37.5364 37.5392 37.5408 37.5421 37.5434 37.5448 37.5463 37.5481 37.5499 37.5519 37.554 37.5561
          37.5583 37.5605 37.5627 37.565 37.5672 37.5694 37.5717 37.5738 37.576 37.5781 37.5802 37.5822
          37.5842 37.5862 37.5881 37.59 37.5918 37.5935 37.5953 37.5969 37.5985 37.6001 37.6016 37.6031
          37.6046 37.606 37.6073 37.6086 37.6099 37.6111 37.6123 37.6134 37.6146 37.6156 37.6167 37.6177
          37.6187 37.6196 37.6206 37.6215 37.6223 37.6232 37.624 37.6248 37.6256 37.6263 37.627 37.6278
          37.6285 37.6291 37.6298 37.6304 37.6311 37.6317 37.6323 37.6329 37.6335 37.6341 37.6346 37.6352
          37.6358 37.6363 37.6368 37.6374 6.71785 8.39246 11.2927 14.9034 18.2466 20.7131 22.4892 24.0563
          25.7029 27.4697 29.2523 30.9359 32.4407 33.7219 34.7679 35.5922 36.2157 36.6719 36.9936 37.2109
          37.3507 37.4355 37.4839 37.5098 37.5228 37.5289 37.5319 37.5335 37.5347 37.536 37.5374 37.539
          37.5407 37.5426 37.5445 37.5466 37.5487 37.5509 37.5531 37.5554 37.5576 37.5598 37.5621 37.5643
          37.5665 37.5686 37.5707 37.5728 37.5748 37.5768 37.5788 37.5807 37.5826 37.5844 37.5861 37.5879
          37.5895 37.5912 37.5927 37.5943 37.5957 37.5972 37.5986 37.5999 37.6012 37.6025 37.6037 37.6049
          37.606 37.6072 37.6082 37.6093 37.6103 37.6113 37.6122 37.6132 37.6141 37.6149 37.6158 37.6166
          37.6174 37.6182 37.6189 37.6196 37.6204 37.6211 37.6217 37.6224 37.623 37.6237 37.6243 37.6249
          37.6255 37.6261 37.6267 37.6272 37.6278 37.6283 37.6289 37.6294 37.63
        </DataArray>
        <DataArray type="Float32" Name="mu" NumberOfComponents="1" format="ascii">
          1.32783e-05 1.32822e-05 1.32944e-05 1.32954e-05 1.32799e-05 1.32902e-05 1.3276e-05 1.32838e-05 1.32712e-05 1.32771e-05 1.32662e-05 1.32707e-05
          1.32614e-05 1.32648e-05 1.3257e-05 1.32595e-05 1.32532e-05 1.3255e-05 1.32499e-05 1.32512e-05 1.32473e-05 1.32481e-05 1.32452e-05 1.32457e-05
          1.32436e-05 1.32438e-05 1.32424e-05 1.32425e-05 1.32415e-05 1.32415e-05 1.32409e-05 1.32408e-05 1.32406e-05 1.32404e-05 1.32403e-05 1.32401e-05
          1.32402e-05 1.32399e-05 1.32401e-05 1.32398e-05 1.324e-05 1.32397e-05 1.324e-05 1.32397e-05 1.324e-05 1.32397e-05 1.324e-05 1.32397e-05
          1.32401e-05 1.32398e-05 1.32401e-05 1.32398e-05 1.32401e-05 1.32399e-05 1.32402e-05 1.32399e-05 1.32403e-05 1.324e-05 1.32403e-05 1.324e-05
          1.32404e-05 1.32401e-05 1.32405e-05 1.32402e-05 1.32406e-05 1.32403e-05 1.32406e-05 1.32404e-05 1.32407e-05 1.32404e-05 1.32408e-05 1.32405e-05
          1.32409e-05 1.32406e-05 1.3241e-05 1.32407e-05 1.32411e-05 1.32408e-05 1.32412e-05 1.32409e-05 1.32412e-05 1.3241e-05 1.32413e-05 1.32411e-05
          1.32414e-05 1.32411e-05 1.32415e-05 1.32412e-05 1.32416e-05 1.32413e-05 1.32417e-05 1.32414e-05 1.32418e-05 1.32415e-05 1.32418e-05 1.32416e-05
          1.32419e-05 1.32416e-05 1.3242e-05 1.32417e-05 1.32421e-05 1.32418e-05 1.32421e-05 1.32419e-05 1.32422e-05 1.32419e-05 1.32423e-05 1.3242e-05
          1.32423e-05 1.32421e-05 1.32424e-05 1.32421e-05 1.32425e-05 1.32422e-05 1.32425e-05 1.32423e-05 1.32426e-05 1.32423e-05 1.32427e-05 1.32424e-05
          1.32427e-05 1.32424e-05 1.32428e-05 1.32425e-05 1.32428e-05 1.32425e-05 1.32429e-05 1.32426e-05 1.32429e-05 1.32426e-05 1.3243e-05 1.32427e-05
          1.3243e-05 1.32427e-05 1.32431e-05 1.32428e-05 1.32431e-05 1.32428e-05 1.32432e-05 1.32429e-05 1.32432e-05 1.32429e-05 1.32432e-05 1.32429e-05
          1.32433e-05 1.3243e-05 1.32433e-05 1.3243e-05 1.32433e-05 1.32431e-05 1.32434e-05 1.32431e-05 1.32434e-05 1.32431e-05 1.32434e-05 1.32432e-05
          1.32435e-05 1.32432e-05 1.32435e-05 1.32432e-05 1.32435e-05 1.32433e-05 1.32436e-05 1.32433e-05 1.32436e-05 1.32433e-05 1.32436e-05 1.32433e-05
          1.32437e-05 1.32434e-05 1.32437e-05 1.32434e-05 1.32437e-05 1.32434e-05 1.32437e-05 1.32434e-05 1.32438e-05 1.32435e-05 1.32438e-05 1.32435e-05
          1.32438e-05 1.32435e-05 1.32438e-05 1.32435e-05 1.32438e-05 1.32436e-05 1.32439e-05 1.32436e-05 1.32439e-05 1.32436e-05 1.32439e-05 1.32436e-05
          1.32439e-05 1.32437e-05 1.3244e-05 1.32437e-05 1.3244e-05 1.32437e-05 1.3244e-05 1.32437e-05 1.3244e-05 1.32437e-05 1.33105e-05 1.3311e-05
          1.33057e-05 1.32978e-05 1.32892e-05 1.32808e-05 1.32729e-05 1.32659e-05 1.32599e-05 1.32549e-05 1.32508e-05 1.32475e-05 1.3245e-05 1.32432e-05
          1.32419e-05 1.3241e-05 1.32403e-05 1.324e-05 1.32397e-05 1.32396e-05 1.32395e-05 1.32395e-05 1.32395e-05 1.32395e-05 1.32395e-05 1.32395e-05
          1.32396e-05 1.32396e-05 1.32397e-05 1.32398e-05 1.32398e-05 1.32399e-05 1.324e-05 1.32401e-05 1.32402e-05 1.32402e-05 1.32403e-05 1.32404e-05
          1.32405e-05 1.32406e-05 1.32407e-05 1.32408e-05 1.32409e-05 1.32409e-05 1.3241e-05 1.32411e-05 1.32412e-05 1.32413e-05 1.32414e-05 1.32414e-05
          1.32415e-05 1.32416e-05 1.32416e-05 1.32417e-05 1.32418e-05 1.32418e-05 1.32419e-05 1.3242e-05 1.3242e-05 1.32421e-05 1.32422e-05 1.32422e-05
          1.32423e-05 1.32423e-05 1.32424e-05 1.32424e-05 1.32425e-05 1.32425e-05 1.32425e-05 1.32426e-05 1.32426e-05 1.32427e-05 1.32427e-05 1.32427e-05
          1.32428e-05 1.32428e-05 1.32428e-05 1.32429e-05 1.32429e-05 1.32429e-05 1.3243e-05 1.3243e-05 1.3243e-05 1.32431e-05 1.32431e-05 1.32431e-05
          1.32431e-05 1.32432e-05 1.32432e-05 1.32432e-05 1.32432e-05 1.32433e-05 1.32433e-05 1.32433e-05 1.32433e-05 1.32433e-05 1.32434e-05 1.32434e-05
          1.32434e-05 1.32434e-05 1.32434e-05 1.3328e-05 1.33278e-05 1.33223e-05 1.33137e-05 1.33037e-05 1.32934e-05 1.32837e-05 1.32748e-05 1.3267e-05
          1.32603e-05 1.32549e-05 1.32505e-05 1.32471e-05 1.32445e-05 1.32427e-05 1.32414e-05 1.32405e-05 1.32399e-05 1.32396e-05 1.32394e-05 1.32393e-05
          1.32392e-05 1.32392e-05 1.32392e-05 1.32392e-05 1.32393e-05 1.32393e-05 1.32394e-05 1.32394e-05 1.32395e-05 1.32396e-05 1.32396e-05 1.32397e-05
          1.32398e-05 1.32399e-05 1.324e-05 1.32401e-05 1.32401e-05 1.32402e-05 1.32403e-05 1.32404e-05 1.32405e-05 1.32406e-05 1.32407e-05 1.32407e-05
          1.32408e-05 1.32409e-05 1.3241e-05 1.32411e-05 1.32411e-05 1.32412e-05 1.32413e-05 1.32414e-05 1.32414e-05 1.32415e-05 1.32416e-05 1.32416e-05
          1.32417e-05 1.32418e-05 1.32418e-05 1.32419e-05 1.32419e-05 1.3242e-05 1.3242e-05 1.32421e-05 1.32421e-05 1.32422e-05 1.32422e-05 1.32423e-05
          1.32423e-05 1.32423e-05 1.32424e-05 1.32424e-05 1.32425e-05 1.32425e-05 1.32425e-05 1.32426e-05 1.32426e-05 1.32426e-05 1.32427e-05 1.32427e-05
          1.32427e-05 1.32428e-05 1.32428e-05 1.32428e-05 1.32428e-05 1.32429e-05 1.32429e-05 1.32429e-05 1.32429e-05 1.3243e-05 1.3243e-05 1.3243e-05
          1.3243e-05 1.3243e-05 1.32431e-05 1.32431e-05 1.32431e-05 1.32431e-05 1.32431e-05 1.32432e-05 1.3346e-05 1.3345e-05 1.33394e-05 1.33302e-05
          1.33192e-05 1.33075e-05 1.3296e-05 1.32852e-05 1.32755e-05 1.32671e-05 1.32601e-05 1.32544e-05 1.32499e-05 1.32464e-05 1.32439e-05 1.32421e-05
          1.32409e-05 1.324e-05 1.32395e-05 1.32392e-05 1.32391e-05 1.3239e-05 1.32389e-05 1.32389e-05 1.3239e-05 1.3239e-05 1.3239e-05 1.32391e-05
          1.32391e-05 1.32392e-05 1.32393e-05 1.32394e-05 1.32394e-05 1.32395e-05 1.32396e-05 1.32397e-05 1.32398e-05 1.32399e-05 1.32399e-05 1.324e-05
          1.32401e-05 1.32402e-05 1.32403e-05 1.32404e-05 1.32405e-05 1.32406e-05 1.32406e-05 1.32407e-05 1.32408e-05 1.32409e-05 1.32409e-05 1.3241e-05
          1.32411e-05 1.32412e-05 1.32412e-05 1.32413e-05 1.32413e-05 1.32414e-05 1.32415e-05 1.32415e-05 1.32416e-05 1.32416e-05 1.32417e-05 1.32417e-05
          1.32418e-05 1.32418e-05 1.32419e-05 1.32419e-05 1.3242e-05 1.3242e-05 1.32421e-05 1.32421e-05 1.32421e-05 1.32422e-05 1.32422e-05 1.32423e-05
          1.32423e-05 1.32423e-05 1.32424e-05 1.32424e-05 1.32424e-05 1.32424e-05 1.32425e-05 1.32425e-05 1.32425e-05 1.32426e-05 1.32426e-05 1.32426e-05
          1.32426e-05 1.32427e-05 1.32427e-05 1.32427e-05 1.32427e-05 1.32427e-05 1.32428e-05 1.32428e-05 1.32428e-05 1.32428e-05 1.32428e-05 1.32429e-05
          1.32429e-05 1.33632e-05 1.33616e-05 1.33559e-05 1.33467e-05 1.33351e-05 1.33224e-05 1.33093e-05 1.32968e-05 1.32852e-05 1.3275e-05 1.32663e-05
          1.32591e-05 1.32533e-05 1.32488e-05 1.32455e-05 1.32431e-05 1.32414e-05 1.32403e-05 1.32396e-05 1.32391e-05 1.32389e-05 1.32388e-05 1.32387e-05
          1.32387e-05 1.32387e-05 1.32387e-05 1.32388e-05 1.32388e-05 1.32389e-05 1.32389e-05 1.3239e-05 1.32391e-05 1.32392e-05 1.32392e-05 1.32393e-05
          1.32394e-05 1.32395e-05 1.32396e-05 1.32397e-05 1.32398e-05 1.32398e-05 1.32399e-05 1.324e-05 1.32401e-05 1.32402e-05 1.32403e-05 1.32404e-05
          1.32404e-05 1.32405e-05 1.32406e-05 1.32407e-05 1.32407e-05 1.32408e-05 1.32409e-05 1.32409e-05 1.3241e-05 1.32411e-05 1.32411e-05 1.32412e-05
          1.32412e-05 1.32413e-05 1.32414e-05 1.32414e-05 1.32415e-05 1.32415e-05 1.32416e-05 1.32416e-05 1.32417e-05 1.32417e-05 1.32417e-05 1.32418e-05
          1.32418e-05 1.32419e-05 1.32419e-05 1.32419e-05 1.3242e-05 1.3242e-05 1.3242e-05 1.32421e-05 1.32421e-05 1.32421e-05 1.32422e-05 1.32422e-05
          1.32422e-05 1.32422e-05 1.32423e-05 1.32423e-05 1.32423e-05 1.32423e-05 1.32424e-05 1.32424e-05 1.32424e-05 1.32424e-05 1.32425e-05 1.32425e-05
          1.32425e-05 1.32425e-05 1.32425e-05 1.32426e-05 1.32426e-05 1.32426e-05 1.33777e-05 1.3376e-05 1.33708e-05 1.33622e-05 1.33507e-05 1.33375e-05
          1.33233e-05 1.33092e-05 1.32958e-05 1.32837e-05 1.32733e-05 1.32645e-05 1.32573e-05 1.32517e-05 1.32475e-05 1.32443e-05 1.32421e-05 1.32407e-05
          1.32397e-05 1.32391e-05 1.32388e-05 1.32386e-05 1.32385e-05 1.32384e-05 1.32384e-05 1.32385e-05 1.32385e-05 1.32385e-05 1.32386e-05 1.32387e-05
          1.32387e-05 1.32388e-05 1.32389e-05 1.3239e-05 1.3239e-05 1.32391e-05 1.32392e-05 1.32393e-05 1.32394e-05 1.32395e-05 1.32396e-05 1.32396e-05
          1.32397e-05 1.32398e-05 1.32399e-05 1.324e-05 1.32401e-05 1.32401e-05 1.32402e-05 1.32403e-05 1.32404e-05 1.32405e-05 1.32405e-05 1.32406e-05
          1.32407e-05 1.32407e-05 1.32408e-05 1.32408e-05 1.32409e-05 1.3241e-05 1.3241e-05 1.32411e-05 1.32411e-05 1.32412e-05 1.32412e-05 1.32413e-05
          1.32413e-05 1.32414e-05 1.32414e-05 1.32415e-05 1.32415e-05 1.32415e-05 1.32416e-05 1.32416e-05 1.32417e-05 1.32417e-05 1.32417e-05 1.32418e-05
          1.32418e-05 1.32418e-05 1.32418e-05 1.32419e-05 1.32419e-05 1.32419e-05 1.3242e-05 1.3242e-05 1.3242e-05 1.3242e-05 1.32421e-05 1.32421e-05
          1.32421e-05 1.32421e-05 1.32422e-05 1.32422e-05 1.32422e-05 1.32422e-05 1.32422e-05 1.32423e-05 1.32423e-05 1.32423e-05 1.32423e-05 1.33877e-05
          1.33864e-05 1.33826e-05 1.33756e-05 1.33652e-05 1.33521e-05 1.33374e-05 1.33221e-05 1.33071e-05 1.32932e-05 1.32809e-05 1.32705e-05 1.32619e-05
          1.3255e-05 1.32498e-05 1.32459e-05 1.32431e-05 1.32412e-05 1.32399e-05 1.32391e-05 1.32386e-05 1.32384e-05 1.32383e-05 1.32382e-05 1.32382e-05
          1.32382e-05 1.32382e-05 1.32383e-05 1.32383e-05 1.32384e-05 1.32385e-05 1.32385e-05 1.32386e-05 1.32387e-05 1.32388e-05 1.32388e-05 1.32389e-05
          1.3239e-05 1.32391e-05 1.32392e-05 1.32393e-05 1.32394e-05 1.32395e-05 1.32395e-05 1.32396e-05 1.32397e-05 1.32398e-05 1.32399e-05 1.32399e-05
          1.324e-05 1.32401e-05 1.32402e-05 1.32402e-05 1.32403e-05 1.32404e-05 1.32404e-05 1.32405e-05 1.32406e-05 1.32406e-05 1.32407e-05 1.32407e-05
          1.32408e-05 1.32408e-05 1.32409e-05 1.3241e-05 1.3241e-05 1.3241e-05 1.32411e-05 1.32411e-05 1.32412e-05 1.32412e-05 1.32413e-05 1.32413e-05
          1.32413e-05 1.32414e-05 1.32414e-05 1.32414e-05 1.32415e-05 1.32415e-05 1.32415e-05 1.32416e-05 1.32416e-05 1.32416e-05 1.32417e-05 1.32417e-05
          1.32417e-05 1.32417e-05 1.32418e-05 1.32418e-05 1.32418e-05 1.32418e-05 1.32419e-05 1.32419e-05 1.32419e-05 1.32419e-05 1.32419e-05 1.3242e-05
          1.3242e-05 1.3242e-05 1.3242e-05 1.3242e-05 1.33913e-05 1.33912e-05 1.33898e-05 1.33855e-05 1.33773e-05 1.33655e-05 1.3351e-05 1.3335e-05
          1.33188e-05 1.33033e-05 1.32892e-05 1.3277e-05 1.32669e-05 1.32588e-05 1.32524e-05 1.32476e-05 1.32442e-05 1.32418e-05 1.32402e-05 1.32392e-05
          1.32386e-05 1.32382e-05 1.3238e-05 1.3238e-05 1.32379e-05 1.32379e-05 1.3238e-05 1.3238e-05 1.32381e-05 1.32381e-05 1.32382e-05 1.32383e-05
          1.32383e-05 1.32384e-05 1.32385e-05 1.32386e-05 1.32387e-05 1.32387e-05 1.32388e-05 1.32389e-05 1.3239e-05 1.32391e-05 1.32392e-05 1.32393e-05
          1.32393e-05 1.32394e-05 1.32395e-05 1.32396e-05 1.32397e-05 1.32397e-05 1.32398e-05 1.32399e-05 1.324e-05 1.324e-05 1.32401e-05 1.32402e-05
          1.32402e-05 1.32403e-05 1.32403e-05 1.32404e-05 1.32405e-05 1.32405e-05 1.32406e-05 1.32406e-05 1.32407e-05 1.32407e-05 1.32408e-05 1.32408e-05
          1.32409e-05 1.32409e-05 1.32409e-05 1.3241e-05 1.3241e-05 1.32411e-05 1.32411e-05 1.32411e-05 1.32412e-05 1.32412e-05 1.32412e-05 1.32413e-05
          1.32413e-05 1.32413e-05 1.32413e-05 1.32414e-05 1.32414e-05 1.32414e-05 1.32414e-05 1.32415e-05 1.32415e-05 1.32415e-05 1.32415e-05 1.32416e-05
          1.32416e-05 1.32416e-05 1.32416e-05 1.32417e-05 1.32417e-05 1.32417e-05 1.32417e-05 1.32417e-05 1.32418e-05 1.3388e-05 1.33897e-05 1.33916e-05
          1.33911e-05 1.33863e-05 1.33769e-05 1.33635e-05 1.33476e-05 1.33305e-05 1.33136e-05 1.32979e-05 1.32841e-05 1.32723e-05 1.32628e-05 1.32553e-05
          1.32497e-05 1.32455e-05 1.32426e-05 1.32406e-05 1.32393e-05 1.32385e-05 1.32381e-05 1.32379e-05 1.32377e-05 1.32377e-05 1.32377e-05 1.32377e-05
          1.32377e-05 1.32378e-05 1.32378e-05 1.32379e-05 1.3238e-05 1.32381e-05 1.32381e-05 1.32382e-05 1.32383e-05 1.32384e-05 1.32385e-05 1.32385e-05
          1.32386e-05 1.32387e-05 1.32388e-05 1.32389e-05 1.3239e-05 1.32391e-05 1.32391e-05 1.32392e-05 1.32393e-05 1.32394e-05 1.32395e-05 1.32395e-05
          1.32396e-05 1.32397e-05 1.32397e-05 1.32398e-05 1.32399e-05 1.32399e-05 1.324e-05 1.32401e-05 1.32401e-05 1.32402e-05 1.32402e-05 1.32403e-05
          1.32403e-05 1.32404e-05 1.32404e-05 1.32405e-05 1.32405e-05 1.32406e-05 1.32406e-05 1.32407e-05 1.32407e-05 1.32407e-05 1.32408e-05 1.32408e-05
          1.32408e-05 1.32409e-05 1.32409e-05 1.32409e-05 1.3241e-05 1.3241e-05 1.3241e-05 1.32411e-05 1.32411e-05 1.32411e-05 1.32411e-05 1.32412e-05
          1.32412e-05 1.32412e-05 1.32412e-05 1.32413e-05 1.32413e-05 1.32413e-05 1.32413e-05 1.32414e-05 1.32414e-05 1.32414e-05 1.32414e-05 1.32414e-05
          1.32415e-05 1.32415e-05 1.33782e-05 1.33823e-05 1.3388e-05 1.33919e-05 1.33914e-05 1.33854e-05 1.33743e-05 1.33592e-05 1.33419e-05 1.3324e-05
          1.33068e-05 1.32914e-05 1.32781e-05 1.32672e-05 1.32585e-05 1.32518e-05 1.32469e-05 1.32434e-05 1.32411e-05 1.32395e-05 1.32385e-05 1.3238e-05
          1.32377e-05 1.32375e-05 1.32374e-05 1.32374e-05 1.32374e-05 1.32375e-05 1.32375e-05 1.32376e-05 1.32376e-05 1.32377e-05 1.32378e-05 1.32379e-05
          1.32379e-05 1.3238e-05 1.32381e-05 1.32382e-05 1.32383e-05 1.32384e-05 1.32384e-05 1.32385e-05 1.32386e-05 1.32387e-05 1.32388e-05 1.32389e-05
          1.32389e-05 1.3239e-05 1.32391e-05 1.32392e-05 1.32393e-05 1.32393e-05 1.32394e-05 1.32395e-05 1.32395e-05 1.32396e-05 1.32397e-05 1.32397e-05
          1.32398e-05 1.32398e-05 1.32399e-05 1.324e-05 1.324e-05 1.32401e-05 1.32401e-05 1.32402e-05 1.32402e-05 1.32402e-05 1.32403e-05 1.32403e-05
          1.32404e-05 1.32404e-05 1.32405e-05 1.32405e-05 1.32405e-05 1.32406e-05 1.32406e-05 1.32406e-05 1.32407e-05 1.32407e-05 1.32407e-05 1.32408e-05
          1.32408e-05 1.32408e-05 1.32408e-05 1.32409e-05 1.32409e-05 1.32409e-05 1.32409e-05 1.3241e-05 1.3241e-05 1.3241e-05 1.3241e-05 1.32411e-05
          1.32411e-05 1.32411e-05 1.32411e-05 1.32411e-05 1.32412e-05 1.32412e-05 1.32412e-05 1.33607e-05 1.33691e-05 1.338e-05 1.33887e-05 1.33927e-05
          1.33908e-05 1.33828e-05 1.33695e-05 1.33526e-05 1.33341e-05 1.33157e-05 1.32988e-05 1.3284e-05 1.32717e-05 1.32618e-05 1.32542e-05 1.32485e-05
          1.32444e-05 1.32416e-05 1.32397e-05 1.32386e-05 1.32379e-05 1.32375e-05 1.32373e-05 1.32372e-05 1.32372e-05 1.32372e-05 1.32372e-05 1.32372e-05
          1.32373e-05 1.32374e-05 1.32374e-05 1.32375e-05 1.32376e-05 1.32377e-05 1.32377e-05 1.32378e-05 1.32379e-05 1.3238e-05 1.32381e-05 1.32382e-05
          1.32382e-05 1.32383e-05 1.32384e-05 1.32385e-05 1.32386e-05 1.32387e-05 1.32387e-05 1.32388e-05 1.32389e-05 1.3239e-05 1.3239e-05 1.32391e-05
          1.32392e-05 1.32393e-05 1.32393e-05 1.32394e-05 1.32394e-05 1.32395e-05 1.32396e-05 1.32396e-05 1.32397e-05 1.32397e-05 1.32398e-05 1.32398e-05
          1.32399e-05 1.32399e-05 1.324e-05 1.324e-05 1.32401e-05 1.32401e-05 1.32401e-05 1.32402e-05 1.32402e-05 1.32402e-05 1.32403e-05 1.32403e-05
          1.32403e-05 1.32404e-05 1.32404e-05 1.32404e-05 1.32405e-05 1.32405e-05 1.32405e-05 1.32406e-05 1.32406e-05 1.32406e-05 1.32406e-05 1.32407e-05
          1.32407e-05 1.32407e-05 1.32407e-05 1.32407e-05 1.32408e-05 1.32408e-05 1.32408e-05 1.32408e-05 1.32409e-05 1.32409e-05 1.32409e-05 1.32409e-05
          1.33256e-05 1.33454e-05 1.33667e-05 1.33821e-05 1.33909e-05 1.33932e-05 1.33888e-05 1.33779e-05 1.33621e-05 1.33436e-05 1.33244e-05 1.33062e-05
          1.329e-05 1.32763e-05 1.32652e-05 1.32566e-05 1.32501e-05 1.32454e-05 1.32422e-05 1.324e-05 1.32386e-05 1.32378e-05 1.32373e-05 1.32371e-05
          1.3237e-05 1.32369e-05 1.32369e-05 1.32369e-05 1.3237e-05 1.3237e-05 1.32371e-05 1.32372e-05 1.32372e-05 1.32373e-05 1.32374e-05 1.32375e-05
          1.32375e-05 1.32376e-05 1.32377e-05 1.32378e-05 1.32379e-05 1.3238e-05 1.32381e-05 1.32381e-05 1.32382e-05 1.32383e-05 1.32384e-05 1.32385e-05
          1.32385e-05 1.32386e-05 1.32387e-05 1.32388e-05 1.32388e-05 1.32389e-05 1.3239e-05 1.3239e-05 1.32391e-05 1.32392e-05 1.32392e-05 1.32393e-05
          1.32393e-05 1.32394e-05 1.32394e-05 1.32395e-05 1.32395e-05 1.32396e-05 1.32396e-05 1.32397e-05 1.32397e-05 1.32398e-05 1.32398e-05 1.32398e-05
          1.32399e-05 1.32399e-05 1.324e-05 1.324e-05 1.324e-05 1.32401e-05 1.32401e-05 1.32401e-05 1.32402e-05 1.32402e-05 1.32402e-05 1.32402e-05
          1.32403e-05 1.32403e-05 1.32403e-05 1.32403e-05 1.32404e-05 1.32404e-05 1.32404e-05 1.32404e-05 1.32405e-05 1.32405e-05 1.32405e-05 1.32405e-05
          1.32406e-05 1.32406e-05 1.32406e-05 1.32406e-05 1.32406e-05 1.32405e-05 1.32936e-05 1.3342e-05 1.33712e-05 1.33866e-05 1.33932e-05 1.33924e-05
          1.33844e-05 1.33703e-05 1.33523e-05 1.33326e-05 1.33133e-05 1.32958e-05 1.32808e-05 1.32686e-05 1.3259e-05 1.32517e-05 1.32465e-05 1.32427e-05
          1.32403e-05 1.32387e-05 1.32377e-05 1.32372e-05 1.32369e-05 1.32367e-05 1.32367e-05 1.32367e-05 1.32367e-05 1.32367e-05 1.32368e-05 1.32368e-05
          1.32369e-05 1.32369e-05 1.3237e-05 1.32371e-05 1.32372e-05 1.32373e-05 1.32373e-05 1.32374e-05 1.32375e-05 1.32376e-05 1.32377e-05 1.32378e-05
          1.32379e-05 1.32379e-05 1.3238e-05 1.32381e-05 1.32382e-05 1.32383e-05 1.32383e-05 1.32384e-05 1.32385e-05 1.32386e-05 1.32386e-05 1.32387e-05
          1.32388e-05 1.32388e-05 1.32389e-05 1.32389e-05 1.3239e-05 1.32391e-05 1.32391e-05 1.32392e-05 1.32392e-05 1.32393e-05 1.32393e-05 1.32394e-05
          1.32394e-05 1.32394e-05 1.32395e-05 1.32395e-05 1.32396e-05 1.32396e-05 1.32396e-05 1.32397e-05 1.32397e-05 1.32397e-05 1.32398e-05 1.32398e-05
          1.32398e-05 1.32399e-05 1.32399e-05 1.32399e-05 1.324e-05 1.324e-05 1.324e-05 1.324e-05 1.32401e-05 1.32401e-05 1.32401e-05 1.32401e-05
          1.32402e-05 1.32402e-05 1.32402e-05 1.32402e-05 1.32403e-05 1.32403e-05 1.32403e-05 1.32403e-05 1.32403e-05 1.32404e-05 1.30388e-05 1.31766e-05
          1.32913e-05 1.33522e-05 1.33797e-05 1.33913e-05 1.3394e-05 1.33891e-05 1.3377e-05 1.33599e-05 1.33401e-05 1.332e-05 1.33014e-05 1.32853e-05
          1.32719e-05 1.32614e-05 1.32533e-05 1.32475e-05 1.32433e-05 1.32405e-05 1.32387e-05 1.32376e-05 1.3237e-05 1.32367e-05 1.32365e-05 1.32364e-05
          1.32364e-05 1.32364e-05 1.32364e-05 1.32365e-05 1.32365e-05 1.32366e-05 1.32367e-05 1.32367e-05 1.32368e-05 1.32369e-05 1.3237e-05 1.32371e-05
          1.32372e-05 1.32372e-05 1.32373e-05 1.32374e-05 1.32375e-05 1.32376e-05 1.32377e-05 1.32377e-05 1.32378e-05 1.32379e-05 1.3238e-05 1.32381e-05
          1.32381e-05 1.32382e-05 1.32383e-05 1.32383e-05 1.32384e-05 1.32385e-05 1.32385e-05 1.32386e-05 1.32387e-05 1.32387e-05 1.32388e-05 1.32388e-05
          1.32389e-05 1.32389e-05 1.3239e-05 1.3239e-05 1.32391e-05 1.32391e-05 1.32392e-05 1.32392e-05 1.32392e-05 1.32393e-05 1.32393e-05 1.32394e-05
          1.32394e-05 1.32394e-05 1.32395e-05 1.32395e-05 1.32395e-05 1.32396e-05 1.32396e-05 1.32396e-05 1.32397e-05 1.32397e-05 1.32397e-05 1.32397e-05
          1.32398e-05 1.32398e-05 1.32398e-05 1.32398e-05 1.32399e-05 1.32399e-05 1.32399e-05 1.32399e-05 1.32399e-05 1.324e-05 1.324e-05 1.324e-05
          1.324e-05 1.32401e-05 1.32401e-05 1.26511e-05 1.29514e-05 1.3195e-05 1.33191e-05 1.3369e-05 1.33879e-05 1.33941e-05 1.3392e-05 1.33822e-05
          1.33663e-05 1.33467e-05 1.33261e-05 1.33065e-05 1.32893e-05 1.3275e-05 1.32636e-05 1.32549e-05 1.32484e-05 1.32439e-05 1.32408e-05 1.32388e-05
          1.32375e-05 1.32368e-05 1.32364e-05 1.32362e-05 1.32361e-05 1.32361e-05 1.32361e-05 1.32362e-05 1.32362e-05 1.32363e-05 1.32363e-05 1.32364e-05
          1.32365e-05 1.32365e-05 1.32366e-05 1.32367e-05 1.32368e-05 1.32369e-05 1.3237e-05 1.3237e-05 1.32371e-05 1.32372e-05 1.32373e-05 1.32374e-05
          1.32375e-05 1.32375e-05 1.32376e-05 1.32377e-05 1.32378e-05 1.32378e-05 1.32379e-05 1.3238e-05 1.32381e-05 1.32381e-05 1.32382e-05 1.32383e-05
          1.32383e-05 1.32384e-05 1.32384e-05 1.32385e-05 1.32385e-05 1.32386e-05 1.32386e-05 1.32387e-05 1.32387e-05 1.32388e-05 1.32388e-05 1.32389e-05
          1.32389e-05 1.3239e-05 1.3239e-05 1.3239e-05 1.32391e-05 1.32391e-05 1.32392e-05 1.32392e-05 1.32392e-05 1.32393e-05 1.32393e-05 1.32393e-05
          1.32393e-05 1.32394e-05 1.32394e-05 1.32394e-05 1.32395e-05 1.32395e-05 1.32395e-05 1.32395e-05 1.32396e-05 1.32396e-05 1.32396e-05 1.32396e-05
          1.32396e-05 1.32397e-05 1.32397e-05 1.32397e-05 1.32397e-05 1.32398e-05 1.32398e-05 1.32398e-05 1.21172e-05 1.2636e-05 1.30502e-05 1.32692e-05
          1.33538e-05 1.33833e-05 1.33932e-05 1.33937e-05 1.33861e-05 1.33714e-05 1.33522e-05 1.33313e-05 1.33111e-05 1.3293e-05 1.32778e-05 1.32656e-05
          1.32562e-05 1.32493e-05 1.32443e-05 1.3241e-05 1.32388e-05 1.32374e-05 1.32366e-05 1.32362e-05 1.3236e-05 1.32359e-05 1.32359e-05 1.32359e-05
          1.32359e-05 1.32359e-05 1.3236e-05 1.3236e-05 1.32361e-05 1.32362e-05 1.32363e-05 1.32363e-05 1.32364e-05 1.32365e-05 1.32366e-05 1.32367e-05
          1.32368e-05 1.32368e-05 1.32369e-05 1.3237e-05 1.32371e-05 1.32372e-05 1.32373e-05 1.32373e-05 1.32374e-05 1.32375e-05 1.32376e-05 1.32376e-05
          1.32377e-05 1.32378e-05 1.32378e-05 1.32379e-05 1.3238e-05 1.3238e-05 1.32381e-05 1.32382e-05 1.32382e-05 1.32383e-05 1.32383e-05 1.32384e-05
          1.32384e-05 1.32385e-05 1.32385e-05 1.32386e-05 1.32386e-05 1.32386e-05 1.32387e-05 1.32387e-05 1.32388e-05 1.32388e-05 1.32388e-05 1.32389e-05
          1.32389e-05 1.32389e-05 1.3239e-05 1.3239e-05 1.3239e-05 1.32391e-05 1.32391e-05 1.32391e-05 1.32391e-05 1.32392e-05 1.32392e-05 1.32392e-05
          1.32392e-05 1.32393e-05 1.32393e-05 1.32393e-05 1.32393e-05 1.32394e-05 1.32394e-05 1.32394e-05 1.32394e-05 1.32394e-05 1.32395e-05 1.32395e-05
          1.32395e-05 1.17374e-05 1.23305e-05 1.28938e-05 1.32101e-05 1.33356e-05 1.33777e-05 1.33917e-05 1.33944e-05 1.33887e-05 1.33753e-05 1.33567e-05
          1.33356e-05 1.33148e-05 1.3296e-05 1.32801e-05 1.32672e-05 1.32573e-05 1.325e-05 1.32447e-05 1.32411e-05 1.32388e-05 1.32373e-05 1.32365e-05
          1.3236e-05 1.32357e-05 1.32356e-05 1.32356e-05 1.32356e-05 1.32356e-05 1.32357e-05 1.32357e-05 1.32358e-05 1.32358e-05 1.32359e-05 1.3236e-05
          1.32361e-05 1.32361e-05 1.32362e-05 1.32363e-05 1.32364e-05 1.32365e-05 1.32366e-05 1.32367e-05 1.32367e-05 1.32368e-05 1.32369e-05 1.3237e-05
          1.32371e-05 1.32371e-05 1.32372e-05 1.32373e-05 1.32374e-05 1.32374e-05 1.32375e-05 1.32376e-05 1.32376e-05 1.32377e-05 1.32378e-05 1.32378e-05
          1.32379e-05 1.32379e-05 1.3238e-05 1.3238e-05 1.32381e-05 1.32381e-05 1.32382e-05 1.32382e-05 1.32383e-05 1.32383e-05 1.32384e-05 1.32384e-05
          1.32384e-05 1.32385e-05 1.32385e-05 1.32386e-05 1.32386e-05 1.32386e-05 1.32387e-05 1.32387e-05 1.32387e-05 1.32388e-05 1.32388e-05 1.32388e-05
          1.32388e-05 1.32389e-05 1.32389e-05 1.32389e-05 1.32389e-05 1.3239e-05 1.3239e-05 1.3239e-05 1.3239e-05 1.32391e-05 1.32391e-05 1.32391e-05
          1.32391e-05 1.32391e-05 1.32392e-05 1.32392e-05 1.32392e-05 1.32392e-05 1.14867e-05 1.21551e-05 1.27729e-05 1.31571e-05 1.33179e-05 1.33722e-05
          1.339e-05 1.33945e-05 1.33903e-05 1.33781e-05 1.33599e-05 1.33389e-05 1.33177e-05 1.32983e-05 1.32818e-05 1.32684e-05 1.32581e-05 1.32504e-05
          1.32449e-05 1.32412e-05 1.32387e-05 1.32371e-05 1.32362e-05 1.32357e-05 1.32355e-05 1.32354e-05 1.32353e-05 1.32353e-05 1.32353e-05 1.32354e-05
          1.32354e-05 1.32355e-05 1.32356e-05 1.32356e-05 1.32357e-05 1.32358e-05 1.32359e-05 1.32359e-05 1.3236e-05 1.32361e-05 1.32362e-05 1.32363e-05
          1.32364e-05 1.32365e-05 1.32365e-05 1.32366e-05 1.32367e-05 1.32368e-05 1.32369e-05 1.32369e-05 1.3237e-05 1.32371e-05 1.32371e-05 1.32372e-05
          1.32373e-05 1.32373e-05 1.32374e-05 1.32375e-05 1.32375e-05 1.32376e-05 1.32376e-05 1.32377e-05 1.32378e-05 1.32378e-05 1.32379e-05 1.32379e-05
          1.3238e-05 1.3238e-05 1.3238e-05 1.32381e-05 1.32381e-05 1.32382e-05 1.32382e-05 1.32382e-05 1.32383e-05 1.32383e-05 1.32383e-05 1.32384e-05
          1.32384e-05 1.32384e-05 1.32385e-05 1.32385e-05 1.32385e-05 1.32386e-05 1.32386e-05 1.32386e-05 1.32386e-05 1.32387e-05 1.32387e-05 1.32387e-05
          1.32387e-05 1.32388e-05 1.32388e-05 1.32388e-05 1.32388e-05 1.32388e-05 1.32389e-05 1.32389e-05 1.32389e-05 1.32389e-05 1.32389e-05 1.13955e-05
          1.20562e-05 1.27035e-05 1.3122e-05 1.33051e-05 1.33681e-05 1.33886e-05 1.33943e-05 1.33911e-05 1.33797e-05 1.33619e-05 1.33409e-05 1.33195e-05
          1.32998e-05 1.32829e-05 1.32692e-05 1.32585e-05 1.32506e-05 1.3245e-05 1.32411e-05 1.32385e-05 1.32369e-05 1.3236e-05 1.32355e-05 1.32352e-05
          1.32351e-05 1.3235e-05 1.3235e-05 1.32351e-05 1.32351e-05 1.32352e-05 1.32352e-05 1.32353e-05 1.32354e-05 1.32354e-05 1.32355e-05 1.32356e-05
          1.32357e-05 1.32358e-05 1.32358e-05 1.32359e-05 1.3236e-05 1.32361e-05 1.32362e-05 1.32363e-05 1.32363e-05 1.32364e-05 1.32365e-05 1.32366e-05
          1.32367e-05 1.32367e-05 1.32368e-05 1.32369e-05 1.32369e-05 1.3237e-05 1.32371e-05 1.32371e-05 1.32372e-05 1.32373e-05 1.32373e-05 1.32374e-05
          1.32374e-05 1.32375e-05 1.32375e-05 1.32376e-05 1.32376e-05 1.32377e-05 1.32377e-05 1.32378e-05 1.32378e-05 1.32378e-05 1.32379e-05 1.32379e-05
          1.3238e-05 1.3238e-05 1.3238e-05 1.32381e-05 1.32381e-05 1.32381e-05 1.32382e-05 1.32382e-05 1.32382e-05 1.32382e-05 1.32383e-05 1.32383e-05
          1.32383e-05 1.32384e-05 1.32384e-05 1.32384e-05 1.32384e-05 1.32385e-05 1.32385e-05 1.32385e-05 1.32385e-05 1.32385e-05 1.32386e-05 1.32386e-05
          1.32386e-05 1.32386e-05 1.32386e-05 1.32387e-05 1.13694e-05 1.20255e-05 1.26806e-05 1.31097e-05 1.33003e-05 1.33664e-05 1.3388e-05 1.33941e-05
          1.33913e-05 1.33801e-05 1.33625e-05 1.33415e-05 1.332e-05 1.33001e-05 1.32831e-05 1.32692e-05 1.32585e-05 1.32505e-05 1.32448e-05 1.32409e-05
          1.32383e-05 1.32367e-05 1.32357e-05 1.32352e-05 1.32349e-05 1.32348e-05 1.32348e-05 1.32348e-05 1.32348e-05 1.32348e-05 1.32349e-05 1.32349e-05
          1.3235e-05 1.32351e-05 1.32351e-05 1.32352e-05 1.32353e-05 1.32354e-05 1.32355e-05 1.32356e-05 1.32356e-05 1.32357e-05 1.32358e-05 1.32359e-05
          1.3236e-05 1.32361e-05 1.32361e-05 1.32362e-05 1.32363e-05 1.32364e-05 1.32364e-05 1.32365e-05 1.32366e-05 1.32367e-05 1.32367e-05 1.32368e-05
          1.32369e-05 1.32369e-05 1.3237e-05 1.3237e-05 1.32371e-05 1.32371e-05 1.32372e-05 1.32372e-05 1.32373e-05 1.32373e-05 1.32374e-05 1.32374e-05
          1.32375e-05 1.32375e-05 1.32376e-05 1.32376e-05 1.32376e-05 1.32377e-05 1.32377e-05 1.32377e-05 1.32378e-05 1.32378e-05 1.32378e-05 1.32379e-05
          1.32379e-05 1.32379e-05 1.3238e-05 1.3238e-05 1.3238e-05 1.3238e-05 1.32381e-05 1.32381e-05 1.32381e-05 1.32381e-05 1.32382e-05 1.32382e-05
          1.32382e-05 1.32382e-05 1.32383e-05 1.32383e-05 1.32383e-05 1.32383e-05 1.32383e-05 1.32384e-05 1.32384e-05
        </DataArray>
        <DataArray type="Float32" Name="x^CH4_gas" NumberOfComponents="1" format="ascii">
          0.941996 0.93552 0.914671 0.913045 0.93923 0.921751 0.945596 0.932489 0.953206 0.943338 0.96104 0.953584
          0.968494 0.962866 0.975222 0.970999 0.981047 0.977911 0.985917 0.983617 0.989841 0.988193 0.992893 0.991744
          0.995189 0.994406 0.996855 0.996336 0.998019 0.997686 0.9988 0.998594 0.999303 0.999181 0.999613 0.999543
          0.999795 0.999757 0.999896 0.999876 0.99995 0.99994 0.999977 0.999973 0.99999 0.999988 0.999996 0.999995
          0.999998 0.999998 0.999999 0.999999 1 1 1 1 1 1 1 1
          1 1 1 1 1 1 1 1 1 1 1 1
          1 1 1 1 1 1 1 1 1 1 1 1
          1 1 1 1 1 1 1 1 1 1 1 1
          1 1 1 1 1 1 1 1 1 1 1 1
          1 1 1 1 1 1 1 1 1 1 1 1
          1 1 1 1 1 1 1 1 1 1 1 1
          1 1 1 1 1 1 1 1 1 1 1 1
          1 1 1 1 1 1 1 1 1 1 1 1
          1 1 1 1 1 1 1 1 1 1 1 1
          1 1 1 1 1 1 1 1 1 1 1 1
          1 1 1 1 1 1 1 1 1 1 1 1
          1 1 1 1 1 1 1 1 1 1 0.886147 0.885308
          0.894696 0.908388 0.922961 0.936894 0.949508 0.960523 0.969861 0.977559 0.983735 0.988553 0.992193 0.994848
          0.996718 0.997988 0.998816 0.999333 0.999641 0.999816 0.99991 0.999959 0.999982 0.999992 0.999997 0.999999
          1 1 1 1 1 1 1 1 1 1 1 1
          1 1 1 1 1 1 1 1 1 1 1 1
          1 1 1 1 1 1 1 1 1 1 1 1
          1 1 1 1 1 1 1 1 1 1 1 1
          1 1 1 1 1 1 1 1 1 1 1 1
          1 1 1 1 1 1 1 1 1 1 1 1
          1 1 1 0.853099 0.853606 0.864016 0.880081 0.89794 0.915505 0.931723 0.946098 0.95844
          0.968737 0.977091 0.983682 0.988732 0.992475 0.995147 0.996986 0.998203 0.998974 0.999441 0.99971 0.999857
          0.999933 0.999971 0.999988 0.999995 0.999998 0.999999 1 1 1 1 1 1
          1 1 1 1 1 1 1 1 1 1 1 1
          1 1 1 1 1 1 1 1 1 1 1 1
          1 1 1 1 1 1 1 1 1 1 1 1
          1 1 1 1 1 1 1 1 1 1 1 1
          1 1 1 1 1 1 1 1 1 1 1 1
          1 1 1 1 1 1 1 1 0.815705 0.817955 0.830035 0.848594
          0.869693 0.89091 0.910875 0.92886 0.944528 0.957782 0.968687 0.977405 0.984178 0.989281 0.992992 0.995586
          0.997329 0.998453 0.999145 0.99955 0.999775 0.999894 0.999953 0.99998 0.999992 0.999997 0.999999 1
          1 1 1 1 1 1 1 1 1 1 1 1
          1 1 1 1 1 1 1 1 1 1 1 1
          1 1 1 1 1 1 1 1 1 1 1 1
          1 1 1 1 1 1 1 1 1 1 1 1
          1 1 1 1 1 1 1 1 1 1 1 1
          1 1 1 1 1 1 1 1 1 1 1 1
          1 0.774506 0.778682 0.792912 0.81422 0.838644 0.863574 0.887431 0.90926 0.928527 0.945025 0.958762
          0.969887 0.97864 0.985321 0.990263 0.99378 0.996182 0.997755 0.998741 0.999328 0.99966 0.999837 0.999926
          0.999969 0.999987 0.999995 0.999998 0.999999 1 1 1 1 1 1 1
          1 1 1 1 1 1 1 1 1 1 1 1
          1 1 1 1 1 1 1 1 1 1 1 1
          1 1 1 1 1 1 1 1 1 1 1 1
          1 1 1 1 1 1 1 1 1 1 1 1
          1 1 1 1 1 1 1 1 1 1 1 1
          1 1 1 1 1 1 0.730465 0.736572 0.753151 0.777339 0.805171 0.833876
          0.861684 0.887496 0.910612 0.93063 0.94746 0.961229 0.972185 0.980647 0.986982 0.991567 0.994752 0.99687
          0.998217 0.999034 0.999504 0.999759 0.99989 0.999952 0.999981 0.999993 0.999997 0.999999 1 1
          1 1 1 1 1 1 1 1 1 1 1 1
          1 1 1 1 1 1 1 1 1 1 1 1
          1 1 1 1 1 1 1 1 1 1 1 1
          1 1 1 1 1 1 1 1 1 1 1 1
          1 1 1 1 1 1 1 1 1 1 1 1
          1 1 1 1 1 1 1 1 1 1 1 0.685103
          0.692973 0.71178 0.738673 0.76976 0.802199 0.834024 0.863885 0.890943 0.914699 0.934878 0.951517 0.964873
          0.975295 0.983181 0.988958 0.993036 0.99579 0.997568 0.998664 0.999304 0.999657 0.999841 0.999931 0.999971
          0.999989 0.999996 0.999999 1 1 1 1 1 1 1 1 1
          1 1 1 1 1 1 1 1 1 1 1 1
          1 1 1 1 1 1 1 1 1 1 1 1
          1 1 1 1 1 1 1 1 1 1 1 1
          1 1 1 1 1 1 1 1 1 1 1 1
          1 1 1 1 1 1 1 1 1 1 1 1
          1 1 1 1 0.640418 0.649749 0.670375 0.699449 0.73329 0.769103 0.804789 0.838757
          0.869852 0.897407 0.921109 0.940838 0.956777 0.969315 0.978894 0.985978 0.991044 0.994518 0.996792 0.998213
          0.999056 0.999529 0.999778 0.999902 0.999959 0.999984 0.999994 0.999998 0.999999 1 1 1
          1 1 1 1 1 1 1 1 1 1 1 1
          1 1 1 1 1 1 1 1 1 1 1 1
          1 1 1 1 1 1 1 1 1 1 1 1
          1 1 1 1 1 1 1 1 1 1 1 1
          1 1 1 1 1 1 1 1 1 1 1 1
          1 1 1 1 1 1 1 1 1 0.598356 0.608866 0.630781
          0.661253 0.697044 0.735556 0.774634 0.812466 0.847613 0.879069 0.906336 0.929292 0.947988 0.962779 0.974167
          0.982668 0.988799 0.993063 0.995893 0.997683 0.99876 0.999373 0.999702 0.999866 0.999944 0.999978 0.999992
          0.999997 0.999999 1 1 1 1 1 1 1 1 1 1
          1 1 1 1 1 1 1 1 1 1 1 1
          1 1 1 1 1 1 1 1 1 1 1 1
          1 1 1 1 1 1 1 1 1 1 1 1
          1 1 1 1 1 1 1 1 1 1 1 1
          1 1 1 1 1 1 1 1 1 1 1 1
          1 1 0.559804 0.571657 0.594532 0.625636 0.662449 0.702738 0.744472 0.785678 0.824608 0.85994
          0.890844 0.917055 0.938619 0.955782 0.969071 0.979068 0.986341 0.991446 0.994881 0.997079 0.998419 0.999191
          0.99961 0.999824 0.999925 0.99997 0.999989 0.999996 0.999999 1 1 1 1 1
          1 1 1 1 1 1 1 1 1 1 1 1
          1 1 1 1 1 1 1 1 1 1 1 1
          1 1 1 1 1 1 1 1 1 1 1 1
          1 1 1 1 1 1 1 1 1 1 1 1
          1 1 1 1 1 1 1 1 1 1 1 1
          1 1 1 1 1 1 1 0.521646 0.536692 0.562056 0.593952 0.630763
          0.671772 0.715293 0.759166 0.801427 0.840387 0.874896 0.904367 0.928822 0.94844 0.963699 0.975246 0.983713
          0.9897 0.993775 0.996413 0.998037 0.998985 0.999506 0.999774 0.999903 0.999961 0.999986 0.999995 0.999998
          1 1 1 1 1 1 1 1 1 1 1 1
          1 1 1 1 1 1 1 1 1 1 1 1
          1 1 1 1 1 1 1 1 1 1 1 1
          1 1 1 1 1 1 1 1 1 1 1 1
          1 1 1 1 1 1 1 1 1 1 1 1
          1 1 1 1 1 1 1 1 1 1 1 1
          0.474273 0.497164 0.529753 0.565232 0.602867 0.643711 0.687936 0.733715 0.7787 0.820907 0.858806 0.891525
          0.918796 0.940888 0.95816 0.971286 0.98097 0.98787 0.992601 0.995699 0.997624 0.998759 0.99939 0.999718
          0.999878 0.999951 0.999982 0.999994 0.999998 0.999999 1 1 1 1 1 1
          1 1 1 1 1 1 1 1 1 1 1 1
          1 1 1 1 1 1 1 1 1 1 1 1
          1 1 1 1 1 1 1 1 1 1 1 1
          1 1 1 1 1 1 1 1 1 1 1 1
          1 1 1 1 1 1 1 1 1 1 1 1
          1 1 1 1 1 0.405803 0.443129 0.490944 0.536158 0.577665 0.61913 0.6632
          0.709981 0.757044 0.802011 0.842993 0.878769 0.908831 0.933313 0.952584 0.967285 0.978185 0.986 0.991391
          0.994957 0.997191 0.99852 0.999266 0.999659 0.999851 0.99994 0.999977 0.999992 0.999997 0.999999 1
          1 1 1 1 1 1 1 1 1 1 1 1
          1 1 1 1 1 1 1 1 1 1 1 1
          1 1 1 1 1 1 1 1 1 1 1 1
          1 1 1 1 1 1 1 1 1 1 1 1
          1 1 1 1 1 1 1 1 1 1 1 1
          1 1 1 1 1 1 1 1 1 1 0.314293 0.369628
          0.439716 0.502513 0.553216 0.597405 0.641636 0.688507 0.737012 0.784196 0.827876 0.866455 0.899155 0.925892
          0.947116 0.963355 0.97544 0.984148 0.99019 0.994213 0.996755 0.998278 0.99914 0.999597 0.999823 0.999928
          0.999972 0.99999 0.999997 0.999999 1 1 1 1 1 1 1 1
          1 1 1 1 1 1 1 1 1 1 1 1
          1 1 1 1 1 1 1 1 1 1 1 1
          1 1 1 1 1 1 1 1 1 1 1 1
          1 1 1 1 1 1 1 1 1 1 1 1
          1 1 1 1 1 1 1 1 1 1 1 1
          1 1 1 0.216361 0.285934 0.3776 0.462811 0.527913 0.577799 0.623035 0.669814 0.719004
          0.767922 0.813876 0.854939 0.890039 0.918908 0.941929 0.959623 0.972827 0.982379 0.98904 0.993496 0.996333
          0.998042 0.999015 0.999536 0.999795 0.999916 0.999968 0.999988 0.999996 0.999999 1 1 1
          1 1 1 1 1 1 1 1 1 1 1 1
          1 1 1 1 1 1 1 1 1 1 1 1
          1 1 1 1 1 1 1 1 1 1 1 1
          1 1 1 1 1 1 1 1 1 1 1 1
          1 1 1 1 1 1 1 1 1 1 1 1
          1 1 1 1 1 1 1 1 0.135657 0.21254 0.316256 0.420948
          0.502101 0.559922 0.607239 0.65407 0.703432 0.753615 0.801405 0.844586 0.881796 0.912581 0.937198 0.956223
          0.970444 0.980764 0.987987 0.992836 0.995944 0.997824 0.9989 0.999479 0.999769 0.999905 0.999963 0.999987
          0.999996 0.999999 1 1 1 1 1 1 1 1 1 1
          1 1 1 1 1 1 1 1 1 1 1 1
          1 1 1 1 1 1 1 1 1 1 1 1
          1 1 1 1 1 1 1 1 1 1 1 1
          1 1 1 1 1 1 1 1 1 1 1 1
          1 1 1 1 1 1 1 1 1 1 1 1
          1 0.0933651 0.162693 0.26887 0.38409 0.478254 0.544199 0.594241 0.641306 0.690648 0.741675 0.79087
          0.835769 0.874741 0.907144 0.933126 0.953301 0.968398 0.979377 0.987082 0.992269 0.995609 0.997636 0.998801
          0.99943 0.999746 0.999895 0.999959 0.999985 0.999995 0.999999 1 1 1 1 1
          1 1 1 1 1 1 1 1 1 1 1 1
          1 1 1 1 1 1 1 1 1 1 1 1
          1 1 1 1 1 1 1 1 1 1 1 1
          1 1 1 1 1 1 1 1 1 1 1 1
          1 1 1 1 1 1 1 1 1 1 1 1
          1 1 1 1 1 1 0.0714972 0.139373 0.239677 0.357502 0.459404 0.531685
          0.584299 0.631702 0.680986 0.732452 0.782686 0.828882 0.86921 0.902876 0.929928 0.951007 0.966796 0.978294
          0.986376 0.99183 0.995348 0.997489 0.998723 0.999391 0.999729 0.999887 0.999956 0.999984 0.999995 0.999998
          1 1 1 1 1 1 1 1 1 1 1 1
          1 1 1 1 1 1 1 1 1 1 1 1
          1 1 1 1 1 1 1 1 1 1 1 1
          1 1 1 1 1 1 1 1 1 1 1 1
          1 1 1 1 1 1 1 1 1 1 1 1
          1 1 1 1 1 1 1 1 1 1 1 0.0642124
          0.127578 0.224901 0.342193 0.447501 0.523516 0.577894 0.625575 0.674806 0.726458 0.777334 0.824358 0.86557
          0.900067 0.927843 0.949503 0.965752 0.97759 0.98592 0.991547 0.99518 0.997395 0.998674 0.999367 0.999717
          0.999882 0.999954 0.999984 0.999995 0.999998 1 1 1 1 1 1 1
          1 1 1 1 1 1 1 1 1 1 1 1
          1 1 1 1 1 1 1 1 1 1 1 1
          1 1 1 1 1 1 1 1 1 1 1 1
          1 1 1 1 1 1 1 1 1 1 1 1
          1 1 1 1 1 1 1 1 1 1 1 1
          1 1 1 1 0.0621821 0.124094 0.220323 0.337175 0.443359 0.520596 0.575605 0.623392
          0.672591 0.724283 0.775382 0.822701 0.864235 0.89904 0.927082 0.948954 0.965376 0.977339 0.985758 0.991447
          0.995121 0.997363 0.998656 0.999358 0.999713 0.999881 0.999954 0.999983 0.999994 0.999998 1 1
          1 1 1 1 1 1 1 1 1 1 1 1
          1 1 1 1 1 1 1 1 1 1 1 1
          1 1 1 1 1 1 1 1 1 1 1 1
          1 1 1 1 1 1 1 1 1 1 1 1
          1 1 1 1 1 1 1 1 1 1 1 1
          1 1 1 1 1 1 1 1 1
        </DataArray>
        <DataArray type="Float32" Name="x^SimpleH2O_gas" NumberOfComponents="1" format="ascii">
          -2.37805e-30 -2.79234e-30 -3.21339e-30 -3.50831e-30 -2.74442e-30 -3.34251e-30 -2.57784e-30 -3.06965e-30 -2.3439e-30 -2.76164e-30 -2.0713e-30 -2.43049e-30
          -1.77591e-30 -2.08074e-30 -1.47234e-30 -1.72368e-30 -1.17657e-30 -1.37646e-30 -9.0346e-31 -1.05677e-30 -6.65632e-31 -7.7829e-31 -4.70015e-31 -5.49256e-31
          -3.17456e-31 -3.71133e-31 -2.04705e-31 -2.39655e-31 -1.25772e-31 -1.47542e-31 -7.34765e-32 -8.63897e-32 -4.07305e-32 -4.79941e-32 -2.13804e-32 -2.52411e-32
          -1.06098e-32 -1.25432e-32 -4.9698e-33 -5.88075e-33 -2.19363e-33 -2.59761e-33 -9.10358e-34 -1.07758e-33 -3.56079e-34 -4.20772e-34 -1.30689e-34 -1.54214e-34
          -4.49217e-35 -5.29022e-35 -1.44353e-35 -1.69539e-35 -4.32953e-36 -5.06705e-36 -1.21052e-36 -1.41038e-36 -3.15586e-37 -3.65596e-37 -7.69201e-38 -8.84663e-38
          -1.76506e-38 -2.0114e-38 0 0 0 0 0 0 0 0 0 0
          0 0 0 0 0 0 0 0 0 0 0 0
          -0 -0 -0 -0 0 -0 0 0 0 0 0 0
          0 0 0 0 0 0 0 0 0 0 0 0
          -0 -0 -0 -0 -0 -0 -0 -0 -0 -0 -0 -0
          -0 -0 -0 -0 -0 -0 0 0 0 0 0 0
          0 0 0 0 0 0 0 0 0 0 0 0
          -0 -0 -0 -0 -0 -0 -0 -0 -0 -0 -0 -0
          -0 -0 -0 -0 -0 -0 0 0 0 0 0 0
          0 0 0 0 0 0 0 0 0 0 0 0
          0 0 -0 -0 -0 -0 -0 -0 -0 -0 -0 -0
          -0 -0 -0 -0 -0 -0 -0 -0 0 0 -3.69631e-30 -4.09383e-30
          -4.02446e-30 -3.803e-30 -3.513e-30 -3.16144e-30 -2.75292e-30 -2.3083e-30 -1.85895e-30 -1.43648e-30 -1.06458e-30 -7.56063e-31 -5.1417e-31 -3.34491e-31
          -2.0764e-31 -1.22602e-31 -6.86482e-32 -3.63532e-32 -1.81668e-32 -8.55339e-33 -3.78935e-33 -1.57444e-33 -6.14316e-34 -2.24852e-34 -7.69294e-35 -2.45475e-35
          -7.29061e-36 -2.01188e-36 -5.15518e-37 -1.22837e-37 -2.73606e-38 0 0 0 0 0 0 0
          0 0 0 0 -0 -0 -0 -0 0 0 0 0
          0 0 0 0 0 -0 -0 -0 -0 -0 -0 -0
          -0 -0 0 0 0 0 0 0 0 0 0 -0
          -0 -0 -0 -0 -0 -0 -0 -0 0 0 0 0
          0 0 0 0 0 -0 -0 -0 -0 -0 -0 -0
          -0 -0 0 -4.06633e-30 -4.60434e-30 -4.60815e-30 -4.48384e-30 -4.28567e-30 -3.97594e-30 -3.54489e-30 -3.02419e-30 -2.46664e-30
          -1.92551e-30 -1.44103e-30 -1.03493e-30 -7.1271e-31 -4.69739e-31 -2.9554e-31 -1.7683e-31 -1.00232e-31 -5.3659e-32 -2.70656e-32 -1.28411e-32 -5.72295e-33
          -2.39008e-33 -9.3456e-34 -3.42359e-34 -1.17054e-34 -3.72485e-35 -1.10053e-35 -3.0122e-36 -7.62578e-37 -1.78581e-37 -3.87987e-38 0 0
          0 0 0 0 0 0 0 0 0 -0 -0 -0
          -0 -0 -0 0 0 0 0 0 0 0 0 -0
          -0 -0 -0 -0 -0 -0 -0 -0 0 0 0 0
          0 0 0 0 -0 -0 -0 -0 -0 -0 -0 -0
          -0 0 0 0 0 0 0 0 0 0 0 -0
          -0 -0 -0 -0 -0 -0 -0 0 -4.34427e-30 -5.03808e-30 -5.06453e-30 -5.04567e-30
          -4.97525e-30 -4.74213e-30 -4.31351e-30 -3.73239e-30 -3.07612e-30 -2.42277e-30 -1.83046e-30 -1.3302e-30 -9.2967e-31 -6.22826e-31 -3.98215e-31 -2.41952e-31
          -1.39106e-31 -7.5423e-32 -3.84756e-32 -1.84351e-32 -8.28476e-33 -3.48614e-33 -1.36967e-33 -5.03048e-34 -1.72176e-34 -5.47167e-35 -1.60984e-35 -4.37197e-36
          -1.09295e-36 -2.50989e-37 -5.28995e-38 0 0 0 0 0 0 0 0 0
          0 0 -0 -0 -0 -0 -0 -0 -0 0 0 0
          0 0 0 0 0 0 -0 -0 -0 -0 -0 -0
          -0 -0 0 0 0 0 0 0 0 0 -0 -0
          -0 -0 -0 -0 -0 -0 -0 0 0 0 0 0
          0 0 0 0 -0 -0 -0 -0 -0 -0 -0 -0
          0 -4.5287e-30 -5.37449e-30 -5.36391e-30 -5.44973e-30 -5.51975e-30 -5.37439e-30 -4.95961e-30 -4.33211e-30 -3.59498e-30 -2.8504e-30 -2.17208e-30
          -1.59692e-30 -1.13274e-30 -7.71857e-31 -5.01847e-31 -3.09577e-31 -1.80471e-31 -9.91091e-32 -5.11631e-32 -2.47852e-32 -1.12488e-32 -4.77475e-33 -1.8886e-33
          -6.9626e-34 -2.38731e-34 -7.57937e-35 -2.21999e-35 -5.97518e-36 -1.47107e-36 -3.29463e-37 -6.65946e-38 -1.19802e-38 0 0 0
          0 0 0 0 0 0 0 -0 -0 -0 -0 -0
          -0 -0 -0 -0 0 0 0 0 0 0 0 -0
          -0 -0 -0 -0 -0 -0 -0 -0 0 0 0 0
          0 0 0 0 -0 -0 -0 -0 -0 -0 -0 -0
          -0 0 0 0 0 0 0 0 0 0 -0 -0
          -0 -0 -0 -0 -0 0 -4.60786e-30 -5.57564e-30 -5.48246e-30 -5.6753e-30 -5.87809e-30 -5.8095e-30
          -5.40954e-30 -4.75158e-30 -3.9603e-30 -3.15713e-30 -2.42578e-30 -1.80441e-30 -1.29824e-30 -8.98283e-31 -5.92842e-31 -3.7057e-31 -2.18602e-31 -1.2146e-31
          -6.34461e-32 -3.10986e-32 -1.42706e-32 -6.11513e-33 -2.43839e-33 -9.02662e-34 -3.09926e-34 -9.82104e-35 -2.85838e-35 -7.5992e-36 -1.83156e-36 -3.95565e-37
          -7.48633e-38 -1.17553e-38 0 0 0 0 0 0 0 0 0 0
          0 -0 -0 -0 -0 -0 -0 -0 -0 0 0 0
          0 0 0 0 0 -0 -0 -0 -0 -0 -0 -0
          -0 0 0 0 0 0 0 0 0 0 -0 -0
          -0 -0 -0 -0 -0 -0 -0 0 0 0 0 0
          0 0 0 0 -0 -0 -0 -0 -0 -0 0 -4.54439e-30
          -5.57747e-30 -5.41933e-30 -5.72529e-30 -6.03261e-30 -6.01471e-30 -5.62418e-30 -4.95424e-30 -4.14352e-30 -3.32124e-30 -2.57361e-30 -1.93601e-30 -1.41036e-30
          -9.87435e-31 -6.58654e-31 -4.15642e-31 -2.47444e-31 -1.38913e-31 -7.34378e-32 -3.64602e-32 -1.69379e-32 -7.33413e-33 -2.94863e-33 -1.09564e-33 -3.76066e-34
          -1.18636e-34 -3.41689e-35 -8.91264e-36 -2.07846e-36 -4.22983e-37 -7.0825e-38 0 0 0 0 0 0
          0 0 0 0 0 0 -0 -0 -0 -0 -0 -0
          -0 -0 -0 0 0 0 0 0 0 0 0 -0
          -0 -0 -0 -0 -0 -0 -0 0 0 0 0 0
          0 0 0 0 -0 -0 -0 -0 -0 -0 -0 -0
          -0 0 0 0 0 0 0 0 0 0 -0 -0
          -0 -0 -0 0 -4.18844e-30 -5.21726e-30 -5.22154e-30 -5.62773e-30 -5.98456e-30 -5.98665e-30 -5.60376e-30 -4.9438e-30
          -4.15073e-30 -3.34825e-30 -2.6162e-30 -1.98638e-30 -1.45936e-30 -1.02831e-30 -6.89064e-31 -4.37018e-31 -2.61892e-31 -1.48484e-31 -7.95477e-32 -4.00802e-32
          -1.88794e-32 -8.26526e-33 -3.34661e-33 -1.24647e-33 -4.26188e-34 -1.33156e-34 -3.76544e-35 -9.51228e-36 -2.09522e-36 -3.80249e-37 -4.65228e-38 0
          0 0 0 0 0 0 0 0 0 0 0 -0
          -0 -0 -0 -0 -0 -0 -0 -0 -0 0 0 0
          0 0 0 0 0 -0 -0 -0 -0 -0 -0 -0
          -0 0 0 0 0 0 0 0 0 0 -0 -0
          -0 -0 -0 -0 -0 -0 -0 0 0 0 0 0
          0 0 0 0 -0 -0 -0 -0 0 -5.62716e-30 -3.50486e-30 -5.18513e-30
          -5.41381e-30 -5.75124e-30 -5.74674e-30 -5.37876e-30 -4.75595e-30 -4.01327e-30 -3.26119e-30 -2.56671e-30 -1.9588e-30 -1.44242e-30 -1.01582e-30 -6.79544e-31
          -4.31168e-31 -2.59962e-31 -1.49091e-31 -8.11794e-32 -4.16269e-32 -1.99084e-32 -8.80733e-33 -3.58204e-33 -1.33204e-33 -4.50734e-34 -1.38127e-34 -3.7779e-35
          -8.99776e-36 -1.76507e-36 -2.36142e-37 0 1.84849e-38 0 0 0 0 0 0 0
          0 0 0 0 -0 -0 -0 -0 -0 -0 -0 -0
          -0 -0 0 0 0 0 0 0 0 0 0 -0
          -0 -0 -0 -0 -0 -0 -0 0 0 0 0 0
          0 0 0 0 -0 -0 -0 -0 -0 -0 -0 -0
          -0 0 0 0 0 0 0 0 0 0 -0 -0
          -0 0 -5.74364e-30 -7.71672e-30 -5.22105e-30 -5.13943e-30 -5.35996e-30 -5.32748e-30 -4.99523e-30 -4.44046e-30 -3.77567e-30 -3.091e-30
          -2.44516e-30 -1.86599e-30 -1.36725e-30 -9.55803e-31 -6.35231e-31 -4.02614e-31 -2.44761e-31 -1.42753e-31 -7.93525e-32 -4.15098e-32 -2.01462e-32 -8.97656e-33
          -3.6462e-33 -1.34253e-33 -4.44399e-34 -1.3118e-34 -3.36442e-35 -7.06839e-36 -9.9813e-37 3.32946e-38 9.13126e-38 4.36291e-38 1.55444e-38 0
          0 0 0 0 0 0 0 0 -0 -0 -0 -0
          -0 -0 -0 -0 -0 -0 -0 -0 0 0 0 0
          0 0 0 0 -0 -0 -0 -0 -0 -0 -0 -0
          -0 0 0 0 0 0 0 0 0 0 -0 -0
          -0 -0 -0 -0 -0 -0 -0 0 0 0 0 0
          0 0 0 0 -0 -0 0 -3.7007e-30 -8.94177e-30 -5.40328e-30 -4.98945e-30 -4.83485e-30
          -4.74307e-30 -4.49553e-30 -4.04424e-30 -3.47918e-30 -2.87211e-30 -2.2772e-30 -1.73091e-30 -1.25544e-30 -8.67721e-31 -5.73013e-31 -3.64558e-31 -2.25234e-31
          -1.34746e-31 -7.67941e-32 -4.09288e-32 -2.00534e-32 -8.92521e-33 -3.58137e-33 -1.28647e-33 -4.08265e-34 -1.12042e-34 -2.50025e-35 -3.61478e-36 2.42291e-37
          4.3795e-37 2.12402e-37 7.72684e-38 2.43602e-38 0 0 0 0 0 0 0 0
          0 0 -0 -0 -0 -0 -0 -0 -0 -0 -0 -0
          -0 0 0 0 0 0 0 0 0 0 -0 -0
          -0 -0 -0 -0 -0 -0 0 0 0 0 0 0
          0 0 0 -0 -0 -0 -0 -0 -0 -0 -0 -0
          -0 0 0 0 0 0 0 0 0 0 -0 0
          -1.09873e-29 -7.05185e-30 -5.77096e-30 -5.74473e-30 -3.94313e-30 -3.96848e-30 -3.90855e-30 -3.60359e-30 -3.15572e-30 -2.63518e-30 -2.09493e-30 -1.58341e-30
          -1.13766e-30 -7.8041e-31 -5.17143e-31 -3.35239e-31 -2.13565e-31 -1.32013e-31 -7.71166e-32 -4.15396e-32 -2.03053e-32 -8.90344e-33 -3.47233e-33 -1.19075e-33
          -3.50005e-34 -8.28287e-35 -1.23989e-35 1.22751e-36 1.92268e-36 9.69135e-37 3.66375e-37 1.18524e-37 3.46975e-38 0 0 0
          0 0 0 0 0 0 0 0 -0 -0 -0 -0
          -0 -0 -0 -0 -0 -0 0 0 0 0 0 0
          0 0 0 0 -0 -0 -0 -0 -0 -0 -0 -0
          0 0 0 0 0 0 0 0 0 -0 -0 -0
          -0 -0 -0 -0 -0 -0 -0 0 0 0 0 0
          0 0 0 0 0 -8.54013e-30 -2.4569e-30 -5.29126e-30 -4.90268e-30 -1.77965e-30 -2.99761e-30 -3.30348e-30
          -3.14815e-30 -2.83029e-30 -2.40599e-30 -1.92693e-30 -1.45451e-30 -1.04343e-30 -7.20894e-31 -4.89318e-31 -3.30225e-31 -2.19756e-31 -1.40355e-31 -8.33178e-32
          -4.47732e-32 -2.15242e-32 -9.16527e-33 -3.41663e-33 -1.09102e-33 -2.81805e-34 -4.75756e-35 2.91245e-36 7.08663e-36 3.9385e-36 1.59888e-36 5.46021e-37
          1.65552e-37 4.60665e-38 1.20899e-38 0 0 0 0 0 0 0 0 0
          0 -0 -0 -0 -0 -0 -0 -0 -0 -0 -0 -0
          0 0 0 0 0 0 0 0 0 -0 -0 -0
          -0 -0 -0 -0 -0 -0 0 0 0 0 0 0
          0 0 0 -0 -0 -0 -0 -0 -0 -0 -0 -0
          -0 0 0 0 0 0 0 0 0 0 -5.21944e-30 -1.75795e-30
          -4.804e-30 1.97381e-31 1.23545e-30 -2.27954e-30 -2.72535e-30 -2.72419e-30 -2.53441e-30 -2.20589e-30 -1.79247e-30 -1.36438e-30 -9.90328e-31 -7.0312e-31
          -4.99003e-31 -3.54967e-31 -2.46694e-31 -1.61334e-31 -9.61628e-32 -5.10982e-32 -2.39803e-32 -9.85488e-33 -3.4849e-33 -1.0188e-33 -2.16336e-34 -1.10924e-35
          1.92631e-35 1.34277e-35 6.13082e-36 2.28348e-36 7.40232e-37 2.15733e-37 5.78848e-38 1.46292e-38 0 0 0 0
          0 0 0 0 0 0 0 -0 -0 -0 -0 -0
          -0 -0 -0 -0 -0 0 0 0 0 0 0 0
          0 0 0 -0 -0 -0 -0 -0 -0 -0 -0 -0
          0 0 0 0 0 0 0 0 0 -0 -0 -0
          -0 -0 -0 -0 -0 -0 -0 0 0 0 0 0
          0 0 0 -2.16928e-30 -1.3166e-30 -1.59056e-30 8.94115e-31 -1.19554e-30 -2.12745e-30 -2.23798e-30 -2.45779e-30 -2.28992e-30
          -2.04207e-30 -1.69823e-30 -1.31801e-30 -9.80558e-31 -7.23692e-31 -5.39902e-31 -4.02523e-31 -2.88688e-31 -1.91267e-31 -1.13779e-31 -5.97461e-32 -2.74362e-32
          -1.09354e-32 -3.69103e-33 -9.90293e-34 -1.63123e-34 2.23297e-35 3.49723e-35 1.96663e-35 8.3159e-36 2.97048e-36 9.35448e-37 2.65935e-37 6.95188e-38
          1.70334e-38 0 0 0 0 0 0 0 0 0 0 0
          0 -0 -0 -0 -0 -0 -0 -0 -0 -0 -0 0
          0 0 0 0 0 0 0 0 -0 -0 -0 -0
          -0 -0 -0 -0 -0 0 0 0 0 0 0 0
          0 0 0 -0 -0 -0 -0 -0 -0 -0 -0 -0
          -0 0 0 0 0 0 0 0 -7.57163e-31 -6.16778e-31 2.71233e-31 -2.24216e-31
          -1.56789e-30 -2.18983e-30 -1.70225e-30 -1.9994e-30 -2.04618e-30 -1.91525e-30 -1.6437e-30 -1.30805e-30 -1.00137e-30 -7.66379e-31 -5.9494e-31 -4.57825e-31
          -3.3454e-31 -2.23103e-31 -1.32434e-31 -6.90107e-32 -3.12477e-32 -1.22066e-32 -3.99013e-33 -1.00253e-33 -1.26091e-34 4.98589e-35 4.86996e-35 2.5282e-35
          1.03178e-35 3.60692e-36 1.11747e-36 3.12812e-37 8.03065e-38 1.92065e-38 0 0 0 0 0 0
          0 0 0 0 0 0 0 -0 -0 -0 -0 -0
          -0 -0 -0 -0 0 0 0 0 0 0 0 0
          0 0 -0 -0 -0 -0 -0 -0 -0 -0 -0 0
          0 0 0 0 0 0 0 0 0 -0 -0 -0
          -0 -0 -0 -0 -0 -0 -0 0 0 0 0 0
          0 -2.68374e-31 -3.89934e-31 -5.90052e-31 -1.84205e-30 -3.10043e-30 -1.06217e-30 -1.41104e-30 -1.75514e-30 -1.87055e-30 -1.83094e-30 -1.61822e-30
          -1.31884e-30 -1.03347e-30 -8.1135e-31 -6.4554e-31 -5.05739e-31 -3.73343e-31 -2.49965e-31 -1.48339e-31 -7.70655e-32 -3.46728e-32 -1.34063e-32 -4.30541e-33
          -1.03873e-33 -1.03872e-34 7.04201e-35 5.96229e-35 2.98937e-35 1.19937e-35 4.14666e-36 1.27323e-36 3.53136e-37 8.95838e-38 2.10514e-38 0
          0 0 0 0 0 0 0 0 0 0 0 0
          -0 -0 -0 -0 -0 -0 -0 -0 -0 -0 0 0
          0 0 0 0 0 0 0 -0 -0 -0 -0 -0
          -0 -0 -0 -0 -0 0 0 0 0 0 0 0
          0 0 0 -0 -0 -0 -0 -0 -0 -0 -0 -0
          -0 0 0 0 0 0 -1.70659e-31 -3.06193e-31 -2.67929e-31 -4.44035e-31 1.52966e-30 -2.31329e-32
          -1.01854e-30 -1.52363e-30 -1.76577e-30 -1.78094e-30 -1.61162e-30 -1.33617e-30 -1.0625e-30 -8.45642e-31 -6.80993e-31 -5.38142e-31 -3.99374e-31 -2.68167e-31
          -1.59346e-31 -8.27793e-32 -3.71983e-32 -1.43295e-32 -4.56615e-33 -1.07881e-33 -9.2315e-35 8.42322e-35 6.74073e-35 3.32763e-35 1.3245e-35 4.55463e-36
          1.39203e-36 3.84099e-37 9.67321e-38 2.24674e-38 0 0 0 0 0 0 0 0
          0 0 0 0 0 0 -0 -0 -0 -0 -0 -0
          -0 -0 -0 -0 0 0 0 0 0 0 0 0
          0 -0 -0 -0 -0 -0 -0 -0 -0 -0 -0 0
          0 0 0 0 0 0 0 0 0 -0 -0 -0
          -0 -0 -0 -0 -0 -0 -0 0 0 0 0 -2.27334e-31
          -4.71039e-31 1.97077e-31 2.03227e-30 5.46108e-31 7.06346e-31 -7.0494e-31 -1.40435e-30 -1.70675e-30 -1.76604e-30 -1.61713e-30 -1.35224e-30 -1.08229e-30
          -8.65774e-31 -7.00026e-31 -5.55039e-31 -4.12925e-31 -2.77813e-31 -1.65342e-31 -8.59937e-32 -3.86736e-32 -1.48866e-32 -4.7314e-33 -1.10779e-33 -8.71889e-35
          9.20691e-35 7.20284e-35 3.5328e-35 1.40143e-35 4.80779e-36 1.46628e-36 4.0356e-37 1.01243e-37 2.33613e-38 0 0 0
          0 0 0 0 0 0 0 0 0 0 0 0
          -0 -0 -0 -0 -0 -0 -0 -0 -0 0 0 0
          0 0 0 0 0 0 0 -0 -0 -0 -0 -0
          -0 -0 -0 -0 -0 0 0 0 0 0 0 0
          0 0 0 -0 -0 -0 -0 -0 -0 -0 -0 -0
          -0 0 0 0 -2.03596e-31 -4.99241e-31 2.61072e-31 2.13836e-30 -1.73177e-30 7.07961e-31 -5.60107e-31 -1.30346e-30
          -1.67716e-30 -1.76523e-30 -1.62297e-30 -1.36001e-30 -1.08999e-30 -8.72624e-31 -7.05992e-31 -5.60184e-31 -4.17018e-31 -2.80766e-31 -1.67213e-31 -8.70179e-32
          -3.91546e-32 -1.50709e-32 -4.7874e-33 -1.11817e-33 -8.57674e-35 9.4607e-35 7.35606e-35 3.60155e-35 1.42738e-35 4.8936e-36 1.49154e-36 4.10201e-37
          1.02786e-37 2.36674e-38 0 0 0 0 0 0 0 0 0 0
          0 0 0 0 0 -0 -0 -0 -0 -0 -0 -0
          -0 -0 -0 0 0 0 0 0 0 0 0 0
          -0 -0 -0 -0 -0 -0 -0 -0 -0 -0 0 0
          0 0 0 0 0 0 0 0 -0 -0 -0 -0
          -0 -0 -0 -0 -0 -0 -0 0 0
        </DataArray>
        <DataArray type="Float32" Name="x^H2_gas" NumberOfComponents="1" format="ascii">
          0.0580038 0.0644796 0.085329 0.0869546 0.0607696 0.0782491 0.0544037 0.0675115 0.0467944 0.0566618 0.0389599 0.0464158
          0.0315055 0.0371337 0.024778 0.0290009 0.018953 0.0220887 0.0140829 0.0163826 0.0101587 0.0118071 0.00710689 0.00825623
          0.00481137 0.00559391 0.00314539 0.00366391 0.00198121 0.00231396 0.00119963 0.00140556 0.000696664 0.000819131 0.00038713 0.00045687
          0.00020543 0.000243332 0.000103902 0.000123517 4.99858e-05 5.96497e-05 2.28177e-05 2.73104e-05 9.90156e-06 1.18747e-05 4.06862e-06 4.89168e-06
          1.5807e-06 1.90469e-06 5.79985e-07 7.00153e-07 2.00794e-07 2.42746e-07 6.55404e-08 7.93147e-08 2.01642e-08 2.44156e-08 5.84648e-09 7.08019e-09
          1.59714e-09 1.93374e-09 4.10953e-10 4.97289e-10 9.95738e-11 1.20389e-10 2.27172e-11 2.7434e-11 4.88055e-12 5.88535e-12 9.87714e-13 1.18901e-12
          1.88388e-13 2.26335e-13 3.38823e-14 4.06179e-14 5.74909e-15 6.87551e-15 9.2115e-16 1.0988e-15 1.39504e-16 1.65955e-16 1.9984e-17 2.37054e-17
          2.70915e-18 3.20416e-18 3.47717e-19 4.10002e-19 4.22735e-20 4.96907e-20 4.87134e-21 5.7079e-21 5.3255e-22 6.21996e-22 5.52921e-23 6.43682e-23
          5.45791e-24 6.33291e-24 5.12736e-25 5.92966e-25 4.58841e-26 5.28875e-26 3.91464e-27 4.4971e-27 3.1857e-28 3.6475e-28 2.48541e-29 2.83619e-29
          1.86523e-30 2.12143e-30 1.34664e-31 1.52656e-31 9.35187e-33 1.05666e-32 6.24799e-34 7.03659e-34 4.01878e-35 4.51136e-35 2.4921e-36 2.78856e-36
          1.49275e-37 1.665e-37 0 0 0 0 0 0 0 0 0 0
          0 0 0 0 0 0 0 0 0 0 0 0
          0 0 0 0 0 0 0 0 0 0 0 0
          0 0 0 0 0 0 0 0 0 0 0 0
          0 0 0 0 0 0 0 0 0 0 -0 -0
          -0 -0 -0 -0 -0 -0 0 -0 0 0 0 0
          0 0 0 0 0 0 0 0 0 0 0.113853 0.114692
          0.105304 0.0916122 0.0770389 0.0631063 0.0504918 0.0394768 0.0301392 0.0224412 0.0162653 0.0114471 0.00780675 0.00515173
          0.00328166 0.00201206 0.00118407 0.000666996 0.000358715 0.000183786 8.9541e-05 4.13293e-05 1.80844e-05 7.4973e-06 2.93602e-06 1.08452e-06
          3.77494e-07 1.23713e-07 3.81596e-08 1.10779e-08 3.02643e-09 7.77936e-10 1.88114e-10 4.27895e-11 9.1571e-12 1.84438e-12 3.49827e-13 6.25232e-14
          1.05356e-14 1.6754e-15 2.51699e-16 3.57516e-17 4.80406e-18 6.10986e-19 7.35844e-20 8.39802e-21 9.09101e-22 9.34466e-23 9.13093e-24 8.49028e-25
          7.51956e-26 6.34883e-27 5.11274e-28 3.94697e-29 2.93111e-30 2.09409e-31 1.4391e-32 9.51458e-34 6.05628e-35 3.71664e-36 2.20323e-37 1.26438e-38
          0 0 0 0 0 0 0 0 0 0 0 0
          0 0 0 0 0 0 0 0 0 0 0 0
          0 0 0 0 -0 -0 -0 -0 0 0 0 0
          0 0 0 0.146901 0.146394 0.135984 0.119919 0.10206 0.0844947 0.0682769 0.0539021 0.0415605
          0.0312629 0.0229087 0.0163183 0.0112676 0.00752483 0.00485258 0.00301385 0.00179717 0.00102583 0.000558881 0.000289887 0.000142858
          6.66903e-05 2.94441e-05 1.23088e-05 4.85767e-06 1.80647e-06 6.32359e-07 2.08193e-07 6.44403e-08 1.87523e-08 5.13056e-09 1.31959e-09 3.19032e-10
          7.25005e-11 1.54897e-11 3.11257e-12 5.88625e-13 1.04832e-13 1.75939e-14 2.78523e-15 4.16369e-16 5.88292e-17 7.86091e-18 9.93903e-19 1.18971e-19
          1.3492e-20 1.45101e-21 1.4815e-22 1.43769e-23 1.32747e-24 1.16733e-25 9.78466e-27 7.82193e-28 5.99348e-29 4.41761e-30 3.13237e-31 2.13634e-32
          1.40167e-33 8.85358e-35 5.39136e-36 3.1712e-37 1.8057e-38 0 0 0 0 0 0 0
          0 0 0 0 0 0 0 0 0 0 0 0
          0 0 0 0 0 0 0 0 0 -0 -0 -0
          -0 0 0 0 0 0 0 0 0.184295 0.182045 0.169965 0.151406
          0.130307 0.10909 0.0891246 0.0711395 0.0554725 0.0422177 0.0313133 0.0225945 0.0158223 0.0107191 0.00700828 0.00441432
          0.00267074 0.00154691 0.000855042 0.00044972 0.000224537 0.000106189 4.73996e-05 2.00018e-05 7.96537e-06 2.9861e-06 1.05256e-06 3.48565e-07
          1.08392e-07 3.16543e-08 8.68247e-09 2.23679e-09 5.41209e-10 1.22993e-10 2.62584e-11 5.26903e-12 9.94388e-13 1.76631e-13 2.95504e-14 4.66101e-15
          6.93948e-16 9.7614e-17 1.29816e-17 1.6331e-18 1.94454e-19 2.19313e-20 2.34518e-21 2.38039e-22 2.29604e-23 2.1069e-24 1.84104e-25 1.53327e-26
          1.2177e-27 9.26831e-29 6.78553e-30 4.77885e-31 3.23706e-32 2.10925e-33 1.32304e-34 8.00012e-36 4.67242e-37 2.64157e-38 0 0
          0 0 0 0 0 0 0 0 0 0 0 0
          0 0 0 0 0 0 0 0 0 0 0 0
          0 0 0 -0 -0 -0 -0 0 0 0 0 0
          0 0.225494 0.221318 0.207088 0.18578 0.161356 0.136426 0.112569 0.0907404 0.0714729 0.0549752 0.0412379
          0.0301125 0.0213603 0.0146786 0.00973709 0.00621976 0.003818 0.00224463 0.00125943 0.000672205 0.000340352 0.000163134 7.37391e-05
          3.14436e-05 1.26461e-05 4.78374e-06 1.69958e-06 5.66657e-07 1.77199e-07 5.19777e-08 1.4305e-08 3.69422e-09 8.95238e-10 2.03602e-10 4.34679e-11
          8.71609e-12 1.64267e-12 2.91213e-13 4.8599e-14 7.64268e-15 1.13398e-15 1.58907e-16 2.10463e-17 2.6361e-18 3.12434e-19 3.50672e-20 3.73098e-21
          3.76726e-22 3.61428e-23 3.29829e-24 2.8659e-25 2.37313e-26 1.87374e-27 1.41766e-28 1.03168e-29 7.22195e-31 4.86217e-32 3.14871e-33 1.96281e-34
          1.17945e-35 6.84512e-37 3.84534e-38 0 0 0 0 0 0 0 0 0
          0 0 0 0 0 0 0 0 0 0 0 0
          0 0 0 0 0 0 0 0 -0 -0 -0 -0
          0 0 0 0 0 0 0.269535 0.263428 0.246849 0.222661 0.194829 0.166124
          0.138316 0.112504 0.0893878 0.0693698 0.0525402 0.0387709 0.0278148 0.0193532 0.013018 0.00843297 0.00524833 0.0031304
          0.0017826 0.000965624 0.000495989 0.000240963 0.000110414 4.76144e-05 1.93464e-05 7.38916e-06 2.64781e-06 8.89399e-07 2.79873e-07 8.25129e-08
          2.27995e-08 5.90565e-09 1.43419e-09 3.26603e-10 6.97653e-11 1.39865e-11 2.63369e-12 4.66217e-13 7.76494e-14 1.21805e-14 1.80196e-15 2.51675e-16
          3.3212e-17 4.14366e-18 4.89079e-19 5.46544e-20 5.78848e-21 5.81714e-22 5.55368e-23 5.04277e-24 4.35924e-25 3.59087e-26 2.82021e-27 2.12215e-28
          1.53591e-29 1.06926e-30 7.15896e-32 4.61025e-33 2.85774e-34 1.70749e-35 9.85314e-37 5.50338e-38 0 0 0 0
          0 0 0 0 0 0 0 0 0 0 0 0
          0 0 0 0 0 0 0 0 0 0 0 0
          0 -0 -0 -0 -0 -0 0 0 0 0 0 0.314897
          0.307027 0.28822 0.261327 0.23024 0.197801 0.165976 0.136116 0.109057 0.0853014 0.0651218 0.0484834 0.0351273
          0.0247047 0.0168193 0.0110423 0.00696445 0.00421 0.00243149 0.00133621 0.000696168 0.00034285 0.000159244 6.94929e-05 2.85288e-05
          1.10049e-05 3.9789e-06 1.34702e-06 4.26732e-07 1.26508e-07 3.51111e-08 9.12599e-09 2.2219e-09 5.06851e-10 1.08369e-10 2.17303e-11 4.08995e-12
          7.23226e-13 1.2026e-13 1.88246e-14 2.7777e-15 3.86813e-16 5.08792e-17 6.32551e-18 7.43793e-19 8.27876e-20 8.7315e-21 8.73661e-22 8.30347e-23
          7.50478e-24 6.4569e-25 5.29319e-26 4.13685e-27 3.09724e-28 2.23032e-29 1.54482e-30 1.02902e-31 6.59269e-33 4.06547e-34 2.41647e-35 1.38713e-36
          7.70694e-38 0 0 0 0 0 0 0 0 0 0 0
          0 0 0 0 0 0 0 0 0 0 0 0
          0 0 0 0 0 0 0 -0 -0 -0 -0 0
          0 0 0 0 0.359582 0.350251 0.329625 0.300551 0.26671 0.230897 0.195211 0.161243
          0.130148 0.102593 0.0788913 0.0591623 0.0432234 0.0306851 0.0211059 0.0140219 0.00895636 0.00548226 0.00320781 0.00178698
          0.000943869 0.000471087 0.000221606 9.79229e-05 4.06192e-05 1.58236e-05 5.77325e-06 1.97019e-06 6.285e-07 1.87405e-07 5.22569e-08 1.36329e-08
          3.32854e-09 7.60811e-10 1.62868e-10 3.26749e-11 6.14888e-12 1.08647e-12 1.80427e-13 2.81913e-14 4.15041e-15 5.76455e-16 7.56013e-17 9.36897e-18
          1.09788e-18 1.21753e-19 1.27918e-20 1.27481e-21 1.20658e-22 1.08587e-23 9.30166e-25 7.59125e-26 5.90601e-27 4.40117e-28 3.15444e-29 2.17464e-30
          1.44171e-31 9.19283e-33 5.64179e-34 3.33729e-35 1.90646e-36 1.0541e-37 0 0 0 0 0 0
          0 0 0 0 0 0 0 0 0 0 0 0
          0 0 0 0 0 0 0 0 0 0 0 0
          -0 -0 -0 -0 0 0 0 0 0 0.401644 0.391134 0.369219
          0.338747 0.302956 0.264444 0.225366 0.187534 0.152387 0.120931 0.0936643 0.0707078 0.0520116 0.0372208 0.0258332
          0.0173324 0.0112013 0.0069373 0.00410724 0.00231697 0.00123967 0.000626667 0.000298399 0.000133494 5.59461e-05 2.19999e-05 8.09885e-06
          2.78595e-06 8.94946e-07 2.68422e-07 7.52074e-08 1.96955e-08 4.82301e-09 1.1048e-09 2.36842e-10 4.75498e-11 8.94868e-12 1.58035e-12 2.62168e-13
          4.08997e-14 6.00944e-15 8.32704e-16 1.08919e-16 1.34588e-17 1.57219e-18 1.73771e-19 1.81928e-20 1.80637e-21 1.70316e-22 1.52673e-23 1.30253e-24
          1.05864e-25 8.20179e-27 6.08557e-28 4.34279e-29 2.98087e-30 1.96758e-31 1.24909e-32 7.63205e-34 4.49456e-35 2.55612e-36 1.40697e-37 0
          0 0 0 0 0 0 0 0 0 0 0 0
          0 0 0 0 0 0 0 0 0 0 0 0
          0 0 0 0 0 -0 -0 -0 -0 -0 0 0
          0 0 0.440196 0.428343 0.405468 0.374365 0.337551 0.297262 0.255528 0.214322 0.175392 0.14006
          0.109156 0.0829447 0.0613812 0.0442178 0.0309287 0.0209322 0.0136588 0.00855356 0.00511914 0.00292053 0.00158125 0.000808932
          0.000389671 0.000176318 7.46539e-05 2.96192e-05 1.09981e-05 3.81268e-06 1.23313e-06 3.71998e-07 1.04724e-07 2.75305e-08 6.76188e-09 1.5524e-09
          3.33305e-10 6.69735e-11 1.2607e-11 2.22566e-12 3.68912e-13 5.74762e-14 8.43033e-15 1.16572e-15 1.52116e-16 1.87471e-17 2.18372e-18 2.40628e-19
          2.51112e-20 2.4849e-21 2.33471e-22 2.08529e-23 1.77247e-24 1.43513e-25 1.10759e-26 8.1854e-28 5.81798e-29 3.97746e-30 2.61486e-31 1.65331e-32
          1.00609e-33 5.90078e-35 3.34212e-36 1.83206e-37 0 0 0 0 0 0 0 0
          0 0 0 0 0 0 0 0 0 0 0 0
          0 0 0 0 0 0 0 0 0 0 0 -0
          -0 -0 -0 0 0 0 0 0.478354 0.463308 0.437944 0.406048 0.369237
          0.328228 0.284707 0.240834 0.198573 0.159613 0.125104 0.0956328 0.0711783 0.0515598 0.0363013 0.024754 0.016287
          0.0103 0.00622518 0.00358711 0.00196308 0.0010153 0.000494362 0.000225974 9.66566e-05 3.86669e-05 1.44739e-05 5.05468e-06 1.64545e-06
          4.99145e-07 1.41166e-07 3.72489e-08 9.17575e-09 2.11125e-09 4.53998e-10 9.13096e-11 1.71938e-11 3.03481e-12 5.02692e-13 7.82303e-14 1.14569e-14
          1.58129e-15 2.05906e-16 2.53163e-17 2.94134e-18 3.2322e-19 3.36317e-20 3.31786e-21 3.10738e-22 2.76627e-23 2.34336e-24 1.89082e-25 1.45416e-26
          1.07076e-27 7.58299e-29 5.1652e-30 3.38328e-31 2.13129e-32 1.29216e-33 7.55048e-35 4.26054e-36 2.32679e-37 1.23264e-38 0 0
          0 0 0 0 0 0 0 0 0 0 0 0
          0 0 0 0 0 0 0 0 0 0 0 0
          0 0 0 0 -0 -0 -0 -0 0 0 0 0
          0.525727 0.502836 0.470247 0.434768 0.397133 0.356289 0.312064 0.266285 0.2213 0.179093 0.141194 0.108475
          0.0812043 0.059112 0.0418404 0.0287143 0.01903 0.0121299 0.00739927 0.00430132 0.00237624 0.00124109 0.000610222 0.000281547
          0.000121571 4.90048e-05 1.84779e-05 6.49715e-06 2.12778e-06 6.48826e-07 1.84294e-07 4.88e-08 1.20547e-08 2.77958e-09 5.98617e-10 1.20508e-10
          2.27008e-11 4.00639e-12 6.63265e-13 1.03119e-13 1.50818e-14 2.07819e-15 2.70097e-16 3.31386e-17 3.8413e-18 4.21071e-19 4.36983e-20 4.29905e-21
          4.01476e-22 3.56344e-23 3.00946e-24 2.42073e-25 1.85581e-26 1.36203e-27 9.61399e-29 6.52707e-30 4.2612e-31 2.67544e-32 1.61666e-33 9.41502e-35
          5.2948e-36 2.88189e-37 1.52156e-38 0 0 0 0 0 0 0 0 0
          0 0 0 0 0 0 0 0 0 0 0 0
          0 0 0 0 0 0 0 0 0 -0 -0 -0
          -0 0 0 0 0 0.594197 0.556871 0.509056 0.463842 0.422335 0.38087 0.3368
          0.290019 0.242956 0.197989 0.157007 0.121231 0.0911695 0.0666872 0.0474157 0.0327154 0.0218151 0.0139997 0.00860914
          0.00504303 0.0028085 0.00147955 0.000733793 0.00034141 0.000148651 6.03466e-05 2.29011e-05 8.10234e-06 2.668e-06 8.17429e-07 2.33104e-07
          6.19236e-08 1.53358e-08 3.54309e-09 7.64126e-10 1.53964e-10 2.90146e-11 5.12041e-12 8.47312e-13 1.31625e-13 1.92286e-14 2.64579e-15 3.43292e-16
          4.20403e-17 4.8632e-18 5.31918e-19 5.50731e-20 5.40482e-21 5.03451e-22 4.45675e-23 3.75369e-24 3.01101e-25 2.30184e-26 1.68444e-27 1.1855e-28
          8.02493e-30 5.22369e-31 3.27008e-32 1.97013e-33 1.14394e-34 6.41406e-36 3.48065e-37 1.8322e-38 0 0 0 0
          0 0 0 0 0 0 0 0 0 0 0 0
          0 0 0 0 0 0 0 0 0 0 0 0
          0 0 0 -0 -0 -0 -0 0 0 0 0.685707 0.630372
          0.560284 0.497487 0.446784 0.402595 0.358364 0.311493 0.262988 0.215804 0.172124 0.133545 0.100845 0.0741078
          0.0528842 0.0366447 0.02456 0.015852 0.00980992 0.00578669 0.00324464 0.00172198 0.000860444 0.00040327 0.000176801 7.22546e-05
          2.75718e-05 9.80797e-06 3.24524e-06 9.98475e-07 2.85732e-07 7.6121e-08 1.88949e-08 4.37302e-09 9.4431e-10 1.90423e-10 3.58987e-11 6.33513e-12
          1.04792e-12 1.62674e-13 2.37408e-14 3.26257e-15 4.22704e-16 5.16808e-17 5.96776e-18 6.51478e-19 6.73144e-20 6.59199e-21 6.12662e-22 5.41101e-23
          4.5466e-24 3.63822e-25 2.77449e-26 2.02512e-27 1.42162e-28 9.59864e-30 6.23203e-31 3.89126e-32 2.33831e-33 1.3542e-34 7.57322e-36 4.09896e-37
          2.15205e-38 0 0 0 0 0 0 0 0 0 0 0
          0 0 0 0 0 0 0 0 0 0 0 0
          0 0 0 0 0 0 0 0 -0 -0 -0 -0
          0 0 0 0.783639 0.714066 0.6224 0.537189 0.472087 0.422201 0.376965 0.330186 0.280996
          0.232078 0.186124 0.145061 0.109961 0.0810922 0.0580707 0.0403771 0.0271734 0.0176211 0.0109601 0.00650445 0.00366691
          0.00195803 0.000984528 0.000464271 0.000204729 8.41577e-05 3.22595e-05 1.15287e-05 3.8303e-06 1.18272e-06 3.39473e-07 9.06592e-08 2.25475e-08
          5.22623e-09 1.12978e-09 2.27981e-10 4.29931e-11 7.58696e-12 1.25459e-12 1.9464e-13 2.83818e-14 3.89621e-15 5.04171e-16 6.15552e-17 7.09715e-18
          7.73499e-19 7.97829e-20 7.79869e-21 7.23428e-22 6.37668e-23 5.34716e-24 4.26998e-25 3.24943e-26 2.36661e-27 1.65771e-28 1.11683e-29 7.23526e-31
          4.50776e-32 2.70281e-33 1.56183e-34 8.71504e-36 4.7065e-37 2.46554e-38 0 0 0 0 0 0
          0 0 0 0 0 0 0 0 0 0 0 0
          0 0 0 0 0 0 0 0 0 0 0 0
          0 -0 -0 -0 -0 0 0 0 0.864343 0.78746 0.683744 0.579052
          0.497899 0.440079 0.392761 0.34593 0.296568 0.246385 0.198595 0.155414 0.118204 0.0874194 0.0628018 0.0437766
          0.0295559 0.0192362 0.0120133 0.00716404 0.00405591 0.00217619 0.0010997 0.000521158 0.000230906 9.53713e-05 3.66894e-05 1.31613e-05
          4.38737e-06 1.35871e-06 3.90944e-07 1.04614e-07 2.60597e-08 6.0477e-09 1.30852e-09 2.64198e-10 4.98356e-11 8.79425e-12 1.45383e-12 2.25439e-13
          3.28496e-14 4.50555e-15 5.82417e-16 7.10262e-17 8.17877e-18 8.90171e-19 9.16845e-20 8.94846e-21 8.28773e-22 7.29333e-23 6.10559e-24 4.8673e-25
          3.69758e-26 2.68815e-27 1.87954e-28 1.264e-29 8.17392e-31 5.08337e-32 3.04241e-33 1.75487e-34 9.77439e-36 5.26896e-37 2.75516e-38 0
          0 0 0 0 0 0 0 0 0 0 0 0
          0 0 0 0 0 0 0 0 0 0 0 0
          0 0 0 0 0 0 0 -0 -0 -0 0 0
          0 0.906635 0.837307 0.73113 0.61591 0.521746 0.455801 0.405759 0.358694 0.309352 0.258325 0.20913
          0.164231 0.125259 0.0928556 0.0668742 0.0466986 0.0316023 0.0206233 0.0129183 0.0077306 0.00439116 0.00236439 0.00119929
          0.000570494 0.000253679 0.000105158 4.05642e-05 1.45933e-05 4.87722e-06 1.51381e-06 4.36394e-07 1.16955e-07 2.91696e-08 6.77575e-09 1.46703e-09
          2.96327e-10 5.59064e-11 9.8652e-12 1.6305e-12 2.52734e-13 3.68062e-14 5.04466e-15 6.51573e-16 7.93869e-17 9.13239e-18 9.92896e-19 1.02149e-19
          9.95785e-21 9.21114e-22 8.09556e-23 6.76827e-24 5.38836e-25 4.08786e-26 2.96768e-27 2.07206e-28 1.3915e-29 8.98575e-31 5.58034e-32 3.33512e-33
          1.92098e-34 1.06843e-35 5.75127e-37 3.00308e-38 0 0 0 0 0 0 0 0
          0 0 0 0 0 0 0 0 0 0 0 0
          0 0 0 0 0 0 0 0 0 0 0 0
          -0 -0 -0 0 0 0 0.928503 0.860627 0.760323 0.642498 0.540596 0.468315
          0.415701 0.368298 0.319014 0.267548 0.217313 0.171118 0.13079 0.0971238 0.070072 0.048993 0.0332036 0.0217064
          0.0136239 0.00816996 0.00465219 0.00251078 0.00127678 0.000608914 0.000271435 0.0001128 4.35938e-05 1.57146e-05 5.26136e-06 1.63559e-06
          4.72124e-07 1.26667e-07 3.16185e-08 7.34938e-09 1.59196e-09 3.21652e-10 6.06913e-11 1.07091e-11 1.76966e-12 2.74224e-13 3.99191e-14 5.4685e-15
          7.05892e-16 8.59478e-17 9.87995e-18 1.07334e-18 1.10333e-19 1.07465e-20 9.93171e-22 8.72079e-23 7.28409e-24 5.79342e-25 4.39087e-26 3.18441e-27
          2.22112e-28 1.49009e-29 9.61269e-31 5.96363e-32 3.56057e-33 2.04874e-34 1.13833e-35 6.12129e-37 3.19304e-38 0 0 0
          0 0 0 0 0 0 0 0 0 0 0 0
          0 0 0 0 0 0 0 0 0 0 0 0
          0 0 0 0 0 -0 -0 -0 0 0 0 0.935788
          0.872422 0.775099 0.657807 0.552499 0.476484 0.422106 0.374425 0.325194 0.273542 0.222666 0.175642 0.13443
          0.0999325 0.0721572 0.0504967 0.0342479 0.0224097 0.0140803 0.00845325 0.00482035 0.00260458 0.00132634 0.000633463 0.000282776
          0.000117682 4.55296e-05 1.64312e-05 5.50697e-06 1.71349e-06 4.94987e-07 1.32884e-07 3.31868e-08 7.71676e-09 1.67197e-09 3.37871e-10 6.37552e-11
          1.12493e-11 1.85871e-12 2.87968e-13 4.1909e-14 5.73927e-15 7.40572e-16 9.01334e-17 1.03565e-17 1.12458e-18 1.15543e-19 1.1248e-20 1.03895e-21
          9.11771e-23 7.61126e-24 6.0501e-25 4.58271e-26 3.3215e-27 2.31532e-28 1.55234e-29 1.00081e-30 6.20517e-32 3.70252e-33 2.12912e-34 1.18226e-35
          6.35364e-37 3.31222e-38 0 0 0 0 0 0 0 0 0 0
          0 0 0 0 0 0 0 0 0 0 0 0
          0 0 0 0 0 0 0 0 0 0 -0 -0
          -0 0 0 0 0.937818 0.875906 0.779677 0.662825 0.556641 0.479404 0.424395 0.376608
          0.327409 0.275717 0.224618 0.177299 0.135765 0.10096 0.0729184 0.0510462 0.0346237 0.022661 0.0142421 0.00855313
          0.00487939 0.00263725 0.00134354 0.000641962 0.000286696 0.00011937 4.61988e-05 1.66783e-05 5.59163e-06 1.74034e-06 5.02867e-07 1.35026e-07
          3.37271e-08 7.84334e-09 1.69954e-09 3.43457e-10 6.48102e-11 1.14353e-11 1.88936e-12 2.92697e-13 4.25934e-14 5.83236e-15 7.5249e-16 9.15713e-17
          1.05202e-17 1.14217e-18 1.1733e-19 1.142e-20 1.05465e-21 9.25369e-23 7.7233e-24 6.13797e-25 4.64834e-26 3.36838e-27 2.34752e-28 1.57361e-29
          1.01432e-30 6.28763e-32 3.75095e-33 2.15653e-34 1.19724e-35 6.43281e-37 3.35281e-38 0 0 0 0 0
          0 0 0 0 0 0 0 0 0 0 0 0
          0 0 0 0 0 0 0 0 0 0 0 0
          0 0 0 -0 -0 -0 0 0 0
        </DataArray>
        <DataArray type="Float32" Name="x^CO2_gas" NumberOfComponents="1" format="ascii">
          0 0 0 0 0 0 0 0 0 0 0 0
          0 0 0 0 0 0 0 0 0 0 0 0
          0 0 0 0 0 0 0 0 0 0 0 0
          0 0 0 0 0 0 0 0 0 0 0 0
          0 0 0 0 0 0 0 0 0 0 0 0
          0 0 0 0 0 0 0 0 0 0 0 0
          0 0 0 0 0 0 0 0 0 0 0 0
          0 0 0 0 0 0 0 0 0 0 0 0
          0 0 0 0 0 0 0 0 0 0 0 0
          0 0 0 0 0 0 0 0 0 0 0 0
          0 0 0 0 0 0 0 0 0 0 0 0
          0 0 0 0 0 0 0 0 0 0 0 0
          0 0 0 0 0 0 0 0 0 0 0 0
          0 0 0 0 0 0 0 0 0 0 0 0
          0 0 0 0 0 0 0 0 0 0 0 0
          0 0 0 0 0 0 0 0 0 0 0 0
          0 0 0 0 0 0 0 0 0 0 0 0
          0 0 0 0 0 0 0 0 0 0 0 0
          0 0 0 0 0 0 0 0 0 0 0 0
          0 0 0 0 0 0 0 0 0 0 0 0
          0 0 0 0 0 0 0 0 0 0 0 0
          0 0 0 0 0 0 0 0 0 0 0 0
          0 0 0 0 0 0 0 0 0 0 0 0
          0 0 0 0 0 0 0 0 0 0 0 0
          0 0 0 0 0 0 0 0 0 0 0 0
          0 0 0 0 0 0 0 0 0 0 0 0
          0 0 0 0 0 0 0 0 0 0 0 0
          0 0 0 0 0 0 0 0 0 0 0 0
          0 0 0 0 0 0 0 0 0 0 0 0
          0 0 0 0 0 0 0 0 0 0 0 0
          0 0 0 0 0 0 0 0 0 0 0 0
          0 0 0 0 0 0 0 0 0 0 0 0
          0 0 0 0 0 0 0 0 0 0 0 0
          0 0 0 0 0 0 0 0 0 0 0 0
          0 0 0 0 0 0 0 0 0 0 0 0
          0 0 0 0 0 0 0 0 0 0 0 0
          0 0 0 0 0 0 0 0 0 0 0 0
          0 0 0 0 0 0 0 0 0 0 0 0
          0 0 0 0 0 0 0 0 0 0 0 0
          0 0 0 0 0 0 0 0 0 0 0 0
          0 0 0 0 0 0 0 0 0 0 0 0
          0 0 0 0 0 0 0 0 0 0 0 0
          0 0 0 0 0 0 0 0 0 0 0 0
          0 0 0 0 0 0 0 0 0 0 0 0
          0 0 0 0 0 0 0 0 0 0 0 0
          0 0 0 0 0 0 0 0 0 0 0 0
          0 0 0 0 0 0 0 0 0 0 0 0
          0 0 0 0 0 0 0 0 0 0 0 0
          0 0 0 0 0 0 0 0 0 0 0 0
          0 0 0 0 0 0 0 0 0 0 0 0
          0 0 0 0 0 0 0 0 0 0 0 0
          0 0 0 0 0 0 0 0 0 0 0 0
          0 0 0 0 0 0 0 0 0 0 0 0
          0 0 0 0 0 0 0 0 0 0 0 0
          0 0 0 0 0 0 0 0 0 0 0 0
          0 0 0 0 0 0 0 0 0 0 0 0
          0 0 0 0 0 0 0 0 0 0 0 0
          0 0 0 0 0 0 0 0 0 0 0 0
          0 0 0 0 0 0 0 0 0 0 0 0
          0 0 0 0 0 0 0 0 0 0 0 0
          0 0 0 0 0 0 0 0 0 0 0 0
          0 0 0 0 0 0 0 0 0 0 0 0
          0 0 0 0 0 0 0 0 0 0 0 0
          0 0 0 0 0 0 0 0 0 0 0 0
          0 0 0 0 0 0 0 0 0 0 0 0
          0 0 0 0 0 0 0 0 0 0 0 0
          0 0 0 0 0 0 0 0 0 0 0 0
          0 0 0 0 0 0 0 0 0 0 0 0
          0 0 0 0 0 0 0 0 0 0 0 0
          0 0 0 0 0 0 0 0 0 0 0 0
          0 0 0 0 0 0 0 0 0 0 0 0
          0 0 0 0 0 0 0 0 0 0 0 0
          0 0 0 0 0 0 0 0 0 0 0 0
          0 0 0 0 0 0 0 0 0 0 0 0
          0 0 0 0 0 0 0 0 0 0 0 0
          0 0 0 0 0 0 0 0 0 0 0 0
          0 0 0 0 0 0 0 0 0 0 0 0
          0 0 0 0 0 0 0 0 0 0 0 0
          0 0 0 0 0 0 0 0 0 0 0 0
          0 0 0 0 0 0 0 0 0 0 0 0
          0 0 0 0 0 0 0 0 0 0 0 0
          0 0 0 0 0 0 0 0 0 0 0 0
          0 0 0 0 0 0 0 0 0 0 0 0
          0 0 0 0 0 0 0 0 0 0 0 0
          0 0 0 0 0 0 0 0 0 0 0 0
          0 0 0 0 0 0 0 0 0 0 0 0
          0 0 0 0 0 0 0 0 0 0 0 0
          0 0 0 0 0 0 0 0 0 0 0 0
          0 0 0 0 0 0 0 0 0 0 0 0
          0 0 0 0 0 0 0 0 0 0 0 0
          0 0 0 0 0 0 0 0 0 0 0 0
          0 0 0 0 0 0 0 0 0 0 0 0
          0 0 0 0 0 0 0 0 0 0 0 0
          0 0 0 0 0 0 0 0 0 0 0 0
          0 0 0 0 0 0 0 0 0 0 0 0
          0 0 0 0 0 0 0 0 0 0 0 0
          0 0 0 0 0 0 0 0 0 0 0 0
          0 0 0 0 0 0 0 0 0 0 0 0
          0 0 0 0 0 0 0 0 0 0 0 0
          0 0 0 0 0 0 0 0 0 0 0 0
          0 0 0 0 0 0 0 0 0 0 0 0
          0 0 0 0 0 0 0 0 0 0 0 0
          0 0 0 0 0 0 0 0 0 0 0 0
          0 0 0 0 0 0 0 0 0 0 0 0
          0 0 0 0 0 0 0 0 0 0 0 0
          0 0 0 0 0 0 0 0 0 0 0 0
          0 0 0 0 0 0 0 0 0 0 0 0
          0 0 0 0 0 0 0 0 0 0 0 0
          0 0 0 0 0 0 0 0 0 0 0 0
          0 0 0 0 0 0 0 0 0 0 0 0
          0 0 0 0 0 0 0 0 0 0 0 0
          0 0 0 0 0 0 0 0 0 0 0 0
          0 0 0 0 0 0 0 0 0 0 0 0
          0 0 0 0 0 0 0 0 0 0 0 0
          0 0 0 0 0 0 0 0 0 0 0 0
          0 0 0 0 0 0 0 0 0 0 0 0
          0 0 0 0 0 0 0 0 0 0 0 0
          0 0 0 0 0 0 0 0 0 0 0 0
          0 0 0 0 0 0 0 0 0 0 0 0
          0 0 0 0 0 0 0 0 0 0 0 0
          0 0 0 0 0 0 0 0 0 0 0 0
          0 0 0 0 0 0 0 0 0 0 0 0
          0 0 0 0 0 0 0 0 0 0 0 0
          0 0 0 0 0 0 0 0 0 0 0 0
          0 0 0 0 0 0 0 0 0 0 0 0
          0 0 0 0 0 0 0 0 0 0 0 0
          0 0 0 0 0 0 0 0 0 0 0 0
          0 0 0 0 0 0 0 0 0 0 0 0
          0 0 0 0 0 0 0 0 0 0 0 0
          0 0 0 0 0 0 0 0 0 0 0 0
          0 0 0 0 0 0 0 0 0 0 0 0
          0 0 0 0 0 0 0 0 0 0 0 0
          0 0 0 0 0 0 0 0 0 0 0 0
          0 0 0 0 0 0 0 0 0 0 0 0
          0 0 0 0 0 0 0 0 0 0 0 0
          0 0 0 0 0 0 0 0 0 0 0 0
          0 0 0 0 0 0 0 0 0 0 0 0
          0 0 0 0 0 0 0 0 0 0 0 0
          0 0 0 0 0 0 0 0 0 0 0 0
          0 0 0 0 0 0 0 0 0 0 0 0
          0 0 0 0 0 0 0 0 0 0 0 0
          0 0 0 0 0 0 0 0 0 0 0 0
          0 0 0 0 0 0 0 0 0 0 0 0
          0 0 0 0 0 0 0 0 0 0 0 0
          0 0 0 0 0 0 0 0 0 0 0 0
          0 0 0 0 0 0 0 0 0 0 0 0
          0 0 0 0 0 0 0 0 0 0 0 0
          0 0 0 0 0 0 0 0 0 0 0 0
          0 0 0 0 0 0 0 0 0 0 0 0
          0 0 0 0 0 0 0 0 0 0 0 0
          0 0 0 0 0 0 0 0 0 0 0 0
          0 0 0 0 0 0 0 0 0 0 0 0
          0 0 0 0 0 0 0 0 0 0 0 0
          0 0 0 0 0 0 0 0 0 0 0 0
          0 0 0 0 0 0 0 0 0 0 0 0
          0 0 0 0 0 0 0 0 0 0 0 0
          0 0 0 0 0 0 0 0 0 0 0 0
          0 0 0 0 0 0 0 0 0 0 0 0
          0 0 0 0 0 0 0 0 0 0 0 0
          0 0 0 0 0 0 0 0 0 0 0 0
          0 0 0 0 0 0 0 0 0 0 0 0
          0 0 0 0 0 0 0 0 0 0 0 0
          0 0 0 0 0 0 0 0 0 0 0 0
          0 0 0 0 0 0 0 0 0 0 0 0
          0 0 0 0 0 0 0 0 0 0 0 0
          0 0 0 0 0 0 0 0 0 0 0 0
          0 0 0 0 0 0 0 0 0 0 0 0
          0 0 0 0 0 0 0 0 0 0 0 0
          0 0 0 0 0 0 0 0 0 0 0 0
          0 0 0 0 0 0 0 0 0 0 0 0
          0 0 0 0 0 0 0 0 0 0 0 0
          0 0 0 0 0 0 0 0 0 0 0 0
          0 0 0 0 0 0 0 0 0 0 0 0
          0 0 0 0 0 0 0 0 0 0 0 0
          0 0 0 0 0 0 0 0 0 0 0 0
          0 0 0 0 0 0 0 0 0 0 0 0
          0 0 0 0 0 0 0 0 0
        </DataArray>
        <DataArray type="Float32" Name="x^N2_gas" NumberOfComponents="1" format="ascii">
          0 0 0 0 0 0 0 0 0 0 0 0
          0 0 0 0 0 0 0 0 0 0 0 0
          0 0 0 0 0 0 0 0 0 0 0 0
          0 0 0 0 0 0 0 0 0 0 0 0
          0 0 0 0 0 0 0 0 0 0 0 0
          0 0 0 0 0 0 0 0 0 0 0 0
          0 0 0 0 0 0 0 0 0 0 0 0
          0 0 0 0 0 0 0 0 0 0 0 0
          0 0 0 0 0 0 0 0 0 0 0 0
          0 0 0 0 0 0 0 0 0 0 0 0
          0 0 0 0 0 0 0 0 0 0 0 0
          0 0 0 0 0 0 0 0 0 0 0 0
          0 0 0 0 0 0 0 0 0 0 0 0
          0 0 0 0 0 0 0 0 0 0 0 0
          0 0 0 0 0 0 0 0 0 0 0 0
          0 0 0 0 0 0 0 0 0 0 0 0
          0 0 0 0 0 0 0 0 0 0 0 0
          0 0 0 0 0 0 0 0 0 0 0 0
          0 0 0 0 0 0 0 0 0 0 0 0
          0 0 0 0 0 0 0 0 0 0 0 0
          0 0 0 0 0 0 0 0 0 0 0 0
          0 0 0 0 0 0 0 0 0 0 0 0
          0 0 0 0 0 0 0 0 0 0 0 0
          0 0 0 0 0 0 0 0 0 0 0 0
          0 0 0 0 0 0 0 0 0 0 0 0
          0 0 0 0 0 0 0 0 0 0 0 0
          0 0 0 0 0 0 0 0 0 0 0 0
          0 0 0 0 0 0 0 0 0 0 0 0
          0 0 0 0 0 0 0 0 0 0 0 0
          0 0 0 0 0 0 0 0 0 0 0 0
          0 0 0 0 0 0 0 0 0 0 0 0
          0 0 0 0 0 0 0 0 0 0 0 0
          0 0 0 0 0 0 0 0 0 0 0 0
          0 0 0 0 0 0 0 0 0 0 0 0
          0 0 0 0 0 0 0 0 0 0 0 0
          0 0 0 0 0 0 0 0 0 0 0 0
          0 0 0 0 0 0 0 0 0 0 0 0
          0 0 0 0 0 0 0 0 0 0 0 0
          0 0 0 0 0 0 0 0 0 0 0 0
          0 0 0 0 0 0 0 0 0 0 0 0
          0 0 0 0 0 0 0 0 0 0 0 0
          0 0 0 0 0 0 0 0 0 0 0 0
          0 0 0 0 0 0 0 0 0 0 0 0
          0 0 0 0 0 0 0 0 0 0 0 0
          0 0 0 0 0 0 0 0 0 0 0 0
          0 0 0 0 0 0 0 0 0 0 0 0
          0 0 0 0 0 0 0 0 0 0 0 0
          0 0 0 0 0 0 0 0 0 0 0 0
          0 0 0 0 0 0 0 0 0 0 0 0
          0 0 0 0 0 0 0 0 0 0 0 0
          0 0 0 0 0 0 0 0 0 0 0 0
          0 0 0 0 0 0 0 0 0 0 0 0
          0 0 0 0 0 0 0 0 0 0 0 0
          0 0 0 0 0 0 0 0 0 0 0 0
          0 0 0 0 0 0 0 0 0 0 0 0
          0 0 0 0 0 0 0 0 0 0 0 0
          0 0 0 0 0 0 0 0 0 0 0 0
          0 0 0 0 0 0 0 0 0 0 0 0
          0 0 0 0 0 0 0 0 0 0 0 0
          0 0 0 0 0 0 0 0 0 0 0 0
          0 0 0 0 0 0 0 0 0 0 0 0
          0 0 0 0 0 0 0 0 0 0 0 0
          0 0 0 0 0 0 0 0 0 0 0 0
          0 0 0 0 0 0 0 0 0 0 0 0
          0 0 0 0 0 0 0 0 0 0 0 0
          0 0 0 0 0 0 0 0 0 0 0 0
          0 0 0 0 0 0 0 0 0 0 0 0
          0 0 0 0 0 0 0 0 0 0 0 0
          0 0 0 0 0 0 0 0 0 0 0 0
          0 0 0 0 0 0 0 0 0 0 0 0
          0 0 0 0 0 0 0 0 0 0 0 0
          0 0 0 0 0 0 0 0 0 0 0 0
          0 0 0 0 0 0 0 0 0 0 0 0
          0 0 0 0 0 0 0 0 0 0 0 0
          0 0 0 0 0 0 0 0 0 0 0 0
          0 0 0 0 0 0 0 0 0 0 0 0
          0 0 0 0 0 0 0 0 0 0 0 0
          0 0 0 0 0 0 0 0 0 0 0 0
          0 0 0 0 0 0 0 0 0 0 0 0
          0 0 0 0 0 0 0 0 0 0 0 0
          0 0 0 0 0 0 0 0 0 0 0 0
          0 0 0 0 0 0 0 0 0 0 0 0
          0 0 0 0 0 0 0 0 0 0 0 0
          0 0 0 0 0 0 0 0 0 0 0 0
          0 0 0 0 0 0 0 0 0 0 0 0
          0 0 0 0 0 0 0 0 0 0 0 0
          0 0 0 0 0 0 0 0 0 0 0 0
          0 0 0 0 0 0 0 0 0 0 0 0
          0 0 0 0 0 0 0 0 0 0 0 0
          0 0 0 0 0 0 0 0 0 0 0 0
          0 0 0 0 0 0 0 0 0 0 0 0
          0 0 0 0 0 0 0 0 0 0 0 0
          0 0 0 0 0 0 0 0 0 0 0 0
          0 0 0 0 0 0 0 0 0 0 0 0
          0 0 0 0 0 0 0 0 0 0 0 0
          0 0 0 0 0 0 0 0 0 0 0 0
          0 0 0 0 0 0 0 0 0 0 0 0
          0 0 0 0 0 0 0 0 0 0 0 0
          0 0 0 0 0 0 0 0 0 0 0 0
          0 0 0 0 0 0 0 0 0 0 0 0
          0 0 0 0 0 0 0 0 0 0 0 0
          0 0 0 0 0 0 0 0 0 0 0 0
          0 0 0 0 0 0 0 0 0 0 0 0
          0 0 0 0 0 0 0 0 0 0 0 0
          0 0 0 0 0 0 0 0 0 0 0 0
          0 0 0 0 0 0 0 0 0 0 0 0
          0 0 0 0 0 0 0 0 0 0 0 0
          0 0 0 0 0 0 0 0 0 0 0 0
          0 0 0 0 0 0 0 0 0 0 0 0
          0 0 0 0 0 0 0 0 0 0 0 0
          0 0 0 0 0 0 0 0 0 0 0 0
          0 0 0 0 0 0 0 0 0 0 0 0
          0 0 0 0 0 0 0 0 0 0 0 0
          0 0 0 0 0 0 0 0 0 0 0 0
          0 0 0 0 0 0 0 0 0 0 0 0
          0 0 0 0 0 0 0 0 0 0 0 0
          0 0 0 0 0 0 0 0 0 0 0 0
          0 0 0 0 0 0 0 0 0 0 0 0
          0 0 0 0 0 0 0 0 0 0 0 0
          0 0 0 0 0 0 0 0 0 0 0 0
          0 0 0 0 0 0 0 0 0 0 0 0
          0 0 0 0 0 0 0 0 0 0 0 0
          0 0 0 0 0 0 0 0 0 0 0 0
          0 0 0 0 0 0 0 0 0 0 0 0
          0 0 0 0 0 0 0 0 0 0 0 0
          0 0 0 0 0 0 0 0 0 0 0 0
          0 0 0 0 0 0 0 0 0 0 0 0
          0 0 0 0 0 0 0 0 0 0 0 0
          0 0 0 0 0 0 0 0 0 0 0 0
          0 0 0 0 0 0 0 0 0 0 0 0
          0 0 0 0 0 0 0 0 0 0 0 0
          0 0 0 0 0 0 0 0 0 0 0 0
          0 0 0 0 0 0 0 0 0 0 0 0
          0 0 0 0 0 0 0 0 0 0 0 0
          0 0 0 0 0 0 0 0 0 0 0 0
          0 0 0 0 0 0 0 0 0 0 0 0
          0 0 0 0 0 0 0 0 0 0 0 0
          0 0 0 0 0 0 0 0 0 0 0 0
          0 0 0 0 0 0 0 0 0 0 0 0
          0 0 0 0 0 0 0 0 0 0 0 0
          0 0 0 0 0 0 0 0 0 0 0 0
          0 0 0 0 0 0 0 0 0 0 0 0
          0 0 0 0 0 0 0 0 0 0 0 0
          0 0 0 0 0 0 0 0 0 0 0 0
          0 0 0 0 0 0 0 0 0 0 0 0
          0 0 0 0 0 0 0 0 0 0 0 0
          0 0 0 0 0 0 0 0 0 0 0 0
          0 0 0 0 0 0 0 0 0 0 0 0
          0 0 0 0 0 0 0 0 0 0 0 0
          0 0 0 0 0 0 0 0 0 0 0 0
          0 0 0 0 0 0 0 0 0 0 0 0
          0 0 0 0 0 0 0 0 0 0 0 0
          0 0 0 0 0 0 0 0 0 0 0 0
          0 0 0 0 0 0 0 0 0 0 0 0
          0 0 0 0 0 0 0 0 0 0 0 0
          0 0 0 0 0 0 0 0 0 0 0 0
          0 0 0 0 0 0 0 0 0 0 0 0
          0 0 0 0 0 0 0 0 0 0 0 0
          0 0 0 0 0 0 0 0 0 0 0 0
          0 0 0 0 0 0 0 0 0 0 0 0
          0 0 0 0 0 0 0 0 0 0 0 0
          0 0 0 0 0 0 0 0 0 0 0 0
          0 0 0 0 0 0 0 0 0 0 0 0
          0 0 0 0 0 0 0 0 0 0 0 0
          0 0 0 0 0 0 0 0 0 0 0 0
          0 0 0 0 0 0 0 0 0 0 0 0
          0 0 0 0 0 0 0 0 0 0 0 0
          0 0 0 0 0 0 0 0 0 0 0 0
          0 0 0 0 0 0 0 0 0 0 0 0
          0 0 0 0 0 0 0 0 0 0 0 0
          0 0 0 0 0 0 0 0 0 0 0 0
          0 0 0 0 0 0 0 0 0 0 0 0
          0 0 0 0 0 0 0 0 0 0 0 0
          0 0 0 0 0 0 0 0 0 0 0 0
          0 0 0 0 0 0 0 0 0 0 0 0
          0 0 0 0 0 0 0 0 0 0 0 0
          0 0 0 0 0 0 0 0 0
        </DataArray>
        <DataArray type="Float32" Name="X^CH4_gas" NumberOfComponents="1" format="ascii">
          0.992322 0.991414 0.988414 0.988175 0.991935 0.989446 0.992822 0.990985 0.993869 0.992509 0.994932 0.993921
          0.995929 0.995177 0.996818 0.996261 0.997578 0.99717 0.998208 0.997912 0.998712 0.998501 0.999101 0.998955
          0.999393 0.999294 0.999604 0.999538 0.999751 0.999709 0.999849 0.999823 0.999912 0.999897 0.999951 0.999943
          0.999974 0.999969 0.999987 0.999985 0.999994 0.999992 0.999997 0.999997 0.999999 0.999999 0.999999 0.999999
          1 1 1 1 1 1 1 1 1 1 1 1
          1 1 1 1 1 1 1 1 1 1 1 1
          1 1 1 1 1 1 1 1 1 1 1 1
          1 1 1 1 1 1 1 1 1 1 1 1
          1 1 1 1 1 1 1 1 1 1 1 1
          1 1 1 1 1 1 1 1 1 1 1 1
          1 1 1 1 1 1 1 1 1 1 1 1
          1 1 1 1 1 1 1 1 1 1 1 1
          1 1 1 1 1 1 1 1 1 1 1 1
          1 1 1 1 1 1 1 1 1 1 1 1
          1 1 1 1 1 1 1 1 1 1 1 1
          1 1 1 1 1 1 1 1 1 1 1 1
          1 1 1 1 1 1 1 1 1 1 0.984112 0.983982
          0.985426 0.987486 0.989621 0.991607 0.993362 0.994862 0.99611 0.997124 0.997927 0.998547 0.999012 0.99935
          0.999586 0.999747 0.999851 0.999916 0.999955 0.999977 0.999989 0.999995 0.999998 0.999999 1 1
          1 1 1 1 1 1 1 1 1 1 1 1
          1 1 1 1 1 1 1 1 1 1 1 1
          1 1 1 1 1 1 1 1 1 1 1 1
          1 1 1 1 1 1 1 1 1 1 1 1
          1 1 1 1 1 1 1 1 1 1 1 1
          1 1 1 1 1 1 1 1 1 1 1 1
          1 1 1 0.978821 0.978905 0.980607 0.983167 0.985919 0.988536 0.990876 0.992892 0.994581
          0.995961 0.997063 0.99792 0.99857 0.999048 0.999388 0.99962 0.999774 0.999871 0.99993 0.999964 0.999982
          0.999992 0.999996 0.999998 0.999999 1 1 1 1 1 1 1 1
          1 1 1 1 1 1 1 1 1 1 1 1
          1 1 1 1 1 1 1 1 1 1 1 1
          1 1 1 1 1 1 1 1 1 1 1 1
          1 1 1 1 1 1 1 1 1 1 1 1
          1 1 1 1 1 1 1 1 1 1 1 1
          1 1 1 1 1 1 1 1 0.972394 0.972795 0.974915 0.978072
          0.981521 0.984847 0.987855 0.990468 0.992674 0.994492 0.995955 0.997104 0.997984 0.99864 0.999114 0.999443
          0.999664 0.999805 0.999892 0.999943 0.999972 0.999987 0.999994 0.999997 0.999999 1 1 1
          1 1 1 1 1 1 1 1 1 1 1 1
          1 1 1 1 1 1 1 1 1 1 1 1
          1 1 1 1 1 1 1 1 1 1 1 1
          1 1 1 1 1 1 1 1 1 1 1 1
          1 1 1 1 1 1 1 1 1 1 1 1
          1 1 1 1 1 1 1 1 1 1 1 1
          1 0.964707 0.965518 0.968225 0.972129 0.976394 0.980536 0.984311 0.987615 0.99042 0.992743 0.994624
          0.996114 0.997265 0.998132 0.998766 0.999214 0.999519 0.999717 0.999842 0.999915 0.999957 0.999979 0.999991
          0.999996 0.999998 0.999999 1 1 1 1 1 1 1 1 1
          1 1 1 1 1 1 1 1 1 1 1 1
          1 1 1 1 1 1 1 1 1 1 1 1
          1 1 1 1 1 1 1 1 1 1 1 1
          1 1 1 1 1 1 1 1 1 1 1 1
          1 1 1 1 1 1 1 1 1 1 1 1
          1 1 1 1 1 1 0.955689 0.956993 0.960445 0.965258 0.970492 0.975578
          0.980229 0.984321 0.987816 0.990721 0.99308 0.994957 0.996418 0.997526 0.998345 0.998932 0.999337 0.999606
          0.999776 0.999879 0.999938 0.99997 0.999986 0.999994 0.999998 0.999999 1 1 1 1
          1 1 1 1 1 1 1 1 1 1 1 1
          1 1 1 1 1 1 1 1 1 1 1 1
          1 1 1 1 1 1 1 1 1 1 1 1
          1 1 1 1 1 1 1 1 1 1 1 1
          1 1 1 1 1 1 1 1 1 1 1 1
          1 1 1 1 1 1 1 1 1 1 1 0.945398
          0.947264 0.951582 0.957438 0.963777 0.969948 0.975604 0.980586 0.984852 0.988418 0.991323 0.993638 0.995446
          0.996827 0.997855 0.998599 0.99912 0.999469 0.999694 0.999832 0.999912 0.999957 0.99998 0.999991 0.999996
          0.999999 1 1 1 1 1 1 1 1 1 1 1
          1 1 1 1 1 1 1 1 1 1 1 1
          1 1 1 1 1 1 1 1 1 1 1 1
          1 1 1 1 1 1 1 1 1 1 1 1
          1 1 1 1 1 1 1 1 1 1 1 1
          1 1 1 1 1 1 1 1 1 1 1 1
          1 1 1 1 0.934097 0.936562 0.94181 0.948772 0.956295 0.963648 0.970423 0.976414
          0.981546 0.985838 0.989352 0.99216 0.994355 0.996038 0.997298 0.998216 0.998866 0.999308 0.999596 0.999775
          0.999881 0.999941 0.999972 0.999988 0.999995 0.999998 0.999999 1 1 1 1 1
          1 1 1 1 1 1 1 1 1 1 1 1
          1 1 1 1 1 1 1 1 1 1 1 1
          1 1 1 1 1 1 1 1 1 1 1 1
          1 1 1 1 1 1 1 1 1 1 1 1
          1 1 1 1 1 1 1 1 1 1 1 1
          1 1 1 1 1 1 1 1 1 0.922216 0.925309 0.931489
          0.939522 0.948215 0.956778 0.964732 0.971814 0.977908 0.983008 0.987181 0.99053 0.993153 0.995166 0.996679
          0.997789 0.998579 0.999123 0.999482 0.999708 0.999844 0.999921 0.999963 0.999983 0.999993 0.999997 0.999999
          1 1 1 1 1 1 1 1 1 1 1 1
          1 1 1 1 1 1 1 1 1 1 1 1
          1 1 1 1 1 1 1 1 1 1 1 1
          1 1 1 1 1 1 1 1 1 1 1 1
          1 1 1 1 1 1 1 1 1 1 1 1
          1 1 1 1 1 1 1 1 1 1 1 1
          1 1 0.910078 0.913949 0.921068 0.930069 0.939825 0.94953 0.958654 0.966859 0.973969 0.979945
          0.984837 0.988763 0.99185 0.99422 0.996006 0.997321 0.998263 0.998917 0.999354 0.999632 0.999801 0.999898
          0.999951 0.999978 0.999991 0.999996 0.999999 1 1 1 1 1 1 1
          1 1 1 1 1 1 1 1 1 1 1 1
          1 1 1 1 1 1 1 1 1 1 1 1
          1 1 1 1 1 1 1 1 1 1 1 1
          1 1 1 1 1 1 1 1 1 1 1 1
          1 1 1 1 1 1 1 1 1 1 1 1
          1 1 1 1 1 1 1 0.896679 0.902142 0.910823 0.920893 0.931484
          0.942156 0.952368 0.961666 0.969806 0.976691 0.982349 0.986887 0.990463 0.993215 0.995289 0.996821 0.997924
          0.998694 0.999214 0.999548 0.999753 0.999872 0.999938 0.999972 0.999988 0.999995 0.999998 0.999999 1
          1 1 1 1 1 1 1 1 1 1 1 1
          1 1 1 1 1 1 1 1 1 1 1 1
          1 1 1 1 1 1 1 1 1 1 1 1
          1 1 1 1 1 1 1 1 1 1 1 1
          1 1 1 1 1 1 1 1 1 1 1 1
          1 1 1 1 1 1 1 1 1 1 1 1
          0.877742 0.887242 0.899652 0.911866 0.923554 0.934974 0.946074 0.956385 0.965521 0.973318 0.97976 0.984941
          0.989016 0.992167 0.994543 0.996299 0.997568 0.998459 0.999064 0.999457 0.999701 0.999844 0.999923 0.999965
          0.999985 0.999994 0.999998 0.999999 1 1 1 1 1 1 1 1
          1 1 1 1 1 1 1 1 1 1 1 1
          1 1 1 1 1 1 1 1 1 1 1 1
          1 1 1 1 1 1 1 1 1 1 1 1
          1 1 1 1 1 1 1 1 1 1 1 1
          1 1 1 1 1 1 1 1 1 1 1 1
          1 1 1 1 1 0.844602 0.863627 0.884728 0.901952 0.915862 0.928247 0.940015
          0.951178 0.961237 0.969913 0.977132 0.982961 0.987552 0.991102 0.993784 0.995768 0.997205 0.998219 0.99891
          0.999364 0.999646 0.999814 0.999908 0.999957 0.999981 0.999992 0.999997 0.999999 1 1 1
          1 1 1 1 1 1 1 1 1 1 1 1
          1 1 1 1 1 1 1 1 1 1 1 1
          1 1 1 1 1 1 1 1 1 1 1 1
          1 1 1 1 1 1 1 1 1 1 1 1
          1 1 1 1 1 1 1 1 1 1 1 1
          1 1 1 1 1 1 1 1 1 1 0.784839 0.823524
          0.861988 0.889365 0.907869 0.921931 0.934422 0.946209 0.957087 0.966577 0.97454 0.981001 0.986103 0.990043
          0.993033 0.995243 0.996846 0.99798 0.998757 0.999269 0.999591 0.999783 0.999892 0.999949 0.999978 0.999991
          0.999997 0.999999 1 1 1 1 1 1 1 1 1 1
          1 1 1 1 1 1 1 1 1 1 1 1
          1 1 1 1 1 1 1 1 1 1 1 1
          1 1 1 1 1 1 1 1 1 1 1 1
          1 1 1 1 1 1 1 1 1 1 1 1
          1 1 1 1 1 1 1 1 1 1 1 1
          1 1 1 0.687233 0.761151 0.82842 0.872716 0.898984 0.915905 0.929345 0.941671 0.953191
          0.963414 0.972067 0.979125 0.984713 0.989033 0.992313 0.994741 0.996502 0.997751 0.998609 0.999178 0.999538
          0.999754 0.999876 0.999942 0.999974 0.999989 0.999996 0.999999 1 1 1 1 1
          1 1 1 1 1 1 1 1 1 1 1 1
          1 1 1 1 1 1 1 1 1 1 1 1
          1 1 1 1 1 1 1 1 1 1 1 1
          1 1 1 1 1 1 1 1 1 1 1 1
          1 1 1 1 1 1 1 1 1 1 1 1
          1 1 1 1 1 1 1 1 0.555366 0.682337 0.78637 0.852624
          0.889202 0.910117 0.924836 0.937684 0.949689 0.96054 0.969802 0.977401 0.983435 0.988106 0.99165 0.99428
          0.996188 0.997542 0.998474 0.999094 0.999489 0.999726 0.999862 0.999934 0.999971 0.999988 0.999995 0.999998
          0.999999 1 1 1 1 1 1 1 1 1 1 1
          1 1 1 1 1 1 1 1 1 1 1 1
          1 1 1 1 1 1 1 1 1 1 1 1
          1 1 1 1 1 1 1 1 1 1 1 1
          1 1 1 1 1 1 1 1 1 1 1 1
          1 1 1 1 1 1 1 1 1 1 1 1
          1 0.450412 0.607279 0.745329 0.832297 0.879444 0.904778 0.92098 0.934334 0.946716 0.95807 0.967842
          0.975904 0.982325 0.987301 0.991075 0.993882 0.995916 0.997361 0.998358 0.999022 0.999446 0.999702 0.999849
          0.999928 0.999968 0.999987 0.999995 0.999998 0.999999 1 1 1 1 1 1
          1 1 1 1 1 1 1 1 1 1 1 1
          1 1 1 1 1 1 1 1 1 1 1 1
          1 1 1 1 1 1 1 1 1 1 1 1
          1 1 1 1 1 1 1 1 1 1 1 1
          1 1 1 1 1 1 1 1 1 1 1 1
          1 1 1 1 1 1 0.379965 0.563089 0.714994 0.815777 0.871185 0.900351
          0.917939 0.931741 0.944408 0.956115 0.966288 0.974715 0.981444 0.986663 0.99062 0.993568 0.995703 0.99722
          0.998267 0.998966 0.999413 0.999684 0.999839 0.999923 0.999966 0.999986 0.999995 0.999998 0.999999 1
          1 1 1 1 1 1 1 1 1 1 1 1
          1 1 1 1 1 1 1 1 1 1 1 1
          1 1 1 1 1 1 1 1 1 1 1 1
          1 1 1 1 1 1 1 1 1 1 1 1
          1 1 1 1 1 1 1 1 1 1 1 1
          1 1 1 1 1 1 1 1 1 1 1 0.353206
          0.537846 0.697809 0.805445 0.865698 0.897371 0.915935 0.930053 0.942903 0.954823 0.965257 0.973925 0.980858
          0.986241 0.990323 0.993362 0.995564 0.997128 0.998209 0.99893 0.999392 0.999672 0.999833 0.99992 0.999964
          0.999985 0.999994 0.999998 0.999999 1 1 1 1 1 1 1 1
          1 1 1 1 1 1 1 1 1 1 1 1
          1 1 1 1 1 1 1 1 1 1 1 1
          1 1 1 1 1 1 1 1 1 1 1 1
          1 1 1 1 1 1 1 1 1 1 1 1
          1 1 1 1 1 1 1 1 1 1 1 1
          1 1 1 1 0.345411 0.529963 0.692202 0.801915 0.863736 0.896288 0.91521 0.929445
          0.942359 0.95435 0.964878 0.973634 0.980643 0.986086 0.990214 0.993286 0.995514 0.997095 0.998188 0.998917
          0.999384 0.999668 0.999831 0.999919 0.999964 0.999985 0.999994 0.999998 0.999999 1 1 1
          1 1 1 1 1 1 1 1 1 1 1 1
          1 1 1 1 1 1 1 1 1 1 1 1
          1 1 1 1 1 1 1 1 1 1 1 1
          1 1 1 1 1 1 1 1 1 1 1 1
          1 1 1 1 1 1 1 1 1 1 1 1
          1 1 1 1 1 1 1 1 1
        </DataArray>
        <DataArray type="Float32" Name="X^SimpleH2O_gas" NumberOfComponents="1" format="ascii">
          -2.81068e-30 -3.32014e-30 -3.89604e-30 -4.26016e-30 -3.25199e-30 -4.02566e-30 -3.03675e-30 -3.66015e-30 -2.742e-30 -3.26003e-30 -2.40593e-30 -2.84232e-30
          -2.04899e-30 -2.4129e-30 -1.68853e-30 -1.98426e-30 -1.34234e-30 -1.57479e-30 -1.02631e-30 -1.2029e-30 -7.53522e-31 -8.82338e-31 -5.30646e-31 -6.20738e-31
          -3.57685e-31 -4.18452e-31 -2.30309e-31 -2.69753e-31 -1.41359e-31 -1.65876e-31 -8.25261e-32 -9.70471e-32 -4.57268e-32 -5.38872e-32 -2.39966e-32 -2.83315e-32
          -1.19061e-32 -1.40763e-32 -5.57654e-33 -6.59883e-33 -2.46133e-33 -2.91463e-33 -1.02143e-33 -1.20906e-33 -3.99518e-34 -4.72104e-34 -1.46632e-34 -1.73026e-34
          -5.04016e-35 -5.93555e-35 -1.61962e-35 -1.9022e-35 -4.85766e-36 -5.68516e-36 -1.35818e-36 -1.58242e-36 -3.54083e-37 -4.10193e-37 -8.63032e-38 -9.92579e-38
          -1.98037e-38 -2.25676e-38 0 0 0 0 0 0 0 0 0 0
          0 0 0 0 0 0 0 0 0 0 0 0
          -0 -0 -0 -0 0 -0 0 0 0 0 0 0
          0 0 0 0 0 0 0 0 0 0 0 0
          -0 -0 -0 -0 -0 -0 -0 -0 -0 -0 -0 -0
          -0 -0 -0 -0 -0 -0 0 0 0 0 0 0
          0 0 0 0 0 0 0 0 0 0 0 0
          -0 -0 -0 -0 -0 -0 -0 -0 -0 -0 -0 -0
          -0 -0 -0 -0 -0 -0 0 0 0 0 0 0
          0 0 0 0 0 0 0 0 0 0 0 0
          0 0 -0 -0 -0 -0 -0 -0 -0 -0 -0 -0
          -0 -0 -0 -0 -0 -0 -0 -0 0 0 -4.60568e-30 -5.10516e-30
          -4.97328e-30 -4.63846e-30 -4.2262e-30 -3.75423e-30 -3.23139e-30 -2.68247e-30 -2.14217e-30 -1.64397e-30 -1.21168e-30 -8.56868e-31 -5.80855e-31 -3.76992e-31
          -2.33639e-31 -1.378e-31 -7.71021e-32 -4.08115e-32 -2.03892e-32 -9.59831e-33 -4.25192e-33 -1.76656e-33 -6.89264e-34 -2.52282e-34 -8.63138e-35 -2.75419e-35
          -8.17995e-36 -2.2573e-36 -5.78403e-37 -1.37821e-37 -3.06982e-38 0 0 0 0 0 0 0
          0 0 0 0 -0 -0 -0 -0 0 0 0 0
          0 0 0 0 0 -0 -0 -0 -0 -0 -0 -0
          -0 -0 0 0 0 0 0 0 0 0 0 -0
          -0 -0 -0 -0 -0 -0 -0 -0 0 0 0 0
          0 0 0 0 0 -0 -0 -0 -0 -0 -0 -0
          -0 -0 0 -5.23472e-30 -5.9243e-30 -5.86796e-30 -5.62006e-30 -5.27958e-30 -4.8168e-30 -4.22983e-30 -3.56091e-30 -2.87189e-30
          -2.22111e-30 -1.64986e-30 -1.17798e-30 -8.07606e-31 -5.3053e-31 -3.33004e-31 -1.98924e-31 -1.12636e-31 -6.02586e-32 -3.03821e-32 -1.44111e-32 -6.42187e-33
          -2.68179e-33 -1.04859e-33 -3.84125e-34 -1.31334e-34 -4.17923e-35 -1.23478e-35 -3.37964e-36 -8.55601e-37 -2.00365e-37 -4.35315e-38 0 0
          0 0 0 0 0 0 0 0 0 -0 -0 -0
          -0 -0 -0 0 0 0 0 0 0 0 0 -0
          -0 -0 -0 -0 -0 -0 -0 -0 0 0 0 0
          0 0 0 0 -0 -0 -0 -0 -0 -0 -0 -0
          -0 0 0 0 0 0 0 0 0 0 0 -0
          -0 -0 -0 -0 -0 -0 -0 0 -5.81048e-30 -6.72269e-30 -6.67415e-30 -6.52494e-30
          -6.29993e-30 -5.8816e-30 -5.2487e-30 -4.46543e-30 -3.62729e-30 -2.8225e-30 -2.11156e-30 -1.52255e-30 -1.05771e-30 -7.05413e-31 -4.49546e-31 -2.72518e-31
          -1.5644e-31 -8.4738e-32 -4.32013e-32 -2.0692e-32 -9.29719e-33 -3.91176e-33 -1.53681e-33 -5.64422e-34 -1.9318e-34 -6.13914e-35 -1.80622e-35 -4.90528e-36
          -1.22627e-36 -2.81606e-37 -5.93524e-38 0 0 0 0 0 0 0 0 0
          0 0 -0 -0 -0 -0 -0 -0 -0 0 0 0
          0 0 0 0 0 0 -0 -0 -0 -0 -0 -0
          -0 -0 0 0 0 0 0 0 0 0 -0 -0
          -0 -0 -0 -0 -0 -0 -0 0 0 0 0 0
          0 0 0 0 -0 -0 -0 -0 -0 -0 -0 -0
          0 -6.32894e-30 -7.47695e-30 -7.34886e-30 -7.30036e-30 -7.21031e-30 -6.84668e-30 -6.17209e-30 -5.27943e-30 -4.30238e-30 -3.35959e-30 -2.5282e-30
          -1.84017e-30 -1.2951e-30 -8.77271e-31 -5.67899e-31 -3.4924e-31 -2.03164e-31 -1.11418e-31 -5.74675e-32 -2.78249e-32 -1.26247e-32 -5.35796e-33 -2.11912e-33
          -7.81215e-34 -2.67856e-34 -8.50397e-35 -2.4908e-35 -6.70406e-36 -1.65052e-36 -3.69652e-37 -7.47181e-38 -1.34416e-38 0 0 0
          0 0 0 0 0 0 0 0 -0 -0 -0 -0
          -0 -0 -0 -0 0 0 0 0 0 0 0 -0
          -0 -0 -0 -0 -0 -0 -0 -0 0 0 0 0
          0 0 0 0 -0 -0 -0 -0 -0 -0 -0 -0
          -0 0 0 0 0 0 0 0 0 0 -0 -0
          -0 -0 -0 -0 -0 0 -6.764e-30 -8.12786e-30 -7.84428e-30 -7.90694e-30 -7.94928e-30 -7.62582e-30
          -6.90442e-30 -5.91283e-30 -4.82012e-30 -3.77097e-30 -2.85274e-30 -2.09556e-30 -1.49291e-30 -1.02521e-30 -6.72818e-31 -4.18863e-31 -2.46398e-31 -1.36651e-31
          -7.12967e-32 -3.49216e-32 -1.60184e-32 -6.86253e-33 -2.7361e-33 -1.01282e-33 -3.47738e-34 -1.10191e-34 -3.20706e-35 -8.52619e-36 -2.05498e-36 -4.43818e-37
          -8.39955e-38 -1.31893e-38 0 0 0 0 0 0 0 0 0 0
          0 -0 -0 -0 -0 -0 -0 -0 -0 0 0 0
          0 0 0 0 0 -0 -0 -0 -0 -0 -0 -0
          -0 0 0 0 0 0 0 0 0 0 -0 -0
          -0 -0 -0 -0 -0 -0 -0 0 0 0 0 0
          0 0 0 0 -0 -0 -0 -0 -0 -0 0 -7.03592e-30
          -8.55418e-30 -8.12892e-30 -8.32612e-30 -8.47448e-30 -8.15957e-30 -7.38144e-30 -6.30949e-30 -5.13899e-30 -4.02671e-30 -3.06189e-30 -2.26834e-30 -1.63254e-30
          -1.13235e-30 -7.5003e-31 -4.70891e-31 -2.79329e-31 -1.56434e-31 -8.25716e-32 -4.09556e-32 -1.90157e-32 -8.23124e-33 -3.30878e-33 -1.22937e-33 -4.2195e-34
          -1.33109e-34 -3.83371e-35 -9.99986e-36 -2.332e-36 -4.7458e-37 -7.94646e-38 0 0 0 0 0 0
          0 0 0 0 0 0 -0 -0 -0 -0 -0 -0
          -0 -0 -0 0 0 0 0 0 0 0 0 -0
          -0 -0 -0 -0 -0 -0 -0 0 0 0 0 0
          0 0 0 0 -0 -0 -0 -0 -0 -0 -0 -0
          -0 0 0 0 0 0 0 0 0 0 -0 -0
          -0 -0 -0 0 -6.85437e-30 -8.43764e-30 -8.23059e-30 -8.56498e-30 -8.75659e-30 -8.41598e-30 -7.58133e-30 -6.45722e-30
          -5.25504e-30 -4.12688e-30 -3.15281e-30 -2.35027e-30 -1.7017e-30 -1.18556e-30 -7.87654e-31 -4.96414e-31 -2.96158e-31 -1.67399e-31 -8.95023e-32 -4.50397e-32
          -2.11999e-32 -9.27731e-33 -3.75557e-33 -1.39864e-33 -4.78193e-34 -1.49401e-34 -4.22479e-35 -1.06727e-35 -2.3508e-36 -4.26634e-37 -5.21979e-38 0
          0 0 0 0 0 0 0 0 0 0 0 -0
          -0 -0 -0 -0 -0 -0 -0 -0 -0 0 0 0
          0 0 0 0 0 -0 -0 -0 -0 -0 -0 -0
          -0 0 0 0 0 0 0 0 0 0 -0 -0
          -0 -0 -0 -0 -0 -0 -0 0 0 0 0 0
          0 0 0 0 -0 -0 -0 -0 0 -9.7308e-30 -5.97616e-30 -8.59104e-30
          -8.63037e-30 -8.77798e-30 -8.38695e-30 -7.51587e-30 -6.38266e-30 -5.195e-30 -4.09164e-30 -3.13669e-30 -2.34257e-30 -1.69547e-30 -1.17807e-30 -7.80057e-31
          -4.91208e-31 -2.94558e-31 -1.68299e-31 -9.14104e-32 -4.67995e-32 -2.23612e-32 -9.8871e-33 -4.02004e-33 -1.49471e-33 -5.05741e-34 -1.5498e-34 -4.23878e-35
          -1.00954e-35 -1.98038e-36 -2.64948e-37 0 2.07398e-38 0 0 0 0 0 0 0
          0 0 0 0 -0 -0 -0 -0 -0 -0 -0 -0
          -0 -0 0 0 0 0 0 0 0 0 0 -0
          -0 -0 -0 -0 -0 -0 -0 0 0 0 0 0
          0 0 0 0 -0 -0 -0 -0 -0 -0 -0 -0
          -0 0 0 0 0 0 0 0 0 0 -0 -0
          -0 0 -1.04765e-29 -1.38422e-29 -9.07531e-30 -8.57227e-30 -8.53186e-30 -8.07652e-30 -7.21699e-30 -6.13103e-30 -5.00356e-30 -3.95202e-30
          -3.03289e-30 -2.25732e-30 -1.62103e-30 -1.11552e-30 -7.32528e-31 -4.60148e-31 -2.77937e-31 -1.61374e-31 -8.94326e-32 -4.66926e-32 -2.26351e-32 -1.00787e-32
          -4.09237e-33 -1.50653e-33 -4.98642e-34 -1.47185e-34 -3.77487e-35 -7.93066e-36 -1.11989e-36 3.73561e-38 1.02451e-37 4.89512e-38 1.74406e-38 0
          0 0 0 0 0 0 0 0 -0 -0 -0 -0
          -0 -0 -0 -0 -0 -0 -0 -0 0 0 0 0
          0 0 0 0 -0 -0 -0 -0 -0 -0 -0 -0
          -0 0 0 0 0 0 0 0 0 0 -0 -0
          -0 -0 -0 -0 -0 -0 -0 0 0 0 0 0
          0 0 0 0 -0 -0 0 -7.13726e-30 -1.6864e-29 -9.82424e-30 -8.67957e-30 -8.01085e-30
          -7.46359e-30 -6.71566e-30 -5.74793e-30 -4.72373e-30 -3.74512e-30 -2.86878e-30 -2.11926e-30 -1.50207e-30 -1.01953e-30 -6.63986e-31 -4.18077e-31 -2.5636e-31
          -1.52557e-31 -8.66334e-32 -4.6066e-32 -2.25383e-32 -1.00228e-32 -4.01998e-33 -1.44368e-33 -4.58106e-34 -1.25713e-34 -2.80528e-35 -4.05574e-36 2.71848e-37
          4.91373e-37 2.38312e-37 8.6694e-38 2.73318e-38 0 0 0 0 0 0 0 0
          0 0 -0 -0 -0 -0 -0 -0 -0 -0 -0 -0
          -0 0 0 0 0 0 0 0 0 0 -0 -0
          -0 -0 -0 -0 -0 -0 0 0 0 0 0 0
          0 0 0 -0 -0 -0 -0 -0 -0 -0 -0 -0
          -0 0 0 0 0 0 0 0 0 0 -0 0
          -2.28147e-29 -1.41199e-29 -1.0996e-29 -1.03983e-29 -6.77748e-30 -6.46725e-30 -6.03087e-30 -5.27021e-30 -4.39013e-30 -3.50556e-30 -2.68152e-30 -1.96271e-30
          -1.374e-30 -9.2333e-31 -6.02259e-31 -3.85819e-31 -2.43671e-31 -1.49704e-31 -8.70871e-32 -4.67828e-32 -2.28297e-32 -1.00004e-32 -3.89798e-33 -1.33633e-33
          -3.92742e-34 -9.29365e-35 -1.39116e-35 1.37725e-36 2.15722e-36 1.08735e-36 4.11067e-37 1.32982e-37 3.89301e-38 0 0 0
          0 0 0 0 0 0 0 0 -0 -0 -0 -0
          -0 -0 -0 -0 -0 -0 0 0 0 0 0 0
          0 0 0 0 -0 -0 -0 -0 -0 -0 -0 -0
          0 0 0 0 0 0 0 0 0 -0 -0 -0
          -0 -0 -0 -0 -0 -0 -0 0 0 0 0 0
          0 0 0 0 0 -1.99429e-29 -5.37243e-30 -1.06985e-29 -9.2536e-30 -3.16575e-30 -5.04247e-30 -5.2535e-30
          -4.73214e-30 -4.03206e-30 -3.26463e-30 -2.506e-30 -1.82543e-30 -1.27212e-30 -8.58913e-31 -5.72752e-31 -3.81418e-31 -2.51357e-31 -1.59428e-31 -9.41903e-32
          -5.04573e-32 -2.42093e-32 -1.02966e-32 -3.83587e-33 -1.22447e-33 -3.16222e-34 -5.33819e-35 3.26779e-36 7.95114e-36 4.41894e-36 1.79392e-36 6.12628e-37
          1.85747e-37 5.16859e-38 1.35646e-38 0 0 0 0 0 0 0 0 0
          0 -0 -0 -0 -0 -0 -0 -0 -0 -0 -0 -0
          0 0 0 0 0 0 0 0 0 -0 -0 -0
          -0 -0 -0 -0 -0 -0 0 0 0 0 0 0
          0 0 0 -0 -0 -0 -0 -0 -0 -0 -0 -0
          -0 0 0 0 0 0 0 0 0 0 -1.46237e-29 -4.39445e-30
          -1.05662e-29 3.91945e-31 2.27478e-30 -3.94698e-30 -4.45311e-30 -4.20051e-30 -3.69267e-30 -3.05057e-30 -2.36741e-30 -1.73319e-30 -1.21858e-30 -8.43548e-31
          -5.87017e-31 -4.11451e-31 -2.82861e-31 -1.83558e-31 -1.08827e-31 -5.7623e-32 -2.69821e-32 -1.10737e-32 -3.91294e-33 -1.14348e-33 -2.42763e-34 -1.24463e-35
          2.16135e-35 1.50658e-35 6.87871e-36 2.56204e-36 8.30529e-37 2.4205e-37 6.49459e-38 1.64137e-38 0 0 0 0
          0 0 0 0 0 0 0 -0 -0 -0 -0 -0
          -0 -0 -0 -0 -0 0 0 0 0 0 0 0
          0 0 0 -0 -0 -0 -0 -0 -0 -0 -0 -0
          0 0 0 0 0 0 0 0 0 -0 -0 -0
          -0 -0 -0 -0 -0 -0 -0 0 0 0 0 0
          0 0 0 -7.73086e-30 -3.9323e-30 -3.91521e-30 1.89169e-30 -2.28423e-30 -3.78373e-30 -3.74548e-30 -3.87683e-30 -3.40609e-30
          -2.87445e-30 -2.27573e-30 -1.69359e-30 -1.2172e-30 -8.73936e-31 -6.38164e-31 -4.68152e-31 -3.31786e-31 -2.17956e-31 -1.28893e-31 -6.74177e-32 -3.0882e-32
          -1.22903e-32 -4.14485e-33 -1.11155e-33 -1.83054e-34 2.50554e-35 3.92395e-35 2.20655e-35 9.33035e-36 3.33283e-36 1.04956e-36 2.98375e-37 7.7999e-38
          1.91112e-38 0 0 0 0 0 0 0 0 0 0 0
          0 -0 -0 -0 -0 -0 -0 -0 -0 -0 -0 0
          0 0 0 0 0 0 0 0 -0 -0 -0 -0
          -0 -0 -0 -0 -0 0 0 0 0 0 0 0
          0 0 0 -0 -0 -0 -0 -0 -0 -0 -0 -0
          -0 0 0 0 0 0 0 0 -3.47787e-30 -2.22165e-30 7.56691e-31 -5.09545e-31
          -3.1154e-30 -3.99362e-30 -2.9088e-30 -3.21601e-30 -3.09948e-30 -2.73891e-30 -2.23172e-30 -1.6984e-30 -1.25303e-30 -9.31028e-31 -7.06296e-31 -5.34117e-31
          -3.85305e-31 -2.54601e-31 -1.50167e-31 -7.7917e-32 -3.51843e-32 -1.37217e-32 -4.48118e-33 -1.12533e-33 -1.415e-34 5.59456e-35 5.46419e-35 2.83664e-35
          1.15765e-35 4.04692e-36 1.25379e-36 3.5097e-37 9.01027e-38 2.15494e-38 0 0 0 0 0 0
          0 0 0 0 0 0 0 -0 -0 -0 -0 -0
          -0 -0 -0 -0 0 0 0 0 0 0 0 0
          0 0 -0 -0 -0 -0 -0 -0 -0 -0 -0 0
          0 0 0 0 0 0 0 0 0 -0 -0 -0
          -0 -0 -0 -0 -0 -0 -0 0 0 0 0 0
          0 -1.45262e-30 -1.63305e-30 -1.8352e-30 -4.47851e-30 -6.39674e-30 -1.98137e-30 -2.45366e-30 -2.86903e-30 -2.87686e-30 -2.65366e-30 -2.22189e-30
          -1.72782e-30 -1.30215e-30 -9.9076e-31 -7.69266e-31 -5.91586e-31 -4.30788e-31 -2.85607e-31 -1.68335e-31 -8.70547e-32 -3.90523e-32 -1.50728e-32 -4.83568e-33
          -1.16602e-33 -1.16569e-34 7.90176e-35 6.68984e-35 3.35407e-35 1.34568e-35 4.6525e-36 1.42854e-36 3.96213e-37 1.00512e-37 2.36194e-38 0
          0 0 0 0 0 0 0 0 0 0 0 0
          -0 -0 -0 -0 -0 -0 -0 -0 -0 -0 0 0
          0 0 0 0 0 0 0 -0 -0 -0 -0 -0
          -0 -0 -0 -0 -0 0 0 0 0 0 0 0
          0 0 0 -0 -0 -0 -0 -0 -0 -0 -0 -0
          -0 0 0 0 0 0 -1.01758e-30 -1.38797e-30 -8.96774e-31 -1.13683e-30 3.25459e-30 -4.39515e-32
          -1.79533e-30 -2.52144e-30 -2.74754e-30 -2.60835e-30 -2.23238e-30 -1.76293e-30 -1.34604e-30 -1.03685e-30 -8.13931e-31 -6.30809e-31 -4.61489e-31 -3.067e-31
          -1.80939e-31 -9.35454e-32 -4.19064e-32 -1.61129e-32 -5.12888e-33 -1.21105e-33 -1.03601e-34 9.45166e-35 7.56329e-35 3.7336e-35 1.48608e-35 5.11023e-36
          1.56184e-36 4.30953e-37 1.08532e-37 2.52081e-38 0 0 0 0 0 0 0 0
          0 0 0 0 0 0 -0 -0 -0 -0 -0 -0
          -0 -0 -0 -0 0 0 0 0 0 0 0 0
          0 -0 -0 -0 -0 -0 -0 -0 -0 -0 -0 0
          0 0 0 0 0 0 0 0 0 -0 -0 -0
          -0 -0 -0 -0 -0 -0 -0 0 0 0 0 -1.40301e-30
          -2.22805e-30 6.86068e-31 5.36702e-30 1.18533e-30 1.35846e-30 -1.25359e-30 -2.34255e-30 -2.67575e-30 -2.60435e-30 -2.25303e-30 -1.79247e-30 -1.37605e-30
          -1.06439e-30 -8.38307e-31 -6.51511e-31 -4.77596e-31 -3.17931e-31 -1.87823e-31 -9.7202e-32 -4.35749e-32 -1.67407e-32 -5.31472e-33 -1.24361e-33 -9.78488e-35
          1.03311e-34 8.0818e-35 3.96381e-35 1.57239e-35 5.39427e-36 1.64514e-36 4.52788e-37 1.13593e-37 2.62111e-38 0 0 0
          0 0 0 0 0 0 0 0 0 0 0 0
          -0 -0 -0 -0 -0 -0 -0 -0 -0 0 0 0
          0 0 0 0 0 0 0 -0 -0 -0 -0 -0
          -0 -0 -0 -0 -0 0 0 0 0 0 0 0
          0 0 0 -0 -0 -0 -0 -0 -0 -0 -0 -0
          -0 0 0 0 -1.2689e-30 -2.39217e-30 9.20281e-31 5.70613e-30 -3.78532e-30 1.36755e-30 -9.99203e-31 -2.18046e-30
          -2.63649e-30 -2.60968e-30 -2.26598e-30 -1.80586e-30 -1.38767e-30 -1.07386e-30 -8.46053e-31 -6.57881e-31 -4.82494e-31 -3.21383e-31 -1.89976e-31 -9.83684e-32
          -4.4119e-32 -1.69484e-32 -5.37771e-33 -1.25527e-33 -9.62539e-35 1.06159e-34 8.25372e-35 4.04094e-35 1.6015e-35 5.49055e-36 1.67348e-36 4.60239e-37
          1.15325e-37 2.65544e-38 0 0 0 0 0 0 0 0 0 0
          0 0 0 0 0 -0 -0 -0 -0 -0 -0 -0
          -0 -0 -0 0 0 0 0 0 0 0 0 0
          -0 -0 -0 -0 -0 -0 -0 -0 -0 -0 0 0
          0 0 0 0 0 0 0 0 -0 -0 -0 -0
          -0 -0 -0 -0 -0 -0 -0 0 0
        </DataArray>
        <DataArray type="Float32" Name="X^H2_gas" NumberOfComponents="1" format="ascii">
          0.00767785 0.00858624 0.0115864 0.0118253 0.00806449 0.0105545 0.0071775 0.00901531 0.00613078 0.00749094 0.00506814 0.00607908
          0.00407096 0.00482261 0.00318242 0.00373891 0.00242166 0.00283021 0.00179165 0.00208847 0.00128793 0.00149909 0.000898599 0.00104498
          0.000607126 0.000706357 0.000396323 0.000461868 0.000249381 0.000291349 0.000150897 0.000176833 8.75925e-05 0.000103002 4.86613e-05 5.74309e-05
          2.58179e-05 3.05823e-05 1.3057e-05 1.55222e-05 6.28123e-06 7.49566e-06 2.86722e-06 3.43176e-06 1.24419e-06 1.49213e-06 5.11244e-07 6.14666e-07
          1.98623e-07 2.39334e-07 7.28779e-08 8.79776e-08 2.52307e-08 3.05022e-08 8.23546e-09 9.96627e-09 2.53373e-09 3.06794e-09 7.34639e-10 8.8966e-10
          2.00688e-10 2.42983e-10 5.16382e-11 6.24867e-11 1.25119e-11 1.51274e-11 2.85453e-12 3.44721e-12 6.13264e-13 7.39522e-13 1.24111e-13 1.49405e-13
          2.36719e-14 2.84401e-14 4.25748e-15 5.10383e-15 7.22401e-16 8.63941e-16 1.15747e-16 1.3807e-16 1.75294e-17 2.08531e-17 2.51109e-18 2.9787e-18
          3.40418e-19 4.02618e-19 4.36924e-20 5.15187e-20 5.31187e-21 6.24388e-21 6.12107e-22 7.17225e-22 6.69175e-23 7.81568e-23 6.94771e-24 8.08818e-24
          6.85813e-25 7.95761e-25 6.44277e-26 7.45091e-26 5.76556e-27 6.64556e-27 4.91894e-28 5.65083e-28 4.00299e-29 4.58326e-29 3.12304e-30 3.56381e-30
          2.34375e-31 2.66567e-31 1.69212e-32 1.9182e-32 1.17511e-33 1.32775e-33 7.8509e-35 8.84181e-35 5.04979e-36 5.66874e-36 3.13145e-37 3.50396e-37
          1.87572e-38 2.09215e-38 0 0 0 0 0 0 0 0 0 0
          0 0 0 0 0 0 0 0 0 0 0 0
          0 0 0 0 0 0 0 0 0 0 0 0
          0 0 0 0 0 0 0 0 0 0 0 0
          0 0 0 0 0 0 0 0 0 0 -0 -0
          -0 -0 -0 -0 -0 -0 0 -0 0 0 0 0
          0 0 0 0 0 0 0 0 0 0 0.0158877 0.0160179
          0.0145738 0.0125139 0.0103794 0.00839269 0.00663757 0.00513778 0.00388963 0.00287628 0.0020733 0.00145292 0.000987697 0.000650269
          0.000413543 0.00025327 0.000148938 8.38602e-05 4.50884e-05 2.30973e-05 1.12521e-05 5.19341e-06 2.27243e-06 9.42078e-07 3.68925e-07 1.36275e-07
          4.74339e-08 1.55452e-08 4.79494e-09 1.39199e-09 3.80286e-10 9.77513e-11 2.36374e-11 5.3767e-12 1.15063e-12 2.31755e-13 4.39575e-14 7.85634e-15
          1.32385e-15 2.10522e-16 3.16272e-17 4.49236e-18 6.03653e-19 7.67733e-20 9.24623e-21 1.05525e-21 1.14233e-22 1.1742e-23 1.14735e-24 1.06684e-25
          9.44868e-27 7.97761e-28 6.42441e-29 4.95956e-30 3.68308e-31 2.63132e-32 1.8083e-33 1.19555e-34 7.61e-36 4.67013e-37 2.76846e-38 0
          0 0 0 0 0 0 0 0 0 0 0 0
          0 0 0 0 0 0 0 0 0 0 0 0
          0 0 0 0 -0 -0 -0 -0 0 0 0 0
          0 0 0 0.0211791 0.0210953 0.0193928 0.0168334 0.0140808 0.0114641 0.009124 0.00710806 0.00541919
          0.00403873 0.00293743 0.00208015 0.00142992 0.000951793 0.000612348 0.000379705 0.000226179 0.000129016 7.02605e-05 3.64349e-05 1.7953e-05
          8.38045e-06 3.69989e-06 1.54668e-06 6.10392e-07 2.26992e-07 7.9459e-08 2.61605e-08 8.09723e-09 2.35632e-09 6.4468e-10 1.65813e-10 4.00879e-11
          9.11004e-12 1.94635e-12 3.9111e-13 7.39635e-14 1.31727e-14 2.21075e-15 3.49977e-16 5.23188e-17 7.39217e-18 9.87761e-19 1.24889e-19 1.49493e-20
          1.69534e-21 1.82327e-22 1.86158e-23 1.80653e-24 1.66803e-25 1.4668e-26 1.22949e-27 9.82863e-29 7.53109e-30 5.55093e-31 3.93597e-32 2.68442e-33
          1.76127e-34 1.1125e-35 6.7745e-37 3.98477e-38 0 0 0 0 0 0 0 0
          0 0 0 0 0 0 0 0 0 0 0 0
          0 0 0 0 0 0 0 0 0 -0 -0 -0
          -0 0 0 0 0 0 0 0 0.0276058 0.027205 0.0250846 0.0219278
          0.0184792 0.0151531 0.0121454 0.00953191 0.0073257 0.00550818 0.00404543 0.00289632 0.00201604 0.00135964 0.000886054 0.00055683
          0.000336377 0.00019464 0.000107521 5.65317e-05 2.82197e-05 1.33444e-05 5.95624e-06 2.51337e-06 1.00089e-06 3.75218e-07 1.3226e-07 4.37988e-08
          1.362e-08 3.97751e-09 1.09099e-09 2.81064e-10 6.80055e-11 1.54546e-11 3.29949e-12 6.62079e-13 1.2495e-13 2.21945e-14 3.71316e-15 5.85678e-16
          8.71979e-17 1.22657e-17 1.6312e-18 2.05207e-19 2.44341e-20 2.75577e-21 2.94683e-22 2.99107e-23 2.88509e-24 2.64742e-25 2.31336e-26 1.92662e-27
          1.5301e-28 1.16461e-29 8.52635e-31 6.00486e-32 4.06752e-33 2.65037e-34 1.66246e-35 1.00525e-36 5.87112e-38 0 0 0
          0 0 0 0 0 0 0 0 0 0 0 0
          0 0 0 0 0 0 0 0 0 0 0 0
          0 0 0 -0 -0 -0 -0 0 0 0 0 0
          0 0.0352927 0.0344822 0.0317749 0.0278715 0.0236055 0.0194644 0.015689 0.0123845 0.00957956 0.00725671 0.00537557
          0.0038861 0.00273511 0.00186841 0.00123402 0.000785816 0.000481357 0.000282603 0.000158427 8.45155e-05 4.27796e-05 2.05015e-05 9.26627e-06
          3.95115e-06 1.58906e-06 6.01103e-07 2.13561e-07 7.12031e-08 2.22659e-08 6.53125e-09 1.7975e-09 4.64196e-10 1.12491e-10 2.55835e-11 5.46195e-12
          1.09522e-12 2.0641e-13 3.65923e-14 6.1067e-15 9.60339e-16 1.4249e-16 1.99674e-17 2.64457e-18 3.31238e-19 3.92588e-20 4.40636e-21 4.68815e-22
          4.73375e-23 4.54151e-24 4.14446e-25 3.60114e-26 2.98195e-27 2.35445e-28 1.78136e-29 1.29635e-30 9.07473e-32 6.10955e-33 3.95651e-34 2.46637e-35
          1.48204e-36 8.60122e-38 0 0 0 0 0 0 0 0 0 0
          0 0 0 0 0 0 0 0 0 0 0 0
          0 0 0 0 0 0 0 0 -0 -0 -0 -0
          0 0 0 0 0 0 0.044311 0.0430067 0.039555 0.0347421 0.0295079 0.0244215
          0.0197711 0.015679 0.0121843 0.00927948 0.00691981 0.0050427 0.00358218 0.00247368 0.00165461 0.00106751 0.000662519 0.000394429
          0.000224342 0.000121438 6.23504e-05 3.02845e-05 1.38754e-05 5.98323e-06 2.43101e-06 9.2849e-07 3.32711e-07 1.11757e-07 3.51674e-08 1.03681e-08
          2.86486e-09 7.42073e-10 1.80213e-10 4.10392e-11 8.76634e-12 1.75747e-12 3.30936e-13 5.85824e-14 9.75702e-15 1.53054e-15 2.26424e-16 3.16242e-17
          4.17325e-18 5.20671e-19 6.14552e-20 6.86758e-21 7.2735e-22 7.30952e-23 6.97847e-24 6.33648e-25 5.4776e-26 4.5121e-27 3.54373e-28 2.66658e-29
          1.92995e-30 1.34358e-31 8.99558e-33 5.793e-34 3.59089e-35 2.14554e-36 1.23809e-37 0 0 0 0 0
          0 0 0 0 0 0 0 0 0 0 0 0
          0 0 0 0 0 0 0 0 0 0 0 0
          0 -0 -0 -0 -0 -0 0 0 0 0 0 0.0546017
          0.0527363 0.0484176 0.0425619 0.0362227 0.030052 0.0243961 0.0194141 0.015148 0.0115824 0.00867692 0.00636186 0.00455378
          0.00317279 0.00214497 0.00140105 0.000880478 0.000530961 0.000306179 0.000168097 8.75301e-05 4.30936e-05 2.00125e-05 8.73265e-06 3.58487e-06
          1.38283e-06 4.99969e-07 1.6926e-07 5.36209e-08 1.58964e-08 4.41188e-09 1.14672e-09 2.79192e-10 6.36883e-11 1.36171e-11 2.73052e-12 5.13922e-13
          9.08768e-14 1.51113e-14 2.3654e-15 3.49031e-16 4.86049e-17 6.39321e-18 7.9483e-19 9.34612e-20 1.04027e-20 1.09715e-21 1.0978e-22 1.04337e-23
          9.43011e-25 8.11341e-26 6.65115e-27 5.19815e-28 3.89183e-29 2.80251e-30 1.94114e-31 1.29301e-32 8.28404e-34 5.10846e-35 3.03641e-36 1.743e-37
          0 0 0 0 0 0 0 0 0 0 0 0
          0 0 0 0 0 0 0 0 0 0 0 0
          0 0 0 0 0 0 0 -0 -0 -0 -0 0
          0 0 0 0 0.065903 0.0634381 0.0581896 0.0512276 0.0437053 0.0363522 0.0295775 0.0235862
          0.0184536 0.0141617 0.0106475 0.00783955 0.00564455 0.00396203 0.00270191 0.00178379 0.00113429 0.000692191 0.000404211 0.000224894
          0.0001187 5.92188e-05 2.78513e-05 1.23055e-05 5.10418e-06 1.98834e-06 7.2544e-07 2.47564e-07 7.89741e-08 2.35484e-08 6.56633e-09 1.71304e-09
          4.18247e-10 9.55996e-11 2.04652e-11 4.10576e-12 7.72636e-13 1.3652e-13 2.26715e-14 3.54237e-15 5.21519e-16 7.24344e-17 9.49966e-18 1.17726e-18
          1.37954e-19 1.52989e-20 1.60736e-21 1.60186e-22 1.51613e-23 1.36444e-24 1.1688e-25 9.53877e-27 7.42119e-28 5.53028e-29 3.96371e-30 2.73254e-31
          1.81158e-32 1.15512e-33 7.08918e-35 4.19347e-36 2.39556e-37 1.32452e-38 0 0 0 0 0 0
          0 0 0 0 0 0 0 0 0 0 0 0
          0 0 0 0 0 0 0 0 0 0 0 0
          -0 -0 -0 -0 0 0 0 0 0 0.0777844 0.0746913 0.0685113
          0.0604776 0.0517851 0.0432224 0.0352677 0.0281863 0.0220916 0.0169923 0.0128192 0.00947025 0.00684688 0.00483429 0.00332108
          0.00221141 0.00142141 0.000877024 0.000517955 0.000291729 0.00015594 7.87869e-05 3.7505e-05 1.67761e-05 7.03024e-06 2.76445e-06 1.01767e-06
          3.50069e-07 1.12454e-07 3.37286e-08 9.45018e-09 2.47483e-09 6.06035e-10 1.38823e-10 2.97603e-11 5.97486e-12 1.12444e-12 1.98578e-13 3.29427e-14
          5.13925e-15 7.55115e-16 1.04633e-16 1.36862e-17 1.69116e-18 1.97553e-19 2.18352e-20 2.28601e-21 2.26979e-22 2.1401e-23 1.91841e-24 1.63669e-25
          1.33023e-26 1.03059e-27 7.64681e-29 5.45693e-30 3.7456e-31 2.47236e-32 1.56954e-33 9.59004e-35 5.64763e-36 3.21188e-37 1.76793e-38 0
          0 0 0 0 0 0 0 0 0 0 0 0
          0 0 0 0 0 0 0 0 0 0 0 0
          0 0 0 0 0 -0 -0 -0 -0 -0 0 0
          0 0 0.0899223 0.0860511 0.0789318 0.0699307 0.0601746 0.0504701 0.0413458 0.033141 0.0260308 0.0200552
          0.0151632 0.0112374 0.00815025 0.00577963 0.00399435 0.00267927 0.00173704 0.00108289 0.000646137 0.000367919 0.000198967 0.000101718
          4.89807e-05 2.21587e-05 9.38124e-06 3.72189e-06 1.38197e-06 4.79083e-07 1.54949e-07 4.67433e-08 1.31591e-08 3.45934e-09 8.49663e-10 1.95066e-10
          4.18814e-11 8.41555e-12 1.58414e-12 2.79665e-13 4.63556e-14 7.22216e-15 1.05931e-15 1.46478e-16 1.91141e-17 2.35566e-18 2.74394e-19 3.02361e-20
          3.15534e-21 3.1224e-22 2.93367e-23 2.62026e-24 2.22719e-25 1.80332e-26 1.39174e-27 1.02853e-28 7.31057e-30 4.99787e-31 3.2857e-32 2.07747e-33
          1.2642e-34 7.41462e-36 4.19953e-37 2.30207e-38 0 0 0 0 0 0 0 0
          0 0 0 0 0 0 0 0 0 0 0 0
          0 0 0 0 0 0 0 0 0 0 0 -0
          -0 -0 -0 0 0 0 0 0.103321 0.0978583 0.0891768 0.079107 0.0685162
          0.0578437 0.047632 0.0383341 0.0301939 0.0233092 0.0176506 0.0131132 0.00953745 0.00678459 0.00471096 0.00317927 0.00207611
          0.001306 0.000786504 0.000452155 0.000247094 0.000127691 6.21458e-05 2.84003e-05 1.21464e-05 4.85885e-06 1.81874e-06 6.35148e-07 2.06759e-07
          6.272e-08 1.77382e-08 4.6805e-09 1.15298e-09 2.65289e-10 5.7047e-11 1.14735e-11 2.16049e-12 3.81338e-13 6.31657e-14 9.83001e-15 1.43962e-15
          1.98697e-16 2.58731e-17 3.18112e-18 3.69594e-19 4.06142e-20 4.22599e-21 4.16904e-22 3.90457e-23 3.47595e-24 2.94454e-25 2.37591e-26 1.82722e-27
          1.34546e-28 9.52839e-30 6.49032e-31 4.25125e-32 2.67807e-33 1.62367e-34 9.48754e-36 5.35357e-37 2.92372e-38 0 0 0
          0 0 0 0 0 0 0 0 0 0 0 0
          0 0 0 0 0 0 0 0 0 0 0 0
          0 0 0 0 -0 -0 -0 -0 0 0 0 0
          0.122258 0.112758 0.100348 0.0881336 0.0764461 0.0650265 0.0539263 0.0436146 0.0344787 0.0266819 0.0202404 0.0150586
          0.0109835 0.00783253 0.00545708 0.00370101 0.00243167 0.00154052 0.000935808 0.000542522 0.000299207 0.000156118 7.67182e-05 3.53864e-05
          1.52777e-05 6.15796e-06 2.32187e-06 8.16403e-07 2.67366e-07 8.15282e-08 2.31574e-08 6.13195e-09 1.51474e-09 3.49268e-10 7.52192e-11 1.51425e-11
          2.85247e-12 5.03422e-13 8.33424e-14 1.29574e-14 1.8951e-15 2.61135e-16 3.3939e-17 4.16402e-18 4.82678e-19 5.29096e-20 5.4909e-21 5.40196e-22
          5.04474e-23 4.47763e-24 3.78153e-25 3.04177e-26 2.33191e-27 1.71145e-28 1.20804e-29 8.20157e-31 5.3544e-32 3.36182e-33 2.03142e-34 1.18304e-35
          6.65318e-37 3.62123e-38 0 0 0 0 0 0 0 0 0 0
          0 0 0 0 0 0 0 0 0 0 0 0
          0 0 0 0 0 0 0 0 0 -0 -0 -0
          -0 0 0 0 0 0.155398 0.136373 0.115272 0.0980481 0.0841376 0.0717526 0.0599847
          0.0488224 0.0387629 0.0300865 0.022868 0.0170394 0.0124482 0.00889841 0.0062157 0.00423189 0.00279448 0.00178093 0.00108998
          0.000636487 0.000353771 0.000186153 9.22638e-05 4.29127e-05 1.86811e-05 7.58324e-06 2.8777e-06 1.01811e-06 3.35248e-07 1.02714e-07 2.92907e-08
          7.78099e-09 1.92702e-09 4.45206e-10 9.60161e-11 1.93463e-11 3.64582e-12 6.43404e-13 1.06469e-13 1.65393e-14 2.41617e-15 3.32456e-16 4.31363e-17
          5.28256e-18 6.11084e-19 6.68381e-20 6.9202e-21 6.79141e-22 6.3261e-23 5.60012e-24 4.71669e-25 3.78348e-26 2.89237e-27 2.11658e-28 1.48964e-29
          1.00837e-30 6.56381e-32 4.10901e-33 2.47556e-34 1.43741e-35 8.05958e-37 4.3736e-38 0 0 0 0 0
          0 0 0 0 0 0 0 0 0 0 0 0
          0 0 0 0 0 0 0 0 0 0 0 0
          0 0 0 -0 -0 -0 -0 0 0 0 0.215161 0.176476
          0.138012 0.110635 0.0921308 0.0780688 0.0655778 0.0537905 0.0429133 0.0334233 0.0254599 0.018999 0.0138971 0.00995718
          0.00696731 0.004757 0.00315381 0.00201987 0.00124333 0.000730823 0.000408864 0.000216701 0.0001082 5.06907e-05 2.22193e-05 9.07971e-06
          3.46461e-06 1.23243e-06 4.07782e-07 1.25463e-07 3.59036e-08 9.56498e-09 2.37424e-09 5.49491e-10 1.18657e-10 2.39275e-11 4.51084e-12 7.9604e-13
          1.31677e-13 2.04408e-14 2.98314e-15 4.09958e-16 5.31147e-17 6.49394e-18 7.49877e-19 8.18614e-20 8.45838e-21 8.28316e-22 7.69839e-23 6.79919e-24
          5.71302e-25 4.57159e-26 3.48627e-27 2.54466e-28 1.78633e-29 1.20612e-30 7.83084e-32 4.88956e-33 2.9382e-34 1.70161e-35 9.51612e-37 5.15054e-38
          0 0 0 0 0 0 0 0 0 0 0 0
          0 0 0 0 0 0 0 0 0 0 0 0
          0 0 0 0 0 0 0 0 -0 -0 -0 -0
          0 0 0 0.312767 0.238849 0.17158 0.127284 0.101016 0.0840954 0.0706552 0.0583288 0.0468088
          0.0365856 0.0279332 0.0208753 0.0152869 0.0109672 0.00768716 0.00525924 0.00349757 0.00224882 0.00139052 0.00082199 0.000462247
          0.000246458 0.000123817 5.83615e-05 2.57298e-05 1.05756e-05 4.05368e-06 1.44865e-06 4.81297e-07 1.48614e-07 4.26564e-08 1.13918e-08 2.83321e-09
          6.567e-10 1.41962e-10 2.86469e-11 5.40228e-12 9.53338e-13 1.57645e-13 2.44575e-14 3.56631e-15 4.89577e-16 6.33515e-17 7.73471e-18 8.91791e-19
          9.71939e-20 1.00251e-20 9.79943e-22 9.09022e-23 8.0126e-24 6.71896e-25 5.36543e-26 4.08307e-27 2.97376e-28 2.08299e-29 1.40335e-30 9.09145e-32
          5.66422e-33 3.39621e-34 1.96252e-35 1.09509e-36 5.91394e-38 0 0 0 0 0 0 0
          0 0 0 0 0 0 0 0 0 0 0 0
          0 0 0 0 0 0 0 0 0 0 0 0
          0 -0 -0 -0 -0 0 0 0 0.444634 0.317663 0.21363 0.147376
          0.110798 0.0898833 0.0751645 0.0623159 0.0503109 0.0394602 0.0301979 0.0225995 0.0165649 0.0118938 0.00834984 0.00571967
          0.00381236 0.00245847 0.00152556 0.00090587 0.000511459 0.000273969 0.000138315 6.55159e-05 2.90204e-05 1.19849e-05 4.61035e-06 1.6538e-06
          5.51296e-07 1.70728e-07 4.91241e-08 1.31453e-08 3.27452e-09 7.59923e-10 1.64422e-10 3.31977e-11 6.26208e-12 1.10504e-12 1.8268e-13 2.83275e-14
          4.12771e-15 5.66144e-16 7.31835e-17 8.92478e-18 1.0277e-18 1.11854e-19 1.15206e-20 1.12442e-21 1.04139e-22 9.16442e-24 7.67196e-25 6.116e-26
          4.64619e-27 3.37779e-28 2.36173e-29 1.58827e-30 1.02709e-31 6.38749e-33 3.82294e-34 2.20508e-35 1.2282e-36 6.62071e-38 0 0
          0 0 0 0 0 0 0 0 0 0 0 0
          0 0 0 0 0 0 0 0 0 0 0 0
          0 0 0 0 0 0 0 -0 -0 -0 0 0
          0 0.549588 0.392721 0.254671 0.167703 0.120556 0.0952224 0.0790197 0.0656658 0.0532838 0.0419305 0.0321584
          0.0240965 0.0176752 0.0126987 0.00892492 0.0061177 0.00408383 0.002639 0.00164179 0.000977997 0.000553897 0.000297713 0.000150855
          7.1721e-05 3.1883e-05 1.32148e-05 5.09727e-06 1.83374e-06 6.12848e-07 1.90217e-07 5.4835e-08 1.4696e-08 3.6653e-09 8.51406e-10 1.84339e-10
          3.72349e-11 7.02491e-12 1.23961e-12 2.0488e-13 3.17573e-14 4.62487e-15 6.33886e-16 8.18732e-17 9.97535e-18 1.14753e-18 1.24762e-19 1.28355e-20
          1.25125e-21 1.15742e-22 1.01725e-23 8.50466e-25 6.77073e-26 5.13659e-27 3.72903e-28 2.60364e-29 1.74849e-30 1.1291e-31 7.01197e-33 4.19074e-34
          2.4138e-35 1.34254e-36 7.22674e-38 0 0 0 0 0 0 0 0 0
          0 0 0 0 0 0 0 0 0 0 0 0
          0 0 0 0 0 0 0 0 0 0 0 0
          -0 -0 -0 0 0 0 0.620035 0.436911 0.285006 0.184223 0.128815 0.0996494
          0.0820613 0.0682593 0.0555918 0.0438845 0.033712 0.0252849 0.0185564 0.0133366 0.00937954 0.00643172 0.00429693 0.00278027
          0.00173255 0.00103398 0.000586957 0.000316186 0.000160613 7.65538e-05 3.41153e-05 1.41753e-05 5.47797e-06 1.97465e-06 6.61119e-07 2.05521e-07
          5.93246e-08 1.59163e-08 3.97302e-09 9.23485e-10 2.00037e-10 4.04171e-11 7.62615e-12 1.34565e-12 2.22367e-13 3.44575e-14 5.01603e-15 6.87143e-16
          8.86987e-17 1.07998e-17 1.24146e-18 1.3487e-19 1.38639e-20 1.35035e-21 1.24797e-22 1.09581e-23 9.15281e-25 7.27971e-26 5.51734e-27 4.00137e-28
          2.79095e-29 1.87238e-30 1.20788e-31 7.49359e-33 4.47403e-34 2.57434e-35 1.43037e-36 7.69169e-38 0 0 0 0
          0 0 0 0 0 0 0 0 0 0 0 0
          0 0 0 0 0 0 0 0 0 0 0 0
          0 0 0 0 0 -0 -0 -0 0 0 0 0.646794
          0.462154 0.302191 0.194555 0.134302 0.102629 0.0840654 0.0699474 0.0570965 0.0451768 0.0347431 0.0260747 0.0191417
          0.0137592 0.00967745 0.00663825 0.00443625 0.00287217 0.0017913 0.0010701 0.000608264 0.000328025 0.000166855 7.96418e-05 3.5541e-05
          1.47889e-05 5.72124e-06 2.06469e-06 6.9198e-07 2.15309e-07 6.21976e-08 1.66975e-08 4.17007e-09 9.69648e-10 2.10092e-10 4.24551e-11 8.01114e-12
          1.41353e-12 2.33556e-13 3.61846e-14 5.26607e-15 7.21166e-16 9.30564e-17 1.13257e-17 1.30135e-18 1.41309e-19 1.45185e-20 1.41336e-21 1.3055e-22
          1.14568e-23 9.56391e-25 7.60225e-26 5.75839e-27 4.17363e-28 2.90931e-29 1.95059e-30 1.25757e-31 7.7971e-33 4.65239e-34 2.67534e-35 1.48557e-36
          7.98365e-38 0 0 0 0 0 0 0 0 0 0 0
          0 0 0 0 0 0 0 0 0 0 0 0
          0 0 0 0 0 0 0 0 0 0 -0 -0
          -0 0 0 0 0.654589 0.470037 0.307798 0.198085 0.136264 0.103712 0.08479 0.0705555
          0.0576414 0.04565 0.0351221 0.0263656 0.0193573 0.0139144 0.00978649 0.00671386 0.00448646 0.00290502 0.00181216 0.00108284
          0.000615745 0.000332149 0.000169021 8.07109e-05 3.60337e-05 1.50009e-05 5.80534e-06 2.09574e-06 7.02619e-07 2.18683e-07 6.31877e-08 1.69667e-08
          4.23798e-09 9.85554e-10 2.13555e-10 4.31571e-11 8.14371e-12 1.4369e-12 2.37407e-13 3.67788e-14 5.35207e-15 7.32864e-16 9.4554e-17 1.15064e-17
          1.32191e-18 1.43519e-19 1.47431e-20 1.43497e-21 1.32522e-22 1.16277e-23 9.70469e-25 7.71265e-26 5.84087e-27 4.23253e-28 2.94977e-29 1.97732e-30
          1.27454e-31 7.9007e-33 4.71325e-34 2.70978e-35 1.50439e-36 8.08313e-38 0 0 0 0 0 0
          0 0 0 0 0 0 0 0 0 0 0 0
          0 0 0 0 0 0 0 0 0 0 0 0
          0 0 0 -0 -0 -0 0 0 0
        </DataArray>
        <DataArray type="Float32" Name="X^CO2_gas" NumberOfComponents="1" format="ascii">
          0 0 0 0 0 0 0 0 0 0 0 0
          0 0 0 0 0 0 0 0 0 0 0 0
          0 0 0 0 0 0 0 0 0 0 0 0
          0 0 0 0 0 0 0 0 0 0 0 0
          0 0 0 0 0 0 0 0 0 0 0 0
          0 0 0 0 0 0 0 0 0 0 0 0
          0 0 0 0 0 0 0 0 0 0 0 0
          0 0 0 0 0 0 0 0 0 0 0 0
          0 0 0 0 0 0 0 0 0 0 0 0
          0 0 0 0 0 0 0 0 0 0 0 0
          0 0 0 0 0 0 0 0 0 0 0 0
          0 0 0 0 0 0 0 0 0 0 0 0
          0 0 0 0 0 0 0 0 0 0 0 0
          0 0 0 0 0 0 0 0 0 0 0 0
          0 0 0 0 0 0 0 0 0 0 0 0
          0 0 0 0 0 0 0 0 0 0 0 0
          0 0 0 0 0 0 0 0 0 0 0 0
          0 0 0 0 0 0 0 0 0 0 0 0
          0 0 0 0 0 0 0 0 0 0 0 0
          0 0 0 0 0 0 0 0 0 0 0 0
          0 0 0 0 0 0 0 0 0 0 0 0
          0 0 0 0 0 0 0 0 0 0 0 0
          0 0 0 0 0 0 0 0 0 0 0 0
          0 0 0 0 0 0 0 0 0 0 0 0
          0 0 0 0 0 0 0 0 0 0 0 0
          0 0 0 0 0 0 0 0 0 0 0 0
          0 0 0 0 0 0 0 0 0 0 0 0
          0 0 0 0 0 0 0 0 0 0 0 0
          0 0 0 0 0 0 0 0 0 0 0 0
          0 0 0 0 0 0 0 0 0 0 0 0
          0 0 0 0 0 0 0 0 0 0 0 0
          0 0 0 0 0 0 0 0 0 0 0 0
          0 0 0 0 0 0 0 0 0 0 0 0
          0 0 0 0 0 0 0 0 0 0 0 0
          0 0 0 0 0 0 0 0 0 0 0 0
          0 0 0 0 0 0 0 0 0 0 0 0
          0 0 0 0 0 0 0 0 0 0 0 0
          0 0 0 0 0 0 0 0 0 0 0 0
          0 0 0 0 0 0 0 0 0 0 0 0
          0 0 0 0 0 0 0 0 0 0 0 0
          0 0 0 0 0 0 0 0 0 0 0 0
          0 0 0 0 0 0 0 0 0 0 0 0
          0 0 0 0 0 0 0 0 0 0 0 0
          0 0 0 0 0 0 0 0 0 0 0 0
          0 0 0 0 0 0 0 0 0 0 0 0
          0 0 0 0 0 0 0 0 0 0 0 0
          0 0 0 0 0 0 0 0 0 0 0 0
          0 0 0 0 0 0 0 0 0 0 0 0
          0 0 0 0 0 0 0 0 0 0 0 0
          0 0 0 0 0 0 0 0 0 0 0 0
          0 0 0 0 0 0 0 0 0 0 0 0
          0 0 0 0 0 0 0 0 0 0 0 0
          0 0 0 0 0 0 0 0 0 0 0 0
          0 0 0 0 0 0 0 0 0 0 0 0
          0 0 0 0 0 0 0 0 0 0 0 0
          0 0 0 0 0 0 0 0 0 0 0 0
          0 0 0 0 0 0 0 0 0 0 0 0
          0 0 0 0 0 0 0 0 0 0 0 0
          0 0 0 0 0 0 0 0 0 0 0 0
          0 0 0 0 0 0 0 0 0 0 0 0
          0 0 0 0 0 0 0 0 0 0 0 0
          0 0 0 0 0 0 0 0 0 0 0 0
          0 0 0 0 0 0 0 0 0 0 0 0
          0 0 0 0 0 0 0 0 0 0 0 0
          0 0 0 0 0 0 0 0 0 0 0 0
          0 0 0 0 0 0 0 0 0 0 0 0
          0 0 0 0 0 0 0 0 0 0 0 0
          0 0 0 0 0 0 0 0 0 0 0 0
          0 0 0 0 0 0 0 0 0 0 0 0
          0 0 0 0 0 0 0 0 0 0 0 0
          0 0 0 0 0 0 0 0 0 0 0 0
          0 0 0 0 0 0 0 0 0 0 0 0
          0 0 0 0 0 0 0 0 0 0 0 0
          0 0 0 0 0 0 0 0 0 0 0 0
          0 0 0 0 0 0 0 0 0 0 0 0
          0 0 0 0 0 0 0 0 0 0 0 0
          0 0 0 0 0 0 0 0 0 0 0 0
          0 0 0 0 0 0 0 0 0 0 0 0
          0 0 0 0 0 0 0 0 0 0 0 0
          0 0 0 0 0 0 0 0 0 0 0 0
          0 0 0 0 0 0 0 0 0 0 0 0
          0 0 0 0 0 0 0 0 0 0 0 0
          0 0 0 0 0 0 0 0 0 0 0 0
          0 0 0 0 0 0 0 0 0 0 0 0
          0 0 0 0 0 0 0 0 0 0 0 0
          0 0 0 0 0 0 0 0 0 0 0 0
          0 0 0 0 0 0 0 0 0 0 0 0
          0 0 0 0 0 0 0 0 0 0 0 0
          0 0 0 0 0 0 0 0 0 0 0 0
          0 0 0 0 0 0 0 0 0 0 0 0
          0 0 0 0 0 0 0 0 0 0 0 0
          0 0 0 0 0 0 0 0 0 0 0 0
          0 0 0 0 0 0 0 0 0 0 0 0
          0 0 0 0 0 0 0 0 0 0 0 0
          0 0 0 0 0 0 0 0 0 0 0 0
          0 0 0 0 0 0 0 0 0 0 0 0
          0 0 0 0 0 0 0 0 0 0 0 0
          0 0 0 0 0 0 0 0 0 0 0 0
          0 0 0 0 0 0 0 0 0 0 0 0
          0 0 0 0 0 0 0 0 0 0 0 0
          0 0 0 0 0 0 0 0 0 0 0 0
          0 0 0 0 0 0 0 0 0 0 0 0
          0 0 0 0 0 0 0 0 0 0 0 0
          0 0 0 0 0 0 0 0 0 0 0 0
          0 0 0 0 0 0 0 0 0 0 0 0
          0 0 0 0 0 0 0 0 0 0 0 0
          0 0 0 0 0 0 0 0 0 0 0 0
          0 0 0 0 0 0 0 0 0 0 0 0
          0 0 0 0 0 0 0 0 0 0 0 0
          0 0 0 0 0 0 0 0 0 0 0 0
          0 0 0 0 0 0 0 0 0 0 0 0
          0 0 0 0 0 0 0 0 0 0 0 0
          0 0 0 0 0 0 0 0 0 0 0 0
          0 0 0 0 0 0 0 0 0 0 0 0
          0 0 0 0 0 0 0 0 0 0 0 0
          0 0 0 0 0 0 0 0 0 0 0 0
          0 0 0 0 0 0 0 0 0 0 0 0
          0 0 0 0 0 0 0 0 0 0 0 0
          0 0 0 0 0 0 0 0 0 0 0 0
          0 0 0 0 0 0 0 0 0 0 0 0
          0 0 0 0 0 0 0 0 0 0 0 0
          0 0 0 0 0 0 0 0 0 0 0 0
          0 0 0 0 0 0 0 0 0 0 0 0
          0 0 0 0 0 0 0 0 0 0 0 0
          0 0 0 0 0 0 0 0 0 0 0 0
          0 0 0 0 0 0 0 0 0 0 0 0
          0 0 0 0 0 0 0 0 0 0 0 0
          0 0 0 0 0 0 0 0 0 0 0 0
          0 0 0 0 0 0 0 0 0 0 0 0
          0 0 0 0 0 0 0 0 0 0 0 0
          0 0 0 0 0 0 0 0 0 0 0 0
          0 0 0 0 0 0 0 0 0 0 0 0
          0 0 0 0 0 0 0 0 0 0 0 0
          0 0 0 0 0 0 0 0 0 0 0 0
          0 0 0 0 0 0 0 0 0 0 0 0
          0 0 0 0 0 0 0 0 0 0 0 0
          0 0 0 0 0 0 0 0 0 0 0 0
          0 0 0 0 0 0 0 0 0 0 0 0
          0 0 0 0 0 0 0 0 0 0 0 0
          0 0 0 0 0 0 0 0 0 0 0 0
          0 0 0 0 0 0 0 0 0 0 0 0
          0 0 0 0 0 0 0 0 0 0 0 0
          0 0 0 0 0 0 0 0 0 0 0 0
          0 0 0 0 0 0 0 0 0 0 0 0
          0 0 0 0 0 0 0 0 0 0 0 0
          0 0 0 0 0 0 0 0 0 0 0 0
          0 0 0 0 0 0 0 0 0 0 0 0
          0 0 0 0 0 0 0 0 0 0 0 0
          0 0 0 0 0 0 0 0 0 0 0 0
          0 0 0 0 0 0 0 0 0 0 0 0
          0 0 0 0 0 0 0 0 0 0 0 0
          0 0 0 0 0 0 0 0 0 0 0 0
          0 0 0 0 0 0 0 0 0 0 0 0
          0 0 0 0 0 0 0 0 0 0 0 0
          0 0 0 0 0 0 0 0 0 0 0 0
          0 0 0 0 0 0 0 0 0 0 0 0
          0 0 0 0 0 0 0 0 0 0 0 0
          0 0 0 0 0 0 0 0 0 0 0 0
          0 0 0 0 0 0 0 0 0 0 0 0
          0 0 0 0 0 0 0 0 0 0 0 0
          0 0 0 0 0 0 0 0 0 0 0 0
          0 0 0 0 0 0 0 0 0 0 0 0
          0 0 0 0 0 0 0 0 0 0 0 0
          0 0 0 0 0 0 0 0 0 0 0 0
          0 0 0 0 0 0 0 0 0 0 0 0
          0 0 0 0 0 0 0 0 0 0 0 0
          0 0 0 0 0 0 0 0 0 0 0 0
          0 0 0 0 0 0 0 0 0 0 0 0
          0 0 0 0 0 0 0 0 0 0 0 0
          0 0 0 0 0 0 0 0 0 0 0 0
          0 0 0 0 0 0 0 0 0 0 0 0
          0 0 0 0 0 0 0 0 0 0 0 0
          0 0 0 0 0 0 0 0 0 0 0 0
          0 0 0 0 0 0 0 0 0 0 0 0
          0 0 0 0 0 0 0 0 0 0 0 0
          0 0 0 0 0 0 0 0 0 0 0 0
          0 0 0 0 0 0 0 0 0
        </DataArray>
        <DataArray type="Float32" Name="X^N2_gas" NumberOfComponents="1" format="ascii">
          0 0 0 0 0 0 0 0 0 0 0 0
          0 0 0 0 0 0 0 0 0 0 0 0
          0 0 0 0 0 0 0 0 0 0 0 0
          0 0 0 0 0 0 0 0 0 0 0 0
          0 0 0 0 0 0 0 0 0 0 0 0
          0 0 0 0 0 0 0 0 0 0 0 0
          0 0 0 0 0 0 0 0 0 0 0 0
          0 0 0 0 0 0 0 0 0 0 0 0
          0 0 0 0 0 0 0 0 0 0 0 0
          0 0 0 0 0 0 0 0 0 0 0 0
          0 0 0 0 0 0 0 0 0 0 0 0
          0 0 0 0 0 0 0 0 0 0 0 0
          0 0 0 0 0 0 0 0 0 0 0 0
          0 0 0 0 0 0 0 0 0 0 0 0
          0 0 0 0 0 0 0 0 0 0 0 0
          0 0 0 0 0 0 0 0 0 0 0 0
          0 0 0 0 0 0 0 0 0 0 0 0
          0 0 0 0 0 0 0 0 0 0 0 0
          0 0 0 0 0 0 0 0 0 0 0 0
          0 0 0 0 0 0 0 0 0 0 0 0
          0 0 0 0 0 0 0 0 0 0 0 0
          0 0 0 0 0 0 0 0 0 0 0 0
          0 0 0 0 0 0 0 0 0 0 0 0
          0 0 0 0 0 0 0 0 0 0 0 0
          0 0 0 0 0 0 0 0 0 0 0 0
          0 0 0 0 0 0 0 0 0 0 0 0
          0 0 0 0 0 0 0 0 0 0 0 0
          0 0 0 0 0 0 0 0 0 0 0 0
          0 0 0 0 0 0 0 0 0 0 0 0
          0 0 0 0 0 0 0 0 0 0 0 0
          0 0 0 0 0 0 0 0 0 0 0 0
          0 0 0 0 0 0 0 0 0 0 0 0
          0 0 0 0 0 0 0 0 0 0 0 0
          0 0 0 0 0 0 0 0 0 0 0 0
          0 0 0 0 0 0 0 0 0 0 0 0
          0 0 0 0 0 0 0 0 0 0 0 0
          0 0 0 0 0 0 0 0 0 0 0 0
          0 0 0 0 0 0 0 0 0 0 0 0
          0 0 0 0 0 0 0 0 0 0 0 0
          0 0 0 0 0 0 0 0 0 0 0 0
          0 0 0 0 0 0 0 0 0 0 0 0
          0 0 0 0 0 0 0 0 0 0 0 0
          0 0 0 0 0 0 0 0 0 0 0 0
          0 0 0 0 0 0 0 0 0 0 0 0
          0 0 0 0 0 0 0 0 0 0 0 0
          0 0 0 0 0 0 0 0 0 0 0 0
          0 0 0 0 0 0 0 0 0 0 0 0
          0 0 0 0 0 0 0 0 0 0 0 0
          0 0 0 0 0 0 0 0 0 0 0 0
          0 0 0 0 0 0 0 0 0 0 0 0
          0 0 0 0 0 0 0 0 0 0 0 0
          0 0 0 0 0 0 0 0 0 0 0 0
          0 0 0 0 0 0 0 0 0 0 0 0
          0 0 0 0 0 0 0 0 0 0 0 0
          0 0 0 0 0 0 0 0 0 0 0 0
          0 0 0 0 0 0 0 0 0 0 0 0
          0 0 0 0 0 0 0 0 0 0 0 0
          0 0 0 0 0 0 0 0 0 0 0 0
          0 0 0 0 0 0 0 0 0 0 0 0
          0 0 0 0 0 0 0 0 0 0 0 0
          0 0 0 0 0 0 0 0 0 0 0 0
          0 0 0 0 0 0 0 0 0 0 0 0
          0 0 0 0 0 0 0 0 0 0 0 0
          0 0 0 0 0 0 0 0 0 0 0 0
          0 0 0 0 0 0 0 0 0 0 0 0
          0 0 0 0 0 0 0 0 0 0 0 0
          0 0 0 0 0 0 0 0 0 0 0 0
          0 0 0 0 0 0 0 0 0 0 0 0
          0 0 0 0 0 0 0 0 0 0 0 0
          0 0 0 0 0 0 0 0 0 0 0 0
          0 0 0 0 0 0 0 0 0 0 0 0
          0 0 0 0 0 0 0 0 0 0 0 0
          0 0 0 0 0 0 0 0 0 0 0 0
          0 0 0 0 0 0 0 0 0 0 0 0
          0 0 0 0 0 0 0 0 0 0 0 0
          0 0 0 0 0 0 0 0 0 0 0 0
          0 0 0 0 0 0 0 0 0 0 0 0
          0 0 0 0 0 0 0 0 0 0 0 0
          0 0 0 0 0 0 0 0 0 0 0 0
          0 0 0 0 0 0 0 0 0 0 0 0
          0 0 0 0 0 0 0 0 0 0 0 0
          0 0 0 0 0 0 0 0 0 0 0 0
          0 0 0 0 0 0 0 0 0 0 0 0
          0 0 0 0 0 0 0 0 0 0 0 0
          0 0 0 0 0 0 0 0 0 0 0 0
          0 0 0 0 0 0 0 0 0 0 0 0
          0 0 0 0 0 0 0 0 0 0 0 0
          0 0 0 0 0 0 0 0 0 0 0 0
          0 0 0 0 0 0 0 0 0 0 0 0
          0 0 0 0 0 0 0 0 0 0 0 0
          0 0 0 0 0 0 0 0 0 0 0 0
          0 0 0 0 0 0 0 0 0 0 0 0
          0 0 0 0 0 0 0 0 0 0 0 0
          0 0 0 0 0 0 0 0 0 0 0 0
          0 0 0 0 0 0 0 0 0 0 0 0
          0 0 0 0 0 0 0 0 0 0 0 0
          0 0 0 0 0 0 0 0 0 0 0 0
          0 0 0 0 0 0 0 0 0 0 0 0
          0 0 0 0 0 0 0 0 0 0 0 0
          0 0 0 0 0 0 0 0 0 0 0 0
          0 0 0 0 0 0 0 0 0 0 0 0
          0 0 0 0 0 0 0 0 0 0 0 0
          0 0 0 0 0 0 0 0 0 0 0 0
          0 0 0 0 0 0 0 0 0 0 0 0
          0 0 0 0 0 0 0 0 0 0 0 0
          0 0 0 0 0 0 0 0 0 0 0 0
          0 0 0 0 0 0 0 0 0 0 0 0
          0 0 0 0 0 0 0 0 0 0 0 0
          0 0 0 0 0 0 0 0 0 0 0 0
          0 0 0 0 0 0 0 0 0 0 0 0
          0 0 0 0 0 0 0 0 0 0 0 0
          0 0 0 0 0 0 0 0 0 0 0 0
          0 0 0 0 0 0 0 0 0 0 0 0
          0 0 0 0 0 0 0 0 0 0 0 0
          0 0 0 0 0 0 0 0 0 0 0 0
          0 0 0 0 0 0 0 0 0 0 0 0
          0 0 0 0 0 0 0 0 0 0 0 0
          0 0 0 0 0 0 0 0 0 0 0 0
          0 0 0 0 0 0 0 0 0 0 0 0
          0 0 0 0 0 0 0 0 0 0 0 0
          0 0 0 0 0 0 0 0 0 0 0 0
          0 0 0 0 0 0 0 0 0 0 0 0
          0 0 0 0 0 0 0 0 0 0 0 0
          0 0 0 0 0 0 0 0 0 0 0 0
          0 0 0 0 0 0 0 0 0 0 0 0
          0 0 0 0 0 0 0 0 0 0 0 0
          0 0 0 0 0 0 0 0 0 0 0 0
          0 0 0 0 0 0 0 0 0 0 0 0
          0 0 0 0 0 0 0 0 0 0 0 0
          0 0 0 0 0 0 0 0 0 0 0 0
          0 0 0 0 0 0 0 0 0 0 0 0
          0 0 0 0 0 0 0 0 0 0 0 0
          0 0 0 0 0 0 0 0 0 0 0 0
          0 0 0 0 0 0 0 0 0 0 0 0
          0 0 0 0 0 0 0 0 0 0 0 0
          0 0 0 0 0 0 0 0 0 0 0 0
          0 0 0 0 0 0 0 0 0 0 0 0
          0 0 0 0 0 0 0 0 0 0 0 0
          0 0 0 0 0 0 0 0 0 0 0 0
          0 0 0 0 0 0 0 0 0 0 0 0
          0 0 0 0 0 0 0 0 0 0 0 0
          0 0 0 0 0 0 0 0 0 0 0 0
          0 0 0 0 0 0 0 0 0 0 0 0
          0 0 0 0 0 0 0 0 0 0 0 0
          0 0 0 0 0 0 0 0 0 0 0 0
          0 0 0 0 0 0 0 0 0 0 0 0
          0 0 0 0 0 0 0 0 0 0 0 0
          0 0 0 0 0 0 0 0 0 0 0 0
          0 0 0 0 0 0 0 0 0 0 0 0
          0 0 0 0 0 0 0 0 0 0 0 0
          0 0 0 0 0 0 0 0 0 0 0 0
          0 0 0 0 0 0 0 0 0 0 0 0
          0 0 0 0 0 0 0 0 0 0 0 0
          0 0 0 0 0 0 0 0 0 0 0 0
          0 0 0 0 0 0 0 0 0 0 0 0
          0 0 0 0 0 0 0 0 0 0 0 0
          0 0 0 0 0 0 0 0 0 0 0 0
          0 0 0 0 0 0 0 0 0 0 0 0
          0 0 0 0 0 0 0 0 0 0 0 0
          0 0 0 0 0 0 0 0 0 0 0 0
          0 0 0 0 0 0 0 0 0 0 0 0
          0 0 0 0 0 0 0 0 0 0 0 0
          0 0 0 0 0 0 0 0 0 0 0 0
          0 0 0 0 0 0 0 0 0 0 0 0
          0 0 0 0 0 0 0 0 0 0 0 0
          0 0 0 0 0 0 0 0 0 0 0 0
          0 0 0 0 0 0 0 0 0 0 0 0
          0 0 0 0 0 0 0 0 0 0 0 0
          0 0 0 0 0 0 0 0 0 0 0 0
          0 0 0 0 0 0 0 0 0 0 0 0
          0 0 0 0 0 0 0 0 0 0 0 0
          0 0 0 0 0 0 0 0 0 0 0 0
          0 0 0 0 0 0 0 0 0 0 0 0
          0 0 0 0 0 0 0 0 0 0 0 0
          0 0 0 0 0 0 0 0 0 0 0 0
          0 0 0 0 0 0 0 0 0 0 0 0
          0 0 0 0 0 0 0 0 0
        </DataArray>
        <DataArray type="Float32" Name="velocity_gas (m/s)" NumberOfComponents="3" format="ascii">
          1.67075e-07 -1.98054e-07 0 3.17822e-07 -1.93586e-07 0 1.71876e-07 -3.98386e-07 0 3.34554e-07 -3.9233e-07 0
          6.14255e-07 -1.90378e-07 0 6.51283e-07 -3.85102e-07 0 8.94429e-07 -1.84937e-07 0 9.45294e-07 -3.73279e-07 0
          1.14565e-06 -1.76563e-07 0 1.20531e-06 -3.55813e-07 0 1.35652e-06 -1.65756e-07 0 1.42101e-06 -3.3355e-07 0
          1.5192e-06 -1.53187e-07 0 1.58521e-06 -3.07826e-07 0 1.62961e-06 -1.39555e-07 0 1.69446e-06 -2.80054e-07 0
          1.6871e-06 -1.25498e-07 0 1.74878e-06 -2.51527e-07 0 1.6939e-06 -1.11553e-07 0 1.75102e-06 -2.23317e-07 0
          1.65441e-06 -9.81326e-08 0 1.70613e-06 -1.96247e-07 0 1.57442e-06 -8.55281e-08 0 1.62039e-06 -1.70888e-07 0
          1.4605e-06 -7.39244e-08 0 1.50077e-06 -1.47595e-07 0 1.3195e-06 -6.34208e-08 0 1.35434e-06 -1.2655e-07 0
          1.15809e-06 -5.40486e-08 0 1.18794e-06 -1.07798e-07 0 9.82519e-07 -4.57881e-08 0 1.00791e-06 -9.12896e-08 0
          7.98413e-07 -3.85844e-08 0 8.19902e-07 -7.69059e-08 0 6.10694e-07 -3.23606e-08 0 6.28808e-07 -6.44865e-08 0
          4.23536e-07 -2.70269e-08 0 4.38761e-07 -5.38481e-08 0 2.40372e-07 -2.24885e-08 0 2.53143e-07 -4.47985e-08 0
          6.39432e-08 -1.86504e-08 0 7.46362e-08 -3.71472e-08 0 -1.0365e-07 -1.54219e-08 0 -9.47102e-08 -3.07123e-08 0
          -2.6087e-07 -1.27187e-08 0 -2.53407e-07 -2.53252e-08 0 -4.06671e-07 -1.04643e-08 0 -4.00448e-07 -2.08334e-08 0
          -5.4042e-07 -8.59053e-09 0 -5.35238e-07 -1.71007e-08 0 -6.61833e-07 -7.03786e-09 0 -6.5752e-07 -1.40081e-08 0
          -7.70897e-07 -5.75464e-09 0 -7.6731e-07 -1.14527e-08 0 -8.67824e-07 -4.69666e-09 0 -8.64841e-07 -9.34623e-09 0
          -9.52991e-07 -3.8263e-09 0 -9.5051e-07 -7.6136e-09 0 -1.0269e-06 -3.11177e-09 0 -1.02484e-06 -6.19137e-09 0
          -1.09015e-06 -2.52629e-09 0 -1.08843e-06 -5.02618e-09 0 -1.14339e-06 -2.04745e-09 0 -1.14195e-06 -4.0733e-09 0
          -1.1873e-06 -1.65651e-09 0 -1.18609e-06 -3.29542e-09 0 -1.2226e-06 -1.33788e-09 0 -1.22158e-06 -2.66148e-09 0
          -1.24998e-06 -1.07864e-09 0 -1.24912e-06 -2.14571e-09 0 -1.27014e-06 -8.68055e-10 0 -1.26941e-06 -1.72679e-09 0
          -1.28375e-06 -6.97291e-10 0 -1.28313e-06 -1.38709e-09 0 -1.29145e-06 -5.59049e-10 0 -1.29092e-06 -1.11209e-09 0
          -1.29387e-06 -4.47329e-10 0 -1.2934e-06 -8.89846e-10 0 -1.29156e-06 -3.57202e-10 0 -1.29116e-06 -7.10561e-10 0
          -1.28509e-06 -2.84628e-10 0 -1.28473e-06 -5.66192e-10 0 -1.27495e-06 -2.263e-10 0 -1.27463e-06 -4.5016e-10 0
          -1.2616e-06 -1.79517e-10 0 -1.26131e-06 -3.57091e-10 0 -1.24548e-06 -1.42074e-10 0 -1.24522e-06 -2.82599e-10 0
          -1.22698e-06 -1.12175e-10 0 -1.22674e-06 -2.23112e-10 0 -1.20645e-06 -8.83576e-11 0 -1.20624e-06 -1.75722e-10 0
          -1.18424e-06 -6.94355e-11 0 -1.18404e-06 -1.3807e-10 0 -1.16062e-06 -5.44458e-11 0 -1.16044e-06 -1.08239e-10 0
          -1.13588e-06 -4.26085e-11 0 -1.1357e-06 -8.46796e-11 0 -1.11024e-06 -3.32933e-11 0 -1.11008e-06 -6.61374e-11 0
          -1.08393e-06 -2.59911e-11 0 -1.08377e-06 -5.16003e-11 0 -1.05713e-06 -2.02917e-11 0 -1.05698e-06 -4.02525e-11 0
          -1.03002e-06 -1.58653e-11 0 -1.02988e-06 -3.14379e-11 0 -1.00275e-06 -1.24472e-11 0 -1.00261e-06 -2.46299e-11 0
          -9.75442e-07 -9.82531e-12 0 -9.75312e-07 -1.94068e-11 0 -9.48223e-07 -7.83025e-12 0 -9.48099e-07 -1.54318e-11 0
          -9.21194e-07 -6.32718e-12 0 -9.21074e-07 -1.24365e-11 0 -8.94441e-07 -5.20906e-12 0 -8.94325e-07 -1.0208e-11 0
          -8.68042e-07 -4.39128e-12 0 -8.67931e-07 -8.57783e-12 0 -8.42062e-07 -3.80732e-12 0 -8.41955e-07 -7.41374e-12 0
          -8.16557e-07 -3.40522e-12 0 -8.16453e-07 -6.61226e-12 0 -7.91574e-07 -3.14475e-12 0 -7.91473e-07 -6.09328e-12 0
          -7.67152e-07 -2.99512e-12 0 -7.67054e-07 -5.7955e-12 0 -7.43322e-07 -2.93319e-12 0 -7.43228e-07 -5.67282e-12 0
          -7.20111e-07 -2.94202e-12 0 -7.2002e-07 -5.69146e-12 0 -6.97539e-07 -3.00974e-12 0 -6.97452e-07 -5.82774e-12 0
          -6.75622e-07 -3.12866e-12 0 -6.75537e-07 -6.06631e-12 0 -6.5437e-07 -3.29462e-12 0 -6.54288e-07 -6.39884e-12 0
          -6.33791e-07 -3.50651e-12 0 -6.33712e-07 -6.82301e-12 0 -6.13889e-07 -3.76588e-12 0 -6.13813e-07 -7.34189e-12 0
          -5.94665e-07 -4.07681e-12 0 -5.94591e-07 -7.96348e-12 0 -5.76117e-07 -4.44574e-12 0 -5.76046e-07 -8.70056e-12 0
          -5.58242e-07 -4.88155e-12 0 -5.58173e-07 -9.5707e-12 0 -5.41034e-07 -5.39569e-12 0 -5.40968e-07 -1.05966e-11 0
          -5.24487e-07 -6.0024e-12 0 -5.24423e-07 -1.18064e-11 0 -5.08591e-07 -6.71909e-12 0 -5.08529e-07 -1.32348e-11 0
          -4.93336e-07 -7.5669e-12 0 -4.93276e-07 -1.49235e-11 0 -4.78712e-07 -8.57134e-12 0 -4.78655e-07 -1.69231e-11 0
          -4.64707e-07 -9.76325e-12 0 -4.64653e-07 -1.92948e-11 0 -4.51309e-07 -1.11799e-11 0 -4.51257e-07 -2.21123e-11 0
          -4.38504e-07 -1.28668e-11 0 -4.38455e-07 -2.54655e-11 0 -4.26279e-07 -1.48793e-11 0 -4.26232e-07 -2.94641e-11 0
          -4.14619e-07 -1.72858e-11 0 -4.14574e-07 -3.4243e-11 0 -4.03508e-07 -2.01711e-11 0 -4.03467e-07 -3.99697e-11 0
          -3.92932e-07 -2.36419e-11 0 -3.92894e-07 -4.68539e-11 0 -3.82873e-07 -2.78332e-11 0 -3.82839e-07 -5.51615e-11 0
          -3.73315e-07 -3.29191e-11 0 -3.73285e-07 -6.52339e-11 0 -3.64239e-07 -3.9127e-11 0 -3.64214e-07 -7.75164e-11 0
          -3.55625e-07 -4.676e-11 0 -3.55605e-07 -9.26e-11 0 -3.4745e-07 -5.6231e-11 0 -3.47438e-07 -1.11287e-10 0
          -3.3969e-07 -6.81169e-11 0 -3.39687e-07 -1.34692e-10 0 -3.32316e-07 -8.325e-11 0 -3.32325e-07 -1.64413e-10 0
          -3.25291e-07 -1.02877e-10 0 -3.25316e-07 -2.02822e-10 0 -3.18569e-07 -1.28955e-10 0 -3.18619e-07 -2.53598e-10 0
          -3.12089e-07 -1.64747e-10 0 -3.12175e-07 -3.22765e-10 0 -3.05757e-07 -2.1613e-10 0 -3.05902e-07 -4.20899e-10 0
          -2.99425e-07 -2.94896e-10 0 -2.99678e-07 -5.68364e-10 0 -2.92814e-07 -4.28811e-10 0 -2.93294e-07 -8.09758e-10 0
          -2.85273e-07 -7.02652e-10 0 -2.86377e-07 -1.26374e-09 0 -2.7396e-07 -1.69372e-09 0 -2.78868e-07 -2.38039e-09 0
          -2.66767e-07 -4.27504e-09 0 -2.75012e-07 -4.38541e-09 0 1.95575e-07 -8.12434e-07 0 3.80656e-07 -8.03275e-07 0
          7.38503e-07 -7.8653e-07 0 1.06547e-06 -7.59881e-07 0 1.34947e-06 -7.2224e-07 0 1.58035e-06 -6.75239e-07 0
          1.75164e-06 -6.21571e-07 0 1.86101e-06 -5.64113e-07 0 1.90987e-06 -5.05486e-07 0 1.90259e-06 -4.47842e-07 0
          1.84552e-06 -3.928e-07 0 1.74618e-06 -3.41465e-07 0 1.61251e-06 -2.94496e-07 0 1.45234e-06 -2.52197e-07 0
          1.273e-06 -2.1461e-07 0 1.0811e-06 -1.81591e-07 0 8.82442e-07 -1.52871e-07 0 6.81944e-07 -1.28107e-07 0
          4.83694e-07 -1.06918e-07 0 2.90988e-07 -8.89081e-08 0 1.06403e-07 -7.36921e-08 0 -6.81264e-08 -6.0903e-08 0
          -2.3122e-07 -5.02023e-08 0 -3.81975e-07 -4.12842e-08 0 -5.1989e-07 -3.38769e-08 0 -6.44791e-07 -2.77428e-08 0
          -7.5677e-07 -2.26762e-08 0 -8.56124e-07 -1.85014e-08 0 -9.43306e-07 -1.50686e-08 0 -1.01889e-06 -1.22518e-08 0
          -1.08351e-06 -9.94461e-09 0 -1.13789e-06 -8.05831e-09 0 -1.18274e-06 -6.51875e-09 0 -1.21881e-06 -5.2643e-09 0
          -1.24682e-06 -4.24385e-09 0 -1.2675e-06 -3.4151e-09 0 -1.28153e-06 -2.74314e-09 0 -1.28958e-06 -2.19922e-09 0
          -1.29228e-06 -1.75968e-09 0 -1.29021e-06 -1.4051e-09 0 -1.28393e-06 -1.11959e-09 0 -1.27394e-06 -8.90123e-10 0
          -1.26072e-06 -7.06065e-10 0 -1.2447e-06 -5.58742e-10 0 -1.22629e-06 -4.41089e-10 0 -1.20584e-06 -3.47357e-10 0
          -1.18368e-06 -2.72879e-10 0 -1.16012e-06 -2.13868e-10 0 -1.13541e-06 -1.67258e-10 0 -1.10981e-06 -1.3057e-10 0
          -1.08353e-06 -1.01802e-10 0 -1.05675e-06 -7.93426e-11 0 -1.02966e-06 -6.18939e-11 0 -1.00241e-06 -4.84149e-11 0
          -9.7512e-07 -3.80719e-11 0 -9.47917e-07 -3.01989e-11 0 -9.209e-07 -2.42652e-11 0 -8.9416e-07 -1.98497e-11 0
          -8.67772e-07 -1.66194e-11 0 -8.41803e-07 -1.43126e-11 0 -8.16307e-07 -1.27244e-11 0 -7.91333e-07 -1.16965e-11 0
          -7.66919e-07 -1.11075e-11 0 -7.43097e-07 -1.0866e-11 0 -7.19894e-07 -1.09052e-11 0 -6.9733e-07 -1.1178e-11 0
          -6.7542e-07 -1.16539e-11 0 -6.54175e-07 -1.23164e-11 0 -6.33603e-07 -1.31607e-11 0 -6.13707e-07 -1.41926e-11 0
          -5.9449e-07 -1.54279e-11 0 -5.75948e-07 -1.68917e-11 0 -5.58079e-07 -1.86184e-11 0 -5.40878e-07 -2.06527e-11 0
          -5.24336e-07 -2.305e-11 0 -5.08446e-07 -2.58783e-11 0 -4.93198e-07 -2.92198e-11 0 -4.78581e-07 -3.31738e-11 0
          -4.64583e-07 -3.78602e-11 0 -4.51191e-07 -4.34238e-11 0 -4.38394e-07 -5.00404e-11 0 -4.26177e-07 -5.79243e-11 0
          -4.14525e-07 -6.73388e-11 0 -4.03424e-07 -7.86099e-11 0 -3.92859e-07 -9.21446e-11 0 -3.82813e-07 -1.08457e-10 0
          -3.73269e-07 -1.28205e-10 0 -3.6421e-07 -1.52241e-10 0 -3.55618e-07 -1.81691e-10 0 -3.4747e-07 -2.1807e-10 0
          -3.39745e-07 -2.63462e-10 0 -3.32416e-07 -3.20818e-10 0 -3.25454e-07 -3.94441e-10 0 -3.18822e-07 -4.90851e-10 0
          -3.12477e-07 -6.20384e-10 0 -3.06363e-07 -8.00332e-10 0 -3.00412e-07 -1.06158e-09 0 -2.94557e-07 -1.46364e-09 0
          -2.88838e-07 -2.12896e-09 0 -2.83793e-07 -3.26067e-09 0 -2.81556e-07 -4.45108e-09 0 2.33266e-07 -1.26171e-06 0
          4.53136e-07 -1.24901e-06 0 8.76332e-07 -1.2197e-06 0 1.25792e-06 -1.17352e-06 0 1.58273e-06 -1.11059e-06 0
          1.83997e-06 -1.03389e-06 0 2.02398e-06 -9.47752e-07 0 2.13426e-06 -8.56694e-07 0 2.17463e-06 -7.64757e-07 0
          2.15198e-06 -6.75183e-07 0 2.07509e-06 -5.9033e-07 0 1.95354e-06 -5.11742e-07 0 1.79689e-06 -4.40276e-07 0
          1.61419e-06 -3.76254e-07 0 1.41357e-06 -3.19613e-07 0 1.20214e-06 -2.70033e-07 0 9.85911e-07 -2.27035e-07 0
          7.69868e-07 -1.90047e-07 0 5.58034e-07 -1.58459e-07 0 3.53576e-07 -1.31654e-07 0 1.58902e-07 -1.09037e-07 0
          -2.4233e-08 -9.00501e-08 0 -1.94628e-07 -7.418e-08 0 -3.5155e-07 -6.09661e-08 0 -4.94649e-07 -5.00006e-08 0
          -6.23895e-07 -4.09271e-08 0 -7.39501e-07 -3.34384e-08 0 -8.41874e-07 -2.72717e-08 0 -9.31562e-07 -2.22043e-08 0
          -1.00922e-06 -1.80482e-08 0 -1.07556e-06 -1.46458e-08 0 -1.13135e-06 -1.18651e-08 0 -1.17736e-06 -9.59645e-09 0
          -1.21438e-06 -7.74849e-09 0 -1.24318e-06 -6.24563e-09 0 -1.2645e-06 -5.02539e-09 0 -1.27906e-06 -4.0362e-09 0
          -1.28754e-06 -3.23561e-09 0 -1.29059e-06 -2.58875e-09 0 -1.2888e-06 -2.06699e-09 0 -1.28275e-06 -1.64689e-09 0
          -1.27295e-06 -1.30927e-09 0 -1.25989e-06 -1.03848e-09 0 -1.244e-06 -8.21731e-10 0 -1.22568e-06 -6.48635e-10 0
          -1.20532e-06 -5.1073e-10 0 -1.18323e-06 -4.01147e-10 0 -1.15972e-06 -3.14316e-10 0 -1.13506e-06 -2.45727e-10 0
          -1.10949e-06 -1.91734e-10 0 -1.08324e-06 -1.49392e-10 0 -1.05649e-06 -1.1633e-10 0 -1.02943e-06 -9.0641e-11 0
          -1.00219e-06 -7.07933e-11 0 -9.74915e-07 -5.55607e-11 0 -9.47725e-07 -4.39637e-11 0 -9.2072e-07 -3.52217e-11 0
          -8.93989e-07 -2.87155e-11 0 -8.6761e-07 -2.39552e-11 0 -8.41648e-07 -2.05555e-11 0 -8.16159e-07 -1.82152e-11 0
          -7.91191e-07 -1.67012e-11 0 -7.66783e-07 -1.58346e-11 0 -7.42967e-07 -1.5481e-11 0 -7.19769e-07 -1.55417e-11 0
          -6.97209e-07 -1.59475e-11 0 -6.75304e-07 -1.66532e-11 0 -6.54063e-07 -1.76342e-11 0 -6.33495e-07 -1.88834e-11 0
          -6.13604e-07 -2.0409e-11 0 -5.9439e-07 -2.22338e-11 0 -5.75853e-07 -2.43944e-11 0 -5.57989e-07 -2.69413e-11 0
          -5.40791e-07 -2.99393e-11 0 -5.24254e-07 -3.34696e-11 0 -5.08369e-07 -3.76311e-11 0 -4.93125e-07 -4.25439e-11 0
          -4.78513e-07 -4.83524e-11 0 -4.6452e-07 -5.52308e-11 0 -4.51135e-07 -6.33892e-11 0 -4.38344e-07 -7.30822e-11 0
          -4.26134e-07 -8.46193e-11 0 -4.1449e-07 -9.83794e-11 0 -4.03399e-07 -1.1483e-10 0 -3.92845e-07 -1.34552e-10 0
          -3.82812e-07 -1.58274e-10 0 -3.73284e-07 -1.86925e-10 0 -3.64244e-07 -2.21696e-10 0 -3.55675e-07 -2.64144e-10 0
          -3.47558e-07 -3.16339e-10 0 -3.39871e-07 -3.81083e-10 0 -3.32594e-07 -4.62257e-10 0 -3.25701e-07 -5.65374e-10 0
          -3.19166e-07 -6.9848e-10 0 -3.12962e-07 -8.73692e-10 0 -3.07061e-07 -1.10982e-09 0 -3.01448e-07 -1.43679e-09 0
          -2.96153e-07 -1.90196e-09 0 -2.91326e-07 -2.57109e-09 0 -2.87327e-07 -3.49103e-09 0 -2.85594e-07 -4.31664e-09 0
          2.88216e-07 -1.76515e-06 0 5.58967e-07 -1.74759e-06 0 1.07782e-06 -1.70174e-06 0 1.53945e-06 -1.62957e-06 0
          1.92386e-06 -1.53366e-06 0 2.21885e-06 -1.4194e-06 0 2.42004e-06 -1.2935e-06 0 2.52992e-06 -1.16257e-06 0
          2.55614e-06 -1.03222e-06 0 2.50961e-06 -9.06787e-07 0 2.40274e-06 -7.89269e-07 0 2.24818e-06 -6.81476e-07 0
          2.05784e-06 -5.84272e-07 0 1.8424e-06 -4.97823e-07 0 1.61112e-06 -4.21811e-07 0 1.37172e-06 -3.55611e-07 0
          1.13047e-06 -2.98436e-07 0 8.92402e-07 -2.49419e-07 0 6.61401e-07 -2.07672e-07 0 4.40417e-07 -1.72328e-07 0
          2.31603e-07 -1.42565e-07 0 3.6442e-08 -1.1762e-07 0 -1.4413e-07 -9.68017e-08 0 -3.09627e-07 -7.94913e-08 0
          -4.59924e-07 -6.51442e-08 0 -5.95189e-07 -5.32863e-08 0 -7.15813e-07 -4.35095e-08 0 -8.22358e-07 -3.54664e-08 0
          -9.15505e-07 -2.88625e-08 0 -9.96022e-07 -2.34504e-08 0 -1.06473e-06 -1.90225e-08 0 -1.12246e-06 -1.5406e-08 0
          -1.17007e-06 -1.24568e-08 0 -1.20841e-06 -1.00556e-08 0 -1.23828e-06 -8.10363e-09 0 -1.26048e-06 -6.51922e-09 0
          -1.27576e-06 -5.23519e-09 0 -1.28483e-06 -4.19623e-09 0 -1.28835e-06 -3.35694e-09 0 -1.28696e-06 -2.68009e-09 0
          -1.28122e-06 -2.13519e-09 0 -1.27168e-06 -1.69732e-09 0 -1.25883e-06 -1.34615e-09 0 -1.24311e-06 -1.06508e-09 0
          -1.22493e-06 -8.40631e-10 0 -1.20468e-06 -6.61813e-10 0 -1.18268e-06 -5.1972e-10 0 -1.15925e-06 -4.07126e-10 0
          -1.13465e-06 -3.18182e-10 0 -1.10913e-06 -2.48161e-10 0 -1.08292e-06 -1.93246e-10 0 -1.05621e-06 -1.50363e-10 0
          -1.02917e-06 -1.17039e-10 0 -1.00195e-06 -9.12886e-11 0 -9.74698e-07 -7.15237e-11 0 -9.47524e-07 -5.64738e-11 0
          -9.20532e-07 -4.51277e-11 0 -8.93813e-07 -3.66821e-11 0 -8.67444e-07 -3.05023e-11 0 -8.4149e-07 -2.60887e-11 0
          -8.16009e-07 -2.30508e-11 0 -7.91048e-07 -2.1086e-11 0 -7.66646e-07 -1.99625e-11 0 -7.42836e-07 -1.95059e-11 0
          -7.19643e-07 -1.9588e-11 0 -6.97089e-07 -2.01188e-11 0 -6.75188e-07 -2.10395e-11 0 -6.53952e-07 -2.23179e-11 0
          -6.33389e-07 -2.39444e-11 0 -6.13502e-07 -2.59295e-11 0 -5.94293e-07 -2.83023e-11 0 -5.7576e-07 -3.11097e-11 0
          -5.579e-07 -3.44163e-11 0 -5.40708e-07 -3.83058e-11 0 -5.24175e-07 -4.2882e-11 0 -5.08295e-07 -4.82721e-11 0
          -4.93057e-07 -5.46296e-11 0 -4.78451e-07 -6.21394e-11 0 -4.64465e-07 -7.10237e-11 0 -4.51086e-07 -8.15501e-11 0
          -4.38303e-07 -9.40416e-11 0 -4.26102e-07 -1.0889e-10 0 -4.14469e-07 -1.26571e-10 0 -4.0339e-07 -1.47672e-10 0
          -3.9285e-07 -1.72915e-10 0 -3.82834e-07 -2.03201e-10 0 -3.73326e-07 -2.39664e-10 0 -3.64312e-07 -2.83749e-10 0
          -3.55773e-07 -3.37312e-10 0 -3.47694e-07 -4.02783e-10 0 -3.40056e-07 -4.83379e-10 0 -3.32842e-07 -5.83435e-10 0
          -3.26034e-07 -7.08889e-10 0 -3.19614e-07 -8.68008e-10 0 -3.13568e-07 -1.07244e-09 0 -3.07891e-07 -1.33864e-09 0
          -3.02599e-07 -1.68931e-09 0 -2.9775e-07 -2.15288e-09 0 -2.93476e-07 -2.75534e-09 0 -2.89982e-07 -3.49755e-09 0
          -2.88459e-07 -4.11887e-09 0 3.66736e-07 -2.3475e-06 0 7.09725e-07 -2.32283e-06 0 1.36348e-06 -2.25414e-06 0
          1.93627e-06 -2.14634e-06 0 2.40142e-06 -2.00603e-06 0 2.74507e-06 -1.84256e-06 0 2.96531e-06 -1.66618e-06 0
          3.06965e-06 -1.48624e-06 0 3.07185e-06 -1.31023e-06 0 2.98881e-06 -1.1435e-06 0 2.8382e-06 -9.8945e-07 0
          2.63684e-06 -8.49882e-07 0 2.39972e-06 -7.25369e-07 0 2.13962e-06 -6.15648e-07 0 1.86701e-06 -5.19926e-07 0
          1.59031e-06 -4.37108e-07 0 1.31602e-06 -3.65961e-07 0 1.04907e-06 -3.05229e-07 0 7.93105e-07 -2.53688e-07 0
          5.50729e-07 -2.10181e-07 0 3.23702e-07 -1.73633e-07 0 1.13122e-07 -1.43068e-07 0 -8.0449e-08 -1.17607e-07 0
          -2.56862e-07 -9.64734e-08 0 -4.16294e-07 -7.89849e-08 0 -5.59179e-07 -6.45515e-08 0 -6.86144e-07 -5.26669e-08 0
          -7.9795e-07 -4.29013e-08 0 -8.95452e-07 -3.48917e-08 0 -9.79566e-07 -2.83338e-08 0 -1.05123e-06 -2.2973e-08 0
          -1.11141e-06 -1.85977e-08 0 -1.16103e-06 -1.50322e-08 0 -1.201e-06 -1.21307e-08 0 -1.23222e-06 -9.77323e-09 0
          -1.25552e-06 -7.86053e-09 0 -1.2717e-06 -6.31102e-09 0 -1.2815e-06 -5.05766e-09 0 -1.28562e-06 -4.04546e-09 0
          -1.28472e-06 -3.22934e-09 0 -1.27938e-06 -2.57246e-09 0 -1.27016e-06 -2.04469e-09 0 -1.25756e-06 -1.62147e-09 0
          -1.24206e-06 -1.28278e-09 0 -1.22405e-06 -1.01233e-09 0 -1.20394e-06 -7.96875e-10 0 -1.18205e-06 -6.25677e-10 0
          -1.15871e-06 -4.90021e-10 0 -1.13419e-06 -3.82859e-10 0 -1.10873e-06 -2.98493e-10 0 -1.08257e-06 -2.32325e-10 0
          -1.0559e-06 -1.80652e-10 0 -1.02889e-06 -1.40494e-10 0 -1.0017e-06 -1.0946e-10 0 -9.7447e-07 -8.56377e-11 0
          -9.47314e-07 -6.74964e-11 0 -9.20338e-07 -5.3818e-11 0 -8.93632e-07 -4.36356e-11 0 -8.67274e-07 -3.61843e-11 0
          -8.4133e-07 -3.08625e-11 0 -8.15858e-07 -2.71997e-11 0 -7.90904e-07 -2.48315e-11 0 -7.66509e-07 -2.34784e-11 0
          -7.42705e-07 -2.29301e-11 0 -7.19518e-07 -2.30321e-11 0 -6.96969e-07 -2.36758e-11 0 -6.75073e-07 -2.479e-11 0
          -6.53842e-07 -2.63357e-11 0 -6.33284e-07 -2.8301e-11 0 -6.13402e-07 -3.0698e-11 0 -5.94197e-07 -3.35614e-11 0
          -5.75669e-07 -3.69468e-11 0 -5.57814e-07 -4.09314e-11 0 -5.40627e-07 -4.56148e-11 0 -5.241e-07 -5.11207e-11 0
          -5.08225e-07 -5.76003e-11 0 -4.92993e-07 -6.52359e-11 0 -4.78394e-07 -7.42465e-11 0 -4.64415e-07 -8.48948e-11 0
          -4.51045e-07 -9.74961e-11 0 -4.38271e-07 -1.12429e-10 0 -4.26081e-07 -1.30152e-10 0 -4.1446e-07 -1.51219e-10 0
          -4.03395e-07 -1.76305e-10 0 -3.92872e-07 -2.0624e-10 0 -3.82876e-07 -2.42046e-10 0 -3.73392e-07 -2.84995e-10 0
          -3.64407e-07 -3.36686e-10 0 -3.55904e-07 -3.99142e-10 0 -3.47869e-07 -4.74949e-10 0 -3.40287e-07 -5.67451e-10 0
          -3.33143e-07 -6.81005e-10 0 -3.26426e-07 -8.21328e-10 0 -3.20125e-07 -9.9595e-10 0 -3.14236e-07 -1.2147e-09 0
          -3.08766e-07 -1.49008e-09 0 -3.0374e-07 -1.83682e-09 0 -2.99216e-07 -2.26928e-09 0 -2.95284e-07 -2.79473e-09 0
          -2.92061e-07 -3.40288e-09 0 -2.90641e-07 -3.89369e-09 0 4.7813e-07 -3.04283e-06 0 9.2278e-07 -3.00722e-06 0
          1.76448e-06 -2.90537e-06 0 2.48799e-06 -2.74696e-06 0 3.05786e-06 -2.54506e-06 0 3.45934e-06 -2.31534e-06 0
          3.69567e-06 -2.0732e-06 0 3.78297e-06 -1.83162e-06 0 3.74458e-06 -1.60021e-06 0 3.60633e-06 -1.38514e-06 0
          3.39312e-06 -1.18978e-06 0 3.12717e-06 -1.0154e-06 0 2.8272e-06 -8.61831e-07 0 2.5083e-06 -7.28001e-07 0
          2.18225e-06 -6.1234e-07 0 1.85795e-06 -5.13058e-07 0 1.54196e-06 -4.28321e-07 0 1.23894e-06 -3.56367e-07 0
          9.52049e-07 -2.95563e-07 0 6.83361e-07 -2.44415e-07 0 4.34074e-07 -2.01575e-07 0 2.04747e-07 -1.65838e-07 0
          -4.5507e-09 -1.36136e-07 0 -1.94115e-07 -1.11531e-07 0 -3.64516e-07 -9.12078e-08 0 -5.16523e-07 -7.44633e-08 0
          -6.51057e-07 -6.06974e-08 0 -7.69128e-07 -4.94018e-08 0 -8.71808e-07 -4.01491e-08 0 -9.6019e-07 -3.25819e-08 0
          -1.03537e-06 -2.64023e-08 0 -1.09843e-06 -2.13632e-08 0 -1.15042e-06 -1.72599e-08 0 -1.19234e-06 -1.39232e-08 0
          -1.22514e-06 -1.12136e-08 0 -1.24974e-06 -9.01638e-09 0 -1.26697e-06 -7.2372e-09 0 -1.27764e-06 -5.79864e-09 0
          -1.28246e-06 -4.63726e-09 0 -1.28213e-06 -3.70113e-09 0 -1.27725e-06 -2.94784e-09 0 -1.26841e-06 -2.34274e-09 0
          -1.25612e-06 -1.85759e-09 0 -1.24086e-06 -1.4694e-09 0 -1.22306e-06 -1.15946e-09 0 -1.20311e-06 -9.12563e-10 0
          -1.18135e-06 -7.16395e-10 0 -1.15812e-06 -5.6096e-10 0 -1.13368e-06 -4.38177e-10 0 -1.1083e-06 -3.41513e-10 0
          -1.08219e-06 -2.657e-10 0 -1.05557e-06 -2.06492e-10 0 -1.0286e-06 -1.60476e-10 0 -1.00144e-06 -1.24915e-10 0
          -9.74232e-07 -9.76143e-11 0 -9.47097e-07 -7.6823e-11 0 -9.20138e-07 -6.11456e-11 0 -8.93447e-07 -4.94742e-11 0
          -8.67101e-07 -4.09329e-11 0 -8.41168e-07 -3.48326e-11 0 -8.15705e-07 -3.06342e-11 0 -7.9076e-07 -2.79203e-11 0
          -7.66372e-07 -2.63706e-11 0 -7.42574e-07 -2.57441e-11 0 -7.19393e-07 -2.58636e-11 0 -6.96849e-07 -2.66044e-11 0
          -6.74959e-07 -2.78849e-11 0 -6.53733e-07 -2.96599e-11 0 -6.3318e-07 -3.19154e-11 0 -6.13303e-07 -3.46649e-11 0
          -5.94103e-07 -3.79474e-11 0 -5.7558e-07 -4.18259e-11 0 -5.5773e-07 -4.63878e-11 0 -5.40548e-07 -5.17457e-11 0
          -5.24027e-07 -5.80397e-11 0 -5.08159e-07 -6.54403e-11 0 -4.92934e-07 -7.41531e-11 0 -4.78341e-07 -8.44242e-11 0
          -4.64371e-07 -9.65481e-11 0 -4.5101e-07 -1.10877e-10 0 -4.38247e-07 -1.27831e-10 0 -4.26068e-07 -1.47918e-10 0
          -4.14461e-07 -1.71746e-10 0 -4.03412e-07 -2.00053e-10 0 -3.92908e-07 -2.33733e-10 0 -3.82934e-07 -2.73881e-10 0
          -3.73477e-07 -3.21839e-10 0 -3.64523e-07 -3.79267e-10 0 -3.56059e-07 -4.48227e-10 0 -3.48071e-07 -5.31293e-10 0
          -3.40548e-07 -6.31696e-10 0 -3.33478e-07 -7.53491e-10 0 -3.26852e-07 -9.0176e-10 0 -3.20665e-07 -1.0828e-09 0
          -3.1492e-07 -1.30417e-09 0 -3.09626e-07 -1.57448e-09 0 -3.04811e-07 -1.90228e-09 0 -3.00517e-07 -2.29367e-09 0
          -2.96804e-07 -2.74821e-09 0 -2.93739e-07 -3.25444e-09 0 -2.92376e-07 -3.65432e-09 0 6.37126e-07 -3.8994e-06 0
          1.22544e-06 -3.84645e-06 0 2.32921e-06 -3.69456e-06 0 3.255e-06 -3.46175e-06 0 3.95617e-06 -3.17197e-06 0
          4.41988e-06 -2.85093e-06 0 4.66038e-06 -2.52157e-06 0 4.7087e-06 -2.20144e-06 0 4.60314e-06 -1.90212e-06 0
          4.38226e-06 -1.6301e-06 0 4.08069e-06 -1.3879e-06 0 3.72722e-06 -1.17545e-06 0 3.34466e-06 -9.9115e-07 0
          2.95037e-06 -8.32591e-07 0 2.55711e-06 -6.97038e-07 0 2.17394e-06 -5.8173e-07 0 1.80706e-06 -4.84051e-07 0
          1.46048e-06 -4.0161e-07 0 1.13661e-06 -3.32283e-07 0 8.36715e-07 -2.74198e-07 0 5.61211e-07 -2.25708e-07 0
          3.09941e-07 -1.85373e-07 0 8.23339e-08 -1.51932e-07 0 -1.22471e-07 -1.24293e-07 0 -3.0553e-07 -1.01511e-07 0
          -4.68029e-07 -8.27765e-08 0 -6.1124e-07 -6.74016e-08 0 -7.36477e-07 -5.4806e-08 0 -8.45061e-07 -4.45034e-08 0
          -9.38303e-07 -3.60885e-08 0 -1.01748e-06 -2.92246e-08 0 -1.08381e-06 -2.36332e-08 0 -1.13848e-06 -1.90842e-08 0
          -1.18259e-06 -1.53879e-08 0 -1.21719e-06 -1.23885e-08 0 -1.24325e-06 -9.95775e-09 0 -1.26168e-06 -7.99047e-09 0
          -1.27332e-06 -6.40054e-09 0 -1.27894e-06 -5.11747e-09 0 -1.27924e-06 -4.08361e-09 0 -1.27489e-06 -3.25191e-09 0
          -1.26647e-06 -2.58399e-09 0 -1.25453e-06 -2.04859e-09 0 -1.23955e-06 -1.62027e-09 0 -1.22197e-06 -1.27833e-09 0
          -1.2022e-06 -1.00599e-09 0 -1.1806e-06 -7.89616e-10 0 -1.15748e-06 -6.18188e-10 0 -1.13314e-06 -4.82777e-10 0
          -1.10783e-06 -3.76176e-10 0 -1.08179e-06 -2.9257e-10 0 -1.05521e-06 -2.27277e-10 0 -1.02829e-06 -1.76532e-10 0
          -1.00116e-06 -1.37314e-10 0 -9.73985e-07 -1.07206e-10 0 -9.46874e-07 -8.42754e-11 0 -9.19934e-07 -6.69843e-11 0
          -8.93259e-07 -5.4111e-11 0 -8.66926e-07 -4.46899e-11 0 -8.41005e-07 -3.79611e-11 0 -8.15551e-07 -3.33306e-11 0
          -7.90614e-07 -3.03376e-11 0 -7.66234e-07 -2.86294e-11 0 -7.42443e-07 -2.79398e-11 0 -7.19268e-07 -2.80735e-11 0
          -6.9673e-07 -2.88927e-11 0 -6.74845e-07 -3.03072e-11 0 -6.53625e-07 -3.22669e-11 0 -6.33077e-07 -3.47559e-11 0
          -6.13204e-07 -3.77885e-11 0 -5.9401e-07 -4.1407e-11 0 -5.75492e-07 -4.56801e-11 0 -5.57648e-07 -5.07029e-11 0
          -5.40472e-07 -5.65981e-11 0 -5.23957e-07 -6.35178e-11 0 -5.08095e-07 -7.16471e-11 0 -4.92877e-07 -8.12087e-11 0
          -4.78293e-07 -9.24684e-11 0 -4.64331e-07 -1.05743e-10 0 -4.5098e-07 -1.2141e-10 0 -4.38228e-07 -1.39918e-10 0
          -4.26062e-07 -1.61805e-10 0 -4.1447e-07 -1.8771e-10 0 -4.03438e-07 -2.18405e-10 0 -3.92954e-07 -2.54814e-10 0
          -3.83003e-07 -2.98055e-10 0 -3.73575e-07 -3.49479e-10 0 -3.64654e-07 -4.10729e-10 0 -3.56231e-07 -4.838e-10 0
          -3.48292e-07 -5.71124e-10 0 -3.40827e-07 -6.75654e-10 0 -3.33828e-07 -8.00956e-10 0 -3.27289e-07 -9.51281e-10 0
          -3.21208e-07 -1.13156e-09 0 -3.15587e-07 -1.34724e-09 0 -3.10439e-07 -1.60381e-09 0 -3.05785e-07 -1.90574e-09 0
          -3.01655e-07 -2.25474e-09 0 -2.98088e-07 -2.64759e-09 0 -2.95121e-07 -3.07421e-09 0 -2.93791e-07 -3.40668e-09 0
          8.68184e-07 -4.98789e-06 0 1.66247e-06 -4.90681e-06 0 3.13529e-06 -4.67672e-06 0 4.3312e-06 -4.33117e-06 0
          5.1905e-06 -3.91284e-06 0 5.70988e-06 -3.46357e-06 0 5.92615e-06 -3.01704e-06 0 5.89642e-06 -2.5961e-06 0
          5.68212e-06 -2.21357e-06 0 5.33933e-06 -1.87469e-06 0 4.91472e-06 -1.57977e-06 0 4.44452e-06 -1.32619e-06 0
          3.95546e-06 -1.10991e-06 0 3.46652e-06 -9.26497e-07 0 2.99071e-06 -7.71582e-07 0 2.5365e-06 -6.41122e-07 0
          2.10911e-06 -5.31517e-07 0 1.71137e-06 -4.39635e-07 0 1.34452e-06 -3.62784e-07 0 1.00866e-06 -2.98674e-07 0
          7.03177e-07 -2.45348e-07 0 4.26979e-07 -2.01124e-07 0 1.78691e-07 -1.64558e-07 0 -4.32419e-08 -1.34409e-07 0
          -2.40463e-07 -1.09613e-07 0 -4.14655e-07 -8.92648e-08 0 -5.67505e-07 -7.25982e-08 0 -7.00676e-07 -5.89686e-08 0
          -8.15783e-07 -4.78382e-08 0 -9.14379e-07 -3.87602e-08 0 -9.97943e-07 -3.13651e-08 0 -1.06787e-06 -2.53477e-08 0
          -1.12548e-06 -2.04571e-08 0 -1.172e-06 -1.64868e-08 0 -1.20856e-06 -1.32675e-08 0 -1.23622e-06 -1.06602e-08 0
          -1.25595e-06 -8.55136e-09 0 -1.26864e-06 -6.84787e-09 0 -1.27512e-06 -5.47375e-09 0 -1.27613e-06 -4.36696e-09 0
          -1.27235e-06 -3.47688e-09 0 -1.26439e-06 -2.76228e-09 0 -1.25282e-06 -2.18961e-09 0 -1.23814e-06 -1.73155e-09 0
          -1.2208e-06 -1.36594e-09 0 -1.20123e-06 -1.07479e-09 0 -1.17979e-06 -8.43502e-10 0 -1.1568e-06 -6.60275e-10 0
          -1.13257e-06 -5.15555e-10 0 -1.10734e-06 -4.01633e-10 0 -1.08137e-06 -3.1229e-10 0 -1.05485e-06 -2.42517e-10 0
          -1.02797e-06 -1.88292e-10 0 -1.00088e-06 -1.46385e-10 0 -9.73733e-07 -1.14213e-10 0 -9.46645e-07 -8.97096e-11 0
          -9.19726e-07 -7.12323e-11 0 -8.93068e-07 -5.74758e-11 0 -8.66749e-07 -4.74083e-11 0 -8.4084e-07 -4.02178e-11 0
          -8.15397e-07 -3.52697e-11 0 -7.90468e-07 -3.20718e-11 0 -7.66096e-07 -3.0247e-11 0 -7.42312e-07 -2.95111e-11 0
          -7.19144e-07 -2.9655e-11 0 -6.96612e-07 -3.05315e-11 0 -6.74732e-07 -3.20439e-11 0 -6.53517e-07 -3.41383e-11 0
          -6.32974e-07 -3.67973e-11 0 -6.13107e-07 -4.00359e-11 0 -5.93918e-07 -4.38983e-11 0 -5.75406e-07 -4.8457e-11 0
          -5.57567e-07 -5.38123e-11 0 -5.40397e-07 -6.00936e-11 0 -5.23888e-07 -6.7461e-11 0 -5.08033e-07 -7.6109e-11 0
          -4.92823e-07 -8.62709e-11 0 -4.78247e-07 -9.82246e-11 0 -4.64294e-07 -1.123e-10 0 -4.50954e-07 -1.28888e-10 0
          -4.38213e-07 -1.48452e-10 0 -4.26061e-07 -1.71541e-10 0 -4.14484e-07 -1.98808e-10 0 -4.0347e-07 -2.31028e-10 0
          -3.93007e-07 -2.69124e-10 0 -3.83081e-07 -3.14194e-10 0 -3.73681e-07 -3.67549e-10 0 -3.64795e-07 -4.30751e-10 0
          -3.56411e-07 -5.05658e-10 0 -3.4852e-07 -5.94469e-10 0 -3.41112e-07 -6.99773e-10 0 -3.34181e-07 -8.24567e-10 0
          -3.27721e-07 -9.72244e-10 0 -3.21732e-07 -1.14648e-09 0 -3.16218e-07 -1.35101e-09 0 -3.11187e-07 -1.58906e-09 0
          -3.06656e-07 -1.86262e-09 0 -3.02645e-07 -2.17127e-09 0 -2.99177e-07 -2.51106e-09 0 -2.96274e-07 -2.87374e-09 0
          -2.94966e-07 -3.15381e-09 0 1.21422e-06 -6.41641e-06 0 2.31096e-06 -6.28817e-06 0 4.31235e-06 -5.93119e-06 0
          5.86644e-06 -5.40934e-06 0 6.90311e-06 -4.79876e-06 0 7.44751e-06 -4.16701e-06 0 7.58184e-06 -3.56228e-06 0
          7.40765e-06 -3.01227e-06 0 7.02101e-06 -2.52858e-06 0 6.50109e-06 -2.11241e-06 0 5.90794e-06 -1.7593e-06 0
          5.28469e-06 -1.4623e-06 0 4.66082e-06 -1.2137e-06 0 4.05545e-06 -1.00615e-06 0 3.48038e-06 -8.33133e-07 0
          2.94238e-06 -6.88992e-07 0 2.44471e-06 -5.6896e-07 0 1.98833e-06 -4.69058e-07 0 1.57273e-06 -3.8598e-07 0
          1.19647e-06 -3.16994e-07 0 8.5756e-07 -2.59826e-07 0 5.53762e-07 -2.12568e-07 0 2.8271e-07 -1.73601e-07 0
          4.20262e-08 -1.41554e-07 0 -1.70627e-07 -1.15259e-07 0 -3.57508e-07 -9.37285e-08 0 -5.20779e-07 -7.61296e-08 0
          -6.62501e-07 -6.17652e-08 0 -7.84617e-07 -5.00552e-08 0 -8.88953e-07 -4.05195e-08 0 -9.77212e-07 -3.27624e-08 0
          -1.05098e-06 -2.64583e-08 0 -1.11172e-06 -2.13403e-08 0 -1.16079e-06 -1.71893e-08 0 -1.19944e-06 -1.38263e-08 0
          -1.22879e-06 -1.11047e-08 0 -1.2499e-06 -8.90474e-09 0 -1.26372e-06 -7.12864e-09 0 -1.27111e-06 -5.69664e-09 0
          -1.27286e-06 -4.5437e-09 0 -1.26967e-06 -3.61685e-09 0 -1.2622e-06 -2.87296e-09 0 -1.25102e-06 -2.27696e-09 0
          -1.23666e-06 -1.80037e-09 0 -1.21959e-06 -1.42003e-09 0 -1.20023e-06 -1.11721e-09 0 -1.17895e-06 -8.76682e-10 0
          -1.1561e-06 -6.86158e-10 0 -1.13197e-06 -5.35692e-10 0 -1.10684e-06 -4.17256e-10 0 -1.08094e-06 -3.24378e-10 0
          -1.05448e-06 -2.5185e-10 0 -1.02764e-06 -1.95486e-10 0 -1.00059e-06 -1.51927e-10 0 -9.73476e-07 -1.18487e-10 0
          -9.46414e-07 -9.30194e-11 0 -9.19516e-07 -7.38148e-11 0 -8.92875e-07 -5.9517e-11 0 -8.66571e-07 -4.90534e-11 0
          -8.40674e-07 -4.15802e-11 0 -8.15241e-07 -3.64376e-11 0 -7.90322e-07 -3.31142e-11 0 -7.65958e-07 -3.1218e-11 0
          -7.42181e-07 -3.04534e-11 0 -7.19019e-07 -3.06032e-11 0 -6.96493e-07 -3.15141e-11 0 -6.7462e-07 -3.30854e-11 0
          -6.5341e-07 -3.52609e-11 0 -6.32872e-07 -3.80221e-11 0 -6.1301e-07 -4.13839e-11 0 -5.93827e-07 -4.53916e-11 0
          -5.7532e-07 -5.01197e-11 0 -5.57487e-07 -5.56709e-11 0 -5.40323e-07 -6.21779e-11 0 -5.23821e-07 -6.98046e-11 0
          -5.07973e-07 -7.87498e-11 0 -4.9277e-07 -8.92512e-11 0 -4.78202e-07 -1.01591e-10 0 -4.64259e-07 -1.16103e-10 0
          -4.50929e-07 -1.3318e-10 0 -4.38201e-07 -1.53288e-10 0 -4.26063e-07 -1.76971e-10 0 -4.14502e-07 -2.04875e-10 0
          -4.03506e-07 -2.37757e-10 0 -3.93063e-07 -2.76509e-10 0 -3.83162e-07 -3.22179e-10 0 -3.73791e-07 -3.75997e-10 0
          -3.64938e-07 -4.39402e-10 0 -3.56593e-07 -5.14067e-10 0 -3.48748e-07 -6.01917e-10 0 -3.41393e-07 -7.05143e-10 0
          -3.34523e-07 -8.26177e-10 0 -3.28134e-07 -9.6763e-10 0 -3.22226e-07 -1.13214e-09 0 -3.168e-07 -1.32213e-09 0
          -3.11863e-07 -1.53934e-09 0 -3.07426e-07 -1.78433e-09 0 -3.03502e-07 -2.05573e-09 0 -3.00105e-07 -2.34969e-09 0
          -2.97245e-07 -2.65963e-09 0 -2.9595e-07 -2.89746e-09 0 1.75513e-06 -8.35766e-06 0 3.31098e-06 -8.14684e-06 0
          6.08653e-06 -7.57525e-06 0 8.10722e-06 -6.76845e-06 0 9.31146e-06 -5.86405e-06 0 9.79904e-06 -4.97061e-06 0
          9.74176e-06 -4.15329e-06 0 9.31449e-06 -3.44032e-06 0 8.66152e-06 -2.83624e-06 0 7.88898e-06 -2.3331e-06 0
          7.06932e-06 -1.91794e-06 0 6.24948e-06 -1.5769e-06 0 5.45846e-06 -1.29712e-06 0 4.71287e-06 -1.06742e-06 0
          4.02109e-06 -8.78532e-07 0 3.38644e-06 -7.22939e-07 0 2.80901e-06 -5.94555e-07 0 2.28696e-06 -4.88489e-07 0
          1.81735e-06 -4.00811e-07 0 1.39674e-06 -3.28345e-07 0 1.02144e-06 -2.68523e-07 0 6.87801e-07 -2.19229e-07 0
          3.92286e-07 -1.78697e-07 0 1.31559e-07 -1.45449e-07 0 -9.75096e-08 -1.18234e-07 0 -2.97829e-07 -9.6001e-08 0
          -4.72096e-07 -7.78675e-08 0 -6.22809e-07 -6.30966e-08 0 -7.52272e-07 -5.10777e-08 0 -8.62606e-07 -4.13069e-08 0
          -9.55761e-07 -3.33704e-08 0 -1.03352e-06 -2.69291e-08 0 -1.09752e-06 -2.17058e-08 0 -1.14924e-06 -1.74738e-08 0
          -1.19004e-06 -1.40482e-08 0 -1.22115e-06 -1.1278e-08 0 -1.24368e-06 -9.0403e-09 0 -1.25866e-06 -7.23479e-09 0
          -1.26699e-06 -5.77981e-09 0 -1.2695e-06 -4.60889e-09 0 -1.26693e-06 -3.66794e-09 0 -1.25996e-06 -2.91298e-09 0
          -1.24919e-06 -2.3083e-09 0 -1.23515e-06 -1.82487e-09 0 -1.21835e-06 -1.43917e-09 0 -1.1992e-06 -1.13212e-09 0
          -1.17809e-06 -8.88288e-10 0 -1.15538e-06 -6.95169e-10 0 -1.13137e-06 -5.42672e-10 0 -1.10633e-06 -4.22649e-10 0
          -1.0805e-06 -3.28536e-10 0 -1.0541e-06 -2.55049e-10 0 -1.02731e-06 -1.97943e-10 0 -1.0003e-06 -1.53814e-10 0
          -9.73216e-07 -1.19938e-10 0 -9.46181e-07 -9.41391e-11 0 -9.19304e-07 -7.46856e-11 0 -8.92681e-07 -6.02029e-11 0
          -8.66392e-07 -4.96042e-11 0 -8.40507e-07 -4.20347e-11 0 -8.15085e-07 -3.6826e-11 0 -7.90176e-07 -3.34598e-11 0
          -7.65819e-07 -3.15391e-11 0 -7.4205e-07 -3.07643e-11 0 -7.18894e-07 -3.09154e-11 0 -6.96375e-07 -3.18369e-11 0
          -6.74507e-07 -3.34267e-11 0 -6.53303e-07 -3.56274e-11 0 -6.3277e-07 -3.84202e-11 0 -6.12914e-07 -4.18194e-11 0
          -5.93736e-07 -4.58704e-11 0 -5.75235e-07 -5.06475e-11 0 -5.57407e-07 -5.62538e-11 0 -5.40249e-07 -6.28215e-11 0
          -5.23754e-07 -7.05143e-11 0 -5.07913e-07 -7.95302e-11 0 -4.92718e-07 -9.01051e-11 0 -4.78159e-07 -1.02518e-10 0
          -4.64225e-07 -1.17099e-10 0 -4.50906e-07 -1.34233e-10 0 -4.3819e-07 -1.54373e-10 0 -4.26065e-07 -1.78049e-10 0
          -4.1452e-07 -2.05879e-10 0 -4.03542e-07 -2.38585e-10 0 -3.9312e-07 -2.77007e-10 0 -3.83243e-07 -3.22116e-10 0
          -3.73899e-07 -3.75039e-10 0 -3.65078e-07 -4.37063e-10 0 -3.56771e-07 -5.09654e-10 0 -3.48967e-07 -5.94451e-10 0
          -3.41661e-07 -6.93258e-10 0 -3.34847e-07 -8.07993e-10 0 -3.2852e-07 -9.40605e-10 0 -3.22679e-07 -1.09293e-09 0
          -3.17326e-07 -1.26644e-09 0 -3.12465e-07 -1.46195e-09 0 -3.08101e-07 -1.67923e-09 0 -3.04242e-07 -1.91657e-09 0
          -3.00895e-07 -2.17055e-09 0 -2.98065e-07 -2.43595e-09 0 -2.96779e-07 -2.63866e-09 0 2.64854e-06 -1.1106e-05 0
          4.93038e-06 -1.07395e-05 0 8.86904e-06 -9.7841e-06 0 1.14695e-05 -8.49974e-06 0 1.27492e-05 -7.13933e-06 0
          1.29929e-05 -5.87147e-06 0 1.25452e-05 -4.77346e-06 0 1.16937e-05 -3.86085e-06 0 1.06411e-05 -3.11894e-06 0
          9.51743e-06 -2.52236e-06 0 8.40053e-06 -2.04451e-06 0 7.3342e-06 -1.66162e-06 0 6.34097e-06 -1.35397e-06 0
          5.43053e-06 -1.10573e-06 0 4.60478e-06 -9.04448e-07 0 3.86132e-06 -7.40527e-07 0 3.19549e-06 -6.06515e-07 0
          2.6016e-06 -4.96613e-07 0 2.07357e-06 -4.06299e-07 0 1.60541e-06 -3.32003e-07 0 1.1914e-06 -2.70897e-07 0
          8.26234e-07 -2.20702e-07 0 5.05031e-07 -1.79545e-07 0 2.2337e-07 -1.45868e-07 0 -2.27597e-08 -1.1837e-07 0
          -2.36984e-07 -9.59575e-08 0 -4.22583e-07 -7.77187e-08 0 -5.82526e-07 -6.28936e-08 0 -7.19508e-07 -5.08541e-08 0
          -8.35965e-07 -4.1084e-08 0 -9.34102e-07 -3.31606e-08 0 -1.01592e-06 -2.67389e-08 0 -1.08321e-06 -2.15378e-08 0
          -1.13761e-06 -1.73283e-08 0 -1.18059e-06 -1.3924e-08 0 -1.21347e-06 -1.11734e-08 0 -1.23744e-06 -8.95294e-09 0
          -1.25358e-06 -7.16246e-09 0 -1.26286e-06 -5.72035e-09 0 -1.26613e-06 -4.5603e-09 0 -1.26419e-06 -3.62846e-09 0
          -1.25772e-06 -2.88107e-09 0 -1.24735e-06 -2.28262e-09 0 -1.23365e-06 -1.8043e-09 0 -1.2171e-06 -1.42277e-09 0
          -1.19817e-06 -1.1191e-09 0 -1.17724e-06 -8.77984e-10 0 -1.15467e-06 -6.87051e-10 0 -1.13077e-06 -5.363e-10 0
          -1.10582e-06 -4.17667e-10 0 -1.08006e-06 -3.24654e-10 0 -1.05372e-06 -2.52032e-10 0 -1.02698e-06 -1.95604e-10 0
          -1.00001e-06 -1.52002e-10 0 -9.72957e-07 -1.18533e-10 0 -9.45948e-07 -9.30458e-11 0 -9.19093e-07 -7.38285e-11 0
          -8.92487e-07 -5.95224e-11 0 -8.66213e-07 -4.90535e-11 0 -8.40341e-07 -4.15768e-11 0 -8.1493e-07 -3.6432e-11 0
          -7.90029e-07 -3.3107e-11 0 -7.65681e-07 -3.12094e-11 0 -7.41919e-07 -3.04432e-11 0 -7.1877e-07 -3.0591e-11 0
          -6.96256e-07 -3.14991e-11 0 -6.74394e-07 -3.30664e-11 0 -6.53196e-07 -3.52361e-11 0 -6.32668e-07 -3.79891e-11 0
          -6.12818e-07 -4.13394e-11 0 -5.93645e-07 -4.5331e-11 0 -5.75149e-07 -5.00365e-11 0 -5.57328e-07 -5.55564e-11 0
          -5.40176e-07 -6.20197e-11 0 -5.23687e-07 -6.95859e-11 0 -5.07853e-07 -7.84471e-11 0 -4.92666e-07 -8.88319e-11 0
          -4.78115e-07 -1.0101e-10 0 -4.64191e-07 -1.15298e-10 0 -4.50882e-07 -1.32065e-10 0 -4.38178e-07 -1.51743e-10 0
          -4.26067e-07 -1.74831e-10 0 -4.14537e-07 -2.0191e-10 0 -4.03576e-07 -2.3365e-10 0 -3.93175e-07 -2.70822e-10 0
          -3.8332e-07 -3.14308e-10 0 -3.74002e-07 -3.65111e-10 0 -3.65211e-07 -4.24358e-10 0 -3.56938e-07 -4.93302e-10 0
          -3.49173e-07 -5.73309e-10 0 -3.41911e-07 -6.65828e-10 0 -3.35145e-07 -7.72338e-10 0 -3.28871e-07 -8.94258e-10 0
          -3.23088e-07 -1.03281e-09 0 -3.17795e-07 -1.18885e-09 0 -3.12993e-07 -1.36261e-09 0 -3.08686e-07 -1.55347e-09 0
          -3.04876e-07 -1.7597e-09 0 -3.01566e-07 -1.97836e-09 0 -2.98757e-07 -2.20532e-09 0 -2.97478e-07 -2.37809e-09 0
          4.23883e-06 -1.52282e-05 0 7.72814e-06 -1.453e-05 0 1.34537e-05 -1.28282e-05 0 1.66687e-05 -1.07054e-05 0
          1.77164e-05 -8.63113e-06 0 1.73243e-05 -6.83923e-06 0 1.61444e-05 -5.38542e-06 0 1.46131e-05 -4.24092e-06 0
          1.29823e-05 -3.35105e-06 0 1.13864e-05 -2.66131e-06 0 9.89147e-06 -2.12548e-06 0 8.52505e-06 -1.70692e-06 0
          7.29417e-06 -1.37758e-06 0 6.19532e-06 -1.11642e-06 0 5.21992e-06 -9.07618e-07 0 4.35714e-06 -7.39463e-07 0
          3.59585e-06 -6.03218e-07 0 2.92535e-06 -4.92278e-07 0 2.33566e-06 -4.0162e-07 0 1.81775e-06 -3.27374e-07 0
          1.36355e-06 -2.66522e-07 0 9.65851e-07 -2.16683e-07 0 6.18302e-07 -1.75925e-07 0 3.15286e-07 -1.42657e-07 0
          5.1839e-08 -1.15557e-07 0 -1.76435e-07 -9.35224e-08 0 -3.73435e-07 -7.56317e-08 0 -5.42632e-07 -6.11215e-08 0
          -6.87124e-07 -4.93616e-08 0 -8.09678e-07 -3.9836e-08 0 -9.12764e-07 -3.21236e-08 0 -9.98595e-07 -2.5882e-08 0
          -1.06915e-06 -2.08331e-08 0 -1.12619e-06 -1.67513e-08 0 -1.17132e-06 -1.34534e-08 0 -1.20594e-06 -1.07908e-08 0
          -1.23132e-06 -8.64305e-09 0 -1.24861e-06 -6.91219e-09 0 -1.25881e-06 -5.51884e-09 0 -1.26283e-06 -4.39853e-09 0
          -1.2615e-06 -3.49896e-09 0 -1.25552e-06 -2.77771e-09 0 -1.24555e-06 -2.20036e-09 0 -1.23217e-06 -1.73903e-09 0
          -1.21588e-06 -1.37113e-09 0 -1.19716e-06 -1.07838e-09 0 -1.1764e-06 -8.45976e-10 0 -1.15396e-06 -6.6197e-10 0
          -1.13017e-06 -5.16711e-10 0 -1.10531e-06 -4.02414e-10 0 -1.07963e-06 -3.12812e-10 0 -1.05334e-06 -2.42863e-10 0
          -1.02665e-06 -1.88516e-10 0 -9.99722e-07 -1.46527e-10 0 -9.727e-07 -1.14299e-10 0 -9.45716e-07 -8.97594e-11 0
          -9.18882e-07 -7.12579e-11 0 -8.92294e-07 -5.74857e-11 0 -8.66035e-07 -4.7408e-11 0 -8.40175e-07 -4.02111e-11 0
          -8.14774e-07 -3.52588e-11 0 -7.89883e-07 -3.20579e-11 0 -7.65543e-07 -3.02305e-11 0 -7.41788e-07 -2.94916e-11 0
          -7.18645e-07 -2.96317e-11 0 -6.96138e-07 -3.05028e-11 0 -6.74281e-07 -3.20076e-11 0 -6.53088e-07 -3.40911e-11 0
          -6.32566e-07 -3.67346e-11 0 -6.12721e-07 -3.99512e-11 0 -5.93553e-07 -4.37829e-11 0 -5.75063e-07 -4.82988e-11 0
          -5.57248e-07 -5.35945e-11 0 -5.40102e-07 -5.97928e-11 0 -5.23619e-07 -6.7045e-11 0 -5.07792e-07 -7.55332e-11 0
          -4.92612e-07 -8.54735e-11 0 -4.7807e-07 -9.71199e-11 0 -4.64155e-07 -1.10769e-10 0 -4.50857e-07 -1.26767e-10 0
          -4.38164e-07 -1.45513e-10 0 -4.26065e-07 -1.67469e-10 0 -4.1455e-07 -1.93167e-10 0 -4.03606e-07 -2.23214e-10 0
          -3.93223e-07 -2.58301e-10 0 -3.8339e-07 -2.99211e-10 0 -3.74096e-07 -3.46817e-10 0 -3.65333e-07 -4.02087e-10 0
          -3.5709e-07 -4.66067e-10 0 -3.4936e-07 -5.39873e-10 0 -3.42136e-07 -6.24648e-10 0 -3.35413e-07 -7.21507e-10 0
          -3.29184e-07 -8.31462e-10 0 -3.23449e-07 -9.55303e-10 0 -3.18204e-07 -1.09346e-09 0 -3.1345e-07 -1.24584e-09 0
          -3.09187e-07 -1.41166e-09 0 -3.05415e-07 -1.58932e-09 0 -3.02133e-07 -1.77638e-09 0 -2.99339e-07 -1.96955e-09 0
          -2.98064e-07 -2.11621e-09 0 7.39838e-06 -2.19987e-05 0 1.30242e-05 -2.0468e-05 0 2.15059e-05 -1.71337e-05 0
          2.49616e-05 -1.34577e-05 0 2.49205e-05 -1.02776e-05 0 2.31228e-05 -7.79209e-06 0 2.06688e-05 -5.92173e-06 0
          1.81062e-05 -4.53152e-06 0 1.5677e-05 -3.49884e-06 0 1.34726e-05 -2.72734e-06 0 1.15152e-05 -2.14586e-06 0
          9.79658e-06 -1.70288e-06 0 8.29586e-06 -1.36144e-06 0 6.9887e-06 -1.09516e-06 0 5.85124e-06 -8.85154e-07 0
          4.86152e-06 -7.17816e-07 0 4.00008e-06 -5.83365e-07 0 3.25011e-06 -4.74604e-07 0 2.59706e-06 -3.86178e-07 0
          2.02846e-06 -3.14052e-07 0 1.53357e-06 -2.55126e-07 0 1.10315e-06 -2.06991e-07 0 7.29253e-07 -1.67722e-07 0
          4.04992e-07 -1.35745e-07 0 1.24402e-07 -1.09758e-07 0 -1.17714e-07 -8.86773e-08 0 -3.25899e-07 -7.16018e-08 0
          -5.04137e-07 -5.77838e-08 0 -6.55941e-07 -4.66085e-08 0 -7.84409e-07 -3.75737e-08 0 -8.92283e-07 -3.02711e-08 0
          -9.8199e-07 -2.43698e-08 0 -1.05568e-06 -1.96024e-08 0 -1.11527e-06 -1.57523e-08 0 -1.16245e-06 -1.26445e-08 0
          -1.19874e-06 -1.01376e-08 0 -1.22548e-06 -8.11668e-09 0 -1.24385e-06 -6.48908e-09 0 -1.25494e-06 -5.17952e-09 0
          -1.25968e-06 -4.12705e-09 0 -1.25892e-06 -3.28229e-09 0 -1.25342e-06 -2.60521e-09 0 -1.24383e-06 -2.06338e-09 0
          -1.23075e-06 -1.63056e-09 0 -1.21471e-06 -1.28547e-09 0 -1.19619e-06 -1.01092e-09 0 -1.17559e-06 -7.93014e-10 0
          -1.15328e-06 -6.20516e-10 0 -1.1296e-06 -4.84362e-10 0 -1.10482e-06 -3.77247e-10 0 -1.07921e-06 -2.93286e-10 0
          -1.05298e-06 -2.27749e-10 0 -1.02633e-06 -1.76838e-10 0 -9.99439e-07 -1.37507e-10 0 -9.72447e-07 -1.07323e-10 0
          -9.45488e-07 -8.43426e-11 0 -9.18674e-07 -6.70183e-11 0 -8.92103e-07 -5.41236e-11 0 -8.65858e-07 -4.46888e-11 0
          -8.4001e-07 -3.79513e-11 0 -8.1462e-07 -3.33151e-11 0 -7.89737e-07 -3.0318e-11 0 -7.65405e-07 -2.86062e-11 0
          -7.41657e-07 -2.79127e-11 0 -7.18521e-07 -2.80412e-11 0 -6.96019e-07 -2.88531e-11 0 -6.74168e-07 -3.02571e-11 0
          -6.5298e-07 -3.22018e-11 0 -6.32464e-07 -3.46694e-11 0 -6.12624e-07 -3.76719e-11 0 -5.93461e-07 -4.12482e-11 0
          -5.74977e-07 -4.54623e-11 0 -5.57166e-07 -5.0403e-11 0 -5.40026e-07 -5.6184e-11 0 -5.2355e-07 -6.29452e-11 0
          -5.0773e-07 -7.08546e-11 0 -4.92557e-07 -8.01111e-11 0 -4.78023e-07 -9.09478e-11 0 -4.64116e-07 -1.03636e-10 0
          -4.50828e-07 -1.1849e-10 0 -4.38146e-07 -1.35873e-10 0 -4.26059e-07 -1.56198e-10 0 -4.14558e-07 -1.79942e-10 0
          -4.03629e-07 -2.07642e-10 0 -3.93263e-07 -2.39904e-10 0 -3.8345e-07 -2.77405e-10 0 -3.74178e-07 -3.20891e-10 0
          -3.65439e-07 -3.71171e-10 0 -3.57224e-07 -4.29107e-10 0 -3.49525e-07 -4.95591e-10 0 -3.42334e-07 -5.71507e-10 0
          -3.35646e-07 -6.57683e-10 0 -3.29456e-07 -7.54824e-10 0 -3.2376e-07 -8.63416e-10 0 -3.18555e-07 -9.83625e-10 0
          -3.13839e-07 -1.11519e-09 0 -3.0961e-07 -1.2573e-09 0 -3.05867e-07 -1.40857e-09 0 -3.02606e-07 -1.56695e-09 0
          -2.99824e-07 -1.72988e-09 0 -2.98551e-07 -1.85335e-09 0 1.4871e-05 -3.48069e-05 0 2.45332e-05 -3.07455e-05 0
          3.68811e-05 -2.32832e-05 0 3.84867e-05 -1.66378e-05 0 3.5195e-05 -1.18713e-05 0 3.0643e-05 -8.57359e-06 0
          2.61546e-05 -6.28037e-06 0 2.21353e-05 -4.66902e-06 0 1.8668e-05 -3.52302e-06 0 1.572e-05 -2.69633e-06 0
          1.32239e-05 -2.09087e-06 0 1.111e-05 -1.64043e-06 0 9.31527e-06 -1.29992e-06 0 7.78654e-06 -1.0385e-06 0
          6.47997e-06 -8.34916e-07 0 5.35977e-06 -6.74263e-07 0 4.39665e-06 -5.46137e-07 0 3.56678e-06 -4.43089e-07 0
          2.85057e-06 -3.59676e-07 0 2.23177e-06 -2.9187e-07 0 1.69685e-06 -2.36623e-07 0 1.23443e-06 -1.91596e-07 0
          8.34901e-07 -1.54942e-07 0 4.90083e-07 -1.25159e-07 0 1.9299e-07 -1.0101e-07 0 -6.23874e-08 -8.14678e-08 0
          -2.81236e-07 -6.56757e-08 0 -4.68058e-07 -5.2926e-08 0 -6.26775e-07 -4.26371e-08 0 -7.60818e-07 -3.43351e-08 0
          -8.7319e-07 -2.76364e-08 0 -9.66528e-07 -2.22312e-08 0 -1.04315e-06 -1.78701e-08 0 -1.10512e-06 -1.43519e-08 0
          -1.15422e-06 -1.15148e-08 0 -1.19205e-06 -9.22783e-09 0 -1.22004e-06 -7.38559e-09 0 -1.23944e-06 -5.9027e-09 0
          -1.25135e-06 -4.71017e-09 0 -1.25675e-06 -3.75218e-09 0 -1.25653e-06 -2.98353e-09 0 -1.25145e-06 -2.36766e-09 0
          -1.24222e-06 -1.87496e-09 0 -1.22942e-06 -1.48148e-09 0 -1.21361e-06 -1.16783e-09 0 -1.19527e-06 -9.1835e-10 0
          -1.17482e-06 -7.20378e-10 0 -1.15264e-06 -5.63688e-10 0 -1.12905e-06 -4.40033e-10 0 -1.10436e-06 -3.42766e-10 0
          -1.07881e-06 -2.66536e-10 0 -1.05263e-06 -2.07042e-10 0 -1.02602e-06 -1.60832e-10 0 -9.99165e-07 -1.25139e-10 0
          -9.72201e-07 -9.77497e-11 0 -9.45265e-07 -7.68996e-11 0 -9.1847e-07 -6.11837e-11 0 -8.91915e-07 -4.94875e-11 0
          -8.65683e-07 -4.09303e-11 0 -8.39847e-07 -3.48199e-11 0 -8.14466e-07 -3.06151e-11 0 -7.89592e-07 -2.78965e-11 0
          -7.65267e-07 -2.63428e-11 0 -7.41526e-07 -2.57117e-11 0 -7.18396e-07 -2.58253e-11 0 -6.959e-07 -2.65575e-11 0
          -6.74055e-07 -2.78258e-11 0 -6.52872e-07 -2.95832e-11 0 -6.32361e-07 -3.18136e-11 0 -6.12525e-07 -3.45278e-11 0
          -5.93368e-07 -3.77606e-11 0 -5.74889e-07 -4.15698e-11 0 -5.57084e-07 -4.60352e-11 0 -5.39949e-07 -5.1259e-11 0
          -5.23479e-07 -5.73666e-11 0 -5.07665e-07 -6.45087e-11 0 -4.92499e-07 -7.28628e-11 0 -4.77972e-07 -8.26366e-11 0
          -4.64074e-07 -9.40711e-11 0 -4.50795e-07 -1.07444e-10 0 -4.38123e-07 -1.23074e-10 0 -4.26047e-07 -1.41325e-10 0
          -4.14558e-07 -1.62609e-10 0 -4.03643e-07 -1.87389e-10 0 -3.93293e-07 -2.16184e-10 0 -3.83497e-07 -2.49565e-10 0
          -3.74245e-07 -2.88152e-10 0 -3.65528e-07 -3.3261e-10 0 -3.57337e-07 -3.83632e-10 0 -3.49664e-07 -4.41917e-10 0
          -3.42501e-07 -5.08138e-10 0 -3.35844e-07 -5.829e-10 0 -3.29685e-07 -6.66679e-10 0 -3.24022e-07 -7.59759e-10 0
          -3.18848e-07 -8.62153e-10 0 -3.14163e-07 -9.73524e-10 0 -3.09961e-07 -1.09313e-09 0 -3.06239e-07 -1.21978e-09 0
          -3.02995e-07 -1.35183e-09 0 -3.00221e-07 -1.48726e-09 0 -2.98951e-07 -1.58973e-09 0 3.92986e-05 -6.57278e-05 0
          5.59202e-05 -5.10025e-05 0 6.9222e-05 -3.11768e-05 0 6.00176e-05 -1.95557e-05 0 4.9049e-05 -1.29944e-05 0
          3.98503e-05 -8.95294e-06 0 3.24529e-05 -6.33458e-06 0 2.65518e-05 -4.58347e-06 0 2.18336e-05 -3.38462e-06 0
          1.80348e-05 -2.5465e-06 0 1.49472e-05 -1.94835e-06 0 1.2413e-05 -1.51282e-06 0 1.03137e-05 -1.18934e-06 0
          8.56e-06 -9.44479e-07 0 7.08446e-06 -7.55885e-07 0 5.83545e-06 -6.08315e-07 0 4.77294e-06 -4.91348e-07 0
          3.8656e-06 -3.97709e-07 0 3.08854e-06 -3.22175e-07 0 2.42167e-06 -2.60935e-07 0 1.84863e-06 -2.11144e-07 0
          1.35589e-06 -1.70637e-07 0 9.3221e-07 -1.37722e-07 0 5.6813e-07 -1.11032e-07 0 2.55658e-07 -8.944e-08 0
          -1.20097e-08 -7.2008e-08 0 -2.40692e-07 -5.79558e-08 0 -4.35389e-07 -4.6638e-08 0 -6.00424e-07 -3.7525e-08 0
          -7.39541e-07 -3.01865e-08 0 -8.55993e-07 -2.42754e-08 0 -9.52617e-07 -1.95128e-08 0 -1.03189e-06 -1.56749e-08 0
          -1.09599e-06 -1.25821e-08 0 -1.14681e-06 -1.00901e-08 0 -1.18605e-06 -8.08294e-09 0 -1.21516e-06 -6.46704e-09 0
          -1.23547e-06 -5.16705e-09 0 -1.24811e-06 -4.12209e-09 0 -1.25411e-06 -3.28297e-09 0 -1.25437e-06 -2.60995e-09 0
          -1.24968e-06 -2.07085e-09 0 -1.24076e-06 -1.6397e-09 0 -1.22821e-06 -1.29545e-09 0 -1.21261e-06 -1.02111e-09 0
          -1.19444e-06 -8.02941e-10 0 -1.17412e-06 -6.29849e-10 0 -1.15204e-06 -4.92875e-10 0 -1.12855e-06 -3.84799e-10 0
          -1.10392e-06 -2.998e-10 0 -1.07843e-06 -2.33197e-10 0 -1.0523e-06 -1.81224e-10 0 -1.02573e-06 -1.40862e-10 0
          -9.98901e-07 -1.09691e-10 0 -9.71963e-07 -8.57763e-11 0 -9.45048e-07 -6.75738e-11 0 -9.18271e-07 -5.38555e-11 0
          -8.9173e-07 -4.36473e-11 0 -8.65511e-07 -3.61798e-11 0 -8.39685e-07 -3.08477e-11 0 -8.14313e-07 -2.71784e-11 0
          -7.89448e-07 -2.48055e-11 0 -7.6513e-07 -2.34484e-11 0 -7.41395e-07 -2.28955e-11 0 -7.18271e-07 -2.29913e-11 0
          -6.95781e-07 -2.36261e-11 0 -6.73941e-07 -2.47275e-11 0 -6.52763e-07 -2.62548e-11 0 -6.32257e-07 -2.81938e-11 0
          -6.12426e-07 -3.05537e-11 0 -5.93274e-07 -3.33649e-11 0 -5.748e-07 -3.66775e-11 0 -5.57e-07 -4.05607e-11 0
          -5.39871e-07 -4.5103e-11 0 -5.23406e-07 -5.0413e-11 0 -5.07598e-07 -5.66207e-11 0 -4.92438e-07 -6.38792e-11 0
          -4.77918e-07 -7.23669e-11 0 -4.64028e-07 -8.22902e-11 0 -4.50756e-07 -9.38863e-11 0 -4.38093e-07 -1.07426e-10 0
          -4.26028e-07 -1.23217e-10 0 -4.1455e-07 -1.41605e-10 0 -4.03647e-07 -1.62978e-10 0 -3.93311e-07 -1.87764e-10 0
          -3.8353e-07 -2.16431e-10 0 -3.74295e-07 -2.49482e-10 0 -3.65596e-07 -2.87447e-10 0 -3.57426e-07 -3.30869e-10 0
          -3.49774e-07 -3.80284e-10 0 -3.42636e-07 -4.36195e-10 0 -3.36003e-07 -4.99032e-10 0 -3.29871e-07 -5.69113e-10 0
          -3.24233e-07 -6.46588e-10 0 -3.19085e-07 -7.31388e-10 0 -3.14423e-07 -8.23173e-10 0 -3.10242e-07 -9.21295e-10 0
          -3.06538e-07 -1.02478e-09 0 -3.03305e-07 -1.13232e-09 0 -3.00538e-07 -1.24237e-09 0 -2.99269e-07 -1.32554e-09 0
          0.00022947 -0.00021298 0 0.000195748 -8.77341e-05 0 0.000133375 -3.67058e-05 0 8.99463e-05 -2.08329e-05 0
          6.5874e-05 -1.30845e-05 0 5.01817e-05 -8.67608e-06 0 3.91574e-05 -5.96242e-06 0 3.10761e-05 -4.21463e-06 0
          2.49832e-05 -3.05394e-06 0 2.02865e-05 -2.26344e-06 0 1.65949e-05 -1.71166e-06 0 1.36427e-05 -1.31732e-06 0
          1.12466e-05 -1.02887e-06 0 9.27714e-06 -8.13138e-07 0 7.64137e-06 -6.48479e-07 0 6.27126e-06 -5.20517e-07 0
          5.11592e-06 -4.19547e-07 0 4.13659e-06 -3.38978e-07 0 3.30324e-06 -2.74139e-07 0 2.59211e-06 -2.21658e-07 0
          1.98413e-06 -1.79051e-07 0 1.46376e-06 -1.44432e-07 0 1.01818e-06 -1.16345e-07 0 6.36753e-07 -9.36124e-08 0
          3.10517e-07 -7.52623e-08 0 3.19197e-08 -6.04841e-08 0 -2.05453e-07 -4.86015e-08 0 -4.07074e-07 -3.90549e-08 0
          -5.77634e-07 -3.13856e-08 0 -7.2117e-07 -2.52222e-08 0 -8.41163e-07 -2.02662e-08 0 -9.4063e-07 -1.62788e-08 0
          -1.02219e-06 -1.30693e-08 0 -1.08813e-06 -1.04855e-08 0 -1.14044e-06 -8.40523e-09 0 -1.18087e-06 -6.7308e-09 0
          -1.21095e-06 -5.38356e-09 0 -1.23203e-06 -4.30022e-09 0 -1.24531e-06 -3.42977e-09 0 -1.25182e-06 -2.73104e-09 0
          -1.25249e-06 -2.17079e-09 0 -1.24813e-06 -1.72216e-09 0 -1.23948e-06 -1.36345e-09 0 -1.22715e-06 -1.0771e-09 0
          -1.21173e-06 -8.48956e-10 0 -1.19369e-06 -6.67559e-10 0 -1.17349e-06 -5.23668e-10 0 -1.15151e-06 -4.09824e-10 0
          -1.12808e-06 -3.20013e-10 0 -1.10352e-06 -2.49393e-10 0 -1.07808e-06 -1.94065e-10 0 -1.05199e-06 -1.50899e-10 0
          -1.02545e-06 -1.17382e-10 0 -9.98651e-07 -9.15027e-11 0 -9.71735e-07 -7.16508e-11 0 -9.44839e-07 -5.65436e-11 0
          -9.18077e-07 -4.51601e-11 0 -8.9155e-07 -3.66907e-11 0 -8.65342e-07 -3.04958e-11 0 -8.39525e-07 -2.60729e-11 0
          -8.14162e-07 -2.30291e-11 0 -7.89304e-07 -2.10601e-11 0 -7.64993e-07 -1.9933e-11 0 -7.41264e-07 -1.94722e-11 0
          -7.18146e-07 -1.95486e-11 0 -6.95661e-07 -2.0071e-11 0 -6.73826e-07 -2.09797e-11 0 -6.52653e-07 -2.22406e-11 0
          -6.32152e-07 -2.38422e-11 0 -6.12326e-07 -2.57921e-11 0 -5.93178e-07 -2.81154e-11 0 -5.74709e-07 -3.08536e-11 0
          -5.56914e-07 -3.40638e-11 0 -5.39789e-07 -3.78191e-11 0 -5.2333e-07 -4.2209e-11 0 -5.07527e-07 -4.73405e-11 0
          -4.92373e-07 -5.33394e-11 0 -4.77859e-07 -6.03518e-11 0 -4.63976e-07 -6.85464e-11 0 -4.50711e-07 -7.81165e-11 0
          -4.38056e-07 -8.92819e-11 0 -4.26e-07 -1.02291e-10 0 -4.14531e-07 -1.17423e-10 0 -4.0364e-07 -1.34986e-10 0
          -3.93315e-07 -1.55321e-10 0 -3.83547e-07 -1.78795e-10 0 -3.74326e-07 -2.05801e-10 0 -3.65643e-07 -2.36746e-10 0
          -3.57489e-07 -2.72041e-10 0 -3.49856e-07 -3.12085e-10 0 -3.42737e-07 -3.57242e-10 0 -3.36124e-07 -4.07811e-10 0
          -3.30012e-07 -4.63996e-10 0 -3.24395e-07 -5.25867e-10 0 -3.19267e-07 -5.93324e-10 0 -3.14623e-07 -6.66062e-10 0
          -3.10458e-07 -7.4355e-10 0 -3.06767e-07 -8.25022e-10 0 -3.03543e-07 -9.09486e-10 0 -3.0078e-07 -9.95763e-10 0
          -2.99513e-07 -1.06091e-09 0 0.00103128 -0.000205581 0 0.00065228 -8.47272e-05 0 0.000211315 -3.47246e-05 0
          0.000123458 -1.91337e-05 0 8.34516e-05 -1.16902e-05 0 6.04848e-05 -7.56478e-06 0 4.5613e-05 -5.08929e-06 0
          3.53147e-05 -3.53209e-06 0 2.78718e-05 -2.52035e-06 0 2.23188e-05 -1.84517e-06 0 1.8065e-05 -1.38234e-06 0
          1.4731e-05 -1.0566e-06 0 1.20675e-05 -8.21285e-07 0 9.90544e-06 -6.46945e-07 0 8.12745e-06 -5.14765e-07 0
          6.65019e-06 -4.12533e-07 0 5.41287e-06 -3.32073e-07 0 4.37006e-06 -2.67974e-07 0 3.48719e-06 -2.16443e-07 0
          2.73725e-06 -1.74761e-07 0 2.09877e-06 -1.40944e-07 0 1.55441e-06 -1.13486e-07 0 1.08997e-06 -9.12375e-08 0
          6.93702e-07 -7.32622e-08 0 3.55796e-07 -5.87848e-08 0 6.80088e-08 -4.71553e-08 0 -1.76614e-07 -3.78297e-08 0
          -3.8397e-07 -3.03568e-08 0 -5.59079e-07 -2.43676e-08 0 -7.06235e-07 -1.95641e-08 0 -8.29118e-07 -1.57079e-08 0
          -9.30898e-07 -1.26096e-08 0 -1.01431e-06 -1.01184e-08 0 -1.08174e-06 -8.11448e-09 0 -1.13525e-06 -6.50231e-09 0
          -1.17665e-06 -5.20537e-09 0 -1.20751e-06 -4.16236e-09 0 -1.22923e-06 -3.32401e-09 0 -1.24301e-06 -2.65064e-09 0
          -1.24993e-06 -2.11028e-09 0 -1.25093e-06 -1.67713e-09 0 -1.24684e-06 -1.33036e-09 0 -1.2384e-06 -1.05315e-09 0
          -1.22626e-06 -8.3192e-10 0 -1.21097e-06 -6.55687e-10 0 -1.19305e-06 -5.15593e-10 0 -1.17294e-06 -4.04485e-10 0
          -1.15104e-06 -3.16594e-10 0 -1.12767e-06 -2.4727e-10 0 -1.10316e-06 -1.92769e-10 0 -1.07776e-06 -1.50078e-10 0
          -1.0517e-06 -1.16778e-10 0 -1.02519e-06 -9.09266e-11 0 -9.98415e-07 -7.09695e-11 0 -9.71518e-07 -5.5664e-11 0
          -9.44638e-07 -4.4019e-11 0 -9.1789e-07 -3.5246e-11 0 -8.91374e-07 -2.872e-11 0 -8.65176e-07 -2.39474e-11 0
          -8.39368e-07 -2.05402e-11 0 -8.14013e-07 -1.81953e-11 0 -7.89161e-07 -1.66779e-11 0 -7.64857e-07 -1.58084e-11 0
          -7.41134e-07 -1.54514e-11 0 -7.18021e-07 -1.55075e-11 0 -6.95541e-07 -1.59063e-11 0 -6.73711e-07 -1.66019e-11 0
          -6.52543e-07 -1.75682e-11 0 -6.32045e-07 -1.87962e-11 0 -6.12224e-07 -2.02919e-11 0 -5.93081e-07 -2.20747e-11 0
          -5.74616e-07 -2.41765e-11 0 -5.56825e-07 -2.66413e-11 0 -5.39705e-07 -2.95253e-11 0 -5.2325e-07 -3.28971e-11 0
          -5.07453e-07 -3.68387e-11 0 -4.92304e-07 -4.14464e-11 0 -4.77796e-07 -4.68317e-11 0 -4.63918e-07 -5.31233e-11 0
          -4.5066e-07 -6.0468e-11 0 -4.38011e-07 -6.90324e-11 0 -4.25962e-07 -7.90042e-11 0 -4.14502e-07 -9.05927e-11 0
          -4.03619e-07 -1.0403e-10 0 -3.93304e-07 -1.19568e-10 0 -3.83546e-07 -1.37479e-10 0 -3.74337e-07 -1.58051e-10 0
          -3.65666e-07 -1.81578e-10 0 -3.57525e-07 -2.08357e-10 0 -3.49907e-07 -2.38668e-10 0 -3.42802e-07 -2.72761e-10 0
          -3.36205e-07 -3.10837e-10 0 -3.30109e-07 -3.5302e-10 0 -3.24507e-07 -3.99336e-10 0 -3.19394e-07 -4.49687e-10 0
          -3.14764e-07 -5.03828e-10 0 -3.10611e-07 -5.61357e-10 0 -3.0693e-07 -6.21706e-10 0 -3.03713e-07 -6.8416e-10 0
          -3.00953e-07 -7.47874e-10 0 -2.99687e-07 -7.95957e-10 0 0.00121331 -5.14521e-05 0 0.000787923 -4.25561e-05 0
          0.000274709 -2.48844e-05 0 0.000151888 -1.4314e-05 0 9.85989e-05 -8.75795e-06 0 6.92783e-05 -5.60893e-06 0
          5.10362e-05 -3.72399e-06 0 3.88224e-05 -2.55119e-06 0 3.02354e-05 -1.7998e-06 0 2.39703e-05 -1.30576e-06 0
          1.92558e-05 -9.71806e-07 0 1.56122e-05 -7.39522e-07 0 1.27327e-05 -5.7326e-07 0 1.0415e-05 -4.50875e-07 0
          8.52152e-06 -3.58449e-07 0 6.9568e-06 -2.87128e-07 0 5.65223e-06 -2.31015e-07 0 4.55719e-06 -1.86306e-07 0
          3.63356e-06 -1.50351e-07 0 2.85173e-06 -1.21256e-07 0 2.18833e-06 -9.76486e-08 0 1.62453e-06 -7.84846e-08 0
          1.14496e-06 -6.29709e-08 0 7.36936e-07 -5.04593e-08 0 3.89905e-07 -4.04061e-08 0 9.50247e-08 -3.23529e-08 0
          -1.55129e-07 -2.59135e-08 0 -3.66815e-07 -2.07673e-08 0 -5.45331e-07 -1.66527e-08 0 -6.95182e-07 -1.33591e-08 0
          -8.20206e-07 -1.07191e-08 0 -9.23694e-07 -8.6004e-09 0 -1.00848e-06 -6.89845e-09 0 -1.077e-06 -5.53038e-09 0
          -1.13139e-06 -4.43035e-09 0 -1.1735e-06 -3.54582e-09 0 -1.20493e-06 -2.83474e-09 0 -1.22711e-06 -2.26337e-09 0
          -1.24126e-06 -1.80457e-09 0 -1.24848e-06 -1.43649e-09 0 -1.24973e-06 -1.14151e-09 0 -1.24584e-06 -9.05398e-10 0
          -1.23756e-06 -7.1669e-10 0 -1.22554e-06 -5.66113e-10 0 -1.21036e-06 -4.46186e-10 0 -1.19253e-06 -3.50869e-10 0
          -1.17249e-06 -2.75286e-10 0 -1.15064e-06 -2.15508e-10 0 -1.12732e-06 -1.68366e-10 0 -1.10284e-06 -1.31311e-10 0
          -1.07747e-06 -1.02292e-10 0 -1.05144e-06 -7.96604e-11 0 -1.02496e-06 -6.20951e-11 0 -9.98196e-07 -4.85378e-11 0
          -9.71314e-07 -3.81427e-11 0 -9.44446e-07 -3.02355e-11 0 -9.1771e-07 -2.42799e-11 0 -8.91203e-07 -1.98505e-11 0
          -8.65014e-07 -1.66118e-11 0 -8.39214e-07 -1.42998e-11 0 -8.13865e-07 -1.27086e-11 0 -7.8902e-07 -1.16785e-11 0
          -7.64721e-07 -1.10876e-11 0 -7.41003e-07 -1.08438e-11 0 -7.17896e-07 -1.08797e-11 0 -6.9542e-07 -1.11476e-11 0
          -6.73595e-07 -1.16163e-11 0 -6.52431e-07 -1.22681e-11 0 -6.31938e-07 -1.30971e-11 0 -6.12121e-07 -1.41074e-11 0
          -5.92982e-07 -1.53122e-11 0 -5.7452e-07 -1.67332e-11 0 -5.56734e-07 -1.84004e-11 0 -5.39619e-07 -2.03518e-11 0
          -5.23168e-07 -2.26341e-11 0 -5.07374e-07 -2.53025e-11 0 -4.9223e-07 -2.84224e-11 0 -4.77727e-07 -3.2069e-11 0
          -4.63853e-07 -3.6329e-11 0 -4.50601e-07 -4.13012e-11 0 -4.37958e-07 -4.70975e-11 0 -4.25915e-07 -5.38434e-11 0
          -4.1446e-07 -6.16789e-11 0 -4.03584e-07 -7.0758e-11 0 -3.93277e-07 -8.1248e-11 0 -3.83527e-07 -9.33283e-11 0
          -3.74326e-07 -1.07187e-10 0 -3.65665e-07 -1.23016e-10 0 -3.57534e-07 -1.41006e-10 0 -3.49926e-07 -1.61335e-10 0
          -3.42833e-07 -1.84161e-10 0 -3.36247e-07 -2.09604e-10 0 -3.30162e-07 -2.37736e-10 0 -3.24571e-07 -2.68562e-10 0
          -3.19469e-07 -3.02006e-10 0 -3.14848e-07 -3.37899e-10 0 -3.10704e-07 -3.75969e-10 0 -3.07029e-07 -4.15846e-10 0
          -3.03816e-07 -4.57062e-10 0 -3.01059e-07 -4.99074e-10 0 -2.99793e-07 -5.30766e-10 0 0.00122932 -1.89766e-05 0
          0.000812958 -1.71227e-05 0 0.000302906 -1.20441e-05 0 0.000169409 -7.50976e-06 0 0.00010865 -4.66823e-06 0
          7.52187e-05 -2.98552e-06 0 5.47015e-05 -1.96881e-06 0 4.11906e-05 -1.33796e-06 0 3.18372e-05 -9.37021e-07 0
          2.51004e-05 -6.76052e-07 0 2.00818e-05 -5.01386e-07 0 1.62325e-05 -3.80851e-07 0 1.32071e-05 -2.95067e-07 0
          1.07817e-05 -2.32122e-07 0 8.80646e-06 -1.84633e-07 0 7.17845e-06 -1.47982e-07 0 5.82436e-06 -1.19092e-07 0
          4.69049e-06 -9.60336e-08 0 3.73644e-06 -7.74627e-08 0 2.93089e-06 -6.2416e-08 0 2.24911e-06 -5.0198e-08 0
          1.6712e-06 -4.0277e-08 0 1.18087e-06 -3.22521e-08 0 7.64697e-07 -2.57914e-08 0 4.115e-07 -2.06128e-08 0
          1.11947e-07 -1.64761e-08 0 -1.41769e-07 -1.3178e-08 0 -3.56194e-07 -1.05491e-08 0 -5.36836e-07 -8.45186e-09 0
          -6.88352e-07 -6.77597e-09 0 -8.1469e-07 -5.43437e-09 0 -9.19222e-07 -4.35868e-09 0 -1.00484e-06 -3.49515e-09 0
          -1.07403e-06 -2.80136e-09 0 -1.12896e-06 -2.24371e-09 0 -1.1715e-06 -1.79545e-09 0 -1.20328e-06 -1.43518e-09 0
          -1.22573e-06 -1.14576e-09 0 -1.24011e-06 -9.134e-10 0 -1.24752e-06 -7.2702e-10 0 -1.24891e-06 -5.77677e-10 0
          -1.24514e-06 -4.5816e-10 0 -1.23696e-06 -3.62652e-10 0 -1.22502e-06 -2.86453e-10 0 -1.20991e-06 -2.25774e-10 0
          -1.19213e-06 -1.77554e-10 0 -1.17213e-06 -1.39323e-10 0 -1.15031e-06 -1.09091e-10 0 -1.12703e-06 -8.52538e-11 0
          -1.10257e-06 -6.65204e-11 0 -1.07722e-06 -5.18521e-11 0 -1.05121e-06 -4.04148e-11 0 -1.02474e-06 -3.15398e-11 0
          -9.97994e-07 -2.46913e-11 0 -9.71123e-07 -1.94414e-11 0 -9.44265e-07 -1.54489e-11 0 -9.17537e-07 -1.24424e-11 0
          -8.91038e-07 -1.02069e-11 0 -8.64856e-07 -8.57261e-12 0 -8.39062e-07 -7.40604e-12 0 -8.1372e-07 -6.60309e-12 0
          -7.8888e-07 -6.08313e-12 0 -7.64586e-07 -5.78447e-12 0 -7.40873e-07 -5.66068e-12 0 -7.1777e-07 -5.67768e-12 0
          -6.95299e-07 -5.81144e-12 0 -6.73478e-07 -6.04624e-12 0 -6.52318e-07 -6.37321e-12 0 -6.31829e-07 -6.78939e-12 0
          -6.12016e-07 -7.29689e-12 0 -5.92881e-07 -7.90246e-12 0 -5.74423e-07 -8.6171e-12 0 -5.56641e-07 -9.45594e-12 0
          -5.39529e-07 -1.04383e-11 0 -5.23081e-07 -1.15876e-11 0 -5.07292e-07 -1.29319e-11 0 -4.92152e-07 -1.45041e-11 0
          -4.77652e-07 -1.63421e-11 0 -4.63782e-07 -1.84895e-11 0 -4.50534e-07 -2.0996e-11 0 -4.37895e-07 -2.39179e-11 0
          -4.25856e-07 -2.73179e-11 0 -4.14407e-07 -3.12662e-11 0 -4.03536e-07 -3.58395e-11 0 -3.93233e-07 -4.11213e-11 0
          -3.83489e-07 -4.72005e-11 0 -3.74294e-07 -5.41701e-11 0 -3.65639e-07 -6.21248e-11 0 -3.57515e-07 -7.11576e-11 0
          -3.49913e-07 -8.13555e-11 0 -3.42827e-07 -9.27936e-11 0 -3.36248e-07 -1.0553e-10 0 -3.3017e-07 -1.19595e-10 0
          -3.24586e-07 -1.34989e-10 0 -3.19491e-07 -1.51671e-10 0 -3.14876e-07 -1.69554e-10 0 -3.10737e-07 -1.88503e-10 0
          -3.07066e-07 -2.08333e-10 0 -3.03857e-07 -2.28815e-10 0 -3.01101e-07 -2.49683e-10 0 -2.99836e-07 -2.65422e-10 0
          0.0012323 -8.36245e-06 0 0.000818392 -7.76874e-06 0 0.000310345 -5.81102e-06 0 0.00017514 -3.80428e-06 0
          0.000112233 -2.4039e-06 0 7.7391e-05 -1.53978e-06 0 5.60606e-05 -1.01215e-06 0 4.20882e-05 -6.84628e-07 0
          3.24677e-05 -4.77426e-07 0 2.55677e-05 -3.43499e-07 0 2.04412e-05 -2.54459e-07 0 1.65148e-05 -1.9331e-07 0
          1.34307e-05 -1.49917e-07 0 1.09585e-05 -1.18098e-07 0 8.94542e-06 -9.40635e-08 0 7.28654e-06 -7.54824e-08 0
          5.90745e-06 -6.07877e-08 0 4.75361e-06 -4.90287e-08 0 3.78383e-06 -3.95385e-08 0 2.96609e-06 -3.18357e-08 0
          2.27504e-06 -2.55748e-08 0 1.69022e-06 -2.04879e-08 0 1.19486e-06 -1.63762e-08 0 7.75073e-07 -1.30714e-08 0
          4.19298e-07 -1.04287e-08 0 1.17906e-07 -8.32327e-09 0 -1.37139e-07 -6.64918e-09 0 -3.52542e-07 -5.31799e-09 0
          -5.33919e-07 -4.25803e-09 0 -6.85998e-07 -3.41222e-09 0 -8.12776e-07 -2.73579e-09 0 -9.17654e-07 -2.19377e-09 0
          -1.00355e-06 -1.75885e-09 0 -1.07296e-06 -1.40952e-09 0 -1.12806e-06 -1.12881e-09 0 -1.17074e-06 -9.03192e-10 0
          -1.20264e-06 -7.21893e-10 0 -1.22519e-06 -5.76266e-10 0 -1.23964e-06 -4.59367e-10 0 -1.24711e-06 -3.65609e-10 0
          -1.24855e-06 -2.9049e-10 0 -1.24482e-06 -2.30381e-10 0 -1.23668e-06 -1.82351e-10 0 -1.22476e-06 -1.44036e-10 0
          -1.20967e-06 -1.13528e-10 0 -1.19191e-06 -8.92872e-11 0 -1.17193e-06 -7.00704e-11 0 -1.15013e-06 -5.48763e-11 0
          -1.12685e-06 -4.28979e-11 0 -1.10241e-06 -3.34855e-11 0 -1.07707e-06 -2.61168e-11 0 -1.05106e-06 -2.03722e-11 0
          -1.0246e-06 -1.59154e-11 0 -9.97858e-07 -1.24769e-11 0 -9.70993e-07 -9.84157e-12 0 -9.44141e-07 -7.83782e-12 0
          -9.17417e-07 -6.32924e-12 0 -8.90923e-07 -5.20773e-12 0 -8.64744e-07 -4.38793e-12 0 -8.38955e-07 -3.80282e-12 0
          -8.13616e-07 -3.40006e-12 0 -7.88779e-07 -3.13917e-12 0 -7.64489e-07 -2.98915e-12 0 -7.40779e-07 -2.92669e-12 0
          -7.1768e-07 -2.93472e-12 0 -6.95212e-07 -3.00117e-12 0 -6.73393e-07 -3.11817e-12 0 -6.52236e-07 -3.28131e-12 0
          -6.3175e-07 -3.48911e-12 0 -6.1194e-07 -3.74266e-12 0 -5.92807e-07 -4.04537e-12 0 -5.74352e-07 -4.4028e-12 0
          -5.56572e-07 -4.82257e-12 0 -5.39462e-07 -5.31437e-12 0 -5.23017e-07 -5.89004e-12 0 -5.0723e-07 -6.56366e-12 0
          -4.92092e-07 -7.35171e-12 0 -4.77594e-07 -8.27326e-12 0 -4.63727e-07 -9.35019e-12 0 -4.50481e-07 -1.06074e-11 0
          -4.37845e-07 -1.20731e-11 0 -4.25808e-07 -1.37787e-11 0 -4.14361e-07 -1.57593e-11 0 -4.03492e-07 -1.80532e-11 0
          -3.93192e-07 -2.07021e-11 0 -3.83451e-07 -2.37502e-11 0 -3.74258e-07 -2.72438e-11 0 -3.65606e-07 -3.12299e-11 0
          -3.57484e-07 -3.57545e-11 0 -3.49885e-07 -4.08603e-11 0 -3.42802e-07 -4.65844e-11 0 -3.36226e-07 -5.29544e-11 0
          -3.30151e-07 -5.99856e-11 0 -3.2457e-07 -6.76766e-11 0 -3.19476e-07 -7.60063e-11 0 -3.14864e-07 -8.49309e-11 0
          -3.10727e-07 -9.43827e-11 0 -3.07057e-07 -1.0427e-10 0 -3.03849e-07 -1.14478e-10 0 -3.01094e-07 -1.24877e-10 0
          -2.99829e-07 -1.32721e-10 0
        </DataArray>
      </PointData>
      <CellData Scalars="process rank">
        <DataArray type="Float32" Name="process rank" NumberOfComponents="1" format="ascii">
          0 0 0 0 0 0 0 0 0 0 0 0
          0 0 0 0 0 0 0 0 0 0 0 0
          0 0 0 0 0 0 0 0 0 0 0 0
          0 0 0 0 0 0 0 0 0 0 0 0
          0 0 0 0 0 0 0 0 0 0 0 0
          0 0 0 0 0 0 0 0 0 0 0 0
          0 0 0 0 0 0 0 0 0 0 0 0
          0 0 0 0 0 0 0 0 0 0 0 0
          0 0 0 0 0 0 0 0 0 0 0 0
          0 0 0 0 0 0 0 0 0 0 0 0
          0 0 0 0 0 0 0 0 0 0 0 0
          0 0 0 0 0 0 0 0 0 0 0 0
          0 0 0 0 0 0 0 0 0 0 0 0
          0 0 0 0 0 0 0 0 0 0 0 0
          0 0 0 0 0 0 0 0 0 0 0 0
          0 0 0 0 0 0 0 0 0 0 0 0
          0 0 0 0 0 0 0 0 0 0 0 0
          0 0 0 0 0 0 0 0 0 0 0 0
          0 0 0 0 0 0 0 0 0 0 0 0
          0 0 0 0 0 0 0 0 0 0 0 0
          0 0 0 0 0 0 0 0 0 0 0 0
          0 0 0 0 0 0 0 0 0 0 0 0
          0 0 0 0 0 0 0 0 0 0 0 0
          0 0 0 0 0 0 0 0 0 0 0 0
          0 0 0 0 0 0 0 0 0 0 0 0
          0 0 0 0 0 0 0 0 0 0 0 0
          0 0 0 0 0 0 0 0 0 0 0 0
          0 0 0 0 0 0 0 0 0 0 0 0
          0 0 0 0 0 0 0 0 0 0 0 0
          0 0 0 0 0 0 0 0 0 0 0 0
          0 0 0 0 0 0 0 0 0 0 0 0
          0 0 0 0 0 0 0 0 0 0 0 0
          0 0 0 0 0 0 0 0 0 0 0 0
          0 0 0 0 0 0 0 0 0 0 0 0
          0 0 0 0 0 0 0 0 0 0 0 0
          0 0 0 0 0 0 0 0 0 0 0 0
          0 0 0 0 0 0 0 0 0 0 0 0
          0 0 0 0 0 0 0 0 0 0 0 0
          0 0 0 0 0 0 0 0 0 0 0 0
          0 0 0 0 0 0 0 0 0 0 0 0
          0 0 0 0 0 0 0 0 0 0 0 0
          0 0 0 0 0 0 0 0 0 0 0 0
          0 0 0 0 0 0 0 0 0 0 0 0
          0 0 0 0 0 0 0 0 0 0 0 0
          0 0 0 0 0 0 0 0 0 0 0 0
          0 0 0 0 0 0 0 0 0 0 0 0
          0 0 0 0 0 0 0 0 0 0 0 0
          0 0 0 0 0 0 0 0 0 0 0 0
          0 0 0 0 0 0 0 0 0 0 0 0
          0 0 0 0 0 0 0 0 0 0 0 0
          0 0 0 0 0 0 0 0 0 0 0 0
          0 0 0 0 0 0 0 0 0 0 0 0
          0 0 0 0 0 0 0 0 0 0 0 0
          0 0 0 0 0 0 0 0 0 0 0 0
          0 0 0 0 0 0 0 0 0 0 0 0
          0 0 0 0 0 0 0 0 0 0 0 0
          0 0 0 0 0 0 0 0 0 0 0 0
          0 0 0 0 0 0 0 0 0 0 0 0
          0 0 0 0 0 0 0 0 0 0 0 0
          0 0 0 0 0 0 0 0 0 0 0 0
          0 0 0 0 0 0 0 0 0 0 0 0
          0 0 0 0 0 0 0 0 0 0 0 0
          0 0 0 0 0 0 0 0 0 0 0 0
          0 0 0 0 0 0 0 0 0 0 0 0
          0 0 0 0 0 0 0 0 0 0 0 0
          0 0 0 0 0 0 0 0 0 0 0 0
          0 0 0 0 0 0 0 0 0 0 0 0
          0 0 0 0 0 0 0 0 0 0 0 0
          0 0 0 0 0 0 0 0 0 0 0 0
          0 0 0 0 0 0 0 0 0 0 0 0
          0 0 0 0 0 0 0 0 0 0 0 0
          0 0 0 0 0 0 0 0 0 0 0 0
          0 0 0 0 0 0 0 0 0 0 0 0
          0 0 0 0 0 0 0 0 0 0 0 0
          0 0 0 0 0 0 0 0 0 0 0 0
          0 0 0 0 0 0 0 0 0 0 0 0
          0 0 0 0 0 0 0 0 0 0 0 0
          0 0 0 0 0 0 0 0 0 0 0 0
          0 0 0 0 0 0 0 0 0 0 0 0
          0 0 0 0 0 0 0 0 0 0 0 0
          0 0 0 0 0 0 0 0 0 0 0 0
          0 0 0 0 0 0 0 0 0 0 0 0
          0 0 0 0 0 0 0 0 0 0 0 0
          0 0 0 0 0 0 0 0 0 0 0 0
          0 0 0 0 0 0 0 0 0 0 0 0
          0 0 0 0 0 0 0 0 0 0 0 0
          0 0 0 0 0 0 0 0 0 0 0 0
          0 0 0 0 0 0 0 0 0 0 0 0
          0 0 0 0 0 0 0 0 0 0 0 0
          0 0 0 0 0 0 0 0 0 0 0 0
          0 0 0 0 0 0 0 0 0 0 0 0
          0 0 0 0 0 0 0 0 0 0 0 0
          0 0 0 0 0 0 0 0 0 0 0 0
          0 0 0 0 0 0 0 0 0 0 0 0
          0 0 0 0 0 0 0 0 0 0 0 0
          0 0 0 0 0 0 0 0 0 0 0 0
          0 0 0 0 0 0 0 0 0 0 0 0
          0 0 0 0 0 0 0 0 0 0 0 0
          0 0 0 0 0 0 0 0 0 0 0 0
          0 0 0 0 0 0 0 0 0 0 0 0
          0 0 0 0 0 0 0 0 0 0 0 0
          0 0 0 0 0 0 0 0 0 0 0 0
          0 0 0 0 0 0 0 0 0 0 0 0
          0 0 0 0 0 0 0 0 0 0 0 0
          0 0 0 0 0 0 0 0 0 0 0 0
          0 0 0 0 0 0 0 0 0 0 0 0
          0 0 0 0 0 0 0 0 0 0 0 0
          0 0 0 0 0 0 0 0 0 0 0 0
          0 0 0 0 0 0 0 0 0 0 0 0
          0 0 0 0 0 0 0 0 0 0 0 0
          0 0 0 0 0 0 0 0 0 0 0 0
          0 0 0 0 0 0 0 0 0 0 0 0
          0 0 0 0 0 0 0 0 0 0 0 0
          0 0 0 0 0 0 0 0 0 0 0 0
          0 0 0 0 0 0 0 0 0 0 0 0
          0 0 0 0 0 0 0 0 0 0 0 0
          0 0 0 0 0 0 0 0 0 0 0 0
          0 0 0 0 0 0 0 0 0 0 0 0
          0 0 0 0 0 0 0 0 0 0 0 0
          0 0 0 0 0 0 0 0 0 0 0 0
          0 0 0 0 0 0 0 0 0 0 0 0
          0 0 0 0 0 0 0 0 0 0 0 0
          0 0 0 0 0 0 0 0 0 0 0 0
          0 0 0 0 0 0 0 0 0 0 0 0
          0 0 0 0 0 0 0 0 0 0 0 0
          0 0 0 0 0 0 0 0 0 0 0 0
          0 0 0 0 0 0 0 0 0 0 0 0
          0 0 0 0 0 0 0 0 0 0 0 0
          0 0 0 0 0 0 0 0 0 0 0 0
          0 0 0 0 0 0 0 0 0 0 0 0
          0 0 0 0 0 0 0 0 0 0 0 0
          0 0 0 0 0 0 0 0 0 0 0 0
          0 0 0 0 0 0 0 0 0 0 0 0
          0 0 0 0 0 0 0 0 0 0 0 0
          0 0 0 0 0 0 0 0 0 0 0 0
          0 0 0 0 0 0 0 0 0 0 0 0
          0 0 0 0 0 0 0 0 0 0 0 0
          0 0 0 0 0 0 0 0 0 0 0 0
          0 0 0 0 0 0 0 0 0 0 0 0
          0 0 0 0 0 0 0 0 0 0 0 0
          0 0 0 0 0 0 0 0 0 0 0 0
          0 0 0 0 0 0 0 0 0 0 0 0
          0 0 0 0 0 0 0 0 0 0 0 0
          0 0 0 0 0 0 0 0 0 0 0 0
          0 0 0 0 0 0 0 0 0 0 0 0
          0 0 0 0 0 0 0 0 0 0 0 0
          0 0 0 0 0 0 0 0 0 0 0 0
          0 0 0 0 0 0 0 0 0 0 0 0
          0 0 0 0 0 0 0 0 0 0 0 0
          0 0 0 0 0 0 0 0 0 0 0 0
          0 0 0 0 0 0 0 0 0 0 0 0
          0 0 0 0 0 0 0 0 0 0 0 0
          0 0 0 0 0 0 0 0 0 0 0 0
          0 0 0 0 0 0 0 0 0 0 0 0
          0 0 0 0 0 0 0 0 0 0 0 0
          0 0 0 0 0 0 0 0 0 0 0 0
          0 0 0 0 0 0 0 0 0 0 0 0
          0 0 0 0 0 0 0 0 0 0 0 0
          0 0 0 0 0 0 0 0 0 0 0 0
          0 0 0 0 0 0 0 0 0 0 0 0
          0 0 0 0 0 0 0 0 0 0 0 0
          0 0 0 0 0 0 0 0 0 0 0 0
          0 0 0 0 0 0 0 0 0 0 0 0
          0 0 0 0 0 0 0 0 0 0 0 0
          0 0 0 0 0 0 0 0 0 0 0 0
          0 0 0 0 0 0 0 0 0 0 0 0
          0 0 0 0 0 0 0 0
        </DataArray>
      </CellData>
      <Points>
        <DataArray type="Float32" Name="Coordinates" NumberOfComponents="3" format="ascii">
          0.2 0 0 10.2 0 0 0.2 3 0 10.2 3 0
          20.2 0 0 20.2 3 0 30.2 0 0 30.2 3 0
          40.2 0 0 40.2 3 0 50.2 0 0 50.2 3 0
          60.2 0 0 60.2 3 0 70.2 0 0 70.2 3 0
          80.2 0 0 80.2 3 0 90.2 0 0 90.2 3 0
          100.2 0 0 100.2 3 0 110.2 0 0 110.2 3 0
          120.2 0 0 120.2 3 0 130.2 0 0 130.2 3 0
          140.2 0 0 140.2 3 0 150.2 0 0 150.2 3 0
          160.2 0 0 160.2 3 0 170.2 0 0 170.2 3 0
          180.2 0 0 180.2 3 0 190.2 0 0 190.2 3 0
          200.2 0 0 200.2 3 0 210.2 0 0 210.2 3 0
          220.2 0 0 220.2 3 0 230.2 0 0 230.2 3 0
          240.2 0 0 240.2 3 0 250.2 0 0 250.2 3 0
          260.2 0 0 260.2 3 0 270.2 0 0 270.2 3 0
          280.2 0 0 280.2 3 0 290.2 0 0 290.2 3 0
          300.2 0 0 300.2 3 0 310.2 0 0 310.2 3 0
          320.2 0 0 320.2 3 0 330.2 0 0 330.2 3 0
          340.2 0 0 340.2 3 0 350.2 0 0 350.2 3 0
          360.2 0 0 360.2 3 0 370.2 0 0 370.2 3 0
          380.2 0 0 380.2 3 0 390.2 0 0 390.2 3 0
          400.2 0 0 400.2 3 0 410.2 0 0 410.2 3 0
          420.2 0 0 420.2 3 0 430.2 0 0 430.2 3 0
          440.2 0 0 440.2 3 0 450.2 0 0 450.2 3 0
          460.2 0 0 460.2 3 0 470.2 0 0 470.2 3 0
          480.2 0 0 480.2 3 0 490.2 0 0 490.2 3 0
          500.2 0 0 500.2 3 0 510.2 0 0 510.2 3 0
          520.2 0 0 520.2 3 0 530.2 0 0 530.2 3 0
          540.2 0 0 540.2 3 0 550.2 0 0 550.2 3 0
          560.2 0 0 560.2 3 0 570.2 0 0 570.2 3 0
          580.2 0 0 580.2 3 0 590.2 0 0 590.2 3 0
          600.2 0 0 600.2 3 0 610.2 0 0 610.2 3 0
          620.2 0 0 620.2 3 0 630.2 0 0 630.2 3 0
          640.2 0 0 640.2 3 0 650.2 0 0 650.2 3 0
          660.2 0 0 660.2 3 0 670.2 0 0 670.2 3 0
          680.2 0 0 680.2 3 0 690.2 0 0 690.2 3 0
          700.2 0 0 700.2 3 0 710.2 0 0 710.2 3 0
          720.2 0 0 720.2 3 0 730.2 0 0 730.2 3 0
          740.2 0 0 740.2 3 0 750.2 0 0 750.2 3 0
          760.2 0 0 760.2 3 0 770.2 0 0 770.2 3 0
          780.2 0 0 780.2 3 0 790.2 0 0 790.2 3 0
          800.2 0 0 800.2 3 0 810.2 0 0 810.2 3 0
          820.2 0 0 820.2 3 0 830.2 0 0 830.2 3 0
          840.2 0 0 840.2 3 0 850.2 0 0 850.2 3 0
          860.2 0 0 860.2 3 0 870.2 0 0 870.2 3 0
          880.2 0 0 880.2 3 0 890.2 0 0 890.2 3 0
          900.2 0 0 900.2 3 0 910.2 0 0 910.2 3 0
          920.2 0 0 920.2 3 0 930.2 0 0 930.2 3 0
          940.2 0 0 940.2 3 0 950.2 0 0 950.2 3 0
          960.2 0 0 960.2 3 0 970.2 0 0 970.2 3 0
          980.2 0 0 980.2 3 0 990.2 0 0 990.2 3 0
          1000.2 0 0 1000.2 3 0 0.2 6 0 10.2 6 0
          20.2 6 0 30.2 6 0 40.2 6 0 50.2 6 0
          60.2 6 0 70.2 6 0 80.2 6 0 90.2 6 0
          100.2 6 0 110.2 6 0 120.2 6 0 130.2 6 0
          140.2 6 0 150.2 6 0 160.2 6 0 170.2 6 0
          180.2 6 0 190.2 6 0 200.2 6 0 210.2 6 0
          220.2 6 0 230.2 6 0 240.2 6 0 250.2 6 0
          260.2 6 0 270.2 6 0 280.2 6 0 290.2 6 0
          300.2 6 0 310.2 6 0 320.2 6 0 330.2 6 0
          340.2 6 0 350.2 6 0 360.2 6 0 370.2 6 0
          380.2 6 0 390.2 6 0 400.2 6 0 410.2 6 0
          420.2 6 0 430.2 6 0 440.2 6 0 450.2 6 0
          460.2 6 0 470.2 6 0 480.2 6 0 490.2 6 0
          500.2 6 0 510.2 6 0 520.2 6 0 530.2 6 0
          540.2 6 0 550.2 6 0 560.2 6 0 570.2 6 0
          580.2 6 0 590.2 6 0 600.2 6 0 610.2 6 0
          620.2 6 0 630.2 6 0 640.2 6 0 650.2 6 0
          660.2 6 0 670.2 6 0 680.2 6 0 690.2 6 0
          700.2 6 0 710.2 6 0 720.2 6 0 730.2 6 0
          740.2 6 0 750.2 6 0 760.2 6 0 770.2 6 0
          780.2 6 0 790.2 6 0 800.2 6 0 810.2 6 0
          820.2 6 0 830.2 6 0 840.2 6 0 850.2 6 0
          860.2 6 0 870.2 6 0 880.2 6 0 890.2 6 0
          900.2 6 0 910.2 6 0 920.2 6 0 930.2 6 0
          940.2 6 0 950.2 6 0 960.2 6 0 970.2 6 0
          980.2 6 0 990.2 6 0 1000.2 6 0 0.2 9 0
          10.2 9 0 20.2 9 0 30.2 9 0 40.2 9 0
          50.2 9 0 60.2 9 0 70.2 9 0 80.2 9 0
          90.2 9 0 100.2 9 0 110.2 9 0 120.2 9 0
          130.2 9 0 140.2 9 0 150.2 9 0 160.2 9 0
          170.2 9 0 180.2 9 0 190.2 9 0 200.2 9 0
          210.2 9 0 220.2 9 0 230.2 9 0 240.2 9 0
          250.2 9 0 260.2 9 0 270.2 9 0 280.2 9 0
          290.2 9 0 300.2 9 0 310.2 9 0 320.2 9 0
          330.2 9 0 340.2 9 0 350.2 9 0 360.2 9 0
          370.2 9 0 380.2 9 0 390.2 9 0 400.2 9 0
          410.2 9 0 420.2 9 0 430.2 9 0 440.2 9 0
          450.2 9 0 460.2 9 0 470.2 9 0 480.2 9 0
          490.2 9 0 500.2 9 0 510.2 9 0 520.2 9 0
          530.2 9 0 540.2 9 0 550.2 9 0 560.2 9 0
          570.2 9 0 580.2 9 0 590.2 9 0 600.2 9 0
          610.2 9 0 620.2 9 0 630.2 9 0 640.2 9 0
          650.2 9 0 660.2 9 0 670.2 9 0 680.2 9 0
          690.2 9 0 700.2 9 0 710.2 9 0 720.2 9 0
          730.2 9 0 740.2 9 0 750.2 9 0 760.2 9 0
          770.2 9 0 780.2 9 0 790.2 9 0 800.2 9 0
          810.2 9 0 820.2 9 0 830.2 9 0 840.2 9 0
          850.2 9 0 860.2 9 0 870.2 9 0 880.2 9 0
          890.2 9 0 900.2 9 0 910.2 9 0 920.2 9 0
          930.2 9 0 940.2 9 0 950.2 9 0 960.2 9 0
          970.2 9 0 980.2 9 0 990.2 9 0 1000.2 9 0
          0.2 12 0 10.2 12 0 20.2 12 0 30.2 12 0
          40.2 12 0 50.2 12 0 60.2 12 0 70.2 12 0
          80.2 12 0 90.2 12 0 100.2 12 0 110.2 12 0
          120.2 12 0 130.2 12 0 140.2 12 0 150.2 12 0
          160.2 12 0 170.2 12 0 180.2 12 0 190.2 12 0
          200.2 12 0 210.2 12 0 220.2 12 0 230.2 12 0
          240.2 12 0 250.2 12 0 260.2 12 0 270.2 12 0
          280.2 12 0 290.2 12 0 300.2 12 0 310.2 12 0
          320.2 12 0 330.2 12 0 340.2 12 0 350.2 12 0
          360.2 12 0 370.2 12 0 380.2 12 0 390.2 12 0
          400.2 12 0 410.2 12 0 420.2 12 0 430.2 12 0
          440.2 12 0 450.2 12 0 460.2 12 0 470.2 12 0
          480.2 12 0 490.2 12 0 500.2 12 0 510.2 12 0
          520.2 12 0 530.2 12 0 540.2 12 0 550.2 12 0
          560.2 12 0 570.2 12 0 580.2 12 0 590.2 12 0
          600.2 12 0 610.2 12 0 620.2 12 0 630.2 12 0
          640.2 12 0 650.2 12 0 660.2 12 0 670.2 12 0
          680.2 12 0 690.2 12 0 700.2 12 0 710.2 12 0
          720.2 12 0 730.2 12 0 740.2 12 0 750.2 12 0
          760.2 12 0 770.2 12 0 780.2 12 0 790.2 12 0
          800.2 12 0 810.2 12 0 820.2 12 0 830.2 12 0
          840.2 12 0 850.2 12 0 860.2 12 0 870.2 12 0
          880.2 12 0 890.2 12 0 900.2 12 0 910.2 12 0
          920.2 12 0 930.2 12 0 940.2 12 0 950.2 12 0
          960.2 12 0 970.2 12 0 980.2 12 0 990.2 12 0
          1000.2 12 0 0.2 15 0 10.2 15 0 20.2 15 0
          30.2 15 0 40.2 15 0 50.2 15 0 60.2 15 0
          70.2 15 0 80.2 15 0 90.2 15 0 100.2 15 0
          110.2 15 0 120.2 15 0 130.2 15 0 140.2 15 0
          150.2 15 0 160.2 15 0 170.2 15 0 180.2 15 0
          190.2 15 0 200.2 15 0 210.2 15 0 220.2 15 0
          230.2 15 0 240.2 15 0 250.2 15 0 260.2 15 0
          270.2 15 0 280.2 15 0 290.2 15 0 300.2 15 0
          310.2 15 0 320.2 15 0 330.2 15 0 340.2 15 0
          350.2 15 0 360.2 15 0 370.2 15 0 380.2 15 0
          390.2 15 0 400.2 15 0 410.2 15 0 420.2 15 0
          430.2 15 0 440.2 15 0 450.2 15 0 460.2 15 0
          470.2 15 0 480.2 15 0 490.2 15 0 500.2 15 0
          510.2 15 0 520.2 15 0 530.2 15 0 540.2 15 0
          550.2 15 0 560.2 15 0 570.2 15 0 580.2 15 0
          590.2 15 0 600.2 15 0 610.2 15 0 620.2 15 0
          630.2 15 0 640.2 15 0 650.2 15 0 660.2 15 0
          670.2 15 0 680.2 15 0 690.2 15 0 700.2 15 0
          710.2 15 0 720.2 15 0 730.2 15 0 740.2 15 0
          750.2 15 0 760.2 15 0 770.2 15 0 780.2 15 0
          790.2 15 0 800.2 15 0 810.2 15 0 820.2 15 0
          830.2 15 0 840.2 15 0 850.2 15 0 860.2 15 0
          870.2 15 0 880.2 15 0 890.2 15 0 900.2 15 0
          910.2 15 0 920.2 15 0 930.2 15 0 940.2 15 0
          950.2 15 0 960.2 15 0 970.2 15 0 980.2 15 0
          990.2 15 0 1000.2 15 0 0.2 18 0 10.2 18 0
          20.2 18 0 30.2 18 0 40.2 18 0 50.2 18 0
          60.2 18 0 70.2 18 0 80.2 18 0 90.2 18 0
          100.2 18 0 110.2 18 0 120.2 18 0 130.2 18 0
          140.2 18 0 150.2 18 0 160.2 18 0 170.2 18 0
          180.2 18 0 190.2 18 0 200.2 18 0 210.2 18 0
          220.2 18 0 230.2 18 0 240.2 18 0 250.2 18 0
          260.2 18 0 270.2 18 0 280.2 18 0 290.2 18 0
          300.2 18 0 310.2 18 0 320.2 18 0 330.2 18 0
          340.2 18 0 350.2 18 0 360.2 18 0 370.2 18 0
          380.2 18 0 390.2 18 0 400.2 18 0 410.2 18 0
          420.2 18 0 430.2 18 0 440.2 18 0 450.2 18 0
          460.2 18 0 470.2 18 0 480.2 18 0 490.2 18 0
          500.2 18 0 510.2 18 0 520.2 18 0 530.2 18 0
          540.2 18 0 550.2 18 0 560.2 18 0 570.2 18 0
          580.2 18 0 590.2 18 0 600.2 18 0 610.2 18 0
          620.2 18 0 630.2 18 0 640.2 18 0 650.2 18 0
          660.2 18 0 670.2 18 0 680.2 18 0 690.2 18 0
          700.2 18 0 710.2 18 0 720.2 18 0 730.2 18 0
          740.2 18 0 750.2 18 0 760.2 18 0 770.2 18 0
          780.2 18 0 790.2 18 0 800.2 18 0 810.2 18 0
          820.2 18 0 830.2 18 0 840.2 18 0 850.2 18 0
          860.2 18 0 870.2 18 0 880.2 18 0 890.2 18 0
          900.2 18 0 910.2 18 0 920.2 18 0 930.2 18 0
          940.2 18 0 950.2 18 0 960.2 18 0 970.2 18 0
          980.2 18 0 990.2 18 0 1000.2 18 0 0.2 21 0
          10.2 21 0 20.2 21 0 30.2 21 0 40.2 21 0
          50.2 21 0 60.2 21 0 70.2 21 0 80.2 21 0
          90.2 21 0 100.2 21 0 110.2 21 0 120.2 21 0
          130.2 21 0 140.2 21 0 150.2 21 0 160.2 21 0
          170.2 21 0 180.2 21 0 190.2 21 0 200.2 21 0
          210.2 21 0 220.2 21 0 230.2 21 0 240.2 21 0
          250.2 21 0 260.2 21 0 270.2 21 0 280.2 21 0
          290.2 21 0 300.2 21 0 310.2 21 0 320.2 21 0
          330.2 21 0 340.2 21 0 350.2 21 0 360.2 21 0
          370.2 21 0 380.2 21 0 390.2 21 0 400.2 21 0
          410.2 21 0 420.2 21 0 430.2 21 0 440.2 21 0
          450.2 21 0 460.2 21 0 470.2 21 0 480.2 21 0
          490.2 21 0 500.2 21 0 510.2 21 0 520.2 21 0
          530.2 21 0 540.2 21 0 550.2 21 0 560.2 21 0
          570.2 21 0 580.2 21 0 590.2 21 0 600.2 21 0
          610.2 21 0 620.2 21 0 630.2 21 0 640.2 21 0
          650.2 21 0 660.2 21 0 670.2 21 0 680.2 21 0
          690.2 21 0 700.2 21 0 710.2 21 0 720.2 21 0
          730.2 21 0 740.2 21 0 750.2 21 0 760.2 21 0
          770.2 21 0 780.2 21 0 790.2 21 0 800.2 21 0
          810.2 21 0 820.2 21 0 830.2 21 0 840.2 21 0
          850.2 21 0 860.2 21 0 870.2 21 0 880.2 21 0
          890.2 21 0 900.2 21 0 910.2 21 0 920.2 21 0
          930.2 21 0 940.2 21 0 950.2 21 0 960.2 21 0
          970.2 21 0 980.2 21 0 990.2 21 0 1000.2 21 0
          0.2 24 0 10.2 24 0 20.2 24 0 30.2 24 0
          40.2 24 0 50.2 24 0 60.2 24 0 70.2 24 0
          80.2 24 0 90.2 24 0 100.2 24 0 110.2 24 0
          120.2 24 0 130.2 24 0 140.2 24 0 150.2 24 0
          160.2 24 0 170.2 24 0 180.2 24 0 190.2 24 0
          200.2 24 0 210.2 24 0 220.2 24 0 230.2 24 0
          240.2 24 0 250.2 24 0 260.2 24 0 270.2 24 0
          280.2 24 0 290.2 24 0 300.2 24 0 310.2 24 0
          320.2 24 0 330.2 24 0 340.2 24 0 350.2 24 0
          360.2 24 0 370.2 24 0 380.2 24 0 390.2 24 0
          400.2 24 0 410.2 24 0 420.2 24 0 430.2 24 0
          440.2 24 0 450.2 24 0 460.2 24 0 470.2 24 0
          480.2 24 0 490.2 24 0 500.2 24 0 510.2 24 0
          520.2 24 0 530.2 24 0 540.2 24 0 550.2 24 0
          560.2 24 0 570.2 24 0 580.2 24 0 590.2 24 0
          600.2 24 0 610.2 24 0 620.2 24 0 630.2 24 0
          640.2 24 0 650.2 24 0 660.2 24 0 670.2 24 0
          680.2 24 0 690.2 24 0 700.2 24 0 710.2 24 0
          720.2 24 0 730.2 24 0 740.2 24 0 750.2 24 0
          760.2 24 0 770.2 24 0 780.2 24 0 790.2 24 0
          800.2 24 0 810.2 24 0 820.2 24 0 830.2 24 0
          840.2 24 0 850.2 24 0 860.2 24 0 870.2 24 0
          880.2 24 0 890.2 24 0 900.2 24 0 910.2 24 0
          920.2 24 0 930.2 24 0 940.2 24 0 950.2 24 0
          960.2 24 0 970.2 24 0 980.2 24 0 990.2 24 0
          1000.2 24 0 0.2 27 0 10.2 27 0 20.2 27 0
          30.2 27 0 40.2 27 0 50.2 27 0 60.2 27 0
          70.2 27 0 80.2 27 0 90.2 27 0 100.2 27 0
          110.2 27 0 120.2 27 0 130.2 27 0 140.2 27 0
          150.2 27 0 160.2 27 0 170.2 27 0 180.2 27 0
          190.2 27 0 200.2 27 0 210.2 27 0 220.2 27 0
          230.2 27 0 240.2 27 0 250.2 27 0 260.2 27 0
          270.2 27 0 280.2 27 0 290.2 27 0 300.2 27 0
          310.2 27 0 320.2 27 0 330.2 27 0 340.2 27 0
          350.2 27 0 360.2 27 0 370.2 27 0 380.2 27 0
          390.2 27 0 400.2 27 0 410.2 27 0 420.2 27 0
          430.2 27 0 440.2 27 0 450.2 27 0 460.2 27 0
          470.2 27 0 480.2 27 0 490.2 27 0 500.2 27 0
          510.2 27 0 520.2 27 0 530.2 27 0 540.2 27 0
          550.2 27 0 560.2 27 0 570.2 27 0 580.2 27 0
          590.2 27 0 600.2 27 0 610.2 27 0 620.2 27 0
          630.2 27 0 640.2 27 0 650.2 27 0 660.2 27 0
          670.2 27 0 680.2 27 0 690.2 27 0 700.2 27 0
          710.2 27 0 720.2 27 0 730.2 27 0 740.2 27 0
          750.2 27 0 760.2 27 0 770.2 27 0 780.2 27 0
          790.2 27 0 800.2 27 0 810.2 27 0 820.2 27 0
          830.2 27 0 840.2 27 0 850.2 27 0 860.2 27 0
          870.2 27 0 880.2 27 0 890.2 27 0 900.2 27 0
          910.2 27 0 920.2 27 0 930.2 27 0 940.2 27 0
          950.2 27 0 960.2 27 0 970.2 27 0 980.2 27 0
          990.2 27 0 1000.2 27 0 0.2 30 0 10.2 30 0
          20.2 30 0 30.2 30 0 40.2 30 0 50.2 30 0
          60.2 30 0 70.2 30 0 80.2 30 0 90.2 30 0
          100.2 30 0 110.2 30 0 120.2 30 0 130.2 30 0
          140.2 30 0 150.2 30 0 160.2 30 0 170.2 30 0
          180.2 30 0 190.2 30 0 200.2 30 0 210.2 30 0
          220.2 30 0 230.2 30 0 240.2 30 0 250.2 30 0
          260.2 30 0 270.2 30 0 280.2 30 0 290.2 30 0
          300.2 30 0 310.2 30 0 320.2 30 0 330.2 30 0
          340.2 30 0 350.2 30 0 360.2 30 0 370.2 30 0
          380.2 30 0 390.2 30 0 400.2 30 0 410.2 30 0
          420.2 30 0 430.2 30 0 440.2 30 0 450.2 30 0
          460.2 30 0 470.2 30 0 480.2 30 0 490.2 30 0
          500.2 30 0 510.2 30 0 520.2 30 0 530.2 30 0
          540.2 30 0 550.2 30 0 560.2 30 0 570.2 30 0
          580.2 30 0 590.2 30 0 600.2 30 0 610.2 30 0
          620.2 30 0 630.2 30 0 640.2 30 0 650.2 30 0
          660.2 30 0 670.2 30 0 680.2 30 0 690.2 30 0
          700.2 30 0 710.2 30 0 720.2 30 0 730.2 30 0
          740.2 30 0 750.2 30 0 760.2 30 0 770.2 30 0
          780.2 30 0 790.2 30 0 800.2 30 0 810.2 30 0
          820.2 30 0 830.2 30 0 840.2 30 0 850.2 30 0
          860.2 30 0 870.2 30 0 880.2 30 0 890.2 30 0
          900.2 30 0 910.2 30 0 920.2 30 0 930.2 30 0
          940.2 30 0 950.2 30 0 960.2 30 0 970.2 30 0
          980.2 30 0 990.2 30 0 1000.2 30 0 0.2 33 0
          10.2 33 0 20.2 33 0 30.2 33 0 40.2 33 0
          50.2 33 0 60.2 33 0 70.2 33 0 80.2 33 0
          90.2 33 0 100.2 33 0 110.2 33 0 120.2 33 0
          130.2 33 0 140.2 33 0 150.2 33 0 160.2 33 0
          170.2 33 0 180.2 33 0 190.2 33 0 200.2 33 0
          210.2 33 0 220.2 33 0 230.2 33 0 240.2 33 0
          250.2 33 0 260.2 33 0 270.2 33 0 280.2 33 0
          290.2 33 0 300.2 33 0 310.2 33 0 320.2 33 0
          330.2 33 0 340.2 33 0 350.2 33 0 360.2 33 0
          370.2 33 0 380.2 33 0 390.2 33 0 400.2 33 0
          410.2 33 0 420.2 33 0 430.2 33 0 440.2 33 0
          450.2 33 0 460.2 33 0 470.2 33 0 480.2 33 0
          490.2 33 0 500.2 33 0 510.2 33 0 520.2 33 0
          530.2 33 0 540.2 33 0 550.2 33 0 560.2 33 0
          570.2 33 0 580.2 33 0 590.2 33 0 600.2 33 0
          610.2 33 0 620.2 33 0 630.2 33 0 640.2 33 0
          650.2 33 0 660.2 33 0 670.2 33 0 680.2 33 0
          690.2 33 0 700.2 33 0 710.2 33 0 720.2 33 0
          730.2 33 0 740.2 33 0 750.2 33 0 760.2 33 0
          770.2 33 0 780.2 33 0 790.2 33 0 800.2 33 0
          810.2 33 0 820.2 33 0 830.2 33 0 840.2 33 0
          850.2 33 0 860.2 33 0 870.2 33 0 880.2 33 0
          890.2 33 0 900.2 33 0 910.2 33 0 920.2 33 0
          930.2 33 0 940.2 33 0 950.2 33 0 960.2 33 0
          970.2 33 0 980.2 33 0 990.2 33 0 1000.2 33 0
          0.2 36 0 10.2 36 0 20.2 36 0 30.2 36 0
          40.2 36 0 50.2 36 0 60.2 36 0 70.2 36 0
          80.2 36 0 90.2 36 0 100.2 36 0 110.2 36 0
          120.2 36 0 130.2 36 0 140.2 36 0 150.2 36 0
          160.2 36 0 170.2 36 0 180.2 36 0 190.2 36 0
          200.2 36 0 210.2 36 0 220.2 36 0 230.2 36 0
          240.2 36 0 250.2 36 0 260.2 36 0 270.2 36 0
          280.2 36 0 290.2 36 0 300.2 36 0 310.2 36 0
          320.2 36 0 330.2 36 0 340.2 36 0 350.2 36 0
          360.2 36 0 370.2 36 0 380.2 36 0 390.2 36 0
          400.2 36 0 410.2 36 0 420.2 36 0 430.2 36 0
          440.2 36 0 450.2 36 0 460.2 36 0 470.2 36 0
          480.2 36 0 490.2 36 0 500.2 36 0 510.2 36 0
          520.2 36 0 530.2 36 0 540.2 36 0 550.2 36 0
          560.2 36 0 570.2 36 0 580.2 36 0 590.2 36 0
          600.2 36 0 610.2 36 0 620.2 36 0 630.2 36 0
          640.2 36 0 650.2 36 0 660.2 36 0 670.2 36 0
          680.2 36 0 690.2 36 0 700.2 36 0 710.2 36 0
          720.2 36 0 730.2 36 0 740.2 36 0 750.2 36 0
          760.2 36 0 770.2 36 0 780.2 36 0 790.2 36 0
          800.2 36 0 810.2 36 0 820.2 36 0 830.2 36 0
          840.2 36 0 850.2 36 0 860.2 36 0 870.2 36 0
          880.2 36 0 890.2 36 0 900.2 36 0 910.2 36 0
          920.2 36 0 930.2 36 0 940.2 36 0 950.2 36 0
          960.2 36 0 970.2 36 0 980.2 36 0 990.2 36 0
          1000.2 36 0 0.2 39 0 10.2 39 0 20.2 39 0
          30.2 39 0 40.2 39 0 50.2 39 0 60.2 39 0
          70.2 39 0 80.2 39 0 90.2 39 0 100.2 39 0
          110.2 39 0 120.2 39 0 130.2 39 0 140.2 39 0
          150.2 39 0 160.2 39 0 170.2 39 0 180.2 39 0
          190.2 39 0 200.2 39 0 210.2 39 0 220.2 39 0
          230.2 39 0 240.2 39 0 250.2 39 0 260.2 39 0
          270.2 39 0 280.2 39 0 290.2 39 0 300.2 39 0
          310.2 39 0 320.2 39 0 330.2 39 0 340.2 39 0
          350.2 39 0 360.2 39 0 370.2 39 0 380.2 39 0
          390.2 39 0 400.2 39 0 410.2 39 0 420.2 39 0
          430.2 39 0 440.2 39 0 450.2 39 0 460.2 39 0
          470.2 39 0 480.2 39 0 490.2 39 0 500.2 39 0
          510.2 39 0 520.2 39 0 530.2 39 0 540.2 39 0
          550.2 39 0 560.2 39 0 570.2 39 0 580.2 39 0
          590.2 39 0 600.2 39 0 610.2 39 0 620.2 39 0
          630.2 39 0 640.2 39 0 650.2 39 0 660.2 39 0
          670.2 39 0 680.2 39 0 690.2 39 0 700.2 39 0
          710.2 39 0 720.2 39 0 730.2 39 0 740.2 39 0
          750.2 39 0 760.2 39 0 770.2 39 0 780.2 39 0
          790.2 39 0 800.2 39 0 810.2 39 0 820.2 39 0
          830.2 39 0 840.2 39 0 850.2 39 0 860.2 39 0
          870.2 39 0 880.2 39 0 890.2 39 0 900.2 39 0
          910.2 39 0 920.2 39 0 930.2 39 0 940.2 39 0
          950.2 39 0 960.2 39 0 970.2 39 0 980.2 39 0
          990.2 39 0 1000.2 39 0 0.2 42 0 10.2 42 0
          20.2 42 0 30.2 42 0 40.2 42 0 50.2 42 0
          60.2 42 0 70.2 42 0 80.2 42 0 90.2 42 0
          100.2 42 0 110.2 42 0 120.2 42 0 130.2 42 0
          140.2 42 0 150.2 42 0 160.2 42 0 170.2 42 0
          180.2 42 0 190.2 42 0 200.2 42 0 210.2 42 0
          220.2 42 0 230.2 42 0 240.2 42 0 250.2 42 0
          260.2 42 0 270.2 42 0 280.2 42 0 290.2 42 0
          300.2 42 0 310.2 42 0 320.2 42 0 330.2 42 0
          340.2 42 0 350.2 42 0 360.2 42 0 370.2 42 0
          380.2 42 0 390.2 42 0 400.2 42 0 410.2 42 0
          420.2 42 0 430.2 42 0 440.2 42 0 450.2 42 0
          460.2 42 0 470.2 42 0 480.2 42 0 490.2 42 0
          500.2 42 0 510.2 42 0 520.2 42 0 530.2 42 0
          540.2 42 0 550.2 42 0 560.2 42 0 570.2 42 0
          580.2 42 0 590.2 42 0 600.2 42 0 610.2 42 0
          620.2 42 0 630.2 42 0 640.2 42 0 650.2 42 0
          660.2 42 0 670.2 42 0 680.2 42 0 690.2 42 0
          700.2 42 0 710.2 42 0 720.2 42 0 730.2 42 0
          740.2 42 0 750.2 42 0 760.2 42 0 770.2 42 0
          780.2 42 0 790.2 42 0 800.2 42 0 810.2 42 0
          820.2 42 0 830.2 42 0 840.2 42 0 850.2 42 0
          860.2 42 0 870.2 42 0 880.2 42 0 890.2 42 0
          900.2 42 0 910.2 42 0 920.2 42 0 930.2 42 0
          940.2 42 0 950.2 42 0 960.2 42 0 970.2 42 0
          980.2 42 0 990.2 42 0 1000.2 42 0 0.2 45 0
          10.2 45 0 20.2 45 0 30.2 45 0 40.2 45 0
          50.2 45 0 60.2 45 0 70.2 45 0 80.2 45 0
          90.2 45 0 100.2 45 0 110.2 45 0 120.2 45 0
          130.2 45 0 140.2 45 0 150.2 45 0 160.2 45 0
          170.2 45 0 180.2 45 0 190.2 45 0 200.2 45 0
          210.2 45 0 220.2 45 0 230.2 45 0 240.2 45 0
          250.2 45 0 260.2 45 0 270.2 45 0 280.2 45 0
          290.2 45 0 300.2 45 0 310.2 45 0 320.2 45 0
          330.2 45 0 340.2 45 0 350.2 45 0 360.2 45 0
          370.2 45 0 380.2 45 0 390.2 45 0 400.2 45 0
          410.2 45 0 420.2 45 0 430.2 45 0 440.2 45 0
          450.2 45 0 460.2 45 0 470.2 45 0 480.2 45 0
          490.2 45 0 500.2 45 0 510.2 45 0 520.2 45 0
          530.2 45 0 540.2 45 0 550.2 45 0 560.2 45 0
          570.2 45 0 580.2 45 0 590.2 45 0 600.2 45 0
          610.2 45 0 620.2 45 0 630.2 45 0 640.2 45 0
          650.2 45 0 660.2 45 0 670.2 45 0 680.2 45 0
          690.2 45 0 700.2 45 0 710.2 45 0 720.2 45 0
          730.2 45 0 740.2 45 0 750.2 45 0 760.2 45 0
          770.2 45 0 780.2 45 0 790.2 45 0 800.2 45 0
          810.2 45 0 820.2 45 0 830.2 45 0 840.2 45 0
          850.2 45 0 860.2 45 0 870.2 45 0 880.2 45 0
          890.2 45 0 900.2 45 0 910.2 45 0 920.2 45 0
          930.2 45 0 940.2 45 0 950.2 45 0 960.2 45 0
          970.2 45 0 980.2 45 0 990.2 45 0 1000.2 45 0
          0.2 48 0 10.2 48 0 20.2 48 0 30.2 48 0
          40.2 48 0 50.2 48 0 60.2 48 0 70.2 48 0
          80.2 48 0 90.2 48 0 100.2 48 0 110.2 48 0
          120.2 48 0 130.2 48 0 140.2 48 0 150.2 48 0
          160.2 48 0 170.2 48 0 180.2 48 0 190.2 48 0
          200.2 48 0 210.2 48 0 220.2 48 0 230.2 48 0
          240.2 48 0 250.2 48 0 260.2 48 0 270.2 48 0
          280.2 48 0 290.2 48 0 300.2 48 0 310.2 48 0
          320.2 48 0 330.2 48 0 340.2 48 0 350.2 48 0
          360.2 48 0 370.2 48 0 380.2 48 0 390.2 48 0
          400.2 48 0 410.2 48 0 420.2 48 0 430.2 48 0
          440.2 48 0 450.2 48 0 460.2 48 0 470.2 48 0
          480.2 48 0 490.2 48 0 500.2 48 0 510.2 48 0
          520.2 48 0 530.2 48 0 540.2 48 0 550.2 48 0
          560.2 48 0 570.2 48 0 580.2 48 0 590.2 48 0
          600.2 48 0 610.2 48 0 620.2 48 0 630.2 48 0
          640.2 48 0 650.2 48 0 660.2 48 0 670.2 48 0
          680.2 48 0 690.2 48 0 700.2 48 0 710.2 48 0
          720.2 48 0 730.2 48 0 740.2 48 0 750.2 48 0
          760.2 48 0 770.2 48 0 780.2 48 0 790.2 48 0
          800.2 48 0 810.2 48 0 820.2 48 0 830.2 48 0
          840.2 48 0 850.2 48 0 860.2 48 0 870.2 48 0
          880.2 48 0 890.2 48 0 900.2 48 0 910.2 48 0
          920.2 48 0 930.2 48 0 940.2 48 0 950.2 48 0
          960.2 48 0 970.2 48 0 980.2 48 0 990.2 48 0
          1000.2 48 0 0.2 51 0 10.2 51 0 20.2 51 0
          30.2 51 0 40.2 51 0 50.2 51 0 60.2 51 0
          70.2 51 0 80.2 51 0 90.2 51 0 100.2 51 0
          110.2 51 0 120.2 51 0 130.2 51 0 140.2 51 0
          150.2 51 0 160.2 51 0 170.2 51 0 180.2 51 0
          190.2 51 0 200.2 51 0 210.2 51 0 220.2 51 0
          230.2 51 0 240.2 51 0 250.2 51 0 260.2 51 0
          270.2 51 0 280.2 51 0 290.2 51 0 300.2 51 0
          310.2 51 0 320.2 51 0 330.2 51 0 340.2 51 0
          350.2 51 0 360.2 51 0 370.2 51 0 380.2 51 0
          390.2 51 0 400.2 51 0 410.2 51 0 420.2 51 0
          430.2 51 0 440.2 51 0 450.2 51 0 460.2 51 0
          470.2 51 0 480.2 51 0 490.2 51 0 500.2 51 0
          510.2 51 0 520.2 51 0 530.2 51 0 540.2 51 0
          550.2 51 0 560.2 51 0 570.2 51 0 580.2 51 0
          590.2 51 0 600.2 51 0 610.2 51 0 620.2 51 0
          630.2 51 0 640.2 51 0 650.2 51 0 660.2 51 0
          670.2 51 0 680.2 51 0 690.2 51 0 700.2 51 0
          710.2 51 0 720.2 51 0 730.2 51 0 740.2 51 0
          750.2 51 0 760.2 51 0 770.2 51 0 780.2 51 0
          790.2 51 0 800.2 51 0 810.2 51 0 820.2 51 0
          830.2 51 0 840.2 51 0 850.2 51 0 860.2 51 0
          870.2 51 0 880.2 51 0 890.2 51 0 900.2 51 0
          910.2 51 0 920.2 51 0 930.2 51 0 940.2 51 0
          950.2 51 0 960.2 51 0 970.2 51 0 980.2 51 0
          990.2 51 0 1000.2 51 0 0.2 54 0 10.2 54 0
          20.2 54 0 30.2 54 0 40.2 54 0 50.2 54 0
          60.2 54 0 70.2 54 0 80.2 54 0 90.2 54 0
          100.2 54 0 110.2 54 0 120.2 54 0 130.2 54 0
          140.2 54 0 150.2 54 0 160.2 54 0 170.2 54 0
          180.2 54 0 190.2 54 0 200.2 54 0 210.2 54 0
          220.2 54 0 230.2 54 0 240.2 54 0 250.2 54 0
          260.2 54 0 270.2 54 0 280.2 54 0 290.2 54 0
          300.2 54 0 310.2 54 0 320.2 54 0 330.2 54 0
          340.2 54 0 350.2 54 0 360.2 54 0 370.2 54 0
          380.2 54 0 390.2 54 0 400.2 54 0 410.2 54 0
          420.2 54 0 430.2 54 0 440.2 54 0 450.2 54 0
          460.2 54 0 470.2 54 0 480.2 54 0 490.2 54 0
          500.2 54 0 510.2 54 0 520.2 54 0 530.2 54 0
          540.2 54 0 550.2 54 0 560.2 54 0 570.2 54 0
          580.2 54 0 590.2 54 0 600.2 54 0 610.2 54 0
          620.2 54 0 630.2 54 0 640.2 54 0 650.2 54 0
          660.2 54 0 670.2 54 0 680.2 54 0 690.2 54 0
          700.2 54 0 710.2 54 0 720.2 54 0 730.2 54 0
          740.2 54 0 750.2 54 0 760.2 54 0 770.2 54 0
          780.2 54 0 790.2 54 0 800.2 54 0 810.2 54 0
          820.2 54 0 830.2 54 0 840.2 54 0 850.2 54 0
          860.2 54 0 870.2 54 0 880.2 54 0 890.2 54 0
          900.2 54 0 910.2 54 0 920.2 54 0 930.2 54 0
          940.2 54 0 950.2 54 0 960.2 54 0 970.2 54 0
          980.2 54 0 990.2 54 0 1000.2 54 0 0.2 57 0
          10.2 57 0 20.2 57 0 30.2 57 0 40.2 57 0
          50.2 57 0 60.2 57 0 70.2 57 0 80.2 57 0
          90.2 57 0 100.2 57 0 110.2 57 0 120.2 57 0
          130.2 57 0 140.2 57 0 150.2 57 0 160.2 57 0
          170.2 57 0 180.2 57 0 190.2 57 0 200.2 57 0
          210.2 57 0 220.2 57 0 230.2 57 0 240.2 57 0
          250.2 57 0 260.2 57 0 270.2 57 0 280.2 57 0
          290.2 57 0 300.2 57 0 310.2 57 0 320.2 57 0
          330.2 57 0 340.2 57 0 350.2 57 0 360.2 57 0
          370.2 57 0 380.2 57 0 390.2 57 0 400.2 57 0
          410.2 57 0 420.2 57 0 430.2 57 0 440.2 57 0
          450.2 57 0 460.2 57 0 470.2 57 0 480.2 57 0
          490.2 57 0 500.2 57 0 510.2 57 0 520.2 57 0
          530.2 57 0 540.2 57 0 550.2 57 0 560.2 57 0
          570.2 57 0 580.2 57 0 590.2 57 0 600.2 57 0
          610.2 57 0 620.2 57 0 630.2 57 0 640.2 57 0
          650.2 57 0 660.2 57 0 670.2 57 0 680.2 57 0
          690.2 57 0 700.2 57 0 710.2 57 0 720.2 57 0
          730.2 57 0 740.2 57 0 750.2 57 0 760.2 57 0
          770.2 57 0 780.2 57 0 790.2 57 0 800.2 57 0
          810.2 57 0 820.2 57 0 830.2 57 0 840.2 57 0
          850.2 57 0 860.2 57 0 870.2 57 0 880.2 57 0
          890.2 57 0 900.2 57 0 910.2 57 0 920.2 57 0
          930.2 57 0 940.2 57 0 950.2 57 0 960.2 57 0
          970.2 57 0 980.2 57 0 990.2 57 0 1000.2 57 0
          0.2 60 0 10.2 60 0 20.2 60 0 30.2 60 0
          40.2 60 0 50.2 60 0 60.2 60 0 70.2 60 0
          80.2 60 0 90.2 60 0 100.2 60 0 110.2 60 0
          120.2 60 0 130.2 60 0 140.2 60 0 150.2 60 0
          160.2 60 0 170.2 60 0 180.2 60 0 190.2 60 0
          200.2 60 0 210.2 60 0 220.2 60 0 230.2 60 0
          240.2 60 0 250.2 60 0 260.2 60 0 270.2 60 0
          280.2 60 0 290.2 60 0 300.2 60 0 310.2 60 0
          320.2 60 0 330.2 60 0 340.2 60 0 350.2 60 0
          360.2 60 0 370.2 60 0 380.2 60 0 390.2 60 0
          400.2 60 0 410.2 60 0 420.2 60 0 430.2 60 0
          440.2 60 0 450.2 60 0 460.2 60 0 470.2 60 0
          480.2 60 0 490.2 60 0 500.2 60 0 510.2 60 0
          520.2 60 0 530.2 60 0 540.2 60 0 550.2 60 0
          560.2 60 0 570.2 60 0 580.2 60 0 590.2 60 0
          600.2 60 0 610.2 60 0 620.2 60 0 630.2 60 0
          640.2 60 0 650.2 60 0 660.2 60 0 670.2 60 0
          680.2 60 0 690.2 60 0 700.2 60 0 710.2 60 0
          720.2 60 0 730.2 60 0 740.2 60 0 750.2 60 0
          760.2 60 0 770.2 60 0 780.2 60 0 790.2 60 0
          800.2 60 0 810.2 60 0 820.2 60 0 830.2 60 0
          840.2 60 0 850.2 60 0 860.2 60 0 870.2 60 0
          880.2 60 0 890.2 60 0 900.2 60 0 910.2 60 0
          920.2 60 0 930.2 60 0 940.2 60 0 950.2 60 0
          960.2 60 0 970.2 60 0 980.2 60 0 990.2 60 0
          1000.2 60 0
        </DataArray>
      </Points>
      <Cells>
        <DataArray type="Int32" Name="connectivity" NumberOfComponents="1" format="ascii">
          0 1 3 2 1 4 5 3 4 6 7 5
          6 8 9 7 8 10 11 9 10 12 13 11
          12 14 15 13 14 16 17 15 16 18 19 17
          18 20 21 19 20 22 23 21 22 24 25 23
          24 26 27 25 26 28 29 27 28 30 31 29
          30 32 33 31 32 34 35 33 34 36 37 35
          36 38 39 37 38 40 41 39 40 42 43 41
          42 44 45 43 44 46 47 45 46 48 49 47
          48 50 51 49 50 52 53 51 52 54 55 53
          54 56 57 55 56 58 59 57 58 60 61 59
          60 62 63 61 62 64 65 63 64 66 67 65
          66 68 69 67 68 70 71 69 70 72 73 71
          72 74 75 73 74 76 77 75 76 78 79 77
          78 80 81 79 80 82 83 81 82 84 85 83
          84 86 87 85 86 88 89 87 88 90 91 89
          90 92 93 91 92 94 95 93 94 96 97 95
          96 98 99 97 98 100 101 99 100 102 103 101
          102 104 105 103 104 106 107 105 106 108 109 107
          108 110 111 109 110 112 113 111 112 114 115 113
          114 116 117 115 116 118 119 117 118 120 121 119
          120 122 123 121 122 124 125 123 124 126 127 125
          126 128 129 127 128 130 131 129 130 132 133 131
          132 134 135 133 134 136 137 135 136 138 139 137
          138 140 141 139 140 142 143 141 142 144 145 143
          144 146 147 145 146 148 149 147 148 150 151 149
          150 152 153 151 152 154 155 153 154 156 157 155
          156 158 159 157 158 160 161 159 160 162 163 161
          162 164 165 163 164 166 167 165 166 168 169 167
          168 170 171 169 170 172 173 171 172 174 175 173
          174 176 177 175 176 178 179 177 178 180 181 179
          180 182 183 181 182 184 185 183 184 186 187 185
          186 188 189 187 188 190 191 189 190 192 193 191
          192 194 195 193 194 196 197 195 196 198 199 197
          198 200 201 199 2 3 203 202 3 5 204 203
          5 7 205 204 7 9 206 205 9 11 207 206
          11 13 208 207 13 15 209 208 15 17 210 209
          17 19 211 210 19 21 212 211 21 23 213 212
          23 25 214 213 25 27 215 214 27 29 216 215
          29 31 217 216 31 33 218 217 33 35 219 218
          35 37 220 219 37 39 221 220 39 41 222 221
          41 43 223 222 43 45 224 223 45 47 225 224
          47 49 226 225 49 51 227 226 51 53 228 227
          53 55 229 228 55 57 230 229 57 59 231 230
          59 61 232 231 61 63 233 232 63 65 234 233
          65 67 235 234 67 69 236 235 69 71 237 236
          71 73 238 237 73 75 239 238 75 77 240 239
          77 79 241 240 79 81 242 241 81 83 243 242
          83 85 244 243 85 87 245 244 87 89 246 245
          89 91 247 246 91 93 248 247 93 95 249 248
          95 97 250 249 97 99 251 250 99 101 252 251
          101 103 253 252 103 105 254 253 105 107 255 254
          107 109 256 255 109 111 257 256 111 113 258 257
          113 115 259 258 115 117 260 259 117 119 261 260
          119 121 262 261 121 123 263 262 123 125 264 263
          125 127 265 264 127 129 266 265 129 131 267 266
          131 133 268 267 133 135 269 268 135 137 270 269
          137 139 271 270 139 141 272 271 141 143 273 272
          143 145 274 273 145 147 275 274 147 149 276 275
          149 151 277 276 151 153 278 277 153 155 279 278
          155 157 280 279 157 159 281 280 159 161 282 281
          161 163 283 282 163 165 284 283 165 167 285 284
          167 169 286 285 169 171 287 286 171 173 288 287
          173 175 289 288 175 177 290 289 177 179 291 290
          179 181 292 291 181 183 293 292 183 185 294 293
          185 187 295 294 187 189 296 295 189 191 297 296
          191 193 298 297 193 195 299 298 195 197 300 299
          197 199 301 300 199 201 302 301 202 203 304 303
          203 204 305 304 204 205 306 305 205 206 307 306
          206 207 308 307 207 208 309 308 208 209 310 309
          209 210 311 310 210 211 312 311 211 212 313 312
          212 213 314 313 213 214 315 314 214 215 316 315
          215 216 317 316 216 217 318 317 217 218 319 318
          218 219 320 319 219 220 321 320 220 221 322 321
          221 222 323 322 222 223 324 323 223 224 325 324
          224 225 326 325 225 226 327 326 226 227 328 327
          227 228 329 328 228 229 330 329 229 230 331 330
          230 231 332 331 231 232 333 332 232 233 334 333
          233 234 335 334 234 235 336 335 235 236 337 336
          236 237 338 337 237 238 339 338 238 239 340 339
          239 240 341 340 240 241 342 341 241 242 343 342
          242 243 344 343 243 244 345 344 244 245 346 345
          245 246 347 346 246 247 348 347 247 248 349 348
          248 249 350 349 249 250 351 350 250 251 352 351
          251 252 353 352 252 253 354 353 253 254 355 354
          254 255 356 355 255 256 357 356 256 257 358 357
          257 258 359 358 258 259 360 359 259 260 361 360
          260 261 362 361 261 262 363 362 262 263 364 363
          263 264 365 364 264 265 366 365 265 266 367 366
          266 267 368 367 267 268 369 368 268 269 370 369
          269 270 371 370 270 271 372 371 271 272 373 372
          272 273 374 373 273 274 375 374 274 275 376 375
          275 276 377 376 276 277 378 377 277 278 379 378
          278 279 380 379 279 280 381 380 280 281 382 381
          281 282 383 382 282 283 384 383 283 284 385 384
          284 285 386 385 285 286 387 386 286 287 388 387
          287 288 389 388 288 289 390 389 289 290 391 390
          290 291 392 391 291 292 393 392 292 293 394 393
          293 294 395 394 294 295 396 395 295 296 397 396
          296 297 398 397 297 298 399 398 298 299 400 399
          299 300 401 400 300 301 402 401 301 302 403 402
          303 304 405 404 304 305 406 405 305 306 407 406
          306 307 408 407 307 308 409 408 308 309 410 409
          309 310 411 410 310 311 412 411 311 312 413 412
          312 313 414 413 313 314 415 414 314 315 416 415
          315 316 417 416 316 317 418 417 317 318 419 418
          318 319 420 419 319 320 421 420 320 321 422 421
          321 322 423 422 322 323 424 423 323 324 425 424
          324 325 426 425 325 326 427 426 326 327 428 427
          327 328 429 428 328 329 430 429 329 330 431 430
          330 331 432 431 331 332 433 432 332 333 434 433
          333 334 435 434 334 335 436 435 335 336 437 436
          336 337 438 437 337 338 439 438 338 339 440 439
          339 340 441 440 340 341 442 441 341 342 443 442
          342 343 444 443 343 344 445 444 344 345 446 445
          345 346 447 446 346 347 448 447 347 348 449 448
          348 349 450 449 349 350 451 450 350 351 452 451
          351 352 453 452 352 353 454 453 353 354 455 454
          354 355 456 455 355 356 457 456 356 357 458 457
          357 358 459 458 358 359 460 459 359 360 461 460
          360 361 462 461 361 362 463 462 362 363 464 463
          363 364 465 464 364 365 466 465 365 366 467 466
          366 367 468 467 367 368 469 468 368 369 470 469
          369 370 471 470 370 371 472 471 371 372 473 472
          372 373 474 473 373 374 475 474 374 375 476 475
          375 376 477 476 376 377 478 477 377 378 479 478
          378 379 480 479 379 380 481 480 380 381 482 481
          381 382 483 482 382 383 484 483 383 384 485 484
          384 385 486 485 385 386 487 486 386 387 488 487
          387 388 489 488 388 389 490 489 389 390 491 490
          390 391 492 491 391 392 493 492 392 393 494 493
          393 394 495 494 394 395 496 495 395 396 497 496
          396 397 498 497 397 398 499 498 398 399 500 499
          399 400 501 500 400 401 502 501 401 402 503 502
          402 403 504 503 404 405 506 505 405 406 507 506
          406 407 508 507 407 408 509 508 408 409 510 509
          409 410 511 510 410 411 512 511 411 412 513 512
          412 413 514 513 413 414 515 514 414 415 516 515
          415 416 517 516 416 417 518 517 417 418 519 518
          418 419 520 519 419 420 521 520 420 421 522 521
          421 422 523 522 422 423 524 523 423 424 525 524
          424 425 526 525 425 426 527 526 426 427 528 527
          427 428 529 528 428 429 530 529 429 430 531 530
          430 431 532 531 431 432 533 532 432 433 534 533
          433 434 535 534 434 435 536 535 435 436 537 536
          436 437 538 537 437 438 539 538 438 439 540 539
          439 440 541 540 440 441 542 541 441 442 543 542
          442 443 544 543 443 444 545 544 444 445 546 545
          445 446 547 546 446 447 548 547 447 448 549 548
          448 449 550 549 449 450 551 550 450 451 552 551
          451 452 553 552 452 453 554 553 453 454 555 554
          454 455 556 555 455 456 557 556 456 457 558 557
          457 458 559 558 458 459 560 559 459 460 561 560
          460 461 562 561 461 462 563 562 462 463 564 563
          463 464 565 564 464 465 566 565 465 466 567 566
          466 467 568 567 467 468 569 568 468 469 570 569
          469 470 571 570 470 471 572 571 471 472 573 572
          472 473 574 573 473 474 575 574 474 475 576 575
          475 476 577 576 476 477 578 577 477 478 579 578
          478 479 580 579 479 480 581 580 480 481 582 581
          481 482 583 582 482 483 584 583 483 484 585 584
          484 485 586 585 485 486 587 586 486 487 588 587
          487 488 589 588 488 489 590 589 489 490 591 590
          490 491 592 591 491 492 593 592 492 493 594 593
          493 494 595 594 494 495 596 595 495 496 597 596
          496 497 598 597 497 498 599 598 498 499 600 599
          499 500 601 600 500 501 602 601 501 502 603 602
          502 503 604 603 503 504 605 604 505 506 607 606
          506 507 608 607 507 508 609 608 508 509 610 609
          509 510 611 610 510 511 612 611 511 512 613 612
          512 513 614 613 513 514 615 614 514 515 616 615
          515 516 617 616 516 517 618 617 517 518 619 618
          518 519 620 619 519 520 621 620 520 521 622 621
          521 522 623 622 522 523 624 623 523 524 625 624
          524 525 626 625 525 526 627 626 526 527 628 627
          527 528 629 628 528 529 630 629 529 530 631 630
          530 531 632 631 531 532 633 632 532 533 634 633
          533 534 635 634 534 535 636 635 535 536 637 636
          536 537 638 637 537 538 639 638 538 539 640 639
          539 540 641 640 540 541 642 641 541 542 643 642
          542 543 644 643 543 544 645 644 544 545 646 645
          545 546 647 646 546 547 648 647 547 548 649 648
          548 549 650 649 549 550 651 650 550 551 652 651
          551 552 653 652 552 553 654 653 553 554 655 654
          554 555 656 655 555 556 657 656 556 557 658 657
          557 558 659 658 558 559 660 659 559 560 661 660
          560 561 662 661 561 562 663 662 562 563 664 663
          563 564 665 664 564 565 666 665 565 566 667 666
          566 567 668 667 567 568 669 668 568 569 670 669
          569 570 671 670 570 571 672 671 571 572 673 672
          572 573 674 673 573 574 675 674 574 575 676 675
          575 576 677 676 576 577 678 677 577 578 679 678
          578 579 680 679 579 580 681 680 580 581 682 681
          581 582 683 682 582 583 684 683 583 584 685 684
          584 585 686 685 585 586 687 686 586 587 688 687
          587 588 689 688 588 589 690 689 589 590 691 690
          590 591 692 691 591 592 693 692 592 593 694 693
          593 594 695 694 594 595 696 695 595 596 697 696
          596 597 698 697 597 598 699 698 598 599 700 699
          599 600 701 700 600 601 702 701 601 602 703 702
          602 603 704 703 603 604 705 704 604 605 706 705
          606 607 708 707 607 608 709 708 608 609 710 709
          609 610 711 710 610 611 712 711 611 612 713 712
          612 613 714 713 613 614 715 714 614 615 716 715
          615 616 717 716 616 617 718 717 617 618 719 718
          618 619 720 719 619 620 721 720 620 621 722 721
          621 622 723 722 622 623 724 723 623 624 725 724
          624 625 726 725 625 626 727 726 626 627 728 727
          627 628 729 728 628 629 730 729 629 630 731 730
          630 631 732 731 631 632 733 732 632 633 734 733
          633 634 735 734 634 635 736 735 635 636 737 736
          636 637 738 737 637 638 739 738 638 639 740 739
          639 640 741 740 640 641 742 741 641 642 743 742
          642 643 744 743 643 644 745 744 644 645 746 745
          645 646 747 746 646 647 748 747 647 648 749 748
          648 649 750 749 649 650 751 750 650 651 752 751
          651 652 753 752 652 653 754 753 653 654 755 754
          654 655 756 755 655 656 757 756 656 657 758 757
          657 658 759 758 658 659 760 759 659 660 761 760
          660 661 762 761 661 662 763 762 662 663 764 763
          663 664 765 764 664 665 766 765 665 666 767 766
          666 667 768 767 667 668 769 768 668 669 770 769
          669 670 771 770 670 671 772 771 671 672 773 772
          672 673 774 773 673 674 775 774 674 675 776 775
          675 676 777 776 676 677 778 777 677 678 779 778
          678 679 780 779 679 680 781 780 680 681 782 781
          681 682 783 782 682 683 784 783 683 684 785 784
          684 685 786 785 685 686 787 786 686 687 788 787
          687 688 789 788 688 689 790 789 689 690 791 790
          690 691 792 791 691 692 793 792 692 693 794 793
          693 694 795 794 694 695 796 795 695 696 797 796
          696 697 798 797 697 698 799 798 698 699 800 799
          699 700 801 800 700 701 802 801 701 702 803 802
          702 703 804 803 703 704 805 804 704 705 806 805
          705 706 807 806 707 708 809 808 708 709 810 809
          709 710 811 810 710 711 812 811 711 712 813 812
          712 713 814 813 713 714 815 814 714 715 816 815
          715 716 817 816 716 717 818 817 717 718 819 818
          718 719 820 819 719 720 821 820 720 721 822 821
          721 722 823 822 722 723 824 823 723 724 825 824
          724 725 826 825 725 726 827 826 726 727 828 827
          727 728 829 828 728 729 830 829 729 730 831 830
          730 731 832 831 731 732 833 832 732 733 834 833
          733 734 835 834 734 735 836 835 735 736 837 836
          736 737 838 837 737 738 839 838 738 739 840 839
          739 740 841 840 740 741 842 841 741 742 843 842
          742 743 844 843 743 744 845 844 744 745 846 845
          745 746 847 846 746 747 848 847 747 748 849 848
          748 749 850 849 749 750 851 850 750 751 852 851
          751 752 853 852 752 753 854 853 753 754 855 854
          754 755 856 855 755 756 857 856 756 757 858 857
          757 758 859 858 758 759 860 859 759 760 861 860
          760 761 862 861 761 762 863 862 762 763 864 863
          763 764 865 864 764 765 866 865 765 766 867 866
          766 767 868 867 767 768 869 868 768 769 870 869
          769 770 871 870 770 771 872 871 771 772 873 872
          772 773 874 873 773 774 875 874 774 775 876 875
          775 776 877 876 776 777 878 877 777 778 879 878
          778 779 880 879 779 780 881 880 780 781 882 881
          781 782 883 882 782 783 884 883 783 784 885 884
          784 785 886 885 785 786 887 886 786 787 888 887
          787 788 889 888 788 789 890 889 789 790 891 890
          790 791 892 891 791 792 893 892 792 793 894 893
          793 794 895 894 794 795 896 895 795 796 897 896
          796 797 898 897 797 798 899 898 798 799 900 899
          799 800 901 900 800 801 902 901 801 802 903 902
          802 803 904 903 803 804 905 904 804 805 906 905
          805 806 907 906 806 807 908 907 808 809 910 909
          809 810 911 910 810 811 912 911 811 812 913 912
          812 813 914 913 813 814 915 914 814 815 916 915
          815 816 917 916 816 817 918 917 817 818 919 918
          818 819 920 919 819 820 921 920 820 821 922 921
          821 822 923 922 822 823 924 923 823 824 925 924
          824 825 926 925 825 826 927 926 826 827 928 927
          827 828 929 928 828 829 930 929 829 830 931 930
          830 831 932 931 831 832 933 932 832 833 934 933
          833 834 935 934 834 835 936 935 835 836 937 936
          836 837 938 937 837 838 939 938 838 839 940 939
          839 840 941 940 840 841 942 941 841 842 943 942
          842 843 944 943 843 844 945 944 844 845 946 945
          845 846 947 946 846 847 948 947 847 848 949 948
          848 849 950 949 849 850 951 950 850 851 952 951
          851 852 953 952 852 853 954 953 853 854 955 954
          854 855 956 955 855 856 957 956 856 857 958 957
          857 858 959 958 858 859 960 959 859 860 961 960
          860 861 962 961 861 862 963 962 862 863 964 963
          863 864 965 964 864 865 966 965 865 866 967 966
          866 867 968 967 867 868 969 968 868 869 970 969
          869 870 971 970 870 871 972 971 871 872 973 972
          872 873 974 973 873 874 975 974 874 875 976 975
          875 876 977 976 876 877 978 977 877 878 979 978
          878 879 980 979 879 880 981 980 880 881 982 981
          881 882 983 982 882 883 984 983 883 884 985 984
          884 885 986 985 885 886 987 986 886 887 988 987
          887 888 989 988 888 889 990 989 889 890 991 990
          890 891 992 991 891 892 993 992 892 893 994 993
          893 894 995 994 894 895 996 995 895 896 997 996
          896 897 998 997 897 898 999 998 898 899 1000 999
          899 900 1001 1000 900 901 1002 1001 901 902 1003 1002
          902 903 1004 1003 903 904 1005 1004 904 905 1006 1005
          905 906 1007 1006 906 907 1008 1007 907 908 1009 1008
          909 910 1011 1010 910 911 1012 1011 911 912 1013 1012
          912 913 1014 1013 913 914 1015 1014 914 915 1016 1015
          915 916 1017 1016 916 917 1018 1017 917 918 1019 1018
          918 919 1020 1019 919 920 1021 1020 920 921 1022 1021
          921 922 1023 1022 922 923 1024 1023 923 924 1025 1024
          924 925 1026 1025 925 926 1027 1026 926 927 1028 1027
          927 928 1029 1028 928 929 1030 1029 929 930 1031 1030
          930 931 1032 1031 931 932 1033 1032 932 933 1034 1033
          933 934 1035 1034 934 935 1036 1035 935 936 1037 1036
          936 937 1038 1037 937 938 1039 1038 938 939 1040 1039
          939 940 1041 1040 940 941 1042 1041 941 942 1043 1042
          942 943 1044 1043 943 944 1045 1044 944 945 1046 1045
          945 946 1047 1046 946 947 1048 1047 947 948 1049 1048
          948 949 1050 1049 949 950 1051 1050 950 951 1052 1051
          951 952 1053 1052 952 953 1054 1053 953 954 1055 1054
          954 955 1056 1055 955 956 1057 1056 956 957 1058 1057
          957 958 1059 1058 958 959 1060 1059 959 960 1061 1060
          960 961 1062 1061 961 962 1063 1062 962 963 1064 1063
          963 964 1065 1064 964 965 1066 1065 965 966 1067 1066
          966 967 1068 1067 967 968 1069 1068 968 969 1070 1069
          969 970 1071 1070 970 971 1072 1071 971 972 1073 1072
          972 973 1074 1073 973 974 1075 1074 974 975 1076 1075
          975 976 1077 1076 976 977 1078 1077 977 978 1079 1078
          978 979 1080 1079 979 980 1081 1080 980 981 1082 1081
          981 982 1083 1082 982 983 1084 1083 983 984 1085 1084
          984 985 1086 1085 985 986 1087 1086 986 987 1088 1087
          987 988 1089 1088 988 989 1090 1089 989 990 1091 1090
          990 991 1092 1091 991 992 1093 1092 992 993 1094 1093
          993 994 1095 1094 994 995 1096 1095 995 996 1097 1096
          996 997 1098 1097 997 998 1099 1098 998 999 1100 1099
          999 1000 1101 1100 1000 1001 1102 1101 1001 1002 1103 1102
          1002 1003 1104 1103 1003 1004 1105 1104 1004 1005 1106 1105
          1005 1006 1107 1106 1006 1007 1108 1107 1007 1008 1109 1108
          1008 1009 1110 1109 1010 1011 1112 1111 1011 1012 1113 1112
          1012 1013 1114 1113 1013 1014 1115 1114 1014 1015 1116 1115
          1015 1016 1117 1116 1016 1017 1118 1117 1017 1018 1119 1118
          1018 1019 1120 1119 1019 1020 1121 1120 1020 1021 1122 1121
          1021 1022 1123 1122 1022 1023 1124 1123 1023 1024 1125 1124
          1024 1025 1126 1125 1025 1026 1127 1126 1026 1027 1128 1127
          1027 1028 1129 1128 1028 1029 1130 1129 1029 1030 1131 1130
          1030 1031 1132 1131 1031 1032 1133 1132 1032 1033 1134 1133
          1033 1034 1135 1134 1034 1035 1136 1135 1035 1036 1137 1136
          1036 1037 1138 1137 1037 1038 1139 1138 1038 1039 1140 1139
          1039 1040 1141 1140 1040 1041 1142 1141 1041 1042 1143 1142
          1042 1043 1144 1143 1043 1044 1145 1144 1044 1045 1146 1145
          1045 1046 1147 1146 1046 1047 1148 1147 1047 1048 1149 1148
          1048 1049 1150 1149 1049 1050 1151 1150 1050 1051 1152 1151
          1051 1052 1153 1152 1052 1053 1154 1153 1053 1054 1155 1154
          1054 1055 1156 1155 1055 1056 1157 1156 1056 1057 1158 1157
          1057 1058 1159 1158 1058 1059 1160 1159 1059 1060 1161 1160
          1060 1061 1162 1161 1061 1062 1163 1162 1062 1063 1164 1163
          1063 1064 1165 1164 1064 1065 1166 1165 1065 1066 1167 1166
          1066 1067 1168 1167 1067 1068 1169 1168 1068 1069 1170 1169
          1069 1070 1171 1170 1070 1071 1172 1171 1071 1072 1173 1172
          1072 1073 1174 1173 1073 1074 1175 1174 1074 1075 1176 1175
          1075 1076 1177 1176 1076 1077 1178 1177 1077 1078 1179 1178
          1078 1079 1180 1179 1079 1080 1181 1180 1080 1081 1182 1181
          1081 1082 1183 1182 1082 1083 1184 1183 1083 1084 1185 1184
          1084 1085 1186 1185 1085 1086 1187 1186 1086 1087 1188 1187
          1087 1088 1189 1188 1088 1089 1190 1189 1089 1090 1191 1190
          1090 1091 1192 1191 1091 1092 1193 1192 1092 1093 1194 1193
          1093 1094 1195 1194 1094 1095 1196 1195 1095 1096 1197 1196
          1096 1097 1198 1197 1097 1098 1199 1198 1098 1099 1200 1199
          1099 1100 1201 1200 1100 1101 1202 1201 1101 1102 1203 1202
          1102 1103 1204 1203 1103 1104 1205 1204 1104 1105 1206 1205
          1105 1106 1207 1206 1106 1107 1208 1207 1107 1108 1209 1208
          1108 1109 1210 1209 1109 1110 1211 1210 1111 1112 1213 1212
          1112 1113 1214 1213 1113 1114 1215 1214 1114 1115 1216 1215
          1115 1116 1217 1216 1116 1117 1218 1217 1117 1118 1219 1218
          1118 1119 1220 1219 1119 1120 1221 1220 1120 1121 1222 1221
          1121 1122 1223 1222 1122 1123 1224 1223 1123 1124 1225 1224
          1124 1125 1226 1225 1125 1126 1227 1226 1126 1127 1228 1227
          1127 1128 1229 1228 1128 1129 1230 1229 1129 1130 1231 1230
          1130 1131 1232 1231 1131 1132 1233 1232 1132 1133 1234 1233
          1133 1134 1235 1234 1134 1135 1236 1235 1135 1136 1237 1236
          1136 1137 1238 1237 1137 1138 1239 1238 1138 1139 1240 1239
          1139 1140 1241 1240 1140 1141 1242 1241 1141 1142 1243 1242
          1142 1143 1244 1243 1143 1144 1245 1244 1144 1145 1246 1245
          1145 1146 1247 1246 1146 1147 1248 1247 1147 1148 1249 1248
          1148 1149 1250 1249 1149 1150 1251 1250 1150 1151 1252 1251
          1151 1152 1253 1252 1152 1153 1254 1253 1153 1154 1255 1254
          1154 1155 1256 1255 1155 1156 1257 1256 1156 1157 1258 1257
          1157 1158 1259 1258 1158 1159 1260 1259 1159 1160 1261 1260
          1160 1161 1262 1261 1161 1162 1263 1262 1162 1163 1264 1263
          1163 1164 1265 1264 1164 1165 1266 1265 1165 1166 1267 1266
          1166 1167 1268 1267 1167 1168 1269 1268 1168 1169 1270 1269
          1169 1170 1271 1270 1170 1171 1272 1271 1171 1172 1273 1272
          1172 1173 1274 1273 1173 1174 1275 1274 1174 1175 1276 1275
          1175 1176 1277 1276 1176 1177 1278 1277 1177 1178 1279 1278
          1178 1179 1280 1279 1179 1180 1281 1280 1180 1181 1282 1281
          1181 1182 1283 1282 1182 1183 1284 1283 1183 1184 1285 1284
          1184 1185 1286 1285 1185 1186 1287 1286 1186 1187 1288 1287
          1187 1188 1289 1288 1188 1189 1290 1289 1189 1190 1291 1290
          1190 1191 1292 1291 1191 1192 1293 1292 1192 1193 1294 1293
          1193 1194 1295 1294 1194 1195 1296 1295 1195 1196 1297 1296
          1196 1197 1298 1297 1197 1198 1299 1298 1198 1199 1300 1299
          1199 1200 1301 1300 1200 1201 1302 1301 1201 1202 1303 1302
          1202 1203 1304 1303 1203 1204 1305 1304 1204 1205 1306 1305
          1205 1206 1307 1306 1206 1207 1308 1307 1207 1208 1309 1308
          1208 1209 1310 1309 1209 1210 1311 1310 1210 1211 1312 1311
          1212 1213 1314 1313 1213 1214 1315 1314 1214 1215 1316 1315
          1215 1216 1317 1316 1216 1217 1318 1317 1217 1218 1319 1318
          1218 1219 1320 1319 1219 1220 1321 1320 1220 1221 1322 1321
          1221 1222 1323 1322 1222 1223 1324 1323 1223 1224 1325 1324
          1224 1225 1326 1325 1225 1226 1327 1326 1226 1227 1328 1327
          1227 1228 1329 1328 1228 1229 1330 1329 1229 1230 1331 1330
          1230 1231 1332 1331 1231 1232 1333 1332 1232 1233 1334 1333
          1233 1234 1335 1334 1234 1235 1336 1335 1235 1236 1337 1336
          1236 1237 1338 1337 1237 1238 1339 1338 1238 1239 1340 1339
          1239 1240 1341 1340 1240 1241 1342 1341 1241 1242 1343 1342
          1242 1243 1344 1343 1243 1244 1345 1344 1244 1245 1346 1345
          1245 1246 1347 1346 1246 1247 1348 1347 1247 1248 1349 1348
          1248 1249 1350 1349 1249 1250 1351 1350 1250 1251 1352 1351
          1251 1252 1353 1352 1252 1253 1354 1353 1253 1254 1355 1354
          1254 1255 1356 1355 1255 1256 1357 1356 1256 1257 1358 1357
          1257 1258 1359 1358 1258 1259 1360 1359 1259 1260 1361 1360
          1260 1261 1362 1361 1261 1262 1363 1362 1262 1263 1364 1363
          1263 1264 1365 1364 1264 1265 1366 1365 1265 1266 1367 1366
          1266 1267 1368 1367 1267 1268 1369 1368 1268 1269 1370 1369
          1269 1270 1371 1370 1270 1271 1372 1371 1271 1272 1373 1372
          1272 1273 1374 1373 1273 1274 1375 1374 1274 1275 1376 1375
          1275 1276 1377 1376 1276 1277 1378 1377 1277 1278 1379 1378
          1278 1279 1380 1379 1279 1280 1381 1380 1280 1281 1382 1381
          1281 1282 1383 1382 1282 1283 1384 1383 1283 1284 1385 1384
          1284 1285 1386 1385 1285 1286 1387 1386 1286 1287 1388 1387
          1287 1288 1389 1388 1288 1289 1390 1389 1289 1290 1391 1390
          1290 1291 1392 1391 1291 1292 1393 1392 1292 1293 1394 1393
          1293 1294 1395 1394 1294 1295 1396 1395 1295 1296 1397 1396
          1296 1297 1398 1397 1297 1298 1399 1398 1298 1299 1400 1399
          1299 1300 1401 1400 1300 1301 1402 1401 1301 1302 1403 1402
          1302 1303 1404 1403 1303 1304 1405 1404 1304 1305 1406 1405
          1305 1306 1407 1406 1306 1307 1408 1407 1307 1308 1409 1408
          1308 1309 1410 1409 1309 1310 1411 1410 1310 1311 1412 1411
          1311 1312 1413 1412 1313 1314 1415 1414 1314 1315 1416 1415
          1315 1316 1417 1416 1316 1317 1418 1417 1317 1318 1419 1418
          1318 1319 1420 1419 1319 1320 1421 1420 1320 1321 1422 1421
          1321 1322 1423 1422 1322 1323 1424 1423 1323 1324 1425 1424
          1324 1325 1426 1425 1325 1326 1427 1426 1326 1327 1428 1427
          1327 1328 1429 1428 1328 1329 1430 1429 1329 1330 1431 1430
          1330 1331 1432 1431 1331 1332 1433 1432 1332 1333 1434 1433
          1333 1334 1435 1434 1334 1335 1436 1435 1335 1336 1437 1436
          1336 1337 1438 1437 1337 1338 1439 1438 1338 1339 1440 1439
          1339 1340 1441 1440 1340 1341 1442 1441 1341 1342 1443 1442
          1342 1343 1444 1443 1343 1344 1445 1444 1344 1345 1446 1445
          1345 1346 1447 1446 1346 1347 1448 1447 1347 1348 1449 1448
          1348 1349 1450 1449 1349 1350 1451 1450 1350 1351 1452 1451
          1351 1352 1453 1452 1352 1353 1454 1453 1353 1354 1455 1454
          1354 1355 1456 1455 1355 1356 1457 1456 1356 1357 1458 1457
          1357 1358 1459 1458 1358 1359 1460 1459 1359 1360 1461 1460
          1360 1361 1462 1461 1361 1362 1463 1462 1362 1363 1464 1463
          1363 1364 1465 1464 1364 1365 1466 1465 1365 1366 1467 1466
          1366 1367 1468 1467 1367 1368 1469 1468 1368 1369 1470 1469
          1369 1370 1471 1470 1370 1371 1472 1471 1371 1372 1473 1472
          1372 1373 1474 1473 1373 1374 1475 1474 1374 1375 1476 1475
          1375 1376 1477 1476 1376 1377 1478 1477 1377 1378 1479 1478
          1378 1379 1480 1479 1379 1380 1481 1480 1380 1381 1482 1481
          1381 1382 1483 1482 1382 1383 1484 1483 1383 1384 1485 1484
          1384 1385 1486 1485 1385 1386 1487 1486 1386 1387 1488 1487
          1387 1388 1489 1488 1388 1389 1490 1489 1389 1390 1491 1490
          1390 1391 1492 1491 1391 1392 1493 1492 1392 1393 1494 1493
          1393 1394 1495 1494 1394 1395 1496 1495 1395 1396 1497 1496
          1396 1397 1498 1497 1397 1398 1499 1498 1398 1399 1500 1499
          1399 1400 1501 1500 1400 1401 1502 1501 1401 1402 1503 1502
          1402 1403 1504 1503 1403 1404 1505 1504 1404 1405 1506 1505
          1405 1406 1507 1506 1406 1407 1508 1507 1407 1408 1509 1508
          1408 1409 1510 1509 1409 1410 1511 1510 1410 1411 1512 1511
          1411 1412 1513 1512 1412 1413 1514 1513 1414 1415 1516 1515
          1415 1416 1517 1516 1416 1417 1518 1517 1417 1418 1519 1518
          1418 1419 1520 1519 1419 1420 1521 1520 1420 1421 1522 1521
          1421 1422 1523 1522 1422 1423 1524 1523 1423 1424 1525 1524
          1424 1425 1526 1525 1425 1426 1527 1526 1426 1427 1528 1527
          1427 1428 1529 1528 1428 1429 1530 1529 1429 1430 1531 1530
          1430 1431 1532 1531 1431 1432 1533 1532 1432 1433 1534 1533
          1433 1434 1535 1534 1434 1435 1536 1535 1435 1436 1537 1536
          1436 1437 1538 1537 1437 1438 1539 1538 1438 1439 1540 1539
          1439 1440 1541 1540 1440 1441 1542 1541 1441 1442 1543 1542
          1442 1443 1544 1543 1443 1444 1545 1544 1444 1445 1546 1545
          1445 1446 1547 1546 1446 1447 1548 1547 1447 1448 1549 1548
          1448 1449 1550 1549 1449 1450 1551 1550 1450 1451 1552 1551
          1451 1452 1553 1552 1452 1453 1554 1553 1453 1454 1555 1554
          1454 1455 1556 1555 1455 1456 1557 1556 1456 1457 1558 1557
          1457 1458 1559 1558 1458 1459 1560 1559 1459 1460 1561 1560
          1460 1461 1562 1561 1461 1462 1563 1562 1462 1463 1564 1563
          1463 1464 1565 1564 1464 1465 1566 1565 1465 1466 1567 1566
          1466 1467 1568 1567 1467 1468 1569 1568 1468 1469 1570 1569
          1469 1470 1571 1570 1470 1471 1572 1571 1471 1472 1573 1572
          1472 1473 1574 1573 1473 1474 1575 1574 1474 1475 1576 1575
          1475 1476 1577 1576 1476 1477 1578 1577 1477 1478 1579 1578
          1478 1479 1580 1579 1479 1480 1581 1580 1480 1481 1582 1581
          1481 1482 1583 1582 1482 1483 1584 1583 1483 1484 1585 1584
          1484 1485 1586 1585 1485 1486 1587 1586 1486 1487 1588 1587
          1487 1488 1589 1588 1488 1489 1590 1589 1489 1490 1591 1590
          1490 1491 1592 1591 1491 1492 1593 1592 1492 1493 1594 1593
          1493 1494 1595 1594 1494 1495 1596 1595 1495 1496 1597 1596
          1496 1497 1598 1597 1497 1498 1599 1598 1498 1499 1600 1599
          1499 1500 1601 1600 1500 1501 1602 1601 1501 1502 1603 1602
          1502 1503 1604 1603 1503 1504 1605 1604 1504 1505 1606 1605
          1505 1506 1607 1606 1506 1507 1608 1607 1507 1508 1609 1608
          1508 1509 1610 1609 1509 1510 1611 1610 1510 1511 1612 1611
          1511 1512 1613 1612 1512 1513 1614 1613 1513 1514 1615 1614
          1515 1516 1617 1616 1516 1517 1618 1617 1517 1518 1619 1618
          1518 1519 1620 1619 1519 1520 1621 1620 1520 1521 1622 1621
          1521 1522 1623 1622 1522 1523 1624 1623 1523 1524 1625 1624
          1524 1525 1626 1625 1525 1526 1627 1626 1526 1527 1628 1627
          1527 1528 1629 1628 1528 1529 1630 1629 1529 1530 1631 1630
          1530 1531 1632 1631 1531 1532 1633 1632 1532 1533 1634 1633
          1533 1534 1635 1634 1534 1535 1636 1635 1535 1536 1637 1636
          1536 1537 1638 1637 1537 1538 1639 1638 1538 1539 1640 1639
          1539 1540 1641 1640 1540 1541 1642 1641 1541 1542 1643 1642
          1542 1543 1644 1643 1543 1544 1645 1644 1544 1545 1646 1645
          1545 1546 1647 1646 1546 1547 1648 1647 1547 1548 1649 1648
          1548 1549 1650 1649 1549 1550 1651 1650 1550 1551 1652 1651
          1551 1552 1653 1652 1552 1553 1654 1653 1553 1554 1655 1654
          1554 1555 1656 1655 1555 1556 1657 1656 1556 1557 1658 1657
          1557 1558 1659 1658 1558 1559 1660 1659 1559 1560 1661 1660
          1560 1561 1662 1661 1561 1562 1663 1662 1562 1563 1664 1663
          1563 1564 1665 1664 1564 1565 1666 1665 1565 1566 1667 1666
          1566 1567 1668 1667 1567 1568 1669 1668 1568 1569 1670 1669
          1569 1570 1671 1670 1570 1571 1672 1671 1571 1572 1673 1672
          1572 1573 1674 1673 1573 1574 1675 1674 1574 1575 1676 1675
          1575 1576 1677 1676 1576 1577 1678 1677 1577 1578 1679 1678
          1578 1579 1680 1679 1579 1580 1681 1680 1580 1581 1682 1681
          1581 1582 1683 1682 1582 1583 1684 1683 1583 1584 1685 1684
          1584 1585 1686 1685 1585 1586 1687 1686 1586 1587 1688 1687
          1587 1588 1689 1688 1588 1589 1690 1689 1589 1590 1691 1690
          1590 1591 1692 1691 1591 1592 1693 1692 1592 1593 1694 1693
          1593 1594 1695 1694 1594 1595 1696 1695 1595 1596 1697 1696
          1596 1597 1698 1697 1597 1598 1699 1698 1598 1599 1700 1699
          1599 1600 1701 1700 1600 1601 1702 1701 1601 1602 1703 1702
          1602 1603 1704 1703 1603 1604 1705 1704 1604 1605 1706 1705
          1605 1606 1707 1706 1606 1607 1708 1707 1607 1608 1709 1708
          1608 1609 1710 1709 1609 1610 1711 1710 1610 1611 1712 1711
          1611 1612 1713 1712 1612 1613 1714 1713 1613 1614 1715 1714
          1614 1615 1716 1715 1616 1617 1718 1717 1617 1618 1719 1718
          1618 1619 1720 1719 1619 1620 1721 1720 1620 1621 1722 1721
          1621 1622 1723 1722 1622 1623 1724 1723 1623 1624 1725 1724
          1624 1625 1726 1725 1625 1626 1727 1726 1626 1627 1728 1727
          1627 1628 1729 1728 1628 1629 1730 1729 1629 1630 1731 1730
          1630 1631 1732 1731 1631 1632 1733 1732 1632 1633 1734 1733
          1633 1634 1735 1734 1634 1635 1736 1735 1635 1636 1737 1736
          1636 1637 1738 1737 1637 1638 1739 1738 1638 1639 1740 1739
          1639 1640 1741 1740 1640 1641 1742 1741 1641 1642 1743 1742
          1642 1643 1744 1743 1643 1644 1745 1744 1644 1645 1746 1745
          1645 1646 1747 1746 1646 1647 1748 1747 1647 1648 1749 1748
          1648 1649 1750 1749 1649 1650 1751 1750 1650 1651 1752 1751
          1651 1652 1753 1752 1652 1653 1754 1753 1653 1654 1755 1754
          1654 1655 1756 1755 1655 1656 1757 1756 1656 1657 1758 1757
          1657 1658 1759 1758 1658 1659 1760 1759 1659 1660 1761 1760
          1660 1661 1762 1761 1661 1662 1763 1762 1662 1663 1764 1763
          1663 1664 1765 1764 1664 1665 1766 1765 1665 1666 1767 1766
          1666 1667 1768 1767 1667 1668 1769 1768 1668 1669 1770 1769
          1669 1670 1771 1770 1670 1671 1772 1771 1671 1672 1773 1772
          1672 1673 1774 1773 1673 1674 1775 1774 1674 1675 1776 1775
          1675 1676 1777 1776 1676 1677 1778 1777 1677 1678 1779 1778
          1678 1679 1780 1779 1679 1680 1781 1780 1680 1681 1782 1781
          1681 1682 1783 1782 1682 1683 1784 1783 1683 1684 1785 1784
          1684 1685 1786 1785 1685 1686 1787 1786 1686 1687 1788 1787
          1687 1688 1789 1788 1688 1689 1790 1789 1689 1690 1791 1790
          1690 1691 1792 1791 1691 1692 1793 1792 1692 1693 1794 1793
          1693 1694 1795 1794 1694 1695 1796 1795 1695 1696 1797 1796
          1696 1697 1798 1797 1697 1698 1799 1798 1698 1699 1800 1799
          1699 1700 1801 1800 1700 1701 1802 1801 1701 1702 1803 1802
          1702 1703 1804 1803 1703 1704 1805 1804 1704 1705 1806 1805
          1705 1706 1807 1806 1706 1707 1808 1807 1707 1708 1809 1808
          1708 1709 1810 1809 1709 1710 1811 1810 1710 1711 1812 1811
          1711 1712 1813 1812 1712 1713 1814 1813 1713 1714 1815 1814
          1714 1715 1816 1815 1715 1716 1817 1816 1717 1718 1819 1818
          1718 1719 1820 1819 1719 1720 1821 1820 1720 1721 1822 1821
          1721 1722 1823 1822 1722 1723 1824 1823 1723 1724 1825 1824
          1724 1725 1826 1825 1725 1726 1827 1826 1726 1727 1828 1827
          1727 1728 1829 1828 1728 1729 1830 1829 1729 1730 1831 1830
          1730 1731 1832 1831 1731 1732 1833 1832 1732 1733 1834 1833
          1733 1734 1835 1834 1734 1735 1836 1835 1735 1736 1837 1836
          1736 1737 1838 1837 1737 1738 1839 1838 1738 1739 1840 1839
          1739 1740 1841 1840 1740 1741 1842 1841 1741 1742 1843 1842
          1742 1743 1844 1843 1743 1744 1845 1844 1744 1745 1846 1845
          1745 1746 1847 1846 1746 1747 1848 1847 1747 1748 1849 1848
          1748 1749 1850 1849 1749 1750 1851 1850 1750 1751 1852 1851
          1751 1752 1853 1852 1752 1753 1854 1853 1753 1754 1855 1854
          1754 1755 1856 1855 1755 1756 1857 1856 1756 1757 1858 1857
          1757 1758 1859 1858 1758 1759 1860 1859 1759 1760 1861 1860
          1760 1761 1862 1861 1761 1762 1863 1862 1762 1763 1864 1863
          1763 1764 1865 1864 1764 1765 1866 1865 1765 1766 1867 1866
          1766 1767 1868 1867 1767 1768 1869 1868 1768 1769 1870 1869
          1769 1770 1871 1870 1770 1771 1872 1871 1771 1772 1873 1872
          1772 1773 1874 1873 1773 1774 1875 1874 1774 1775 1876 1875
          1775 1776 1877 1876 1776 1777 1878 1877 1777 1778 1879 1878
          1778 1779 1880 1879 1779 1780 1881 1880 1780 1781 1882 1881
          1781 1782 1883 1882 1782 1783 1884 1883 1783 1784 1885 1884
          1784 1785 1886 1885 1785 1786 1887 1886 1786 1787 1888 1887
          1787 1788 1889 1888 1788 1789 1890 1889 1789 1790 1891 1890
          1790 1791 1892 1891 1791 1792 1893 1892 1792 1793 1894 1893
          1793 1794 1895 1894 1794 1795 1896 1895 1795 1796 1897 1896
          1796 1797 1898 1897 1797 1798 1899 1898 1798 1799 1900 1899
          1799 1800 1901 1900 1800 1801 1902 1901 1801 1802 1903 1902
          1802 1803 1904 1903 1803 1804 1905 1904 1804 1805 1906 1905
          1805 1806 1907 1906 1806 1807 1908 1907 1807 1808 1909 1908
          1808 1809 1910 1909 1809 1810 1911 1910 1810 1811 1912 1911
          1811 1812 1913 1912 1812 1813 1914 1913 1813 1814 1915 1914
          1814 1815 1916 1915 1815 1816 1917 1916 1816 1817 1918 1917
          1818 1819 1920 1919 1819 1820 1921 1920 1820 1821 1922 1921
          1821 1822 1923 1922 1822 1823 1924 1923 1823 1824 1925 1924
          1824 1825 1926 1925 1825 1826 1927 1926 1826 1827 1928 1927
          1827 1828 1929 1928 1828 1829 1930 1929 1829 1830 1931 1930
          1830 1831 1932 1931 1831 1832 1933 1932 1832 1833 1934 1933
          1833 1834 1935 1934 1834 1835 1936 1935 1835 1836 1937 1936
          1836 1837 1938 1937 1837 1838 1939 1938 1838 1839 1940 1939
          1839 1840 1941 1940 1840 1841 1942 1941 1841 1842 1943 1942
          1842 1843 1944 1943 1843 1844 1945 1944 1844 1845 1946 1945
          1845 1846 1947 1946 1846 1847 1948 1947 1847 1848 1949 1948
          1848 1849 1950 1949 1849 1850 1951 1950 1850 1851 1952 1951
          1851 1852 1953 1952 1852 1853 1954 1953 1853 1854 1955 1954
          1854 1855 1956 1955 1855 1856 1957 1956 1856 1857 1958 1957
          1857 1858 1959 1958 1858 1859 1960 1959 1859 1860 1961 1960
          1860 1861 1962 1961 1861 1862 1963 1962 1862 1863 1964 1963
          1863 1864 1965 1964 1864 1865 1966 1965 1865 1866 1967 1966
          1866 1867 1968 1967 1867 1868 1969 1968 1868 1869 1970 1969
          1869 1870 1971 1970 1870 1871 1972 1971 1871 1872 1973 1972
          1872 1873 1974 1973 1873 1874 1975 1974 1874 1875 1976 1975
          1875 1876 1977 1976 1876 1877 1978 1977 1877 1878 1979 1978
          1878 1879 1980 1979 1879 1880 1981 1980 1880 1881 1982 1981
          1881 1882 1983 1982 1882 1883 1984 1983 1883 1884 1985 1984
          1884 1885 1986 1985 1885 1886 1987 1986 1886 1887 1988 1987
          1887 1888 1989 1988 1888 1889 1990 1989 1889 1890 1991 1990
          1890 1891 1992 1991 1891 1892 1993 1992 1892 1893 1994 1993
          1893 1894 1995 1994 1894 1895 1996 1995 1895 1896 1997 1996
          1896 1897 1998 1997 1897 1898 1999 1998 1898 1899 2000 1999
          1899 1900 2001 2000 1900 1901 2002 2001 1901 1902 2003 2002
          1902 1903 2004 2003 1903 1904 2005 2004 1904 1905 2006 2005
          1905 1906 2007 2006 1906 1907 2008 2007 1907 1908 2009 2008
          1908 1909 2010 2009 1909 1910 2011 2010 1910 1911 2012 2011
          1911 1912 2013 2012 1912 1913 2014 2013 1913 1914 2015 2014
          1914 1915 2016 2015 1915 1916 2017 2016 1916 1917 2018 2017
          1917 1918 2019 2018 1919 1920 2021 2020 1920 1921 2022 2021
          1921 1922 2023 2022 1922 1923 2024 2023 1923 1924 2025 2024
          1924 1925 2026 2025 1925 1926 2027 2026 1926 1927 2028 2027
          1927 1928 2029 2028 1928 1929 2030 2029 1929 1930 2031 2030
          1930 1931 2032 2031 1931 1932 2033 2032 1932 1933 2034 2033
          1933 1934 2035 2034 1934 1935 2036 2035 1935 1936 2037 2036
          1936 1937 2038 2037 1937 1938 2039 2038 1938 1939 2040 2039
          1939 1940 2041 2040 1940 1941 2042 2041 1941 1942 2043 2042
          1942 1943 2044 2043 1943 1944 2045 2044 1944 1945 2046 2045
          1945 1946 2047 2046 1946 1947 2048 2047 1947 1948 2049 2048
          1948 1949 2050 2049 1949 1950 2051 2050 1950 1951 2052 2051
          1951 1952 2053 2052 1952 1953 2054 2053 1953 1954 2055 2054
          1954 1955 2056 2055 1955 1956 2057 2056 1956 1957 2058 2057
          1957 1958 2059 2058 1958 1959 2060 2059 1959 1960 2061 2060
          1960 1961 2062 2061 1961 1962 2063 2062 1962 1963 2064 2063
          1963 1964 2065 2064 1964 1965 2066 2065 1965 1966 2067 2066
          1966 1967 2068 2067 1967 1968 2069 2068 1968 1969 2070 2069
          1969 1970 2071 2070 1970 1971 2072 2071 1971 1972 2073 2072
          1972 1973 2074 2073 1973 1974 2075 2074 1974 1975 2076 2075
          1975 1976 2077 2076 1976 1977 2078 2077 1977 1978 2079 2078
          1978 1979 2080 2079 1979 1980 2081 2080 1980 1981 2082 2081
          1981 1982 2083 2082 1982 1983 2084 2083 1983 1984 2085 2084
          1984 1985 2086 2085 1985 1986 2087 2086 1986 1987 2088 2087
          1987 1988 2089 2088 1988 1989 2090 2089 1989 1990 2091 2090
          1990 1991 2092 2091 1991 1992 2093 2092 1992 1993 2094 2093
          1993 1994 2095 2094 1994 1995 2096 2095 1995 1996 2097 2096
          1996 1997 2098 2097 1997 1998 2099 2098 1998 1999 2100 2099
          1999 2000 2101 2100 2000 2001 2102 2101 2001 2002 2103 2102
          2002 2003 2104 2103 2003 2004 2105 2104 2004 2005 2106 2105
          2005 2006 2107 2106 2006 2007 2108 2107 2007 2008 2109 2108
          2008 2009 2110 2109 2009 2010 2111 2110 2010 2011 2112 2111
          2011 2012 2113 2112 2012 2013 2114 2113 2013 2014 2115 2114
          2014 2015 2116 2115 2015 2016 2117 2116 2016 2017 2118 2117
          2017 2018 2119 2118 2018 2019 2120 2119
        </DataArray>
        <DataArray type="Int32" Name="offsets" NumberOfComponents="1" format="ascii">
          4 8 12 16 20 24 28 32 36 40 44 48
          52 56 60 64 68 72 76 80 84 88 92 96
          100 104 108 112 116 120 124 128 132 136 140 144
          148 152 156 160 164 168 172 176 180 184 188 192
          196 200 204 208 212 216 220 224 228 232 236 240
          244 248 252 256 260 264 268 272 276 280 284 288
          292 296 300 304 308 312 316 320 324 328 332 336
          340 344 348 352 356 360 364 368 372 376 380 384
          388 392 396 400 404 408 412 416 420 424 428 432
          436 440 444 448 452 456 460 464 468 472 476 480
          484 488 492 496 500 504 508 512 516 520 524 528
          532 536 540 544 548 552 556 560 564 568 572 576
          580 584 588 592 596 600 604 608 612 616 620 624
          628 632 636 640 644 648 652 656 660 664 668 672
          676 680 684 688 692 696 700 704 708 712 716 720
          724 728 732 736 740 744 748 752 756 760 764 768
          772 776 780 784 788 792 796 800 804 808 812 816
          820 824 828 832 836 840 844 848 852 856 860 864
          868 872 876 880 884 888 892 896 900 904 908 912
          916 920 924 928 932 936 940 944 948 952 956 960
          964 968 972 976 980 984 988 992 996 1000 1004 1008
          1012 1016 1020 1024 1028 1032 1036 1040 1044 1048 1052 1056
          1060 1064 1068 1072 1076 1080 1084 1088 1092 1096 1100 1104
          1108 1112 1116 1120 1124 1128 1132 1136 1140 1144 1148 1152
          1156 1160 1164 1168 1172 1176 1180 1184 1188 1192 1196 1200
          1204 1208 1212 1216 1220 1224 1228 1232 1236 1240 1244 1248
          1252 1256 1260 1264 1268 1272 1276 1280 1284 1288 1292 1296
          1300 1304 1308 1312 1316 1320 1324 1328 1332 1336 1340 1344
          1348 1352 1356 1360 1364 1368 1372 1376 1380 1384 1388 1392
          1396 1400 1404 1408 1412 1416 1420 1424 1428 1432 1436 1440
          1444 1448 1452 1456 1460 1464 1468 1472 1476 1480 1484 1488
          1492 1496 1500 1504 1508 1512 1516 1520 1524 1528 1532 1536
          1540 1544 1548 1552 1556 1560 1564 1568 1572 1576 1580 1584
          1588 1592 1596 1600 1604 1608 1612 1616 1620 1624 1628 1632
          1636 1640 1644 1648 1652 1656 1660 1664 1668 1672 1676 1680
          1684 1688 1692 1696 1700 1704 1708 1712 1716 1720 1724 1728
          1732 1736 1740 1744 1748 1752 1756 1760 1764 1768 1772 1776
          1780 1784 1788 1792 1796 1800 1804 1808 1812 1816 1820 1824
          1828 1832 1836 1840 1844 1848 1852 1856 1860 1864 1868 1872
          1876 1880 1884 1888 1892 1896 1900 1904 1908 1912 1916 1920
          1924 1928 1932 1936 1940 1944 1948 1952 1956 1960 1964 1968
          1972 1976 1980 1984 1988 1992 1996 2000 2004 2008 2012 2016
          2020 2024 2028 2032 2036 2040 2044 2048 2052 2056 2060 2064
          2068 2072 2076 2080 2084 2088 2092 2096 2100 2104 2108 2112
          2116 2120 2124 2128 2132 2136 2140 2144 2148 2152 2156 2160
          2164 2168 2172 2176 2180 2184 2188 2192 2196 2200 2204 2208
          2212 2216 2220 2224 2228 2232 2236 2240 2244 2248 2252 2256
          2260 2264 2268 2272 2276 2280 2284 2288 2292 2296 2300 2304
          2308 2312 2316 2320 2324 2328 2332 2336 2340 2344 2348 2352
          2356 2360 2364 2368 2372 2376 2380 2384 2388 2392 2396 2400
          2404 2408 2412 2416 2420 2424 2428 2432 2436 2440 2444 2448
          2452 2456 2460 2464 2468 2472 2476 2480 2484 2488 2492 2496
          2500 2504 2508 2512 2516 2520 2524 2528 2532 2536 2540 2544
          2548 2552 2556 2560 2564 2568 2572 2576 2580 2584 2588 2592
          2596 2600 2604 2608 2612 2616 2620 2624 2628 2632 2636 2640
          2644 2648 2652 2656 2660 2664 2668 2672 2676 2680 2684 2688
          2692 2696 2700 2704 2708 2712 2716 2720 2724 2728 2732 2736
          2740 2744 2748 2752 2756 2760 2764 2768 2772 2776 2780 2784
          2788 2792 2796 2800 2804 2808 2812 2816 2820 2824 2828 2832
          2836 2840 2844 2848 2852 2856 2860 2864 2868 2872 2876 2880
          2884 2888 2892 2896 2900 2904 2908 2912 2916 2920 2924 2928
          2932 2936 2940 2944 2948 2952 2956 2960 2964 2968 2972 2976
          2980 2984 2988 2992 2996 3000 3004 3008 3012 3016 3020 3024
          3028 3032 3036 3040 3044 3048 3052 3056 3060 3064 3068 3072
          3076 3080 3084 3088 3092 3096 3100 3104 3108 3112 3116 3120
          3124 3128 3132 3136 3140 3144 3148 3152 3156 3160 3164 3168
          3172 3176 3180 3184 3188 3192 3196 3200 3204 3208 3212 3216
          3220 3224 3228 3232 3236 3240 3244 3248 3252 3256 3260 3264
          3268 3272 3276 3280 3284 3288 3292 3296 3300 3304 3308 3312
          3316 3320 3324 3328 3332 3336 3340 3344 3348 3352 3356 3360
          3364 3368 3372 3376 3380 3384 3388 3392 3396 3400 3404 3408
          3412 3416 3420 3424 3428 3432 3436 3440 3444 3448 3452 3456
          3460 3464 3468 3472 3476 3480 3484 3488 3492 3496 3500 3504
          3508 3512 3516 3520 3524 3528 3532 3536 3540 3544 3548 3552
          3556 3560 3564 3568 3572 3576 3580 3584 3588 3592 3596 3600
          3604 3608 3612 3616 3620 3624 3628 3632 3636 3640 3644 3648
          3652 3656 3660 3664 3668 3672 3676 3680 3684 3688 3692 3696
          3700 3704 3708 3712 3716 3720 3724 3728 3732 3736 3740 3744
          3748 3752 3756 3760 3764 3768 3772 3776 3780 3784 3788 3792
          3796 3800 3804 3808 3812 3816 3820 3824 3828 3832 3836 3840
          3844 3848 3852 3856 3860 3864 3868 3872 3876 3880 3884 3888
          3892 3896 3900 3904 3908 3912 3916 3920 3924 3928 3932 3936
          3940 3944 3948 3952 3956 3960 3964 3968 3972 3976 3980 3984
          3988 3992 3996 4000 4004 4008 4012 4016 4020 4024 4028 4032
          4036 4040 4044 4048 4052 4056 4060 4064 4068 4072 4076 4080
          4084 4088 4092 4096 4100 4104 4108 4112 4116 4120 4124 4128
          4132 4136 4140 4144 4148 4152 4156 4160 4164 4168 4172 4176
          4180 4184 4188 4192 4196 4200 4204 4208 4212 4216 4220 4224
          4228 4232 4236 4240 4244 4248 4252 4256 4260 4264 4268 4272
          4276 4280 4284 4288 4292 4296 4300 4304 4308 4312 4316 4320
          4324 4328 4332 4336 4340 4344 4348 4352 4356 4360 4364 4368
          4372 4376 4380 4384 4388 4392 4396 4400 4404 4408 4412 4416
          4420 4424 4428 4432 4436 4440 4444 4448 4452 4456 4460 4464
          4468 4472 4476 4480 4484 4488 4492 4496 4500 4504 4508 4512
          4516 4520 4524 4528 4532 4536 4540 4544 4548 4552 4556 4560
          4564 4568 4572 4576 4580 4584 4588 4592 4596 4600 4604 4608
          4612 4616 4620 4624 4628 4632 4636 4640 4644 4648 4652 4656
          4660 4664 4668 4672 4676 4680 4684 4688 4692 4696 4700 4704
          4708 4712 4716 4720 4724 4728 4732 4736 4740 4744 4748 4752
          4756 4760 4764 4768 4772 4776 4780 4784 4788 4792 4796 4800
          4804 4808 4812 4816 4820 4824 4828 4832 4836 4840 4844 4848
          4852 4856 4860 4864 4868 4872 4876 4880 4884 4888 4892 4896
          4900 4904 4908 4912 4916 4920 4924 4928 4932 4936 4940 4944
          4948 4952 4956 4960 4964 4968 4972 4976 4980 4984 4988 4992
          4996 5000 5004 5008 5012 5016 5020 5024 5028 5032 5036 5040
          5044 5048 5052 5056 5060 5064 5068 5072 5076 5080 5084 5088
          5092 5096 5100 5104 5108 5112 5116 5120 5124 5128 5132 5136
          5140 5144 5148 5152 5156 5160 5164 5168 5172 5176 5180 5184
          5188 5192 5196 5200 5204 5208 5212 5216 5220 5224 5228 5232
          5236 5240 5244 5248 5252 5256 5260 5264 5268 5272 5276 5280
          5284 5288 5292 5296 5300 5304 5308 5312 5316 5320 5324 5328
          5332 5336 5340 5344 5348 5352 5356 5360 5364 5368 5372 5376
          5380 5384 5388 5392 5396 5400 5404 5408 5412 5416 5420 5424
          5428 5432 5436 5440 5444 5448 5452 5456 5460 5464 5468 5472
          5476 5480 5484 5488 5492 5496 5500 5504 5508 5512 5516 5520
          5524 5528 5532 5536 5540 5544 5548 5552 5556 5560 5564 5568
          5572 5576 5580 5584 5588 5592 5596 5600 5604 5608 5612 5616
          5620 5624 5628 5632 5636 5640 5644 5648 5652 5656 5660 5664
          5668 5672 5676 5680 5684 5688 5692 5696 5700 5704 5708 5712
          5716 5720 5724 5728 5732 5736 5740 5744 5748 5752 5756 5760
          5764 5768 5772 5776 5780 5784 5788 5792 5796 5800 5804 5808
          5812 5816 5820 5824 5828 5832 5836 5840 5844 5848 5852 5856
          5860 5864 5868 5872 5876 5880 5884 5888 5892 5896 5900 5904
          5908 5912 5916 5920 5924 5928 5932 5936 5940 5944 5948 5952
          5956 5960 5964 5968 5972 5976 5980 5984 5988 5992 5996 6000
          6004 6008 6012 6016 6020 6024 6028 6032 6036 6040 6044 6048
          6052 6056 6060 6064 6068 6072 6076 6080 6084 6088 6092 6096
          6100 6104 6108 6112 6116 6120 6124 6128 6132 6136 6140 6144
          6148 6152 6156 6160 6164 6168 6172 6176 6180 6184 6188 6192
          6196 6200 6204 6208 6212 6216 6220 6224 6228 6232 6236 6240
          6244 6248 6252 6256 6260 6264 6268 6272 6276 6280 6284 6288
          6292 6296 6300 6304 6308 6312 6316 6320 6324 6328 6332 6336
          6340 6344 6348 6352 6356 6360 6364 6368 6372 6376 6380 6384
          6388 6392 6396 6400 6404 6408 6412 6416 6420 6424 6428 6432
          6436 6440 6444 6448 6452 6456 6460 6464 6468 6472 6476 6480
          6484 6488 6492 6496 6500 6504 6508 6512 6516 6520 6524 6528
          6532 6536 6540 6544 6548 6552 6556 6560 6564 6568 6572 6576
          6580 6584 6588 6592 6596 6600 6604 6608 6612 6616 6620 6624
          6628 6632 6636 6640 6644 6648 6652 6656 6660 6664 6668 6672
          6676 6680 6684 6688 6692 6696 6700 6704 6708 6712 6716 6720
          6724 6728 6732 6736 6740 6744 6748 6752 6756 6760 6764 6768
          6772 6776 6780 6784 6788 6792 6796 6800 6804 6808 6812 6816
          6820 6824 6828 6832 6836 6840 6844 6848 6852 6856 6860 6864
          6868 6872 6876 6880 6884 6888 6892 6896 6900 6904 6908 6912
          6916 6920 6924 6928 6932 6936 6940 6944 6948 6952 6956 6960
          6964 6968 6972 6976 6980 6984 6988 6992 6996 7000 7004 7008
          7012 7016 7020 7024 7028 7032 7036 7040 7044 7048 7052 7056
          7060 7064 7068 7072 7076 7080 7084 7088 7092 7096 7100 7104
          7108 7112 7116 7120 7124 7128 7132 7136 7140 7144 7148 7152
          7156 7160 7164 7168 7172 7176 7180 7184 7188 7192 7196 7200
          7204 7208 7212 7216 7220 7224 7228 7232 7236 7240 7244 7248
          7252 7256 7260 7264 7268 7272 7276 7280 7284 7288 7292 7296
          7300 7304 7308 7312 7316 7320 7324 7328 7332 7336 7340 7344
          7348 7352 7356 7360 7364 7368 7372 7376 7380 7384 7388 7392
          7396 7400 7404 7408 7412 7416 7420 7424 7428 7432 7436 7440
          7444 7448 7452 7456 7460 7464 7468 7472 7476 7480 7484 7488
          7492 7496 7500 7504 7508 7512 7516 7520 7524 7528 7532 7536
          7540 7544 7548 7552 7556 7560 7564 7568 7572 7576 7580 7584
          7588 7592 7596 7600 7604 7608 7612 7616 7620 7624 7628 7632
          7636 7640 7644 7648 7652 7656 7660 7664 7668 7672 7676 7680
          7684 7688 7692 7696 7700 7704 7708 7712 7716 7720 7724 7728
          7732 7736 7740 7744 7748 7752 7756 7760 7764 7768 7772 7776
          7780 7784 7788 7792 7796 7800 7804 7808 7812 7816 7820 7824
          7828 7832 7836 7840 7844 7848 7852 7856 7860 7864 7868 7872
          7876 7880 7884 7888 7892 7896 7900 7904 7908 7912 7916 7920
          7924 7928 7932 7936 7940 7944 7948 7952 7956 7960 7964 7968
          7972 7976 7980 7984 7988 7992 7996 8000
        </DataArray>
        <DataArray type="UInt8" Name="types" NumberOfComponents="1" format="ascii">
          9 9 9 9 9 9 9 9 9 9 9 9
          9 9 9 9 9 9 9 9 9 9 9 9
          9 9 9 9 9 9 9 9 9 9 9 9
          9 9 9 9 9 9 9 9 9 9 9 9
          9 9 9 9 9 9 9 9 9 9 9 9
          9 9 9 9 9 9 9 9 9 9 9 9
          9 9 9 9 9 9 9 9 9 9 9 9
          9 9 9 9 9 9 9 9 9 9 9 9
          9 9 9 9 9 9 9 9 9 9 9 9
          9 9 9 9 9 9 9 9 9 9 9 9
          9 9 9 9 9 9 9 9 9 9 9 9
          9 9 9 9 9 9 9 9 9 9 9 9
          9 9 9 9 9 9 9 9 9 9 9 9
          9 9 9 9 9 9 9 9 9 9 9 9
          9 9 9 9 9 9 9 9 9 9 9 9
          9 9 9 9 9 9 9 9 9 9 9 9
          9 9 9 9 9 9 9 9 9 9 9 9
          9 9 9 9 9 9 9 9 9 9 9 9
          9 9 9 9 9 9 9 9 9 9 9 9
          9 9 9 9 9 9 9 9 9 9 9 9
          9 9 9 9 9 9 9 9 9 9 9 9
          9 9 9 9 9 9 9 9 9 9 9 9
          9 9 9 9 9 9 9 9 9 9 9 9
          9 9 9 9 9 9 9 9 9 9 9 9
          9 9 9 9 9 9 9 9 9 9 9 9
          9 9 9 9 9 9 9 9 9 9 9 9
          9 9 9 9 9 9 9 9 9 9 9 9
          9 9 9 9 9 9 9 9 9 9 9 9
          9 9 9 9 9 9 9 9 9 9 9 9
          9 9 9 9 9 9 9 9 9 9 9 9
          9 9 9 9 9 9 9 9 9 9 9 9
          9 9 9 9 9 9 9 9 9 9 9 9
          9 9 9 9 9 9 9 9 9 9 9 9
          9 9 9 9 9 9 9 9 9 9 9 9
          9 9 9 9 9 9 9 9 9 9 9 9
          9 9 9 9 9 9 9 9 9 9 9 9
          9 9 9 9 9 9 9 9 9 9 9 9
          9 9 9 9 9 9 9 9 9 9 9 9
          9 9 9 9 9 9 9 9 9 9 9 9
          9 9 9 9 9 9 9 9 9 9 9 9
          9 9 9 9 9 9 9 9 9 9 9 9
          9 9 9 9 9 9 9 9 9 9 9 9
          9 9 9 9 9 9 9 9 9 9 9 9
          9 9 9 9 9 9 9 9 9 9 9 9
          9 9 9 9 9 9 9 9 9 9 9 9
          9 9 9 9 9 9 9 9 9 9 9 9
          9 9 9 9 9 9 9 9 9 9 9 9
          9 9 9 9 9 9 9 9 9 9 9 9
          9 9 9 9 9 9 9 9 9 9 9 9
          9 9 9 9 9 9 9 9 9 9 9 9
          9 9 9 9 9 9 9 9 9 9 9 9
          9 9 9 9 9 9 9 9 9 9 9 9
          9 9 9 9 9 9 9 9 9 9 9 9
          9 9 9 9 9 9 9 9 9 9 9 9
          9 9 9 9 9 9 9 9 9 9 9 9
          9 9 9 9 9 9 9 9 9 9 9 9
          9 9 9 9 9 9 9 9 9 9 9 9
          9 9 9 9 9 9 9 9 9 9 9 9
          9 9 9 9 9 9 9 9 9 9 9 9
          9 9 9 9 9 9 9 9 9 9 9 9
          9 9 9 9 9 9 9 9 9 9 9 9
          9 9 9 9 9 9 9 9 9 9 9 9
          9 9 9 9 9 9 9 9 9 9 9 9
          9 9 9 9 9 9 9 9 9 9 9 9
          9 9 9 9 9 9 9 9 9 9 9 9
          9 9 9 9 9 9 9 9 9 9 9 9
          9 9 9 9 9 9 9 9 9 9 9 9
          9 9 9 9 9 9 9 9 9 9 9 9
          9 9 9 9 9 9 9 9 9 9 9 9
          9 9 9 9 9 9 9 9 9 9 9 9
          9 9 9 9 9 9 9 9 9 9 9 9
          9 9 9 9 9 9 9 9 9 9 9 9
          9 9 9 9 9 9 9 9 9 9 9 9
          9 9 9 9 9 9 9 9 9 9 9 9
          9 9 9 9 9 9 9 9 9 9 9 9
          9 9 9 9 9 9 9 9 9 9 9 9
          9 9 9 9 9 9 9 9 9 9 9 9
          9 9 9 9 9 9 9 9 9 9 9 9
          9 9 9 9 9 9 9 9 9 9 9 9
          9 9 9 9 9 9 9 9 9 9 9 9
          9 9 9 9 9 9 9 9 9 9 9 9
          9 9 9 9 9 9 9 9 9 9 9 9
          9 9 9 9 9 9 9 9 9 9 9 9
          9 9 9 9 9 9 9 9 9 9 9 9
          9 9 9 9 9 9 9 9 9 9 9 9
          9 9 9 9 9 9 9 9 9 9 9 9
          9 9 9 9 9 9 9 9 9 9 9 9
          9 9 9 9 9 9 9 9 9 9 9 9
          9 9 9 9 9 9 9 9 9 9 9 9
          9 9 9 9 9 9 9 9 9 9 9 9
          9 9 9 9 9 9 9 9 9 9 9 9
          9 9 9 9 9 9 9 9 9 9 9 9
          9 9 9 9 9 9 9 9 9 9 9 9
          9 9 9 9 9 9 9 9 9 9 9 9
          9 9 9 9 9 9 9 9 9 9 9 9
          9 9 9 9 9 9 9 9 9 9 9 9
          9 9 9 9 9 9 9 9 9 9 9 9
          9 9 9 9 9 9 9 9 9 9 9 9
          9 9 9 9 9 9 9 9 9 9 9 9
          9 9 9 9 9 9 9 9 9 9 9 9
          9 9 9 9 9 9 9 9 9 9 9 9
          9 9 9 9 9 9 9 9 9 9 9 9
          9 9 9 9 9 9 9 9 9 9 9 9
          9 9 9 9 9 9 9 9 9 9 9 9
          9 9 9 9 9 9 9 9 9 9 9 9
          9 9 9 9 9 9 9 9 9 9 9 9
          9 9 9 9 9 9 9 9 9 9 9 9
          9 9 9 9 9 9 9 9 9 9 9 9
          9 9 9 9 9 9 9 9 9 9 9 9
          9 9 9 9 9 9 9 9 9 9 9 9
          9 9 9 9 9 9 9 9 9 9 9 9
          9 9 9 9 9 9 9 9 9 9 9 9
          9 9 9 9 9 9 9 9 9 9 9 9
          9 9 9 9 9 9 9 9 9 9 9 9
          9 9 9 9 9 9 9 9 9 9 9 9
          9 9 9 9 9 9 9 9 9 9 9 9
          9 9 9 9 9 9 9 9 9 9 9 9
          9 9 9 9 9 9 9 9 9 9 9 9
          9 9 9 9 9 9 9 9 9 9 9 9
          9 9 9 9 9 9 9 9 9 9 9 9
          9 9 9 9 9 9 9 9 9 9 9 9
          9 9 9 9 9 9 9 9 9 9 9 9
          9 9 9 9 9 9 9 9 9 9 9 9
          9 9 9 9 9 9 9 9 9 9 9 9
          9 9 9 9 9 9 9 9 9 9 9 9
          9 9 9 9 9 9 9 9 9 9 9 9
          9 9 9 9 9 9 9 9 9 9 9 9
          9 9 9 9 9 9 9 9 9 9 9 9
          9 9 9 9 9 9 9 9 9 9 9 9
          9 9 9 9 9 9 9 9 9 9 9 9
          9 9 9 9 9 9 9 9 9 9 9 9
          9 9 9 9 9 9 9 9 9 9 9 9
          9 9 9 9 9 9 9 9 9 9 9 9
          9 9 9 9 9 9 9 9 9 9 9 9
          9 9 9 9 9 9 9 9 9 9 9 9
          9 9 9 9 9 9 9 9 9 9 9 9
          9 9 9 9 9 9 9 9 9 9 9 9
          9 9 9 9 9 9 9 9 9 9 9 9
          9 9 9 9 9 9 9 9 9 9 9 9
          9 9 9 9 9 9 9 9 9 9 9 9
          9 9 9 9 9 9 9 9 9 9 9 9
          9 9 9 9 9 9 9 9 9 9 9 9
          9 9 9 9 9 9 9 9 9 9 9 9
          9 9 9 9 9 9 9 9 9 9 9 9
          9 9 9 9 9 9 9 9 9 9 9 9
          9 9 9 9 9 9 9 9 9 9 9 9
          9 9 9 9 9 9 9 9 9 9 9 9
          9 9 9 9 9 9 9 9 9 9 9 9
          9 9 9 9 9 9 9 9 9 9 9 9
          9 9 9 9 9 9 9 9 9 9 9 9
          9 9 9 9 9 9 9 9 9 9 9 9
          9 9 9 9 9 9 9 9 9 9 9 9
          9 9 9 9 9 9 9 9 9 9 9 9
          9 9 9 9 9 9 9 9 9 9 9 9
          9 9 9 9 9 9 9 9 9 9 9 9
          9 9 9 9 9 9 9 9 9 9 9 9
          9 9 9 9 9 9 9 9 9 9 9 9
          9 9 9 9 9 9 9 9 9 9 9 9
          9 9 9 9 9 9 9 9 9 9 9 9
          9 9 9 9 9 9 9 9 9 9 9 9
          9 9 9 9 9 9 9 9 9 9 9 9
          9 9 9 9 9 9 9 9 9 9 9 9
          9 9 9 9 9 9 9 9 9 9 9 9
          9 9 9 9 9 9 9 9 9 9 9 9
          9 9 9 9 9 9 9 9 9 9 9 9
          9 9 9 9 9 9 9 9 9 9 9 9
          9 9 9 9 9 9 9 9
        </DataArray>
      </Cells>
    </Piece>
  </UnstructuredGrid>
</VTKFile>
