<?xml version="1.0"?>
<VTKFile type="UnstructuredGrid" version="0.1" byte_order="LittleEndian">
  <UnstructuredGrid>
    <Piece NumberOfCells="2000" NumberOfPoints="2121">
      <PointData Scalars="p" Vectors="velocity_gas (m/s)">
        <DataArray type="Float32" Name="p" NumberOfComponents="1" format="ascii">
          6.02124e+06 6.02131e+06 6.02024e+06 6.02032e+06 6.02155e+06 6.02056e+06 6.02195e+06 6.02096e+06 6.0225e+06 6.02151e+06 6.02317e+06 6.02218e+06
          6.02396e+06 6.02296e+06 6.02483e+06 6.02382e+06 6.02577e+06 6.02475e+06 6.02675e+06 6.02572e+06 6.02777e+06 6.02673e+06 6.02878e+06 6.02773e+06
          6.0298e+06 6.02873e+06 6.03078e+06 6.02971e+06 6.03174e+06 6.03065e+06 6.03264e+06 6.03155e+06 6.0335e+06 6.0324e+06 6.0343e+06 6.0332e+06
          6.03504e+06 6.03393e+06 6.03571e+06 6.0346e+06 6.03632e+06 6.03521e+06 6.03687e+06 6.03575e+06 6.03735e+06 6.03624e+06 6.03778e+06 6.03666e+06
          6.03815e+06 6.03703e+06 6.03846e+06 6.03735e+06 6.03873e+06 6.03761e+06 6.03895e+06 6.03783e+06 6.03912e+06 6.038e+06 6.03925e+06 6.03813e+06
          6.03934e+06 6.03823e+06 6.0394e+06 6.03828e+06 6.03942e+06 6.03831e+06 6.03942e+06 6.0383e+06 6.03939e+06 6.03827e+06 6.03933e+06 6.03821e+06
          6.03924e+06 6.03813e+06 6.03914e+06 6.03803e+06 6.03902e+06 6.0379e+06 6.03888e+06 6.03776e+06 6.03872e+06 6.0376e+06 6.03854e+06 6.03743e+06
          6.03836e+06 6.03724e+06 6.03815e+06 6.03704e+06 6.03794e+06 6.03683e+06 6.03772e+06 6.0366e+06 6.03749e+06 6.03637e+06 6.03725e+06 6.03613e+06
          6.037e+06 6.03588e+06 6.03674e+06 6.03563e+06 6.03648e+06 6.03536e+06 6.03621e+06 6.03509e+06 6.03593e+06 6.03482e+06 6.03566e+06 6.03454e+06
          6.03537e+06 6.03426e+06 6.03508e+06 6.03397e+06 6.0348e+06 6.03368e+06 6.0345e+06 6.03339e+06 6.03421e+06 6.03309e+06 6.03391e+06 6.03279e+06
          6.03361e+06 6.0325e+06 6.03331e+06 6.03219e+06 6.03301e+06 6.03189e+06 6.0327e+06 6.03159e+06 6.0324e+06 6.03129e+06 6.0321e+06 6.03098e+06
          6.03179e+06 6.03068e+06 6.03149e+06 6.03037e+06 6.03118e+06 6.03007e+06 6.03088e+06 6.02976e+06 6.03057e+06 6.02946e+06 6.03027e+06 6.02916e+06
          6.02997e+06 6.02886e+06 6.02967e+06 6.02856e+06 6.02937e+06 6.02826e+06 6.02907e+06 6.02796e+06 6.02877e+06 6.02766e+06 6.02848e+06 6.02736e+06
          6.02818e+06 6.02707e+06 6.02789e+06 6.02677e+06 6.02759e+06 6.02648e+06 6.0273e+06 6.02619e+06 6.02702e+06 6.0259e+06 6.02673e+06 6.02562e+06
          6.02644e+06 6.02533e+06 6.02616e+06 6.02505e+06 6.02588e+06 6.02477e+06 6.0256e+06 6.02449e+06 6.02532e+06 6.02421e+06 6.02505e+06 6.02394e+06
          6.02478e+06 6.02366e+06 6.0245e+06 6.02339e+06 6.02424e+06 6.02312e+06 6.02397e+06 6.02286e+06 6.0237e+06 6.02259e+06 6.02344e+06 6.02233e+06
          6.02318e+06 6.02207e+06 6.02292e+06 6.02181e+06 6.02266e+06 6.02155e+06 6.02241e+06 6.0213e+06 6.02215e+06 6.02104e+06 6.01892e+06 6.019e+06
          6.01925e+06 6.01966e+06 6.02022e+06 6.02091e+06 6.0217e+06 6.02258e+06 6.02353e+06 6.02452e+06 6.02553e+06 6.02655e+06 6.02756e+06 6.02854e+06
          6.02949e+06 6.0304e+06 6.03125e+06 6.03205e+06 6.03279e+06 6.03346e+06 6.03408e+06 6.03463e+06 6.03511e+06 6.03554e+06 6.03591e+06 6.03623e+06
          6.0365e+06 6.03671e+06 6.03689e+06 6.03702e+06 6.03711e+06 6.03717e+06 6.0372e+06 6.03719e+06 6.03716e+06 6.0371e+06 6.03702e+06 6.03691e+06
          6.03679e+06 6.03665e+06 6.03649e+06 6.03631e+06 6.03613e+06 6.03593e+06 6.03571e+06 6.03549e+06 6.03526e+06 6.03502e+06 6.03477e+06 6.03451e+06
          6.03425e+06 6.03398e+06 6.03371e+06 6.03343e+06 6.03314e+06 6.03286e+06 6.03257e+06 6.03227e+06 6.03198e+06 6.03168e+06 6.03138e+06 6.03108e+06
          6.03078e+06 6.03048e+06 6.03017e+06 6.02987e+06 6.02956e+06 6.02926e+06 6.02896e+06 6.02865e+06 6.02835e+06 6.02804e+06 6.02774e+06 6.02744e+06
          6.02714e+06 6.02684e+06 6.02655e+06 6.02625e+06 6.02595e+06 6.02566e+06 6.02537e+06 6.02508e+06 6.02479e+06 6.0245e+06 6.02422e+06 6.02394e+06
          6.02366e+06 6.02338e+06 6.0231e+06 6.02282e+06 6.02255e+06 6.02228e+06 6.02201e+06 6.02174e+06 6.02148e+06 6.02122e+06 6.02096e+06 6.0207e+06
          6.02044e+06 6.02019e+06 6.01993e+06 6.01726e+06 6.01735e+06 6.01762e+06 6.01806e+06 6.01865e+06 6.01937e+06 6.02021e+06 6.02114e+06 6.02212e+06
          6.02315e+06 6.0242e+06 6.02525e+06 6.02629e+06 6.0273e+06 6.02827e+06 6.02919e+06 6.03006e+06 6.03087e+06 6.03162e+06 6.03231e+06 6.03293e+06
          6.03349e+06 6.03398e+06 6.03441e+06 6.03479e+06 6.03511e+06 6.03538e+06 6.0356e+06 6.03577e+06 6.0359e+06 6.036e+06 6.03606e+06 6.03608e+06
          6.03608e+06 6.03604e+06 6.03598e+06 6.0359e+06 6.0358e+06 6.03567e+06 6.03553e+06 6.03537e+06 6.0352e+06 6.03501e+06 6.03481e+06 6.0346e+06
          6.03438e+06 6.03414e+06 6.0339e+06 6.03365e+06 6.0334e+06 6.03313e+06 6.03287e+06 6.03259e+06 6.03231e+06 6.03203e+06 6.03174e+06 6.03145e+06
          6.03116e+06 6.03086e+06 6.03057e+06 6.03027e+06 6.02997e+06 6.02967e+06 6.02936e+06 6.02906e+06 6.02876e+06 6.02845e+06 6.02815e+06 6.02784e+06
          6.02754e+06 6.02724e+06 6.02693e+06 6.02663e+06 6.02633e+06 6.02603e+06 6.02573e+06 6.02543e+06 6.02514e+06 6.02484e+06 6.02455e+06 6.02426e+06
          6.02397e+06 6.02368e+06 6.02339e+06 6.02311e+06 6.02282e+06 6.02254e+06 6.02226e+06 6.02199e+06 6.02171e+06 6.02144e+06 6.02117e+06 6.0209e+06
          6.02063e+06 6.02037e+06 6.02011e+06 6.01985e+06 6.01959e+06 6.01933e+06 6.01908e+06 6.01883e+06 6.01524e+06 6.01535e+06 6.01564e+06 6.01613e+06
          6.01678e+06 6.01757e+06 6.01848e+06 6.01948e+06 6.02054e+06 6.02164e+06 6.02275e+06 6.02385e+06 6.02494e+06 6.02599e+06 6.02699e+06 6.02794e+06
          6.02884e+06 6.02967e+06 6.03044e+06 6.03114e+06 6.03177e+06 6.03234e+06 6.03284e+06 6.03328e+06 6.03366e+06 6.03399e+06 6.03426e+06 6.03448e+06
          6.03466e+06 6.03479e+06 6.03488e+06 6.03494e+06 6.03497e+06 6.03496e+06 6.03493e+06 6.03487e+06 6.03479e+06 6.03469e+06 6.03456e+06 6.03442e+06
          6.03426e+06 6.03409e+06 6.0339e+06 6.0337e+06 6.03349e+06 6.03326e+06 6.03303e+06 6.03279e+06 6.03254e+06 6.03228e+06 6.03202e+06 6.03175e+06
          6.03148e+06 6.0312e+06 6.03092e+06 6.03063e+06 6.03034e+06 6.03005e+06 6.02975e+06 6.02945e+06 6.02916e+06 6.02885e+06 6.02855e+06 6.02825e+06
          6.02795e+06 6.02764e+06 6.02734e+06 6.02703e+06 6.02673e+06 6.02643e+06 6.02612e+06 6.02582e+06 6.02552e+06 6.02522e+06 6.02492e+06 6.02462e+06
          6.02432e+06 6.02402e+06 6.02373e+06 6.02344e+06 6.02314e+06 6.02286e+06 6.02257e+06 6.02228e+06 6.022e+06 6.02171e+06 6.02143e+06 6.02115e+06
          6.02088e+06 6.0206e+06 6.02033e+06 6.02006e+06 6.01979e+06 6.01952e+06 6.01926e+06 6.019e+06 6.01874e+06 6.01848e+06 6.01822e+06 6.01797e+06
          6.01772e+06 6.01283e+06 6.01295e+06 6.01329e+06 6.01385e+06 6.01459e+06 6.01548e+06 6.0165e+06 6.01761e+06 6.01878e+06 6.01997e+06 6.02117e+06
          6.02236e+06 6.02351e+06 6.02461e+06 6.02567e+06 6.02666e+06 6.02759e+06 6.02845e+06 6.02924e+06 6.02996e+06 6.0306e+06 6.03118e+06 6.0317e+06
          6.03215e+06 6.03253e+06 6.03286e+06 6.03314e+06 6.03336e+06 6.03354e+06 6.03368e+06 6.03377e+06 6.03383e+06 6.03386e+06 6.03385e+06 6.03382e+06
          6.03376e+06 6.03368e+06 6.03357e+06 6.03345e+06 6.03331e+06 6.03315e+06 6.03297e+06 6.03279e+06 6.03259e+06 6.03237e+06 6.03215e+06 6.03192e+06
          6.03168e+06 6.03143e+06 6.03117e+06 6.03091e+06 6.03064e+06 6.03036e+06 6.03009e+06 6.0298e+06 6.02952e+06 6.02923e+06 6.02893e+06 6.02864e+06
          6.02834e+06 6.02804e+06 6.02774e+06 6.02744e+06 6.02714e+06 6.02683e+06 6.02653e+06 6.02622e+06 6.02592e+06 6.02562e+06 6.02531e+06 6.02501e+06
          6.02471e+06 6.02441e+06 6.0241e+06 6.0238e+06 6.02351e+06 6.02321e+06 6.02291e+06 6.02262e+06 6.02232e+06 6.02203e+06 6.02174e+06 6.02146e+06
          6.02117e+06 6.02088e+06 6.0206e+06 6.02032e+06 6.02004e+06 6.01976e+06 6.01949e+06 6.01922e+06 6.01895e+06 6.01868e+06 6.01841e+06 6.01815e+06
          6.01789e+06 6.01763e+06 6.01737e+06 6.01711e+06 6.01686e+06 6.01661e+06 6.00997e+06 6.01011e+06 6.01052e+06 6.01117e+06 6.01204e+06 6.01309e+06
          6.01426e+06 6.01552e+06 6.01683e+06 6.01816e+06 6.01948e+06 6.02077e+06 6.022e+06 6.02319e+06 6.0243e+06 6.02534e+06 6.02631e+06 6.02721e+06
          6.02802e+06 6.02876e+06 6.02943e+06 6.03003e+06 6.03055e+06 6.03101e+06 6.0314e+06 6.03174e+06 6.03202e+06 6.03225e+06 6.03243e+06 6.03256e+06
          6.03266e+06 6.03272e+06 6.03275e+06 6.03274e+06 6.03271e+06 6.03265e+06 6.03257e+06 6.03246e+06 6.03234e+06 6.0322e+06 6.03204e+06 6.03186e+06
          6.03167e+06 6.03147e+06 6.03126e+06 6.03104e+06 6.0308e+06 6.03056e+06 6.03031e+06 6.03006e+06 6.0298e+06 6.02953e+06 6.02925e+06 6.02897e+06
          6.02869e+06 6.0284e+06 6.02811e+06 6.02782e+06 6.02753e+06 6.02723e+06 6.02693e+06 6.02663e+06 6.02633e+06 6.02602e+06 6.02572e+06 6.02542e+06
          6.02511e+06 6.02481e+06 6.0245e+06 6.0242e+06 6.0239e+06 6.0236e+06 6.02329e+06 6.02299e+06 6.02269e+06 6.02239e+06 6.0221e+06 6.0218e+06
          6.02151e+06 6.02121e+06 6.02092e+06 6.02063e+06 6.02034e+06 6.02006e+06 6.01977e+06 6.01949e+06 6.01921e+06 6.01893e+06 6.01865e+06 6.01838e+06
          6.01811e+06 6.01784e+06 6.01757e+06 6.0173e+06 6.01704e+06 6.01678e+06 6.01652e+06 6.01626e+06 6.01601e+06 6.01575e+06 6.0155e+06 6.00658e+06
          6.00676e+06 6.00726e+06 6.00805e+06 6.0091e+06 6.01034e+06 6.01173e+06 6.01319e+06 6.0147e+06 6.0162e+06 6.01767e+06 6.01909e+06 6.02044e+06
          6.02171e+06 6.0229e+06 6.02401e+06 6.02502e+06 6.02596e+06 6.02681e+06 6.02757e+06 6.02826e+06 6.02887e+06 6.02941e+06 6.02988e+06 6.03028e+06
          6.03062e+06 6.0309e+06 6.03113e+06 6.03132e+06 6.03145e+06 6.03155e+06 6.03161e+06 6.03164e+06 6.03163e+06 6.0316e+06 6.03154e+06 6.03146e+06
          6.03135e+06 6.03123e+06 6.03108e+06 6.03092e+06 6.03075e+06 6.03056e+06 6.03036e+06 6.03015e+06 6.02992e+06 6.02969e+06 6.02945e+06 6.0292e+06
          6.02895e+06 6.02868e+06 6.02841e+06 6.02814e+06 6.02786e+06 6.02758e+06 6.02729e+06 6.027e+06 6.02671e+06 6.02641e+06 6.02612e+06 6.02582e+06
          6.02552e+06 6.02521e+06 6.02491e+06 6.02461e+06 6.0243e+06 6.024e+06 6.0237e+06 6.02339e+06 6.02309e+06 6.02279e+06 6.02248e+06 6.02218e+06
          6.02188e+06 6.02158e+06 6.02128e+06 6.02099e+06 6.02069e+06 6.0204e+06 6.0201e+06 6.01981e+06 6.01952e+06 6.01923e+06 6.01895e+06 6.01866e+06
          6.01838e+06 6.0181e+06 6.01782e+06 6.01754e+06 6.01727e+06 6.017e+06 6.01673e+06 6.01646e+06 6.01619e+06 6.01593e+06 6.01567e+06 6.01541e+06
          6.01515e+06 6.0149e+06 6.01465e+06 6.0144e+06 6.00256e+06 6.00278e+06 6.00341e+06 6.00441e+06 6.00571e+06 6.00722e+06 6.00888e+06 6.01062e+06
          6.01237e+06 6.01409e+06 6.01575e+06 6.01733e+06 6.01881e+06 6.0202e+06 6.02148e+06 6.02265e+06 6.02373e+06 6.0247e+06 6.02559e+06 6.02638e+06
          6.02709e+06 6.02772e+06 6.02827e+06 6.02875e+06 6.02916e+06 6.0295e+06 6.02979e+06 6.03002e+06 6.03021e+06 6.03035e+06 6.03044e+06 6.0305e+06
          6.03053e+06 6.03052e+06 6.03049e+06 6.03043e+06 6.03035e+06 6.03024e+06 6.03012e+06 6.02997e+06 6.02981e+06 6.02964e+06 6.02945e+06 6.02925e+06
          6.02904e+06 6.02881e+06 6.02858e+06 6.02834e+06 6.02809e+06 6.02783e+06 6.02757e+06 6.0273e+06 6.02703e+06 6.02675e+06 6.02646e+06 6.02618e+06
          6.02589e+06 6.0256e+06 6.0253e+06 6.025e+06 6.0247e+06 6.0244e+06 6.0241e+06 6.0238e+06 6.0235e+06 6.02319e+06 6.02289e+06 6.02258e+06
          6.02228e+06 6.02198e+06 6.02167e+06 6.02137e+06 6.02107e+06 6.02077e+06 6.02047e+06 6.02017e+06 6.01987e+06 6.01958e+06 6.01928e+06 6.01899e+06
          6.0187e+06 6.01841e+06 6.01812e+06 6.01784e+06 6.01755e+06 6.01727e+06 6.01699e+06 6.01671e+06 6.01643e+06 6.01616e+06 6.01589e+06 6.01562e+06
          6.01535e+06 6.01508e+06 6.01482e+06 6.01456e+06 6.0143e+06 6.01404e+06 6.01379e+06 6.01354e+06 6.01329e+06 5.99773e+06 5.99802e+06 5.99885e+06
          6.00014e+06 6.00179e+06 6.00368e+06 6.00571e+06 6.00778e+06 6.00984e+06 6.01184e+06 6.01373e+06 6.0155e+06 6.01714e+06 6.01865e+06 6.02004e+06
          6.02129e+06 6.02243e+06 6.02346e+06 6.02438e+06 6.0252e+06 6.02593e+06 6.02657e+06 6.02714e+06 6.02762e+06 6.02804e+06 6.02839e+06 6.02868e+06
          6.02891e+06 6.0291e+06 6.02924e+06 6.02934e+06 6.0294e+06 6.02942e+06 6.02942e+06 6.02938e+06 6.02932e+06 6.02924e+06 6.02913e+06 6.02901e+06
          6.02886e+06 6.0287e+06 6.02853e+06 6.02834e+06 6.02814e+06 6.02792e+06 6.0277e+06 6.02747e+06 6.02723e+06 6.02698e+06 6.02672e+06 6.02646e+06
          6.02619e+06 6.02591e+06 6.02564e+06 6.02535e+06 6.02507e+06 6.02478e+06 6.02448e+06 6.02419e+06 6.02389e+06 6.02359e+06 6.02329e+06 6.02299e+06
          6.02269e+06 6.02238e+06 6.02208e+06 6.02178e+06 6.02147e+06 6.02117e+06 6.02087e+06 6.02056e+06 6.02026e+06 6.01996e+06 6.01966e+06 6.01936e+06
          6.01906e+06 6.01876e+06 6.01847e+06 6.01817e+06 6.01788e+06 6.01759e+06 6.0173e+06 6.01701e+06 6.01672e+06 6.01644e+06 6.01616e+06 6.01588e+06
          6.0156e+06 6.01532e+06 6.01505e+06 6.01478e+06 6.01451e+06 6.01424e+06 6.01397e+06 6.01371e+06 6.01345e+06 6.01319e+06 6.01294e+06 6.01268e+06
          6.01243e+06 6.01218e+06 5.99186e+06 5.99226e+06 5.99339e+06 5.99511e+06 5.99726e+06 5.99966e+06 6.00218e+06 6.0047e+06 6.00714e+06 6.00945e+06
          6.01162e+06 6.01361e+06 6.01544e+06 6.0171e+06 6.01859e+06 6.01994e+06 6.02114e+06 6.02222e+06 6.02318e+06 6.02403e+06 6.02478e+06 6.02544e+06
          6.02601e+06 6.02651e+06 6.02693e+06 6.02728e+06 6.02757e+06 6.02781e+06 6.028e+06 6.02814e+06 6.02823e+06 6.02829e+06 6.02832e+06 6.02831e+06
          6.02827e+06 6.02821e+06 6.02813e+06 6.02802e+06 6.0279e+06 6.02775e+06 6.02759e+06 6.02742e+06 6.02723e+06 6.02703e+06 6.02681e+06 6.02659e+06
          6.02636e+06 6.02612e+06 6.02587e+06 6.02561e+06 6.02535e+06 6.02508e+06 6.0248e+06 6.02452e+06 6.02424e+06 6.02395e+06 6.02366e+06 6.02337e+06
          6.02308e+06 6.02278e+06 6.02248e+06 6.02218e+06 6.02188e+06 6.02158e+06 6.02127e+06 6.02097e+06 6.02066e+06 6.02036e+06 6.02006e+06 6.01975e+06
          6.01945e+06 6.01915e+06 6.01885e+06 6.01855e+06 6.01825e+06 6.01795e+06 6.01765e+06 6.01736e+06 6.01706e+06 6.01677e+06 6.01648e+06 6.01619e+06
          6.0159e+06 6.01561e+06 6.01533e+06 6.01505e+06 6.01477e+06 6.01449e+06 6.01421e+06 6.01394e+06 6.01367e+06 6.0134e+06 6.01313e+06 6.01286e+06
          6.0126e+06 6.01234e+06 6.01208e+06 6.01183e+06 6.01157e+06 6.01132e+06 6.01107e+06 5.98454e+06 5.98512e+06 5.98673e+06 5.98912e+06 5.99201e+06
          5.99513e+06 5.99829e+06 6.00136e+06 6.00427e+06 6.00697e+06 6.00945e+06 6.0117e+06 6.01372e+06 6.01554e+06 6.01716e+06 6.0186e+06 6.01987e+06
          6.021e+06 6.022e+06 6.02288e+06 6.02365e+06 6.02432e+06 6.0249e+06 6.0254e+06 6.02583e+06 6.02618e+06 6.02648e+06 6.02671e+06 6.0269e+06
          6.02704e+06 6.02713e+06 6.02719e+06 6.02721e+06 6.0272e+06 6.02717e+06 6.02711e+06 6.02702e+06 6.02691e+06 6.02679e+06 6.02664e+06 6.02648e+06
          6.02631e+06 6.02612e+06 6.02592e+06 6.0257e+06 6.02548e+06 6.02525e+06 6.025e+06 6.02475e+06 6.0245e+06 6.02423e+06 6.02396e+06 6.02369e+06
          6.02341e+06 6.02313e+06 6.02284e+06 6.02255e+06 6.02226e+06 6.02196e+06 6.02167e+06 6.02137e+06 6.02107e+06 6.02077e+06 6.02046e+06 6.02016e+06
          6.01986e+06 6.01955e+06 6.01925e+06 6.01895e+06 6.01864e+06 6.01834e+06 6.01804e+06 6.01774e+06 6.01744e+06 6.01714e+06 6.01684e+06 6.01654e+06
          6.01625e+06 6.01595e+06 6.01566e+06 6.01537e+06 6.01508e+06 6.01479e+06 6.0145e+06 6.01422e+06 6.01394e+06 6.01366e+06 6.01338e+06 6.0131e+06
          6.01283e+06 6.01256e+06 6.01229e+06 6.01202e+06 6.01176e+06 6.01149e+06 6.01123e+06 6.01097e+06 6.01072e+06 6.01047e+06 6.01022e+06 6.00997e+06
          5.97512e+06 5.97602e+06 5.97844e+06 5.98191e+06 5.98591e+06 5.99003e+06 5.99404e+06 5.99781e+06 6.00127e+06 6.00442e+06 6.00724e+06 6.00977e+06
          6.01201e+06 6.014e+06 6.01575e+06 6.01728e+06 6.01863e+06 6.01982e+06 6.02085e+06 6.02176e+06 6.02254e+06 6.02322e+06 6.02381e+06 6.02431e+06
          6.02474e+06 6.02509e+06 6.02538e+06 6.02562e+06 6.0258e+06 6.02594e+06 6.02603e+06 6.02609e+06 6.02611e+06 6.0261e+06 6.02606e+06 6.026e+06
          6.02591e+06 6.02581e+06 6.02568e+06 6.02553e+06 6.02537e+06 6.0252e+06 6.02501e+06 6.0248e+06 6.02459e+06 6.02437e+06 6.02413e+06 6.02389e+06
          6.02364e+06 6.02339e+06 6.02312e+06 6.02285e+06 6.02258e+06 6.0223e+06 6.02202e+06 6.02173e+06 6.02144e+06 6.02115e+06 6.02085e+06 6.02056e+06
          6.02026e+06 6.01996e+06 6.01966e+06 6.01935e+06 6.01905e+06 6.01875e+06 6.01844e+06 6.01814e+06 6.01784e+06 6.01753e+06 6.01723e+06 6.01693e+06
          6.01663e+06 6.01633e+06 6.01603e+06 6.01573e+06 6.01543e+06 6.01514e+06 6.01484e+06 6.01455e+06 6.01426e+06 6.01397e+06 6.01368e+06 6.01339e+06
          6.01311e+06 6.01283e+06 6.01255e+06 6.01227e+06 6.01199e+06 6.01172e+06 6.01145e+06 6.01118e+06 6.01091e+06 6.01065e+06 6.01038e+06 6.01012e+06
          6.00987e+06 6.00961e+06 6.00936e+06 6.00911e+06 6.00886e+06 5.96237e+06 5.96388e+06 5.96782e+06 5.97313e+06 5.97884e+06 5.98437e+06 5.98948e+06
          5.99409e+06 5.9982e+06 6.00184e+06 6.00506e+06 6.00788e+06 6.01035e+06 6.0125e+06 6.01438e+06 6.01602e+06 6.01743e+06 6.01867e+06 6.01974e+06
          6.02066e+06 6.02146e+06 6.02215e+06 6.02274e+06 6.02324e+06 6.02366e+06 6.02401e+06 6.0243e+06 6.02453e+06 6.02471e+06 6.02484e+06 6.02493e+06
          6.02499e+06 6.02501e+06 6.025e+06 6.02496e+06 6.02489e+06 6.02481e+06 6.0247e+06 6.02457e+06 6.02442e+06 6.02426e+06 6.02409e+06 6.0239e+06
          6.02369e+06 6.02348e+06 6.02326e+06 6.02302e+06 6.02278e+06 6.02253e+06 6.02227e+06 6.02201e+06 6.02174e+06 6.02147e+06 6.02119e+06 6.02091e+06
          6.02062e+06 6.02033e+06 6.02004e+06 6.01974e+06 6.01944e+06 6.01915e+06 6.01885e+06 6.01854e+06 6.01824e+06 6.01794e+06 6.01764e+06 6.01733e+06
          6.01703e+06 6.01672e+06 6.01642e+06 6.01612e+06 6.01582e+06 6.01552e+06 6.01522e+06 6.01492e+06 6.01462e+06 6.01432e+06 6.01402e+06 6.01373e+06
          6.01344e+06 6.01315e+06 6.01286e+06 6.01257e+06 6.01228e+06 6.012e+06 6.01172e+06 6.01144e+06 6.01116e+06 6.01088e+06 6.01061e+06 6.01034e+06
          6.01007e+06 6.0098e+06 6.00954e+06 6.00928e+06 6.00902e+06 6.00876e+06 6.0085e+06 6.00825e+06 6.008e+06 6.00775e+06 5.94382e+06 5.94671e+06
          5.95381e+06 5.96242e+06 5.97076e+06 5.97821e+06 5.98469e+06 5.9903e+06 5.99514e+06 5.99932e+06 6.00293e+06 6.00605e+06 6.00875e+06 6.01108e+06
          6.01308e+06 6.0148e+06 6.01629e+06 6.01756e+06 6.01866e+06 6.0196e+06 6.02041e+06 6.0211e+06 6.02168e+06 6.02218e+06 6.0226e+06 6.02294e+06
          6.02322e+06 6.02345e+06 6.02362e+06 6.02375e+06 6.02384e+06 6.02389e+06 6.02391e+06 6.02389e+06 6.02385e+06 6.02379e+06 6.0237e+06 6.02359e+06
          6.02346e+06 6.02332e+06 6.02315e+06 6.02298e+06 6.02279e+06 6.02258e+06 6.02237e+06 6.02215e+06 6.02191e+06 6.02167e+06 6.02142e+06 6.02116e+06
          6.0209e+06 6.02063e+06 6.02036e+06 6.02008e+06 6.0198e+06 6.01951e+06 6.01922e+06 6.01893e+06 6.01863e+06 6.01833e+06 6.01804e+06 6.01774e+06
          6.01743e+06 6.01713e+06 6.01683e+06 6.01652e+06 6.01622e+06 6.01592e+06 6.01561e+06 6.01531e+06 6.01501e+06 6.01471e+06 6.0144e+06 6.0141e+06
          6.0138e+06 6.01351e+06 6.01321e+06 6.01291e+06 6.01262e+06 6.01233e+06 6.01204e+06 6.01175e+06 6.01146e+06 6.01117e+06 6.01089e+06 6.01061e+06
          6.01033e+06 6.01005e+06 6.00978e+06 6.0095e+06 6.00923e+06 6.00896e+06 6.00869e+06 6.00843e+06 6.00817e+06 6.00791e+06 6.00765e+06 6.00739e+06
          6.00714e+06 6.00689e+06 6.00664e+06 5.91336e+06 5.9202e+06 5.93497e+06 5.94969e+06 5.96184e+06 5.97174e+06 5.97986e+06 5.98657e+06 5.99218e+06
          5.99692e+06 6.00093e+06 6.00435e+06 6.00726e+06 6.00975e+06 6.01186e+06 6.01367e+06 6.01521e+06 6.01652e+06 6.01763e+06 6.01858e+06 6.01939e+06
          6.02008e+06 6.02065e+06 6.02114e+06 6.02155e+06 6.02188e+06 6.02215e+06 6.02237e+06 6.02254e+06 6.02266e+06 6.02274e+06 6.02279e+06 6.02281e+06
          6.02279e+06 6.02275e+06 6.02268e+06 6.02259e+06 6.02248e+06 6.02235e+06 6.02221e+06 6.02204e+06 6.02187e+06 6.02168e+06 6.02147e+06 6.02126e+06
          6.02104e+06 6.0208e+06 6.02056e+06 6.02031e+06 6.02005e+06 6.01979e+06 6.01952e+06 6.01925e+06 6.01897e+06 6.01868e+06 6.0184e+06 6.01811e+06
          6.01782e+06 6.01752e+06 6.01722e+06 6.01692e+06 6.01662e+06 6.01632e+06 6.01602e+06 6.01572e+06 6.01541e+06 6.01511e+06 6.01481e+06 6.0145e+06
          6.0142e+06 6.0139e+06 6.0136e+06 6.01329e+06 6.01299e+06 6.0127e+06 6.0124e+06 6.0121e+06 6.0118e+06 6.01151e+06 6.01122e+06 6.01093e+06
          6.01064e+06 6.01035e+06 6.01006e+06 6.00978e+06 6.0095e+06 6.00922e+06 6.00894e+06 6.00867e+06 6.00839e+06 6.00812e+06 6.00785e+06 6.00758e+06
          6.00732e+06 6.00706e+06 6.0068e+06 6.00654e+06 6.00629e+06 6.00603e+06 6.00578e+06 6.00554e+06 5.85032e+06 5.87368e+06 5.91163e+06 5.93556e+06
          5.95258e+06 5.96533e+06 5.97521e+06 5.98308e+06 5.98946e+06 5.99473e+06 5.99912e+06 6.00281e+06 6.00592e+06 6.00854e+06 6.01076e+06 6.01263e+06
          6.01421e+06 6.01554e+06 6.01666e+06 6.01761e+06 6.01841e+06 6.01908e+06 6.01965e+06 6.02012e+06 6.02051e+06 6.02083e+06 6.02109e+06 6.0213e+06
          6.02146e+06 6.02157e+06 6.02165e+06 6.02169e+06 6.0217e+06 6.02169e+06 6.02164e+06 6.02158e+06 6.02148e+06 6.02137e+06 6.02124e+06 6.0211e+06
          6.02093e+06 6.02076e+06 6.02057e+06 6.02036e+06 6.02015e+06 6.01992e+06 6.01969e+06 6.01945e+06 6.0192e+06 6.01894e+06 6.01868e+06 6.01841e+06
          6.01814e+06 6.01786e+06 6.01757e+06 6.01729e+06 6.017e+06 6.0167e+06 6.01641e+06 6.01611e+06 6.01581e+06 6.01551e+06 6.01521e+06 6.01491e+06
          6.01461e+06 6.0143e+06 6.014e+06 6.0137e+06 6.01339e+06 6.01309e+06 6.01279e+06 6.01249e+06 6.01218e+06 6.01188e+06 6.01159e+06 6.01129e+06
          6.01099e+06 6.0107e+06 6.0104e+06 6.01011e+06 6.00982e+06 6.00953e+06 6.00924e+06 6.00896e+06 6.00867e+06 6.00839e+06 6.00811e+06 6.00783e+06
          6.00756e+06 6.00728e+06 6.00701e+06 6.00674e+06 6.00648e+06 6.00621e+06 6.00595e+06 6.00569e+06 6.00543e+06 6.00518e+06 6.00493e+06 6.00468e+06
          6.00443e+06 5.53548e+06 5.82269e+06 5.88706e+06 5.92164e+06 5.94384e+06 5.95946e+06 5.97107e+06 5.98002e+06 5.98711e+06 5.99286e+06 5.99758e+06
          6.00149e+06 6.00476e+06 6.00749e+06 6.00978e+06 6.01169e+06 6.01329e+06 6.01463e+06 6.01575e+06 6.01669e+06 6.01747e+06 6.01812e+06 6.01866e+06
          6.01911e+06 6.01948e+06 6.01979e+06 6.02003e+06 6.02023e+06 6.02038e+06 6.02048e+06 6.02056e+06 6.0206e+06 6.0206e+06 6.02058e+06 6.02054e+06
          6.02047e+06 6.02038e+06 6.02027e+06 6.02014e+06 6.01999e+06 6.01982e+06 6.01965e+06 6.01946e+06 6.01925e+06 6.01904e+06 6.01881e+06 6.01858e+06
          6.01834e+06 6.01809e+06 6.01783e+06 6.01757e+06 6.0173e+06 6.01702e+06 6.01675e+06 6.01646e+06 6.01618e+06 6.01589e+06 6.01559e+06 6.0153e+06
          6.015e+06 6.0147e+06 6.0144e+06 6.0141e+06 6.0138e+06 6.0135e+06 6.01319e+06 6.01289e+06 6.01259e+06 6.01228e+06 6.01198e+06 6.01168e+06
          6.01138e+06 6.01108e+06 6.01078e+06 6.01048e+06 6.01018e+06 6.00988e+06 6.00959e+06 6.00929e+06 6.009e+06 6.00871e+06 6.00842e+06 6.00813e+06
          6.00785e+06 6.00756e+06 6.00728e+06 6.007e+06 6.00672e+06 6.00645e+06 6.00618e+06 6.0059e+06 6.00564e+06 6.00537e+06 6.0051e+06 6.00484e+06
          6.00458e+06 6.00433e+06 6.00407e+06 6.00382e+06 6.00357e+06 6.00332e+06 5.47378e+06 5.77932e+06 5.8666e+06 5.91e+06 5.93664e+06 5.95471e+06
          5.96776e+06 5.9776e+06 5.98526e+06 5.99138e+06 5.99635e+06 6.00043e+06 6.00381e+06 6.00661e+06 6.00894e+06 6.01087e+06 6.01248e+06 6.01381e+06
          6.01491e+06 6.01582e+06 6.01657e+06 6.01719e+06 6.0177e+06 6.01812e+06 6.01846e+06 6.01875e+06 6.01897e+06 6.01915e+06 6.01929e+06 6.01939e+06
          6.01946e+06 6.0195e+06 6.0195e+06 6.01948e+06 6.01943e+06 6.01936e+06 6.01927e+06 6.01916e+06 6.01903e+06 6.01888e+06 6.01871e+06 6.01854e+06
          6.01835e+06 6.01814e+06 6.01793e+06 6.0177e+06 6.01747e+06 6.01723e+06 6.01698e+06 6.01672e+06 6.01646e+06 6.01619e+06 6.01591e+06 6.01564e+06
          6.01535e+06 6.01507e+06 6.01478e+06 6.01448e+06 6.01419e+06 6.01389e+06 6.01359e+06 6.01329e+06 6.01299e+06 6.01269e+06 6.01239e+06 6.01208e+06
          6.01178e+06 6.01148e+06 6.01117e+06 6.01087e+06 6.01057e+06 6.01027e+06 6.00997e+06 6.00967e+06 6.00937e+06 6.00907e+06 6.00877e+06 6.00848e+06
          6.00818e+06 6.00789e+06 6.0076e+06 6.00731e+06 6.00702e+06 6.00674e+06 6.00645e+06 6.00617e+06 6.00589e+06 6.00562e+06 6.00534e+06 6.00507e+06
          6.0048e+06 6.00453e+06 6.00426e+06 6.004e+06 6.00373e+06 6.00347e+06 6.00322e+06 6.00296e+06 6.00271e+06 6.00246e+06 6.00222e+06 5.45027e+06
          5.75947e+06 5.85381e+06 5.90236e+06 5.93187e+06 5.95157e+06 5.96558e+06 5.976e+06 5.98402e+06 5.99037e+06 5.99549e+06 5.99966e+06 6.0031e+06
          6.00592e+06 6.00826e+06 6.01018e+06 6.01177e+06 6.01307e+06 6.01413e+06 6.015e+06 6.01571e+06 6.01629e+06 6.01676e+06 6.01714e+06 6.01745e+06
          6.01771e+06 6.01791e+06 6.01808e+06 6.01821e+06 6.0183e+06 6.01836e+06 6.01839e+06 6.01839e+06 6.01837e+06 6.01832e+06 6.01825e+06 6.01816e+06
          6.01805e+06 6.01792e+06 6.01777e+06 6.0176e+06 6.01743e+06 6.01724e+06 6.01703e+06 6.01682e+06 6.01659e+06 6.01636e+06 6.01612e+06 6.01587e+06
          6.01561e+06 6.01535e+06 6.01508e+06 6.0148e+06 6.01452e+06 6.01424e+06 6.01396e+06 6.01367e+06 6.01337e+06 6.01308e+06 6.01278e+06 6.01248e+06
          6.01218e+06 6.01188e+06 6.01158e+06 6.01128e+06 6.01097e+06 6.01067e+06 6.01037e+06 6.01006e+06 6.00976e+06 6.00946e+06 6.00916e+06 6.00886e+06
          6.00856e+06 6.00826e+06 6.00796e+06 6.00766e+06 6.00737e+06 6.00707e+06 6.00678e+06 6.00649e+06 6.0062e+06 6.00592e+06 6.00563e+06 6.00535e+06
          6.00506e+06 6.00478e+06 6.00451e+06 6.00423e+06 6.00396e+06 6.00369e+06 6.00342e+06 6.00315e+06 6.00289e+06 6.00263e+06 6.00237e+06 6.00211e+06
          6.00186e+06 6.0016e+06 6.00135e+06 6.00111e+06 5.44363e+06 5.75356e+06 5.84958e+06 5.89964e+06 5.93012e+06 5.95038e+06 5.96471e+06 5.97533e+06
          5.98347e+06 5.98989e+06 5.99503e+06 5.99922e+06 6.00264e+06 6.00545e+06 6.00775e+06 6.00963e+06 6.01117e+06 6.01242e+06 6.01342e+06 6.01423e+06
          6.01488e+06 6.0154e+06 6.01582e+06 6.01616e+06 6.01644e+06 6.01666e+06 6.01685e+06 6.017e+06 6.01711e+06 6.0172e+06 6.01726e+06 6.01728e+06
          6.01729e+06 6.01726e+06 6.01721e+06 6.01714e+06 6.01705e+06 6.01694e+06 6.0168e+06 6.01666e+06 6.01649e+06 6.01632e+06 6.01612e+06 6.01592e+06
          6.01571e+06 6.01548e+06 6.01525e+06 6.01501e+06 6.01476e+06 6.0145e+06 6.01424e+06 6.01397e+06 6.01369e+06 6.01341e+06 6.01313e+06 6.01285e+06
          6.01256e+06 6.01226e+06 6.01197e+06 6.01167e+06 6.01137e+06 6.01107e+06 6.01077e+06 6.01047e+06 6.01017e+06 6.00986e+06 6.00956e+06 6.00926e+06
          6.00896e+06 6.00865e+06 6.00835e+06 6.00805e+06 6.00775e+06 6.00745e+06 6.00715e+06 6.00685e+06 6.00655e+06 6.00626e+06 6.00596e+06 6.00567e+06
          6.00538e+06 6.00509e+06 6.00481e+06 6.00452e+06 6.00424e+06 6.00396e+06 6.00368e+06 6.0034e+06 6.00312e+06 6.00285e+06 6.00258e+06 6.00231e+06
          6.00204e+06 6.00178e+06 6.00152e+06 6.00126e+06 6.001e+06 6.00075e+06 6.0005e+06 6.00025e+06 6e+06
        </DataArray>
        <DataArray type="Float32" Name="rho" NumberOfComponents="1" format="ascii">
          29.3066 27.9481 26.553 25.6941 27.7283 25.8612 27.8258 26.2864 28.1569 26.8627 28.6623 27.5546
          29.2979 28.3383 30.028 29.1909 30.8207 30.089 31.6468 31.0085 32.4789 31.9255 33.2919 32.8166
          34.0636 33.6604 34.7753 34.4386 35.413 35.137 35.9678 35.7462 36.4362 36.2621 36.8195 36.6858
          37.1234 37.0231 37.3566 37.283 37.5298 37.4767 37.6541 37.6162 37.7404 37.7134 37.7983 37.7787
          37.8358 37.8211 37.8595 37.8479 37.8739 37.8642 37.8826 37.8739 37.8876 37.8795 37.8905 37.8828
          37.8921 37.8845 37.893 37.8855 37.8934 37.8859 37.8935 37.886 37.8933 37.8858 37.8929 37.8854
          37.8924 37.8849 37.8917 37.8842 37.8908 37.8834 37.8899 37.8824 37.8888 37.8814 37.8877 37.8802
          37.8864 37.879 37.8851 37.8776 37.8837 37.8762 37.8822 37.8747 37.8806 37.8732 37.879 37.8715
          37.8773 37.8699 37.8756 37.8682 37.8739 37.8664 37.8721 37.8646 37.8702 37.8628 37.8684 37.8609
          37.8665 37.859 37.8646 37.8571 37.8626 37.8552 37.8606 37.8532 37.8587 37.8512 37.8567 37.8492
          37.8547 37.8472 37.8527 37.8452 37.8506 37.8432 37.8486 37.8412 37.8466 37.8391 37.8446 37.8371
          37.8425 37.8351 37.8405 37.833 37.8384 37.831 37.8364 37.829 37.8344 37.8269 37.8324 37.8249
          37.8303 37.8229 37.8283 37.8209 37.8263 37.8189 37.8243 37.8169 37.8223 37.8149 37.8203 37.8129
          37.8184 37.8109 37.8164 37.809 37.8145 37.807 37.8125 37.8051 37.8106 37.8032 37.8087 37.8012
          37.8068 37.7993 37.8049 37.7974 37.803 37.7956 37.8011 37.7937 37.7993 37.7918 37.7974 37.79
          37.7956 37.7882 37.7938 37.7864 37.792 37.7846 37.7902 37.7828 37.7884 37.781 37.7867 37.7792
          37.7849 37.7775 37.7832 37.7758 37.7815 37.7741 37.7798 37.7723 37.778 37.7706 24.099 23.2558
          23.2819 23.7411 24.4395 25.2892 26.2431 27.2694 28.3416 29.4347 30.5242 31.586 32.5969 33.5365
          34.3876 35.1379 35.7807 36.315 36.7454 37.0808 37.3336 37.5176 37.6468 37.7343 37.7915 37.8276
          37.8496 37.8627 37.8701 37.8744 37.8767 37.8778 37.8784 37.8785 37.8784 37.878 37.8775 37.8768
          37.8759 37.875 37.8739 37.8728 37.8715 37.8702 37.8688 37.8673 37.8657 37.8641 37.8624 37.8607
          37.859 37.8572 37.8553 37.8535 37.8516 37.8497 37.8477 37.8458 37.8438 37.8418 37.8398 37.8378
          37.8358 37.8337 37.8317 37.8297 37.8276 37.8256 37.8236 37.8215 37.8195 37.8175 37.8155 37.8134
          37.8114 37.8094 37.8074 37.8055 37.8035 37.8015 37.7996 37.7976 37.7957 37.7938 37.7919 37.79
          37.7881 37.7863 37.7844 37.7826 37.7807 37.7789 37.7771 37.7753 37.7736 37.7718 37.7701 37.7683
          37.7666 37.7649 37.7632 21.597 20.8315 20.7623 21.1703 21.8715 22.7681 23.8031 24.9379 26.1415
          27.3857 28.6433 29.8871 31.0904 32.2276 33.2761 34.2172 35.0384 35.7335 36.3033 36.7552 37.1011
          37.3566 37.5385 37.6631 37.7454 37.7976 37.8296 37.8484 37.8592 37.8652 37.8684 37.87 37.8708
          37.871 37.8709 37.8705 37.87 37.8693 37.8685 37.8675 37.8665 37.8653 37.8641 37.8627 37.8613
          37.8598 37.8583 37.8566 37.855 37.8533 37.8515 37.8497 37.8479 37.846 37.8441 37.8422 37.8403
          37.8383 37.8363 37.8343 37.8323 37.8303 37.8283 37.8263 37.8243 37.8222 37.8202 37.8181 37.8161
          37.8141 37.8121 37.81 37.808 37.806 37.804 37.802 37.8 37.798 37.7961 37.7941 37.7921
          37.7902 37.7883 37.7864 37.7845 37.7826 37.7807 37.7788 37.777 37.7751 37.7733 37.7715 37.7697
          37.7679 37.7661 37.7644 37.7626 37.7609 37.7592 37.7575 37.7558 19.133 18.4634 18.3542 18.714
          19.3877 20.2843 21.3471 22.5366 23.8206 25.1703 26.558 27.9553 29.3333 30.6624 31.9138 33.0617
          34.0854 34.9707 35.7119 36.3115 36.7793 37.131 37.3854 37.5623 37.6804 37.7562 37.8029 37.8306
          37.8464 37.8551 37.8597 37.862 37.8631 37.8635 37.8634 37.8631 37.8626 37.8619 37.861 37.8601
          37.859 37.8579 37.8566 37.8553 37.8539 37.8524 37.8508 37.8492 37.8475 37.8458 37.8441 37.8423
          37.8404 37.8386 37.8367 37.8348 37.8328 37.8309 37.8289 37.8269 37.8249 37.8229 37.8209 37.8188
          37.8168 37.8148 37.8127 37.8107 37.8087 37.8066 37.8046 37.8026 37.8006 37.7986 37.7966 37.7946
          37.7926 37.7906 37.7886 37.7867 37.7847 37.7828 37.7808 37.7789 37.777 37.7751 37.7733 37.7714
          37.7695 37.7677 37.7659 37.7641 37.7623 37.7605 37.7587 37.757 37.7552 37.7535 37.7518 37.7501
          37.7484 16.7885 16.2104 16.0913 16.4127 17.0508 17.9269 18.99 20.2021 21.5318 22.9502 24.4303
          25.9446 27.4643 28.9586 30.3953 31.7424 32.9709 34.0576 34.9879 35.7568 36.3693 36.8386 37.1842
          37.4284 37.5939 37.7014 37.7683 37.8083 37.8311 37.8437 37.8504 37.8537 37.8553 37.8559 37.8559
          37.8556 37.8551 37.8544 37.8536 37.8527 37.8516 37.8504 37.8492 37.8478 37.8464 37.8449 37.8434
          37.8418 37.8401 37.8384 37.8366 37.8348 37.833 37.8311 37.8292 37.8273 37.8254 37.8234 37.8214
          37.8195 37.8175 37.8154 37.8134 37.8114 37.8094 37.8073 37.8053 37.8033 37.8012 37.7992 37.7972
          37.7952 37.7931 37.7911 37.7891 37.7871 37.7851 37.7832 37.7812 37.7792 37.7773 37.7753 37.7734
          37.7715 37.7696 37.7677 37.7658 37.764 37.7621 37.7603 37.7584 37.7566 37.7548 37.7531 37.7513
          37.7495 37.7478 37.7461 37.7444 37.7427 37.741 14.631 14.1325 14.0167 14.3043 14.8999 15.7404
          16.7832 17.9946 19.3445 20.8044 22.3471 23.9461 25.574 27.2012 28.795 30.3199 31.7409 33.0261
          34.151 35.1013 35.8744 36.4789 36.9325 37.2587 37.4832 37.6312 37.7244 37.7806 37.813 37.8309
          37.8403 37.8451 37.8473 37.8482 37.8484 37.8482 37.8477 37.847 37.8462 37.8452 37.8442 37.843
          37.8417 37.8404 37.839 37.8375 37.8359 37.8343 37.8326 37.8309 37.8292 37.8274 37.8255 37.8237
          37.8218 37.8199 37.8179 37.816 37.814 37.812 37.81 37.808 37.806 37.804 37.8019 37.7999
          37.7979 37.7958 37.7938 37.7918 37.7897 37.7877 37.7857 37.7837 37.7817 37.7797 37.7777 37.7757
          37.7738 37.7718 37.7698 37.7679 37.766 37.7641 37.7622 37.7603 37.7584 37.7565 37.7547 37.7528
          37.751 37.7492 37.7474 37.7456 37.7439 37.7421 37.7404 37.7387 37.737 37.7353 37.7336 12.7098
          12.2788 12.1705 12.425 12.9707 13.7605 14.7628 15.9508 17.2976 18.7753 20.3559 22.0129 23.7198
          25.449 27.1691 28.8448 30.4371 31.9076 33.2227 34.358 35.3012 36.0539 36.6297 37.0513 37.3464
          37.5437 37.6698 37.7466 37.7913 37.8161 37.8293 37.836 37.8392 37.8405 37.8408 37.8407 37.8402
          37.8396 37.8387 37.8378 37.8367 37.8356 37.8343 37.833 37.8315 37.83 37.8285 37.8269 37.8252
          37.8235 37.8217 37.8199 37.8181 37.8162 37.8143 37.8124 37.8105 37.8085 37.8066 37.8046 37.8026
          37.8006 37.7985 37.7965 37.7945 37.7925 37.7904 37.7884 37.7864 37.7843 37.7823 37.7803 37.7783
          37.7763 37.7743 37.7723 37.7703 37.7683 37.7663 37.7644 37.7624 37.7605 37.7585 37.7566 37.7547
          37.7528 37.751 37.7491 37.7473 37.7454 37.7436 37.7418 37.74 37.7382 37.7365 37.7347 37.733
          37.7313 37.7296 37.7279 37.7262 11.0539 10.6794 10.5798 10.8009 11.2902 12.0157 12.9582 14.0997
          15.4192 16.8908 18.4865 20.1781 21.939 23.7427 25.5603 27.3581 29.0965 30.7331 32.2266 33.5428
          34.6592 35.5683 36.2772 36.8059 37.1823 37.4379 37.6034 37.7056 37.7656 37.7993 37.8173 37.8264
          37.8308 37.8327 37.8333 37.8332 37.8328 37.8321 37.8313 37.8304 37.8293 37.8281 37.8269 37.8255
          37.8241 37.8226 37.8211 37.8194 37.8178 37.8161 37.8143 37.8125 37.8107 37.8088 37.8069 37.805
          37.8031 37.8011 37.7991 37.7971 37.7951 37.7931 37.7911 37.7891 37.7871 37.785 37.783 37.781
          37.7789 37.7769 37.7749 37.7729 37.7708 37.7688 37.7668 37.7648 37.7628 37.7609 37.7589 37.7569
          37.755 37.753 37.7511 37.7492 37.7473 37.7454 37.7435 37.7417 37.7398 37.738 37.7362 37.7344
          37.7326 37.7308 37.729 37.7273 37.7256 37.7239 37.7222 37.7205 37.7188 9.67098 9.34443 9.25345
          9.44172 9.87106 10.5228 11.3892 12.463 13.7312 15.1726 16.7602 18.4645 20.2572 22.1116 24.0007
          25.8932 27.7514 29.5313 31.1863 32.6738 33.9608 35.0295 35.8789 36.5239 36.9909 37.3131 37.5247
          37.657 37.7356 37.7801 37.804 37.8162 37.8221 37.8247 37.8256 37.8257 37.8253 37.8247 37.8239
          37.8229 37.8219 37.8207 37.8194 37.8181 37.8167 37.8152 37.8136 37.812 37.8103 37.8086 37.8069
          37.8051 37.8032 37.8014 37.7995 37.7976 37.7956 37.7937 37.7917 37.7897 37.7877 37.7857 37.7837
          37.7816 37.7796 37.7776 37.7756 37.7735 37.7715 37.7695 37.7674 37.7654 37.7634 37.7614 37.7594
          37.7574 37.7554 37.7534 37.7515 37.7495 37.7476 37.7456 37.7437 37.7418 37.7399 37.738 37.7361
          37.7343 37.7324 37.7306 37.7288 37.727 37.7252 37.7234 37.7216 37.7199 37.7182 37.7164 37.7147
          37.7131 37.7114 8.55046 8.26482 8.1824 8.33983 8.7093 9.28268 10.0626 11.0522 12.2481 13.6364
          15.1932 16.8889 18.6927 20.5768 22.5145 24.4772 26.4298 28.329 30.1256 31.7702 33.2202 34.4473
          35.4408 36.2085 36.7738 37.1699 37.4337 37.6006 37.701 37.7583 37.7894 37.8054 37.8132 37.8166
          37.8179 37.8182 37.8179 37.8173 37.8165 37.8155 37.8144 37.8133 37.812 37.8107 37.8092 37.8077
          37.8062 37.8046 37.8029 37.8012 37.7994 37.7976 37.7958 37.7939 37.792 37.7901 37.7882 37.7862
          37.7843 37.7823 37.7803 37.7783 37.7762 37.7742 37.7722 37.7702 37.7681 37.7661 37.7641 37.762
          37.76 37.758 37.756 37.754 37.752 37.75 37.748 37.746 37.744 37.7421 37.7401 37.7382
          37.7363 37.7344 37.7325 37.7306 37.7287 37.7268 37.725 37.7232 37.7213 37.7195 37.7177 37.716
          37.7142 37.7125 37.7107 37.709 37.7073 37.7057 37.704 7.66796 7.41727 7.34362 7.47328 7.78599
          8.28157 8.97083 9.86638 10.9748 12.2909 13.7966 15.4635 17.2595 19.1544 21.1207 23.1316 25.155
          27.1501 29.067 30.8516 32.4534 33.8334 34.9707 35.8648 36.5338 37.0096 37.3309 37.5368 37.6619
          37.7341 37.7735 37.7939 37.8039 37.8084 37.8102 37.8106 37.8104 37.8098 37.809 37.8081 37.807
          37.8058 37.8046 37.8032 37.8018 37.8003 37.7988 37.7971 37.7955 37.7937 37.792 37.7902 37.7884
          37.7865 37.7846 37.7827 37.7807 37.7788 37.7768 37.7748 37.7728 37.7708 37.7688 37.7668 37.7648
          37.7627 37.7607 37.7587 37.7566 37.7546 37.7526 37.7506 37.7485 37.7465 37.7445 37.7425 37.7406
          37.7386 37.7366 37.7346 37.7327 37.7308 37.7288 37.7269 37.725 37.7231 37.7213 37.7194 37.7176
          37.7157 37.7139 37.7121 37.7103 37.7086 37.7068 37.7051 37.7033 37.7016 37.6999 37.6983 37.6966
          6.98976 6.76902 6.705 6.81059 7.07162 7.49393 8.09436 8.89308 9.90581 11.1368 12.5752 14.1962
          15.9675 17.8564 19.834 21.874 23.9472 26.016 28.0317 29.9378 31.6771 33.2013 34.4787 35.4994
          36.2751 36.8348 37.2178 37.4662 37.6187 37.7075 37.7564 37.7818 37.7944 37.8001 37.8024 37.8031
          37.803 37.8024 37.8016 37.8007 37.7996 37.7984 37.7972 37.7958 37.7944 37.7929 37.7913 37.7897
          37.788 37.7863 37.7846 37.7828 37.7809 37.7791 37.7772 37.7753 37.7733 37.7714 37.7694 37.7674
          37.7654 37.7634 37.7614 37.7594 37.7573 37.7553 37.7533 37.7512 37.7492 37.7472 37.7452 37.7431
          37.7411 37.7391 37.7371 37.7351 37.7331 37.7312 37.7292 37.7272 37.7253 37.7233 37.7214 37.7195
          37.7176 37.7157 37.7139 37.712 37.7102 37.7083 37.7065 37.7047 37.7029 37.7011 37.6994 37.6976
          37.6959 37.6942 37.6925 37.6909 37.6892 6.4765 6.28259 6.23019 6.31563 6.53118 6.88749 7.40557
          8.11106 9.02718 10.167 11.5278 13.0901 14.8229 16.6918 18.6659 20.7187 22.8234 24.9457 27.0395
          29.0478 30.9086 32.5653 33.976 35.1207 36.0036 36.6494 37.0968 37.3902 37.5722 37.6789 37.7382
          37.7692 37.7846 37.7917 37.7946 37.7955 37.7955 37.795 37.7942 37.7932 37.7922 37.791 37.7897
          37.7884 37.7869 37.7854 37.7839 37.7823 37.7806 37.7789 37.7771 37.7753 37.7735 37.7716 37.7697
          37.7678 37.7659 37.7639 37.762 37.76 37.758 37.756 37.7539 37.7519 37.7499 37.7479 37.7458
          37.7438 37.7418 37.7397 37.7377 37.7357 37.7337 37.7317 37.7297 37.7277 37.7257 37.7237 37.7218
          37.7198 37.7179 37.7159 37.714 37.7121 37.7102 37.7083 37.7064 37.7046 37.7027 37.7009 37.6991
          37.6973 37.6955 37.6937 37.692 37.6902 37.6885 37.6868 37.6851 37.6834 37.6818 6.08555 5.91986
          5.88243 5.95175 6.12866 6.42805 6.87356 7.49431 8.31909 9.36855 10.648 12.1441 13.8286 15.6667
          17.6256 19.6779 21.7985 23.9565 26.1093 28.2007 30.1659 31.9413 33.4756 34.7388 35.7265 36.4581
          36.971 37.3107 37.5234 37.649 37.7192 37.7562 37.7747 37.7832 37.7867 37.7879 37.788 37.7875
          37.7868 37.7858 37.7848 37.7836 37.7823 37.781 37.7795 37.778 37.7765 37.7748 37.7732 37.7715
          37.7697 37.7679 37.7661 37.7642 37.7623 37.7604 37.7585 37.7565 37.7545 37.7525 37.7505 37.7485
          37.7465 37.7445 37.7425 37.7404 37.7384 37.7364 37.7344 37.7323 37.7303 37.7283 37.7263 37.7243
          37.7223 37.7203 37.7183 37.7163 37.7143 37.7124 37.7104 37.7085 37.7066 37.7047 37.7028 37.7009
          37.699 37.6972 37.6953 37.6935 37.6917 37.6899 37.6881 37.6863 37.6846 37.6828 37.6811 37.6794
          37.6777 37.676 37.6744 5.77188 5.64547 5.6274 5.68505 5.83094 6.08373 6.46843 7.01615 7.75947
          8.72503 9.92527 11.3534 12.9849 14.7853 16.7205 18.7621 20.886 23.0647 25.2592 27.4155 29.4675
          31.3462 32.992 34.3652 35.4524 36.2674 36.8446 37.2305 37.4739 37.6187 37.7 37.7431 37.7646
          37.7746 37.7789 37.7803 37.7805 37.7801 37.7794 37.7784 37.7773 37.7762 37.7749 37.7735 37.7721
          37.7706 37.769 37.7674 37.7657 37.764 37.7623 37.7605 37.7586 37.7568 37.7549 37.753 37.751
          37.7491 37.7471 37.7451 37.7431 37.7411 37.7391 37.7371 37.735 37.733 37.731 37.729 37.7269
          37.7249 37.7229 37.7209 37.7188 37.7168 37.7148 37.7128 37.7109 37.7089 37.7069 37.705 37.703
          37.7011 37.6992 37.6973 37.6954 37.6935 37.6916 37.6898 37.6879 37.6861 37.6843 37.6825 37.6807
          37.6789 37.6772 37.6754 37.6737 37.672 37.6703 37.6686 37.667 5.48452 5.42948 5.43642 5.48746
          5.61104 5.82797 6.16439 6.65245 7.32715 8.21953 9.348 10.7117 12.2902 14.0503 15.9571 17.9813
          20.0994 22.2866 24.508 26.7122 28.8333 30.7988 32.5416 34.0134 35.192 36.0848 36.7229 37.1529
          37.4258 37.5891 37.6812 37.7302 37.7547 37.7661 37.771 37.7728 37.7731 37.7727 37.7719 37.771
          37.7699 37.7687 37.7675 37.7661 37.7647 37.7632 37.7616 37.76 37.7583 37.7566 37.7548 37.753
          37.7512 37.7493 37.7475 37.7455 37.7436 37.7416 37.7397 37.7377 37.7357 37.7337 37.7317 37.7296
          37.7276 37.7256 37.7236 37.7215 37.7195 37.7175 37.7155 37.7134 37.7114 37.7094 37.7074 37.7054
          37.7034 37.7015 37.6995 37.6976 37.6956 37.6937 37.6918 37.6898 37.6879 37.6861 37.6842 37.6823
          37.6805 37.6787 37.6769 37.6751 37.6733 37.6715 37.6698 37.668 37.6663 37.6646 37.6629 37.6612
          37.6596 5.06008 5.25938 5.28861 5.34052 5.44987 5.64122 5.94162 6.38381 7.00425 7.83701 8.90506
          10.2125 11.7428 13.4644 15.342 17.3456 19.4522 21.6392 23.8752 26.1122 28.2854 30.3199 32.1432
          33.6991 34.9576 35.9193 36.612 37.0818 37.3816 37.5617 37.6635 37.7178 37.745 37.7577 37.7632
          37.7652 37.7656 37.7652 37.7645 37.7636 37.7625 37.7613 37.76 37.7587 37.7572 37.7557 37.7542
          37.7526 37.7509 37.7492 37.7474 37.7456 37.7438 37.7419 37.74 37.7381 37.7362 37.7342 37.7323
          37.7303 37.7283 37.7263 37.7242 37.7222 37.7202 37.7182 37.7161 37.7141 37.7121 37.7101 37.708
          37.706 37.704 37.702 37.7 37.698 37.696 37.6941 37.6921 37.6901 37.6882 37.6863 37.6843
          37.6824 37.6805 37.6786 37.6768 37.6749 37.6731 37.6713 37.6694 37.6676 37.6659 37.6641 37.6623
          37.6606 37.6589 37.6572 37.6555 37.6538 37.6522 4.87032 5.12574 5.17909 5.23479 5.33647 5.51122
          5.78693 6.19669 6.77778 7.56623 8.58814 9.85136 11.3424 13.0313 14.883 16.8668 18.9598 21.1413
          23.383 25.6398 27.8486 29.9336 31.8185 33.4407 34.7635 35.7816 36.5194 37.0221 37.344 37.5379
          37.6478 37.7063 37.7358 37.7495 37.7554 37.7576 37.7581 37.7578 37.7571 37.7561 37.7551 37.7539
          37.7526 37.7513 37.7498 37.7483 37.7468 37.7451 37.7435 37.7417 37.74 37.7382 37.7364 37.7345
          37.7326 37.7307 37.7288 37.7268 37.7248 37.7228 37.7208 37.7188 37.7168 37.7148 37.7128 37.7108
          37.7087 37.7067 37.7047 37.7026 37.7006 37.6986 37.6966 37.6946 37.6926 37.6906 37.6886 37.6866
          37.6847 37.6827 37.6808 37.6788 37.6769 37.675 37.6731 37.6712 37.6694 37.6675 37.6657 37.6638
          37.662 37.6602 37.6585 37.6567 37.6549 37.6532 37.6515 37.6498 37.6481 37.6464 37.6448 4.77963
          5.04059 5.10867 5.16858 5.26691 5.43244 5.69368 6.08391 6.6408 7.40144 8.39373 9.6278 11.0922
          12.7583 14.591 16.5593 18.6406 20.8153 23.057 25.3232 27.5524 29.6687 31.5936 33.2604 34.6272
          35.6843 36.4534 36.979 37.3162 37.5196 37.6348 37.6963 37.7272 37.7416 37.7478 37.7501 37.7507
          37.7504 37.7497 37.7487 37.7477 37.7465 37.7452 37.7438 37.7424 37.7409 37.7393 37.7377 37.736
          37.7343 37.7326 37.7308 37.7289 37.7271 37.7252 37.7233 37.7213 37.7194 37.7174 37.7154 37.7134
          37.7114 37.7094 37.7074 37.7054 37.7033 37.7013 37.6993 37.6973 37.6952 37.6932 37.6912 37.6892
          37.6872 37.6852 37.6832 37.6812 37.6792 37.6773 37.6753 37.6734 37.6714 37.6695 37.6676 37.6657
          37.6638 37.662 37.6601 37.6583 37.6564 37.6546 37.6528 37.651 37.6493 37.6475 37.6458 37.6441
          37.6424 37.6407 37.639 37.6374 4.75022 5.01167 5.0834 5.14511 5.24254 5.40506 5.66142 6.04493
          6.59337 7.34409 8.32559 9.54877 11.0029 12.6598 14.4845 16.4461 18.5217 20.6922 22.9322 25.2003
          27.4357 29.563 31.5027 33.1864 34.5703 35.6426 36.4239 36.9583 37.3014 37.5082 37.6254 37.6879
          37.7194 37.734 37.7403 37.7427 37.7432 37.7429 37.7422 37.7413 37.7402 37.739 37.7378 37.7364
          37.735 37.7335 37.7319 37.7303 37.7286 37.7269 37.7251 37.7233 37.7215 37.7197 37.7178 37.7158
          37.7139 37.712 37.71 37.708 37.706 37.704 37.702 37.7 37.6979 37.6959 37.6939 37.6919
          37.6898 37.6878 37.6858 37.6838 37.6818 37.6798 37.6778 37.6758 37.6738 37.6718 37.6698 37.6679
          37.666 37.664 37.6621 37.6602 37.6583 37.6564 37.6546 37.6527 37.6509 37.649 37.6472 37.6454
          37.6436 37.6419 37.6401 37.6384 37.6367 37.635 37.6333 37.6316 37.63
        </DataArray>
        <DataArray type="Float32" Name="mu" NumberOfComponents="1" format="ascii">
          1.33652e-05 1.33778e-05 1.33869e-05 1.33904e-05 1.33796e-05 1.33899e-05 1.3379e-05 1.33884e-05 1.33764e-05 1.33855e-05 1.33721e-05 1.33811e-05
          1.33661e-05 1.3375e-05 1.33584e-05 1.33671e-05 1.33493e-05 1.33577e-05 1.33391e-05 1.3347e-05 1.33281e-05 1.33354e-05 1.33169e-05 1.33234e-05
          1.33058e-05 1.33114e-05 1.32953e-05 1.33001e-05 1.32857e-05 1.32896e-05 1.32772e-05 1.32804e-05 1.327e-05 1.32724e-05 1.32641e-05 1.32659e-05
          1.32594e-05 1.32607e-05 1.32559e-05 1.32567e-05 1.32533e-05 1.32537e-05 1.32514e-05 1.32516e-05 1.32502e-05 1.32502e-05 1.32494e-05 1.32493e-05
          1.32489e-05 1.32487e-05 1.32486e-05 1.32484e-05 1.32485e-05 1.32482e-05 1.32484e-05 1.32481e-05 1.32484e-05 1.32481e-05 1.32484e-05 1.32481e-05
          1.32484e-05 1.32481e-05 1.32484e-05 1.32481e-05 1.32484e-05 1.32481e-05 1.32484e-05 1.32481e-05 1.32484e-05 1.32481e-05 1.32484e-05 1.32481e-05
          1.32484e-05 1.32481e-05 1.32483e-05 1.3248e-05 1.32483e-05 1.3248e-05 1.32483e-05 1.3248e-05 1.32482e-05 1.32479e-05 1.32482e-05 1.32479e-05
          1.32481e-05 1.32478e-05 1.32481e-05 1.32478e-05 1.3248e-05 1.32477e-05 1.3248e-05 1.32477e-05 1.32479e-05 1.32476e-05 1.32478e-05 1.32476e-05
          1.32478e-05 1.32475e-05 1.32477e-05 1.32474e-05 1.32477e-05 1.32474e-05 1.32476e-05 1.32473e-05 1.32475e-05 1.32472e-05 1.32474e-05 1.32472e-05
          1.32474e-05 1.32471e-05 1.32473e-05 1.3247e-05 1.32472e-05 1.32469e-05 1.32472e-05 1.32469e-05 1.32471e-05 1.32468e-05 1.3247e-05 1.32467e-05
          1.32469e-05 1.32466e-05 1.32468e-05 1.32466e-05 1.32468e-05 1.32465e-05 1.32467e-05 1.32464e-05 1.32466e-05 1.32463e-05 1.32465e-05 1.32463e-05
          1.32465e-05 1.32462e-05 1.32464e-05 1.32461e-05 1.32463e-05 1.3246e-05 1.32462e-05 1.32459e-05 1.32462e-05 1.32459e-05 1.32461e-05 1.32458e-05
          1.3246e-05 1.32457e-05 1.32459e-05 1.32456e-05 1.32458e-05 1.32456e-05 1.32458e-05 1.32455e-05 1.32457e-05 1.32454e-05 1.32456e-05 1.32453e-05
          1.32455e-05 1.32453e-05 1.32455e-05 1.32452e-05 1.32454e-05 1.32451e-05 1.32453e-05 1.3245e-05 1.32452e-05 1.3245e-05 1.32452e-05 1.32449e-05
          1.32451e-05 1.32448e-05 1.3245e-05 1.32447e-05 1.3245e-05 1.32447e-05 1.32449e-05 1.32446e-05 1.32448e-05 1.32445e-05 1.32447e-05 1.32445e-05
          1.32447e-05 1.32444e-05 1.32446e-05 1.32443e-05 1.32445e-05 1.32443e-05 1.32445e-05 1.32442e-05 1.32444e-05 1.32441e-05 1.32443e-05 1.32441e-05
          1.32443e-05 1.3244e-05 1.32442e-05 1.32439e-05 1.32441e-05 1.32439e-05 1.32441e-05 1.32438e-05 1.3244e-05 1.32437e-05 1.3391e-05 1.33881e-05
          1.33883e-05 1.33903e-05 1.33918e-05 1.33915e-05 1.33887e-05 1.33832e-05 1.33751e-05 1.33648e-05 1.33528e-05 1.33398e-05 1.33264e-05 1.33132e-05
          1.33008e-05 1.32895e-05 1.32797e-05 1.32715e-05 1.32648e-05 1.32596e-05 1.32557e-05 1.32528e-05 1.32509e-05 1.32496e-05 1.32488e-05 1.32483e-05
          1.32481e-05 1.32479e-05 1.32479e-05 1.32478e-05 1.32478e-05 1.32478e-05 1.32478e-05 1.32478e-05 1.32478e-05 1.32478e-05 1.32478e-05 1.32478e-05
          1.32477e-05 1.32477e-05 1.32477e-05 1.32476e-05 1.32476e-05 1.32475e-05 1.32475e-05 1.32474e-05 1.32473e-05 1.32473e-05 1.32472e-05 1.32472e-05
          1.32471e-05 1.3247e-05 1.32469e-05 1.32469e-05 1.32468e-05 1.32467e-05 1.32467e-05 1.32466e-05 1.32465e-05 1.32464e-05 1.32464e-05 1.32463e-05
          1.32462e-05 1.32461e-05 1.32461e-05 1.3246e-05 1.32459e-05 1.32458e-05 1.32457e-05 1.32457e-05 1.32456e-05 1.32455e-05 1.32454e-05 1.32454e-05
          1.32453e-05 1.32452e-05 1.32451e-05 1.32451e-05 1.3245e-05 1.32449e-05 1.32448e-05 1.32448e-05 1.32447e-05 1.32446e-05 1.32445e-05 1.32445e-05
          1.32444e-05 1.32443e-05 1.32443e-05 1.32442e-05 1.32441e-05 1.3244e-05 1.3244e-05 1.32439e-05 1.32438e-05 1.32438e-05 1.32437e-05 1.32436e-05
          1.32436e-05 1.32435e-05 1.32434e-05 1.33731e-05 1.33617e-05 1.33605e-05 1.33673e-05 1.33767e-05 1.33851e-05 1.33906e-05 1.3392e-05 1.33893e-05
          1.33826e-05 1.33726e-05 1.33601e-05 1.33461e-05 1.33314e-05 1.33169e-05 1.33033e-05 1.3291e-05 1.32803e-05 1.32715e-05 1.32644e-05 1.3259e-05
          1.32551e-05 1.32523e-05 1.32504e-05 1.32492e-05 1.32484e-05 1.3248e-05 1.32478e-05 1.32476e-05 1.32476e-05 1.32476e-05 1.32476e-05 1.32476e-05
          1.32476e-05 1.32475e-05 1.32475e-05 1.32475e-05 1.32475e-05 1.32474e-05 1.32474e-05 1.32474e-05 1.32473e-05 1.32473e-05 1.32472e-05 1.32472e-05
          1.32471e-05 1.32471e-05 1.3247e-05 1.32469e-05 1.32469e-05 1.32468e-05 1.32467e-05 1.32467e-05 1.32466e-05 1.32465e-05 1.32464e-05 1.32464e-05
          1.32463e-05 1.32462e-05 1.32462e-05 1.32461e-05 1.3246e-05 1.32459e-05 1.32458e-05 1.32458e-05 1.32457e-05 1.32456e-05 1.32455e-05 1.32455e-05
          1.32454e-05 1.32453e-05 1.32452e-05 1.32451e-05 1.32451e-05 1.3245e-05 1.32449e-05 1.32448e-05 1.32448e-05 1.32447e-05 1.32446e-05 1.32445e-05
          1.32445e-05 1.32444e-05 1.32443e-05 1.32443e-05 1.32442e-05 1.32441e-05 1.3244e-05 1.3244e-05 1.32439e-05 1.32438e-05 1.32438e-05 1.32437e-05
          1.32436e-05 1.32436e-05 1.32435e-05 1.32434e-05 1.32434e-05 1.32433e-05 1.32432e-05 1.32432e-05 1.3323e-05 1.33019e-05 1.32982e-05 1.33103e-05
          1.33302e-05 1.33514e-05 1.33699e-05 1.33833e-05 1.33907e-05 1.33919e-05 1.33875e-05 1.33785e-05 1.3366e-05 1.33513e-05 1.33356e-05 1.33199e-05
          1.33051e-05 1.32919e-05 1.32805e-05 1.32712e-05 1.32639e-05 1.32583e-05 1.32544e-05 1.32516e-05 1.32498e-05 1.32487e-05 1.3248e-05 1.32476e-05
          1.32474e-05 1.32473e-05 1.32473e-05 1.32473e-05 1.32473e-05 1.32473e-05 1.32473e-05 1.32472e-05 1.32472e-05 1.32472e-05 1.32472e-05 1.32471e-05
          1.32471e-05 1.3247e-05 1.3247e-05 1.32469e-05 1.32469e-05 1.32468e-05 1.32468e-05 1.32467e-05 1.32467e-05 1.32466e-05 1.32465e-05 1.32465e-05
          1.32464e-05 1.32463e-05 1.32462e-05 1.32462e-05 1.32461e-05 1.3246e-05 1.32459e-05 1.32459e-05 1.32458e-05 1.32457e-05 1.32456e-05 1.32456e-05
          1.32455e-05 1.32454e-05 1.32453e-05 1.32453e-05 1.32452e-05 1.32451e-05 1.3245e-05 1.32449e-05 1.32449e-05 1.32448e-05 1.32447e-05 1.32446e-05
          1.32446e-05 1.32445e-05 1.32444e-05 1.32443e-05 1.32443e-05 1.32442e-05 1.32441e-05 1.3244e-05 1.3244e-05 1.32439e-05 1.32438e-05 1.32438e-05
          1.32437e-05 1.32436e-05 1.32435e-05 1.32435e-05 1.32434e-05 1.32433e-05 1.32433e-05 1.32432e-05 1.32431e-05 1.32431e-05 1.3243e-05 1.32429e-05
          1.32429e-05 1.32311e-05 1.31996e-05 1.31926e-05 1.32111e-05 1.32441e-05 1.32823e-05 1.33189e-05 1.33497e-05 1.33725e-05 1.33865e-05 1.3392e-05
          1.33901e-05 1.33821e-05 1.33697e-05 1.33544e-05 1.33378e-05 1.33211e-05 1.33054e-05 1.32915e-05 1.32796e-05 1.32701e-05 1.32627e-05 1.32572e-05
          1.32534e-05 1.32508e-05 1.32492e-05 1.32482e-05 1.32476e-05 1.32473e-05 1.32471e-05 1.32471e-05 1.3247e-05 1.3247e-05 1.3247e-05 1.3247e-05
          1.3247e-05 1.32469e-05 1.32469e-05 1.32469e-05 1.32468e-05 1.32468e-05 1.32468e-05 1.32467e-05 1.32467e-05 1.32466e-05 1.32466e-05 1.32465e-05
          1.32464e-05 1.32464e-05 1.32463e-05 1.32462e-05 1.32462e-05 1.32461e-05 1.3246e-05 1.3246e-05 1.32459e-05 1.32458e-05 1.32457e-05 1.32457e-05
          1.32456e-05 1.32455e-05 1.32454e-05 1.32454e-05 1.32453e-05 1.32452e-05 1.32451e-05 1.3245e-05 1.3245e-05 1.32449e-05 1.32448e-05 1.32447e-05
          1.32447e-05 1.32446e-05 1.32445e-05 1.32444e-05 1.32444e-05 1.32443e-05 1.32442e-05 1.32441e-05 1.32441e-05 1.3244e-05 1.32439e-05 1.32438e-05
          1.32438e-05 1.32437e-05 1.32436e-05 1.32435e-05 1.32435e-05 1.32434e-05 1.32433e-05 1.32433e-05 1.32432e-05 1.32431e-05 1.32431e-05 1.3243e-05
          1.32429e-05 1.32429e-05 1.32428e-05 1.32427e-05 1.32427e-05 1.32426e-05 1.30909e-05 1.30485e-05 1.3038e-05 1.30635e-05 1.3112e-05 1.31709e-05
          1.32309e-05 1.32849e-05 1.3329e-05 1.33613e-05 1.33817e-05 1.33911e-05 1.33911e-05 1.33838e-05 1.33712e-05 1.33552e-05 1.33377e-05 1.33202e-05
          1.33039e-05 1.32895e-05 1.32776e-05 1.32681e-05 1.32609e-05 1.32558e-05 1.32522e-05 1.32499e-05 1.32485e-05 1.32476e-05 1.32472e-05 1.32469e-05
          1.32468e-05 1.32468e-05 1.32467e-05 1.32467e-05 1.32467e-05 1.32467e-05 1.32467e-05 1.32466e-05 1.32466e-05 1.32466e-05 1.32465e-05 1.32465e-05
          1.32464e-05 1.32464e-05 1.32463e-05 1.32463e-05 1.32462e-05 1.32461e-05 1.32461e-05 1.3246e-05 1.3246e-05 1.32459e-05 1.32458e-05 1.32457e-05
          1.32457e-05 1.32456e-05 1.32455e-05 1.32455e-05 1.32454e-05 1.32453e-05 1.32452e-05 1.32451e-05 1.32451e-05 1.3245e-05 1.32449e-05 1.32448e-05
          1.32448e-05 1.32447e-05 1.32446e-05 1.32445e-05 1.32445e-05 1.32444e-05 1.32443e-05 1.32442e-05 1.32441e-05 1.32441e-05 1.3244e-05 1.32439e-05
          1.32438e-05 1.32438e-05 1.32437e-05 1.32436e-05 1.32436e-05 1.32435e-05 1.32434e-05 1.32433e-05 1.32433e-05 1.32432e-05 1.32431e-05 1.32431e-05
          1.3243e-05 1.32429e-05 1.32428e-05 1.32428e-05 1.32427e-05 1.32426e-05 1.32426e-05 1.32425e-05 1.32424e-05 1.32424e-05 1.32423e-05 1.29018e-05
          1.28485e-05 1.28343e-05 1.28669e-05 1.29316e-05 1.30139e-05 1.31013e-05 1.31841e-05 1.32557e-05 1.33123e-05 1.33529e-05 1.33783e-05 1.33903e-05
          1.33914e-05 1.3384e-05 1.33706e-05 1.33537e-05 1.33354e-05 1.33172e-05 1.33006e-05 1.32862e-05 1.32745e-05 1.32654e-05 1.32587e-05 1.32541e-05
          1.3251e-05 1.3249e-05 1.32478e-05 1.32471e-05 1.32468e-05 1.32466e-05 1.32465e-05 1.32465e-05 1.32464e-05 1.32464e-05 1.32464e-05 1.32464e-05
          1.32464e-05 1.32463e-05 1.32463e-05 1.32462e-05 1.32462e-05 1.32461e-05 1.32461e-05 1.3246e-05 1.3246e-05 1.32459e-05 1.32459e-05 1.32458e-05
          1.32457e-05 1.32457e-05 1.32456e-05 1.32455e-05 1.32455e-05 1.32454e-05 1.32453e-05 1.32452e-05 1.32452e-05 1.32451e-05 1.3245e-05 1.32449e-05
          1.32449e-05 1.32448e-05 1.32447e-05 1.32446e-05 1.32446e-05 1.32445e-05 1.32444e-05 1.32443e-05 1.32442e-05 1.32442e-05 1.32441e-05 1.3244e-05
          1.32439e-05 1.32439e-05 1.32438e-05 1.32437e-05 1.32436e-05 1.32436e-05 1.32435e-05 1.32434e-05 1.32433e-05 1.32433e-05 1.32432e-05 1.32431e-05
          1.32431e-05 1.3243e-05 1.32429e-05 1.32428e-05 1.32428e-05 1.32427e-05 1.32426e-05 1.32426e-05 1.32425e-05 1.32424e-05 1.32424e-05 1.32423e-05
          1.32422e-05 1.32422e-05 1.32421e-05 1.3242e-05 1.2671e-05 1.26076e-05 1.25898e-05 1.26284e-05 1.27082e-05 1.28136e-05 1.29303e-05 1.30455e-05
          1.31496e-05 1.32363e-05 1.33028e-05 1.33492e-05 1.33775e-05 1.33904e-05 1.33911e-05 1.33826e-05 1.33681e-05 1.33501e-05 1.33309e-05 1.33124e-05
          1.32958e-05 1.32818e-05 1.32707e-05 1.32623e-05 1.32564e-05 1.32523e-05 1.32497e-05 1.32481e-05 1.32472e-05 1.32466e-05 1.32464e-05 1.32463e-05
          1.32462e-05 1.32462e-05 1.32461e-05 1.32461e-05 1.32461e-05 1.32461e-05 1.3246e-05 1.3246e-05 1.3246e-05 1.32459e-05 1.32459e-05 1.32458e-05
          1.32458e-05 1.32457e-05 1.32456e-05 1.32456e-05 1.32455e-05 1.32455e-05 1.32454e-05 1.32453e-05 1.32453e-05 1.32452e-05 1.32451e-05 1.3245e-05
          1.3245e-05 1.32449e-05 1.32448e-05 1.32447e-05 1.32447e-05 1.32446e-05 1.32445e-05 1.32444e-05 1.32444e-05 1.32443e-05 1.32442e-05 1.32441e-05
          1.3244e-05 1.3244e-05 1.32439e-05 1.32438e-05 1.32437e-05 1.32437e-05 1.32436e-05 1.32435e-05 1.32434e-05 1.32434e-05 1.32433e-05 1.32432e-05
          1.32431e-05 1.32431e-05 1.3243e-05 1.32429e-05 1.32428e-05 1.32428e-05 1.32427e-05 1.32426e-05 1.32426e-05 1.32425e-05 1.32424e-05 1.32424e-05
          1.32423e-05 1.32422e-05 1.32421e-05 1.32421e-05 1.3242e-05 1.3242e-05 1.32419e-05 1.32418e-05 1.32418e-05 1.24135e-05 1.23417e-05 1.23207e-05
          1.23631e-05 1.24544e-05 1.25795e-05 1.27235e-05 1.28717e-05 1.30111e-05 1.31323e-05 1.32297e-05 1.3302e-05 1.33508e-05 1.33793e-05 1.33911e-05
          1.339e-05 1.33797e-05 1.33635e-05 1.33443e-05 1.33246e-05 1.3306e-05 1.32899e-05 1.32767e-05 1.32665e-05 1.32591e-05 1.32539e-05 1.32506e-05
          1.32485e-05 1.32472e-05 1.32466e-05 1.32462e-05 1.3246e-05 1.32459e-05 1.32459e-05 1.32459e-05 1.32458e-05 1.32458e-05 1.32458e-05 1.32458e-05
          1.32457e-05 1.32457e-05 1.32456e-05 1.32456e-05 1.32455e-05 1.32455e-05 1.32454e-05 1.32454e-05 1.32453e-05 1.32452e-05 1.32452e-05 1.32451e-05
          1.3245e-05 1.3245e-05 1.32449e-05 1.32448e-05 1.32448e-05 1.32447e-05 1.32446e-05 1.32445e-05 1.32445e-05 1.32444e-05 1.32443e-05 1.32442e-05
          1.32441e-05 1.32441e-05 1.3244e-05 1.32439e-05 1.32438e-05 1.32438e-05 1.32437e-05 1.32436e-05 1.32435e-05 1.32435e-05 1.32434e-05 1.32433e-05
          1.32432e-05 1.32431e-05 1.32431e-05 1.3243e-05 1.32429e-05 1.32429e-05 1.32428e-05 1.32427e-05 1.32426e-05 1.32426e-05 1.32425e-05 1.32424e-05
          1.32423e-05 1.32423e-05 1.32422e-05 1.32421e-05 1.32421e-05 1.3242e-05 1.32419e-05 1.32419e-05 1.32418e-05 1.32417e-05 1.32417e-05 1.32416e-05
          1.32415e-05 1.32415e-05 1.2149e-05 1.20713e-05 1.20478e-05 1.20913e-05 1.21888e-05 1.23273e-05 1.24928e-05 1.26704e-05 1.28444e-05 1.30019e-05
          1.31337e-05 1.32362e-05 1.33096e-05 1.33571e-05 1.3383e-05 1.33918e-05 1.33877e-05 1.33749e-05 1.33568e-05 1.33366e-05 1.33166e-05 1.32985e-05
          1.32833e-05 1.32712e-05 1.32622e-05 1.32559e-05 1.32517e-05 1.3249e-05 1.32474e-05 1.32465e-05 1.3246e-05 1.32458e-05 1.32457e-05 1.32456e-05
          1.32456e-05 1.32456e-05 1.32455e-05 1.32455e-05 1.32455e-05 1.32454e-05 1.32454e-05 1.32453e-05 1.32453e-05 1.32452e-05 1.32452e-05 1.32451e-05
          1.32451e-05 1.3245e-05 1.3245e-05 1.32449e-05 1.32448e-05 1.32448e-05 1.32447e-05 1.32446e-05 1.32445e-05 1.32445e-05 1.32444e-05 1.32443e-05
          1.32442e-05 1.32442e-05 1.32441e-05 1.3244e-05 1.32439e-05 1.32439e-05 1.32438e-05 1.32437e-05 1.32436e-05 1.32436e-05 1.32435e-05 1.32434e-05
          1.32433e-05 1.32432e-05 1.32432e-05 1.32431e-05 1.3243e-05 1.32429e-05 1.32429e-05 1.32428e-05 1.32427e-05 1.32426e-05 1.32426e-05 1.32425e-05
          1.32424e-05 1.32424e-05 1.32423e-05 1.32422e-05 1.32421e-05 1.32421e-05 1.3242e-05 1.32419e-05 1.32419e-05 1.32418e-05 1.32417e-05 1.32417e-05
          1.32416e-05 1.32415e-05 1.32415e-05 1.32414e-05 1.32413e-05 1.32413e-05 1.32412e-05 1.18971e-05 1.18164e-05 1.17915e-05 1.18335e-05 1.19314e-05
          1.20752e-05 1.22539e-05 1.24535e-05 1.26577e-05 1.285e-05 1.30174e-05 1.31526e-05 1.32539e-05 1.33236e-05 1.33664e-05 1.33873e-05 1.33915e-05
          1.33836e-05 1.33679e-05 1.3348e-05 1.33271e-05 1.33074e-05 1.32902e-05 1.32763e-05 1.32657e-05 1.32581e-05 1.32529e-05 1.32497e-05 1.32477e-05
          1.32465e-05 1.32459e-05 1.32456e-05 1.32454e-05 1.32454e-05 1.32453e-05 1.32453e-05 1.32453e-05 1.32452e-05 1.32452e-05 1.32452e-05 1.32451e-05
          1.32451e-05 1.3245e-05 1.3245e-05 1.32449e-05 1.32449e-05 1.32448e-05 1.32447e-05 1.32447e-05 1.32446e-05 1.32445e-05 1.32445e-05 1.32444e-05
          1.32443e-05 1.32443e-05 1.32442e-05 1.32441e-05 1.3244e-05 1.3244e-05 1.32439e-05 1.32438e-05 1.32437e-05 1.32437e-05 1.32436e-05 1.32435e-05
          1.32434e-05 1.32434e-05 1.32433e-05 1.32432e-05 1.32431e-05 1.3243e-05 1.3243e-05 1.32429e-05 1.32428e-05 1.32427e-05 1.32427e-05 1.32426e-05
          1.32425e-05 1.32424e-05 1.32424e-05 1.32423e-05 1.32422e-05 1.32421e-05 1.32421e-05 1.3242e-05 1.32419e-05 1.32419e-05 1.32418e-05 1.32417e-05
          1.32416e-05 1.32416e-05 1.32415e-05 1.32414e-05 1.32414e-05 1.32413e-05 1.32412e-05 1.32412e-05 1.32411e-05 1.3241e-05 1.3241e-05 1.32409e-05
          1.16729e-05 1.15919e-05 1.15669e-05 1.16053e-05 1.16984e-05 1.18399e-05 1.20225e-05 1.22349e-05 1.24616e-05 1.26841e-05 1.28855e-05 1.30542e-05
          1.31851e-05 1.32794e-05 1.33413e-05 1.33765e-05 1.33906e-05 1.33892e-05 1.3377e-05 1.33585e-05 1.33373e-05 1.33163e-05 1.32975e-05 1.32817e-05
          1.32695e-05 1.32606e-05 1.32544e-05 1.32504e-05 1.3248e-05 1.32466e-05 1.32458e-05 1.32454e-05 1.32452e-05 1.32451e-05 1.3245e-05 1.3245e-05
          1.3245e-05 1.32449e-05 1.32449e-05 1.32449e-05 1.32448e-05 1.32448e-05 1.32447e-05 1.32447e-05 1.32446e-05 1.32446e-05 1.32445e-05 1.32445e-05
          1.32444e-05 1.32443e-05 1.32443e-05 1.32442e-05 1.32441e-05 1.3244e-05 1.3244e-05 1.32439e-05 1.32438e-05 1.32438e-05 1.32437e-05 1.32436e-05
          1.32435e-05 1.32435e-05 1.32434e-05 1.32433e-05 1.32432e-05 1.32431e-05 1.32431e-05 1.3243e-05 1.32429e-05 1.32428e-05 1.32428e-05 1.32427e-05
          1.32426e-05 1.32425e-05 1.32425e-05 1.32424e-05 1.32423e-05 1.32422e-05 1.32422e-05 1.32421e-05 1.3242e-05 1.32419e-05 1.32419e-05 1.32418e-05
          1.32417e-05 1.32416e-05 1.32416e-05 1.32415e-05 1.32414e-05 1.32414e-05 1.32413e-05 1.32412e-05 1.32412e-05 1.32411e-05 1.3241e-05 1.3241e-05
          1.32409e-05 1.32408e-05 1.32408e-05 1.32407e-05 1.32406e-05 1.14841e-05 1.14053e-05 1.13821e-05 1.14154e-05 1.14998e-05 1.16328e-05 1.18111e-05
          1.20272e-05 1.22676e-05 1.25133e-05 1.27445e-05 1.2945e-05 1.31061e-05 1.32261e-05 1.33086e-05 1.33595e-05 1.33851e-05 1.33915e-05 1.3384e-05
          1.33677e-05 1.33469e-05 1.33251e-05 1.33047e-05 1.32873e-05 1.32735e-05 1.32632e-05 1.3256e-05 1.32513e-05 1.32483e-05 1.32466e-05 1.32457e-05
          1.32452e-05 1.32449e-05 1.32448e-05 1.32448e-05 1.32447e-05 1.32447e-05 1.32447e-05 1.32446e-05 1.32446e-05 1.32445e-05 1.32445e-05 1.32445e-05
          1.32444e-05 1.32443e-05 1.32443e-05 1.32442e-05 1.32442e-05 1.32441e-05 1.3244e-05 1.3244e-05 1.32439e-05 1.32438e-05 1.32438e-05 1.32437e-05
          1.32436e-05 1.32435e-05 1.32435e-05 1.32434e-05 1.32433e-05 1.32432e-05 1.32432e-05 1.32431e-05 1.3243e-05 1.32429e-05 1.32429e-05 1.32428e-05
          1.32427e-05 1.32426e-05 1.32426e-05 1.32425e-05 1.32424e-05 1.32423e-05 1.32422e-05 1.32422e-05 1.32421e-05 1.3242e-05 1.32419e-05 1.32419e-05
          1.32418e-05 1.32417e-05 1.32416e-05 1.32416e-05 1.32415e-05 1.32414e-05 1.32414e-05 1.32413e-05 1.32412e-05 1.32411e-05 1.32411e-05 1.3241e-05
          1.32409e-05 1.32409e-05 1.32408e-05 1.32407e-05 1.32407e-05 1.32406e-05 1.32405e-05 1.32405e-05 1.32404e-05 1.32404e-05 1.133e-05 1.12568e-05
          1.12374e-05 1.12649e-05 1.13383e-05 1.14591e-05 1.16276e-05 1.18399e-05 1.20856e-05 1.23469e-05 1.2602e-05 1.2831e-05 1.30205e-05 1.31662e-05
          1.32699e-05 1.33374e-05 1.33754e-05 1.33904e-05 1.33885e-05 1.33753e-05 1.33555e-05 1.33334e-05 1.33118e-05 1.32929e-05 1.32775e-05 1.32659e-05
          1.32577e-05 1.32522e-05 1.32488e-05 1.32467e-05 1.32456e-05 1.3245e-05 1.32447e-05 1.32446e-05 1.32445e-05 1.32444e-05 1.32444e-05 1.32444e-05
          1.32443e-05 1.32443e-05 1.32443e-05 1.32442e-05 1.32442e-05 1.32441e-05 1.32441e-05 1.3244e-05 1.32439e-05 1.32439e-05 1.32438e-05 1.32438e-05
          1.32437e-05 1.32436e-05 1.32436e-05 1.32435e-05 1.32434e-05 1.32433e-05 1.32433e-05 1.32432e-05 1.32431e-05 1.3243e-05 1.3243e-05 1.32429e-05
          1.32428e-05 1.32427e-05 1.32427e-05 1.32426e-05 1.32425e-05 1.32424e-05 1.32424e-05 1.32423e-05 1.32422e-05 1.32421e-05 1.3242e-05 1.3242e-05
          1.32419e-05 1.32418e-05 1.32417e-05 1.32417e-05 1.32416e-05 1.32415e-05 1.32414e-05 1.32414e-05 1.32413e-05 1.32412e-05 1.32412e-05 1.32411e-05
          1.3241e-05 1.32409e-05 1.32409e-05 1.32408e-05 1.32407e-05 1.32407e-05 1.32406e-05 1.32405e-05 1.32405e-05 1.32404e-05 1.32403e-05 1.32403e-05
          1.32402e-05 1.32401e-05 1.32401e-05 1.12031e-05 1.11421e-05 1.11279e-05 1.11491e-05 1.12112e-05 1.13187e-05 1.14746e-05 1.16785e-05 1.19232e-05
          1.21929e-05 1.24656e-05 1.27182e-05 1.29334e-05 1.31031e-05 1.32275e-05 1.33116e-05 1.33623e-05 1.33865e-05 1.33908e-05 1.33812e-05 1.3363e-05
          1.33409e-05 1.33185e-05 1.32983e-05 1.32815e-05 1.32686e-05 1.32593e-05 1.32531e-05 1.32492e-05 1.32468e-05 1.32455e-05 1.32448e-05 1.32445e-05
          1.32443e-05 1.32442e-05 1.32442e-05 1.32441e-05 1.32441e-05 1.32441e-05 1.3244e-05 1.3244e-05 1.32439e-05 1.32439e-05 1.32438e-05 1.32438e-05
          1.32437e-05 1.32437e-05 1.32436e-05 1.32435e-05 1.32435e-05 1.32434e-05 1.32433e-05 1.32433e-05 1.32432e-05 1.32431e-05 1.32431e-05 1.3243e-05
          1.32429e-05 1.32428e-05 1.32428e-05 1.32427e-05 1.32426e-05 1.32425e-05 1.32425e-05 1.32424e-05 1.32423e-05 1.32422e-05 1.32421e-05 1.32421e-05
          1.3242e-05 1.32419e-05 1.32418e-05 1.32418e-05 1.32417e-05 1.32416e-05 1.32415e-05 1.32415e-05 1.32414e-05 1.32413e-05 1.32412e-05 1.32412e-05
          1.32411e-05 1.3241e-05 1.32409e-05 1.32409e-05 1.32408e-05 1.32407e-05 1.32407e-05 1.32406e-05 1.32405e-05 1.32404e-05 1.32404e-05 1.32403e-05
          1.32402e-05 1.32402e-05 1.32401e-05 1.324e-05 1.324e-05 1.32399e-05 1.32399e-05 1.32398e-05 1.10933e-05 1.10573e-05 1.10456e-05 1.1061e-05
          1.11133e-05 1.12086e-05 1.13518e-05 1.15453e-05 1.17851e-05 1.20579e-05 1.23423e-05 1.26132e-05 1.285e-05 1.30411e-05 1.31845e-05 1.32842e-05
          1.33471e-05 1.33804e-05 1.33911e-05 1.33854e-05 1.33691e-05 1.33475e-05 1.33246e-05 1.33033e-05 1.32853e-05 1.32712e-05 1.32609e-05 1.3254e-05
          1.32496e-05 1.32469e-05 1.32454e-05 1.32446e-05 1.32442e-05 1.3244e-05 1.32439e-05 1.32439e-05 1.32439e-05 1.32438e-05 1.32438e-05 1.32437e-05
          1.32437e-05 1.32437e-05 1.32436e-05 1.32436e-05 1.32435e-05 1.32434e-05 1.32434e-05 1.32433e-05 1.32433e-05 1.32432e-05 1.32431e-05 1.32431e-05
          1.3243e-05 1.32429e-05 1.32428e-05 1.32428e-05 1.32427e-05 1.32426e-05 1.32426e-05 1.32425e-05 1.32424e-05 1.32423e-05 1.32422e-05 1.32422e-05
          1.32421e-05 1.3242e-05 1.32419e-05 1.32419e-05 1.32418e-05 1.32417e-05 1.32416e-05 1.32416e-05 1.32415e-05 1.32414e-05 1.32413e-05 1.32413e-05
          1.32412e-05 1.32411e-05 1.3241e-05 1.3241e-05 1.32409e-05 1.32408e-05 1.32407e-05 1.32407e-05 1.32406e-05 1.32405e-05 1.32404e-05 1.32404e-05
          1.32403e-05 1.32402e-05 1.32402e-05 1.32401e-05 1.324e-05 1.324e-05 1.32399e-05 1.32398e-05 1.32398e-05 1.32397e-05 1.32396e-05 1.32396e-05
          1.32395e-05 1.10107e-05 1.09935e-05 1.09823e-05 1.09944e-05 1.10394e-05 1.11248e-05 1.12571e-05 1.14407e-05 1.16741e-05 1.19467e-05 1.2238e-05
          1.25222e-05 1.27759e-05 1.29847e-05 1.31443e-05 1.32577e-05 1.33315e-05 1.33732e-05 1.33898e-05 1.3388e-05 1.33739e-05 1.3353e-05 1.33298e-05
          1.33077e-05 1.32886e-05 1.32735e-05 1.32624e-05 1.32548e-05 1.32499e-05 1.3247e-05 1.32453e-05 1.32444e-05 1.3244e-05 1.32438e-05 1.32437e-05
          1.32436e-05 1.32436e-05 1.32435e-05 1.32435e-05 1.32435e-05 1.32434e-05 1.32434e-05 1.32433e-05 1.32433e-05 1.32432e-05 1.32432e-05 1.32431e-05
          1.3243e-05 1.3243e-05 1.32429e-05 1.32428e-05 1.32428e-05 1.32427e-05 1.32426e-05 1.32426e-05 1.32425e-05 1.32424e-05 1.32423e-05 1.32423e-05
          1.32422e-05 1.32421e-05 1.3242e-05 1.3242e-05 1.32419e-05 1.32418e-05 1.32417e-05 1.32417e-05 1.32416e-05 1.32415e-05 1.32414e-05 1.32414e-05
          1.32413e-05 1.32412e-05 1.32411e-05 1.3241e-05 1.3241e-05 1.32409e-05 1.32408e-05 1.32407e-05 1.32407e-05 1.32406e-05 1.32405e-05 1.32405e-05
          1.32404e-05 1.32403e-05 1.32402e-05 1.32402e-05 1.32401e-05 1.324e-05 1.324e-05 1.32399e-05 1.32398e-05 1.32397e-05 1.32397e-05 1.32396e-05
          1.32395e-05 1.32395e-05 1.32394e-05 1.32394e-05 1.32393e-05 1.32392e-05 1.09371e-05 1.09431e-05 1.09349e-05 1.09458e-05 1.09864e-05 1.10649e-05
          1.1189e-05 1.13645e-05 1.15919e-05 1.18627e-05 1.21577e-05 1.24507e-05 1.27166e-05 1.29387e-05 1.31107e-05 1.32349e-05 1.33176e-05 1.33662e-05
          1.33879e-05 1.33895e-05 1.33773e-05 1.33572e-05 1.33339e-05 1.33112e-05 1.32912e-05 1.32753e-05 1.32635e-05 1.32554e-05 1.32501e-05 1.3247e-05
          1.32452e-05 1.32442e-05 1.32437e-05 1.32435e-05 1.32434e-05 1.32433e-05 1.32433e-05 1.32433e-05 1.32432e-05 1.32432e-05 1.32431e-05 1.32431e-05
          1.3243e-05 1.3243e-05 1.32429e-05 1.32429e-05 1.32428e-05 1.32428e-05 1.32427e-05 1.32426e-05 1.32426e-05 1.32425e-05 1.32424e-05 1.32424e-05
          1.32423e-05 1.32422e-05 1.32421e-05 1.32421e-05 1.3242e-05 1.32419e-05 1.32418e-05 1.32418e-05 1.32417e-05 1.32416e-05 1.32415e-05 1.32415e-05
          1.32414e-05 1.32413e-05 1.32412e-05 1.32411e-05 1.32411e-05 1.3241e-05 1.32409e-05 1.32408e-05 1.32408e-05 1.32407e-05 1.32406e-05 1.32405e-05
          1.32405e-05 1.32404e-05 1.32403e-05 1.32402e-05 1.32402e-05 1.32401e-05 1.324e-05 1.324e-05 1.32399e-05 1.32398e-05 1.32397e-05 1.32397e-05
          1.32396e-05 1.32395e-05 1.32395e-05 1.32394e-05 1.32393e-05 1.32393e-05 1.32392e-05 1.32391e-05 1.32391e-05 1.3239e-05 1.32389e-05 1.0898e-05
          1.09069e-05 1.09037e-05 1.0915e-05 1.09533e-05 1.10279e-05 1.11469e-05 1.13172e-05 1.15405e-05 1.18095e-05 1.2106e-05 1.24039e-05 1.26771e-05
          1.29075e-05 1.30877e-05 1.3219e-05 1.33075e-05 1.33608e-05 1.3386e-05 1.33901e-05 1.33794e-05 1.33599e-05 1.33366e-05 1.33135e-05 1.3293e-05
          1.32765e-05 1.32642e-05 1.32557e-05 1.32502e-05 1.32469e-05 1.3245e-05 1.3244e-05 1.32435e-05 1.32432e-05 1.32431e-05 1.32431e-05 1.3243e-05
          1.3243e-05 1.32429e-05 1.32429e-05 1.32429e-05 1.32428e-05 1.32428e-05 1.32427e-05 1.32427e-05 1.32426e-05 1.32425e-05 1.32425e-05 1.32424e-05
          1.32423e-05 1.32423e-05 1.32422e-05 1.32421e-05 1.32421e-05 1.3242e-05 1.32419e-05 1.32419e-05 1.32418e-05 1.32417e-05 1.32416e-05 1.32416e-05
          1.32415e-05 1.32414e-05 1.32413e-05 1.32412e-05 1.32412e-05 1.32411e-05 1.3241e-05 1.32409e-05 1.32409e-05 1.32408e-05 1.32407e-05 1.32406e-05
          1.32406e-05 1.32405e-05 1.32404e-05 1.32403e-05 1.32403e-05 1.32402e-05 1.32401e-05 1.324e-05 1.324e-05 1.32399e-05 1.32398e-05 1.32397e-05
          1.32397e-05 1.32396e-05 1.32395e-05 1.32395e-05 1.32394e-05 1.32393e-05 1.32393e-05 1.32392e-05 1.32391e-05 1.32391e-05 1.3239e-05 1.32389e-05
          1.32389e-05 1.32388e-05 1.32387e-05 1.32387e-05 1.08848e-05 1.0894e-05 1.08922e-05 1.0904e-05 1.09417e-05 1.10149e-05 1.11323e-05 1.13007e-05
          1.15224e-05 1.17906e-05 1.20874e-05 1.23869e-05 1.26626e-05 1.28959e-05 1.30789e-05 1.32128e-05 1.33035e-05 1.33585e-05 1.33851e-05 1.33901e-05
          1.338e-05 1.33608e-05 1.33375e-05 1.33142e-05 1.32935e-05 1.32768e-05 1.32643e-05 1.32556e-05 1.325e-05 1.32467e-05 1.32448e-05 1.32437e-05
          1.32432e-05 1.3243e-05 1.32428e-05 1.32428e-05 1.32427e-05 1.32427e-05 1.32427e-05 1.32426e-05 1.32426e-05 1.32425e-05 1.32425e-05 1.32424e-05
          1.32424e-05 1.32423e-05 1.32423e-05 1.32422e-05 1.32421e-05 1.32421e-05 1.3242e-05 1.32419e-05 1.32419e-05 1.32418e-05 1.32417e-05 1.32416e-05
          1.32416e-05 1.32415e-05 1.32414e-05 1.32413e-05 1.32413e-05 1.32412e-05 1.32411e-05 1.3241e-05 1.3241e-05 1.32409e-05 1.32408e-05 1.32407e-05
          1.32407e-05 1.32406e-05 1.32405e-05 1.32404e-05 1.32404e-05 1.32403e-05 1.32402e-05 1.32401e-05 1.32401e-05 1.324e-05 1.32399e-05 1.32398e-05
          1.32398e-05 1.32397e-05 1.32396e-05 1.32395e-05 1.32395e-05 1.32394e-05 1.32393e-05 1.32392e-05 1.32392e-05 1.32391e-05 1.3239e-05 1.3239e-05
          1.32389e-05 1.32388e-05 1.32388e-05 1.32387e-05 1.32386e-05 1.32386e-05 1.32385e-05 1.32384e-05 1.32384e-05
        </DataArray>
        <DataArray type="Float32" Name="x^CH4_gas" NumberOfComponents="1" format="ascii">
          0.77532 0.737165 0.697559 0.672794 0.73091 0.677594 0.733617 0.689805 0.742903 0.706267 0.757032 0.725898
          0.774698 0.747954 0.794837 0.771732 0.816515 0.796533 0.838892 0.821661 0.861207 0.846445 0.882788 0.870265
          0.903064 0.892577 0.921582 0.912939 0.938021 0.93103 0.9522 0.946665 0.964073 0.959795 0.97372 0.970498
          0.981315 0.978956 0.987105 0.985429 0.991374 0.99022 0.994413 0.993646 0.996502 0.996009 0.997884 0.997579
          0.998766 0.998584 0.999306 0.999202 0.999624 0.999567 0.999804 0.999774 0.999902 0.999886 0.999953 0.999945
          0.999978 0.999975 0.99999 0.999989 0.999996 0.999995 0.999998 0.999998 0.999999 0.999999 1 1
          1 1 1 1 1 1 1 1 1 1 1 1
          1 1 1 1 1 1 1 1 1 1 1 1
          1 1 1 1 1 1 1 1 1 1 1 1
          1 1 1 1 1 1 1 1 1 1 1 1
          1 1 1 1 1 1 1 1 1 1 1 1
          1 1 1 1 1 1 1 1 1 1 1 1
          1 1 1 1 1 1 1 1 1 1 1 1
          1 1 1 1 1 1 1 1 1 1 1 1
          1 1 1 1 1 1 1 1 1 1 1 1
          1 1 1 1 1 1 1 1 1 1 1 1
          1 1 1 1 1 1 1 1 1 1 0.626434 0.601535
          0.60228 0.615805 0.636269 0.660977 0.688463 0.717732 0.747968 0.778429 0.808415 0.837271 0.864406 0.889322
          0.911634 0.931095 0.947605 0.96121 0.972082 0.980497 0.986795 0.991348 0.994521 0.996651 0.998027 0.99888
          0.999389 0.999679 0.999838 0.999922 0.999963 0.999984 0.999993 0.999997 0.999999 1 1 1
          1 1 1 1 1 1 1 1 1 1 1 1
          1 1 1 1 1 1 1 1 1 1 1 1
          1 1 1 1 1 1 1 1 1 1 1 1
          1 1 1 1 1 1 1 1 1 1 1 1
          1 1 1 1 1 1 1 1 1 1 1 1
          1 1 1 0.55221 0.529097 0.526974 0.539265 0.560302 0.587011 0.617569 0.650725 0.685483
          0.720966 0.756356 0.79088 0.823815 0.854516 0.882445 0.907203 0.928558 0.946447 0.960981 0.972411 0.9811
          0.987476 0.991984 0.995051 0.997056 0.998315 0.999073 0.99951 0.999751 0.999879 0.999943 0.999975 0.999989
          0.999995 0.999998 0.999999 1 1 1 1 1 1 1 1 1
          1 1 1 1 1 1 1 1 1 1 1 1
          1 1 1 1 1 1 1 1 1 1 1 1
          1 1 1 1 1 1 1 1 1 1 1 1
          1 1 1 1 1 1 1 1 1 1 1 1
          1 1 1 1 1 1 1 1 0.477521 0.456896 0.453497 0.464548
          0.485182 0.51247 0.544552 0.580101 0.618043 0.65743 0.697377 0.737027 0.775547 0.812142 0.846089 0.876783
          0.903787 0.926857 0.945961 0.961268 0.973115 0.981957 0.98831 0.9927 0.995611 0.997463 0.998591 0.999249
          0.999616 0.999812 0.999911 0.99996 0.999983 0.999993 0.999997 0.999999 1 1 1 1
          1 1 1 1 1 1 1 1 1 1 1 1
          1 1 1 1 1 1 1 1 1 1 1 1
          1 1 1 1 1 1 1 1 1 1 1 1
          1 1 1 1 1 1 1 1 1 1 1 1
          1 1 1 1 1 1 1 1 1 1 1 1
          1 0.405092 0.38697 0.383203 0.39324 0.413128 0.44029 0.473005 0.509967 0.55008 0.592358 0.635885
          0.679778 0.723156 0.765135 0.80485 0.841498 0.874413 0.903118 0.927375 0.947199 0.962836 0.974721 0.98341
          0.989512 0.993622 0.996273 0.997909 0.998875 0.99942 0.999714 0.999864 0.999939 0.999973 0.999989 0.999996
          0.999998 0.999999 1 1 1 1 1 1 1 1 1 1
          1 1 1 1 1 1 1 1 1 1 1 1
          1 1 1 1 1 1 1 1 1 1 1 1
          1 1 1 1 1 1 1 1 1 1 1 1
          1 1 1 1 1 1 1 1 1 1 1 1
          1 1 1 1 1 1 0.337352 0.321497 0.317776 0.326882 0.34572 0.372182
          0.404801 0.442385 0.483854 0.528192 0.574446 0.621713 0.669103 0.715711 0.760597 0.80282 0.841509 0.875945
          0.905643 0.930403 0.950316 0.965736 0.977213 0.98541 0.99102 0.994693 0.996992 0.998366 0.99915 0.999577
          0.999798 0.999908 0.99996 0.999983 0.999993 0.999997 0.999999 1 1 1 1 1
          1 1 1 1 1 1 1 1 1 1 1 1
          1 1 1 1 1 1 1 1 1 1 1 1
          1 1 1 1 1 1 1 1 1 1 1 1
          1 1 1 1 1 1 1 1 1 1 1 1
          1 1 1 1 1 1 1 1 1 1 1 0.276237
          0.262357 0.258837 0.26698 0.28444 0.309619 0.341398 0.378795 0.420813 0.466429 0.514639 0.564492 0.615085
          0.665516 0.714834 0.762032 0.806091 0.846077 0.88125 0.911158 0.93568 0.955028 0.969689 0.980342 0.987751
          0.992677 0.995805 0.997699 0.998792 0.999394 0.999709 0.999866 0.999941 0.999975 0.99999 0.999996 0.999999
          0.999999 1 1 1 1 1 1 1 1 1 1 1
          1 1 1 1 1 1 1 1 1 1 1 1
          1 1 1 1 1 1 1 1 1 1 1 1
          1 1 1 1 1 1 1 1 1 1 1 1
          1 1 1 1 1 1 1 1 1 1 1 1
          1 1 1 1 0.223016 0.210839 0.207564 0.214694 0.230488 0.253848 0.284053 0.320414
          0.362113 0.40818 0.457571 0.509266 0.562308 0.61579 0.668775 0.720247 0.769111 0.814268 0.854744 0.889823
          0.919133 0.942689 0.96086 0.97429 0.983783 0.990193 0.994321 0.996853 0.998334 0.999157 0.999592 0.999812
          0.999917 0.999965 0.999986 0.999994 0.999998 0.999999 1 1 1 1 1 1
          1 1 1 1 1 1 1 1 1 1 1 1
          1 1 1 1 1 1 1 1 1 1 1 1
          1 1 1 1 1 1 1 1 1 1 1 1
          1 1 1 1 1 1 1 1 1 1 1 1
          1 1 1 1 1 1 1 1 1 0.178231 0.167529 0.164508
          0.170608 0.184556 0.205693 0.233694 0.268222 0.308721 0.354366 0.404129 0.456917 0.51169 0.567496 0.623406
          0.678428 0.731447 0.781264 0.826714 0.866825 0.900956 0.928883 0.950805 0.96728 0.979114 0.987225 0.992522
          0.995816 0.997764 0.998859 0.999445 0.999742 0.999886 0.999952 0.99998 0.999992 0.999997 0.999999 1
          1 1 1 1 1 1 1 1 1 1 1 1
          1 1 1 1 1 1 1 1 1 1 1 1
          1 1 1 1 1 1 1 1 1 1 1 1
          1 1 1 1 1 1 1 1 1 1 1 1
          1 1 1 1 1 1 1 1 1 1 1 1
          1 1 0.141763 0.132341 0.129576 0.134683 0.146734 0.165425 0.190785 0.222834 0.261345 0.305723
          0.355035 0.408159 0.46396 0.521405 0.579543 0.637407 0.693904 0.747792 0.79777 0.842642 0.881494 0.913839
          0.93966 0.959384 0.973773 0.983781 0.990408 0.994581 0.997079 0.998498 0.999263 0.999655 0.999847 0.999935
          0.999973 0.99999 0.999996 0.999999 1 1 1 1 1 1 1 1
          1 1 1 1 1 1 1 1 1 1 1 1
          1 1 1 1 1 1 1 1 1 1 1 1
          1 1 1 1 1 1 1 1 1 1 1 1
          1 1 1 1 1 1 1 1 1 1 1 1
          1 1 1 1 1 1 1 0.112976 0.10466 0.102158 0.106351 0.116563
          0.132765 0.15527 0.184426 0.220347 0.262735 0.310837 0.363565 0.419714 0.478148 0.537863 0.5979 0.657204
          0.714541 0.768527 0.817783 0.861144 0.897842 0.927618 0.950721 0.967828 0.979896 0.987993 0.993155 0.996279
          0.998072 0.999048 0.999552 0.9998 0.999914 0.999965 0.999986 0.999995 0.999998 0.999999 1 1
          1 1 1 1 1 1 1 1 1 1 1 1
          1 1 1 1 1 1 1 1 1 1 1 1
          1 1 1 1 1 1 1 1 1 1 1 1
          1 1 1 1 1 1 1 1 1 1 1 1
          1 1 1 1 1 1 1 1 1 1 1 1
          0.0908801 0.0835142 0.0812982 0.0846765 0.0931823 0.106997 0.126646 0.152742 0.185718 0.225595 0.271864 0.323548
          0.379417 0.438241 0.498935 0.560526 0.622 0.68216 0.73959 0.79278 0.84034 0.881229 0.91492 0.941454
          0.961383 0.975631 0.985312 0.991556 0.995374 0.997587 0.998802 0.999433 0.999745 0.999891 0.999955 0.999982
          0.999993 0.999998 0.999999 1 1 1 1 1 1 1 1 1
          1 1 1 1 1 1 1 1 1 1 1 1
          1 1 1 1 1 1 1 1 1 1 1 1
          1 1 1 1 1 1 1 1 1 1 1 1
          1 1 1 1 1 1 1 1 1 1 1 1
          1 1 1 1 1 0.0742729 0.067754 0.0658714 0.0685357 0.0755069 0.0871362 0.104097
          0.127194 0.157123 0.194209 0.238221 0.288354 0.343411 0.402095 0.463235 0.525823 0.588877 0.651255 0.711553
          0.768177 0.819551 0.864378 0.901856 0.931792 0.954581 0.971079 0.982422 0.989817 0.994383 0.997051 0.998528
          0.9993 0.999684 0.999864 0.999944 0.999978 0.999992 0.999997 0.999999 1 1 1 1
          1 1 1 1 1 1 1 1 1 1 1 1
          1 1 1 1 1 1 1 1 1 1 1 1
          1 1 1 1 1 1 1 1 1 1 1 1
          1 1 1 1 1 1 1 1 1 1 1 1
          1 1 1 1 1 1 1 1 1 1 0.0618523 0.0562076
          0.0547233 0.05676 0.062387 0.0721002 0.0866623 0.106999 0.133999 0.168254 0.209807 0.258062 0.311909 0.370025
          0.431161 0.494262 0.558369 0.622401 0.684999 0.744532 0.799279 0.847714 0.888766 0.921993 0.947606 0.966367
          0.979405 0.987988 0.993333 0.996482 0.998235 0.999158 0.999619 0.999835 0.999932 0.999973 0.99999 0.999996
          0.999999 1 1 1 1 1 1 1 1 1 1 1
          1 1 1 1 1 1 1 1 1 1 1 1
          1 1 1 1 1 1 1 1 1 1 1 1
          1 1 1 1 1 1 1 1 1 1 1 1
          1 1 1 1 1 1 1 1 1 1 1 1
          1 1 1 0.0523201 0.0478449 0.0467736 0.0482468 0.0527428 0.0608566 0.073385 0.0913187 0.11568
          0.147266 0.186371 0.232618 0.28502 0.342266 0.403049 0.466268 0.530976 0.596156 0.660515 0.722423 0.780061
          0.831707 0.876038 0.912361 0.940683 0.961652 0.976366 0.986135 0.992266 0.9959 0.997936 0.999012 0.999552
          0.999806 0.999919 0.999968 0.999988 0.999996 0.999999 1 1 1 1 1 1
          1 1 1 1 1 1 1 1 1 1 1 1
          1 1 1 1 1 1 1 1 1 1 1 1
          1 1 1 1 1 1 1 1 1 1 1 1
          1 1 1 1 1 1 1 1 1 1 1 1
          1 1 1 1 1 1 1 1 0.0445887 0.041991 0.0410646 0.0420543
          0.0456774 0.052532 0.063428 0.0793839 0.101504 0.13074 0.167591 0.211886 0.262778 0.318994 0.379195 0.442241
          0.507187 0.573081 0.638706 0.702467 0.762486 0.816887 0.864122 0.903254 0.934086 0.957132 0.973439 0.984345
          0.991232 0.995337 0.997645 0.998871 0.999487 0.999777 0.999907 0.999963 0.999986 0.999995 0.999998 0.999999
          1 1 1 1 1 1 1 1 1 1 1 1
          1 1 1 1 1 1 1 1 1 1 1 1
          1 1 1 1 1 1 1 1 1 1 1 1
          1 1 1 1 1 1 1 1 1 1 1 1
          1 1 1 1 1 1 1 1 1 1 1 1
          1 0.039745 0.0377487 0.0368068 0.0375295 0.0405409 0.0464742 0.0561401 0.0705658 0.0909036 0.118211 0.153146
          0.195711 0.24519 0.300364 0.359884 0.422577 0.487503 0.553763 0.620222 0.685337 0.747212 0.803857 0.853538
          0.895098 0.92814 0.95304 0.970782 0.982719 0.990294 0.994827 0.997383 0.998744 0.999429 0.999752 0.999897
          0.999959 0.999985 0.999994 0.999998 0.999999 1 1 1 1 1 1 1
          1 1 1 1 1 1 1 1 1 1 1 1
          1 1 1 1 1 1 1 1 1 1 1 1
          1 1 1 1 1 1 1 1 1 1 1 1
          1 1 1 1 1 1 1 1 1 1 1 1
          1 1 1 1 1 1 0.0348521 0.0344626 0.0336947 0.0343074 0.0369478 0.0422687
          0.0510839 0.0644229 0.0834638 0.109331 0.142795 0.183984 0.232293 0.286556 0.345426 0.407709 0.472467 0.538845
          0.605779 0.67179 0.734989 0.793316 0.844897 0.888392 0.923232 0.949656 0.968587 0.981379 0.989525 0.99441
          0.99717 0.998641 0.999383 0.999731 0.999888 0.999956 0.999983 0.999994 0.999998 0.999999 1 1
          1 1 1 1 1 1 1 1 1 1 1 1
          1 1 1 1 1 1 1 1 1 1 1 1
          1 1 1 1 1 1 1 1 1 1 1 1
          1 1 1 1 1 1 1 1 1 1 1 1
          1 1 1 1 1 1 1 1 1 1 1 0.0322863
          0.0321109 0.0316711 0.0322922 0.034749 0.0397239 0.0480378 0.0607207 0.0789628 0.103925 0.13644 0.176719 0.224226
          0.277838 0.336213 0.398149 0.462706 0.52906 0.596201 0.662702 0.726698 0.786096 0.838932 0.883741 0.919822
          0.947308 0.967071 0.980461 0.989002 0.99413 0.997028 0.998573 0.999352 0.999718 0.999883 0.999954 0.999982
          0.999994 0.999998 0.999999 1 1 1 1 1 1 1 1 1
          1 1 1 1 1 1 1 1 1 1 1 1
          1 1 1 1 1 1 1 1 1 1 1 1
          1 1 1 1 1 1 1 1 1 1 1 1
          1 1 1 1 1 1 1 1 1 1 1 1
          1 1 1 1 0.0314185 0.0312837 0.0309328 0.0315773 0.03398 0.0388417 0.0469865 0.0594442
          0.0774075 0.102048 0.134218 0.174157 0.221355 0.274706 0.332872 0.394647 0.459093 0.525398 0.592575 0.659222
          0.723491 0.783282 0.836597 0.88192 0.91849 0.946399 0.966491 0.980115 0.988808 0.994027 0.996977 0.998549
          0.999341 0.999713 0.999881 0.999953 0.999982 0.999994 0.999998 0.999999 1 1 1 1
          1 1 1 1 1 1 1 1 1 1 1 1
          1 1 1 1 1 1 1 1 1 1 1 1
          1 1 1 1 1 1 1 1 1 1 1 1
          1 1 1 1 1 1 1 1 1 1 1 1
          1 1 1 1 1 1 1 1 1
        </DataArray>
        <DataArray type="Float32" Name="x^SimpleH2O_gas" NumberOfComponents="1" format="ascii">
          -1.58758e-30 -1.16547e-30 -2.83428e-30 -1.71867e-30 -1.27639e-31 6.5744e-31 2.76681e-32 5.62892e-31 -5.09145e-31 -5.54711e-31 -1.00487e-30 -1.50509e-30
          -9.84769e-31 -1.27143e-30 -6.42105e-31 -7.21609e-31 -2.38225e-31 -2.58272e-31 8.56236e-32 1.55785e-32 3.49851e-31 3.45913e-31 5.32079e-31 5.52836e-31
          6.50392e-31 6.62225e-31 6.44984e-31 6.51463e-31 5.49294e-31 5.31777e-31 4.155e-31 3.84691e-31 2.78887e-31 2.41059e-31 1.58095e-31 1.20606e-31
          6.55629e-32 3.13067e-32 3.72354e-33 -2.45886e-32 -3.01385e-32 -5.19004e-32 -4.21331e-32 -5.77011e-32 -3.96351e-32 -4.98142e-32 -2.98958e-32 -3.57082e-32
          -1.85565e-32 -2.11349e-32 -9.02502e-33 -9.49858e-33 -2.67984e-33 -2.06548e-33 5.95486e-34 1.54564e-33 1.6747e-33 2.52691e-33 1.56291e-33 2.15313e-33
          1.03222e-33 1.36347e-33 5.16812e-34 6.62058e-34 1.74327e-34 2.13678e-34 4.40219e-36 -2.66506e-36 -5.11569e-35 -7.06142e-35 -5.2526e-35 -6.99818e-35
          -3.66285e-35 -4.82894e-35 -2.07984e-35 -2.73573e-35 -1.01376e-35 -1.33799e-35 -4.31908e-36 -5.75495e-36 -1.60882e-36 -2.1833e-36 -5.14278e-37 -7.22313e-37
          -1.32972e-37 -2.0086e-37 -2.20815e-38 -4.17747e-38 0 0 0 0 0 0 0 0
          0 0 0 0 0 0 0 0 0 0 0 0
          0 0 0 0 0 0 -0 0 -0 -0 -0 -0
          -0 -0 -0 -0 -0 -0 -0 -0 -0 -0 -0 -0
          -0 -0 -0 -0 -0 -0 -0 -0 -0 -0 0 -0
          0 0 0 0 0 0 0 0 0 0 0 0
          0 0 0 0 0 0 0 0 0 0 0 0
          -0 -0 -0 -0 -0 -0 -0 -0 -0 -0 -0 -0
          -0 -0 -0 -0 -0 -0 -0 -0 0 0 0 0
          0 0 0 0 0 0 0 0 0 0 -5.00862e-30 -9.98294e-31
          1.8321e-30 1.25432e-30 -1.4363e-30 -2.10171e-30 -1.46923e-30 -4.67072e-31 -5.04282e-31 -3.80165e-32 3.74343e-31 6.01213e-31 6.8019e-31 6.39978e-31
          4.66007e-31 2.75621e-31 1.13633e-31 -3.53199e-33 -7.75953e-32 -1.11003e-31 -1.14389e-31 -1.00761e-31 -7.67914e-32 -5.01874e-32 -2.64402e-32 -9.00738e-33
          1.19271e-33 5.36529e-33 5.69911e-33 4.28611e-33 2.55216e-33 1.19098e-33 3.69166e-34 -1.30722e-35 -1.28564e-34 -1.24763e-34 -8.56271e-35 -4.86093e-35
          -2.3983e-35 -1.04914e-35 -4.0963e-36 -1.42308e-36 -4.33081e-37 -1.10689e-37 -2.07913e-38 0 0 0 0 0
          0 0 0 0 0 0 0 0 0 -0 -0 -0
          -0 -0 -0 -0 -0 -0 -0 -0 -0 -0 -0 0
          0 0 0 0 0 0 0 0 0 0 0 -0
          -0 -0 -0 -0 -0 -0 -0 -0 -0 0 0 0
          0 0 0 -8.52304e-31 -1.11908e-30 3.09282e-30 2.09926e-30 -3.25457e-30 -1.49406e-30 -1.1363e-30 -2.84458e-31 -2.30927e-31
          -1.35479e-31 5.87079e-31 6.9163e-31 7.72413e-31 6.10503e-31 3.40903e-31 5.73586e-32 -1.27211e-31 -2.30712e-31 -2.67303e-31 -2.48365e-31 -2.04872e-31
          -1.57427e-31 -1.08559e-31 -6.33378e-32 -2.63272e-32 -1.23421e-33 1.16463e-32 1.51076e-32 1.31112e-32 9.08915e-33 5.20709e-33 2.39838e-33 7.62949e-34
          1.17248e-35 -2.20127e-34 -2.22162e-34 -1.5474e-34 -8.88432e-35 -4.4394e-35 -1.97475e-35 -7.89414e-36 -2.84014e-36 -9.13873e-37 -2.58187e-37 -6.1113e-38
          0 0 0 0 0 0 0 0 0 0 0 0
          0 0 0 -0 -0 -0 -0 -0 -0 -0 -0 -0
          -0 -0 -0 -0 -0 -0 0 0 0 0 0 0
          0 0 0 0 0 -0 -0 -0 -0 -0 -0 -0
          -0 -0 -0 0 0 0 0 0 1.6224e-30 -2.64743e-31 2.52593e-30 -9.48309e-32
          -1.68765e-30 -1.40242e-30 3.5582e-32 4.68905e-31 4.49567e-31 2.19414e-31 6.72415e-31 8.47764e-31 9.08994e-31 6.40126e-31 2.64231e-31 -1.47434e-31
          -4.8174e-31 -5.10809e-31 -4.94315e-31 -3.82691e-31 -2.79156e-31 -1.92368e-31 -1.1862e-31 -5.42664e-32 -4.46066e-33 2.57641e-32 3.74388e-32 3.60592e-32
          2.80418e-32 1.84862e-32 1.03788e-32 4.80672e-33 1.62389e-33 1.54202e-34 -3.25482e-34 -3.64279e-34 -2.6231e-34 -1.53569e-34 -7.79904e-35 -3.52823e-35
          -1.43914e-35 -5.31612e-36 -1.77562e-36 -5.31565e-37 -1.39564e-37 -3.04265e-38 0 0 0 0 0 0
          0 0 0 0 0 0 0 0 0 -0 -0 -0
          -0 -0 -0 -0 -0 -0 -0 -0 -0 -0 -0 -0
          -0 0 0 0 0 0 0 0 0 0 0 0
          -0 -0 -0 -0 -0 -0 -0 -0 -0 0 0 0
          0 -1.97436e-31 5.60269e-31 1.46717e-30 -5.54442e-31 -8.17632e-31 -5.85108e-32 9.08836e-31 6.87328e-31 1.91398e-31 4.32428e-31 1.28134e-30
          1.62963e-30 1.14257e-30 9.82606e-31 6.02709e-31 -1.65294e-31 -6.6499e-31 -6.79227e-31 -5.63091e-31 -3.84621e-31 -2.50853e-31 -1.5012e-31 -6.41955e-32
          1.14468e-32 6.47847e-32 8.95766e-32 9.0081e-32 7.55202e-32 5.49686e-32 3.51047e-32 1.95199e-32 9.16222e-33 3.30049e-33 5.56992e-34 -3.96704e-34
          -5.41336e-34 -4.10627e-34 -2.46979e-34 -1.27911e-34 -5.89037e-35 -2.44829e-35 -9.247e-36 -3.17808e-36 -9.90218e-37 -2.76624e-37 -6.75297e-38 -1.34889e-38
          0 0 0 0 0 0 0 0 0 0 0 0
          0 0 0 0 -0 -0 -0 -0 -0 -0 -0 -0
          -0 -0 -0 -0 -0 -0 -0 -0 0 0 0 0
          0 0 0 0 0 0 0 -0 -0 -0 -0 -0
          -0 -0 -0 0 0 0 -4.192e-31 4.56079e-31 5.16009e-31 2.02859e-31 4.35624e-32 1.42513e-30
          1.83049e-30 -5.55005e-31 -1.06686e-31 1.05993e-30 1.48619e-30 2.03089e-30 3.51458e-30 1.31395e-30 1.54718e-30 -6.13381e-32 -5.9926e-31 -6.53921e-31
          -3.60161e-31 -1.84119e-31 -8.37682e-32 9.86354e-33 1.03111e-31 1.75215e-31 2.11868e-31 2.10995e-31 1.8307e-31 1.41943e-31 9.90168e-32 6.19333e-32
          3.43042e-32 1.63577e-32 6.23932e-33 1.42545e-33 -3.48636e-34 -7.23278e-34 -5.91904e-34 -3.68708e-34 -1.95421e-34 -9.1728e-35 -3.88369e-35 -1.49658e-35
          -5.26792e-36 -1.69273e-36 -4.93821e-37 -1.29061e-37 -2.93185e-38 0 0 0 0 0 0 0
          0 0 0 0 0 0 0 0 0 0 -0 -0
          -0 -0 -0 -0 -0 -0 -0 -0 -0 -0 -0 -0
          -0 -0 0 0 0 0 0 0 0 0 0 0
          0 0 -0 -0 -0 -0 -0 -0 -0 -0 0 -5.87501e-31
          2.11607e-31 3.09545e-31 8.95326e-31 9.20579e-31 9.48366e-31 -9.45285e-31 -1.64654e-30 9.37684e-32 7.39453e-31 1.62715e-30 2.00792e-30 3.69817e-30
          1.26166e-30 6.23627e-31 -4.58782e-31 -7.11557e-31 -4.20562e-31 2.11138e-32 1.40472e-31 2.19101e-31 3.40704e-31 4.40715e-31 4.81462e-31 4.67937e-31
          4.10939e-31 3.30003e-31 2.4364e-31 1.6504e-31 1.01736e-31 5.62932e-32 2.72638e-32 1.09123e-32 3.00431e-33 -6.14178e-35 -8.55884e-34 -7.83947e-34
          -5.10789e-34 -2.78177e-34 -1.33311e-34 -5.7507e-35 -2.25844e-35 -8.1194e-36 -2.67638e-36 -8.07173e-37 -2.21182e-37 -5.42158e-38 0 0
          0 0 0 0 0 0 0 0 0 0 0 0
          0 0 0 0 -0 -0 -0 -0 -0 -0 -0 -0
          -0 -0 -0 -0 -0 -0 -0 -0 -0 0 0 0
          0 0 0 0 0 0 0 0 -0 -0 -0 -0
          -0 -0 -0 0 -6.68867e-31 -7.58897e-33 1.98313e-31 6.30564e-31 5.85508e-31 4.94795e-31 -1.16303e-30 -1.17884e-30
          -1.11461e-30 1.14948e-31 1.71486e-30 1.40633e-30 1.33106e-30 5.1896e-31 -1.57696e-30 -7.66258e-31 -1.07211e-31 3.8102e-31 6.63794e-31 7.60258e-31
          8.06409e-31 9.37146e-31 1.00913e-30 9.70821e-31 8.58381e-31 7.0616e-31 5.41453e-31 3.86809e-31 2.56428e-31 1.56368e-31 8.65397e-32 4.25091e-32
          1.7705e-32 5.52857e-33 6.01722e-34 -8.64851e-34 -9.49516e-34 -6.56107e-34 -3.69004e-34 -1.80931e-34 -7.95712e-35 -3.18324e-35 -1.16691e-35 -3.93282e-36
          -1.2188e-36 -3.46184e-37 -8.93747e-38 -2.06022e-38 0 0 0 0 0 0 0 0
          0 0 0 0 0 0 0 0 0 0 -0 -0
          -0 -0 -0 -0 -0 -0 -0 -0 -0 -0 -0 -0
          -0 -0 -0 0 0 0 0 0 0 0 0 0
          0 0 0 -0 -0 -0 -0 -0 0 -6.07657e-31 -4.39442e-32 1.36818e-31
          4.14125e-31 3.60264e-31 2.13398e-31 -2.44232e-31 -8.99161e-31 1.72224e-31 6.673e-31 1.00679e-30 3.9569e-31 6.804e-32 4.91042e-32 -5.73062e-31
          1.63862e-30 2.06158e-30 1.75164e-30 1.69497e-30 1.80618e-30 1.7689e-30 1.82436e-30 1.80843e-30 1.64952e-30 1.39456e-30 1.1064e-30 8.23301e-31
          5.74493e-31 3.74551e-31 2.26419e-31 1.25335e-31 6.23063e-32 2.68078e-32 9.1631e-33 1.76462e-33 -6.68545e-34 -1.04079e-33 -7.79486e-34 -4.55894e-34
          -2.29368e-34 -1.02957e-34 -4.19578e-35 -1.56688e-35 -5.3881e-36 -1.70929e-36 -4.99797e-37 -1.34136e-37 -3.27301e-38 0 0 0
          0 0 0 0 0 0 0 0 0 0 0 0
          0 0 0 0 0 -0 -0 -0 -0 -0 -0 -0
          -0 -0 -0 -0 -0 -0 -0 -0 -0 -0 0 0
          0 0 0 0 0 0 0 0 0 0 -0 -0
          -0 0 -4.57747e-31 -3.44614e-32 1.28017e-31 3.22065e-31 3.35401e-31 1.97493e-31 2.38278e-31 3.26227e-31 8.14114e-31 5.51265e-31
          1.23877e-30 3.69021e-31 1.10977e-30 2.23465e-30 2.49574e-30 3.19133e-30 3.87401e-30 2.99294e-30 2.82261e-30 3.03811e-30 3.08146e-30 3.00185e-30
          2.84433e-30 2.51991e-30 2.08147e-30 1.61337e-30 1.17536e-30 8.05533e-31 5.18343e-31 3.11015e-31 1.72086e-31 8.63578e-32 3.81438e-32 1.39513e-32
          3.50556e-33 -1.96325e-34 -1.00851e-33 -8.51762e-34 -5.23602e-34 -2.71451e-34 -1.24592e-34 -5.17543e-35 -1.96827e-35 -6.8973e-36 -2.23431e-36 -6.69632e-37
          -1.8537e-37 -4.71639e-38 0 0 0 0 0 0 0 0 0 0
          0 0 0 0 0 0 0 0 0 0 0 -0
          -0 -0 -0 -0 -0 -0 -0 -0 -0 -0 -0 -0
          -0 -0 -0 -0 0 0 0 0 0 0 0 0
          0 0 0 0 -0 -0 0 -3.05884e-31 -1.73633e-33 1.40167e-31 2.97516e-31 3.25242e-31
          3.63432e-31 4.88843e-31 5.94828e-31 6.11793e-31 4.19639e-31 1.17261e-30 1.50782e-30 2.43006e-30 3.0404e-30 3.73697e-30 3.46184e-30 4.90437e-30
          4.66182e-30 4.49225e-30 4.62779e-30 4.64772e-30 4.38614e-30 4.05578e-30 3.54087e-30 2.89051e-30 2.20942e-30 1.58693e-30 1.0741e-30 6.84381e-31
          4.07994e-31 2.25458e-31 1.13929e-31 5.13795e-32 1.97973e-32 5.8343e-33 5.93183e-34 -8.13674e-34 -8.46167e-34 -5.56741e-34 -2.99396e-34 -1.4093e-34
          -5.9748e-35 -2.31472e-35 -8.26127e-36 -2.72865e-36 -8.35877e-37 -2.37505e-37 -6.24569e-38 -1.51174e-38 0 0 0 0
          0 0 0 0 0 0 0 0 0 0 0 0
          0 0 0 0 0 -0 -0 -0 -0 -0 -0 -0
          -0 -0 -0 -0 -0 -0 -0 -0 -0 -0 -0 0
          0 0 0 0 0 0 0 0 0 0 0 0
          -1.81815e-31 3.52246e-32 1.63199e-31 2.77844e-31 3.26722e-31 4.18523e-31 4.71805e-31 5.47442e-31 6.25026e-31 8.79169e-31 1.52955e-30 2.14391e-30
          3.1474e-30 3.65277e-30 4.64607e-30 5.01529e-30 5.71619e-30 6.30311e-30 6.0787e-30 6.16299e-30 6.12519e-30 5.84845e-30 5.39112e-30 4.68909e-30
          3.79175e-30 2.87286e-30 2.04709e-30 1.37458e-30 8.68886e-31 5.14725e-31 2.83747e-31 1.44014e-31 6.59904e-32 2.64782e-32 8.68262e-33 1.69806e-33
          -4.38843e-34 -7.45534e-34 -5.43699e-34 -3.067e-34 -1.48776e-34 -6.45239e-35 -2.54898e-35 -9.26638e-36 -3.11841e-36 -9.74745e-37 -2.83399e-37 -7.66093e-38
          -1.92051e-38 0 0 0 0 0 0 0 0 0 0 0
          0 0 0 0 0 0 0 0 0 0 0 -0
          -0 -0 -0 -0 -0 -0 -0 -0 -0 -0 -0 -0
          -0 -0 -0 -0 -0 0 0 0 0 0 0 0
          0 0 0 0 0 -7.98548e-32 8.01063e-32 1.8205e-31 2.60256e-31 3.13489e-31 3.9138e-31 4.46757e-31
          5.89252e-31 7.99214e-31 1.17272e-30 1.77315e-30 2.54704e-30 3.4445e-30 4.56706e-30 5.22734e-30 5.83139e-30 6.59541e-30 7.85682e-30 7.89792e-30
          7.93642e-30 7.82825e-30 7.46042e-30 6.92198e-30 5.96508e-30 4.76766e-30 3.58516e-30 2.54231e-30 1.69794e-30 1.06631e-30 6.27809e-31 3.44888e-31
          1.75407e-31 8.13131e-32 3.36647e-32 1.19049e-32 3.06558e-33 1.03641e-34 -5.48345e-34 -4.80284e-34 -2.9005e-34 -1.4618e-34 -6.51087e-35 -2.6279e-35
          -9.73888e-36 -3.33925e-36 -1.06416e-36 -3.15995e-37 -8.75127e-38 -2.25874e-38 0 0 0 0 0 0
          0 0 0 0 0 0 0 0 0 0 0 0
          0 0 0 0 0 0 -0 -0 -0 -0 -0 -0
          -0 -0 -0 -0 -0 -0 -0 -0 -0 -0 -0 -0
          0 0 0 0 0 0 0 0 0 0 7.78493e-33 1.25968e-31
          1.97076e-31 2.49756e-31 2.96152e-31 3.64428e-31 4.68121e-31 6.58419e-31 9.58996e-31 1.39213e-30 2.06078e-30 2.89052e-30 4.0638e-30 5.15141e-30
          6.15727e-30 7.67602e-30 8.84609e-30 9.48985e-30 9.66516e-30 9.72238e-30 9.79031e-30 9.2807e-30 8.45e-30 7.19737e-30 5.73326e-30 4.30491e-30
          3.04659e-30 2.02821e-30 1.26747e-30 7.42266e-31 4.06227e-31 2.06682e-31 9.6574e-32 4.09443e-32 1.52886e-32 4.59403e-33 7.69638e-34 -2.71432e-34
          -3.71814e-34 -2.50604e-34 -1.33113e-34 -6.1287e-35 -2.53584e-35 -9.59722e-36 -3.35529e-36 -1.09009e-36 -3.30307e-37 -9.35326e-38 -2.47662e-38 0
          0 0 0 0 0 0 0 0 0 0 0 0
          0 0 0 0 0 0 0 0 0 0 0 0
          -0 -0 -0 -0 -0 -0 -0 -0 -0 -0 -0 -0
          -0 -0 -0 -0 -0 -0 0 0 0 0 0 0
          0 0 0 9.06819e-32 1.68471e-31 2.12394e-31 2.48488e-31 2.97357e-31 3.81572e-31 5.20485e-31 7.40437e-31 1.10364e-30
          1.6082e-30 2.32815e-30 3.32769e-30 4.36054e-30 5.95685e-30 7.04313e-30 8.48352e-30 9.97118e-30 1.13717e-29 1.05807e-29 1.11121e-29 1.15064e-29
          1.09355e-29 9.7651e-30 8.26305e-30 6.60659e-30 4.97985e-30 3.53e-30 2.34687e-30 1.46152e-30 8.52204e-31 4.64727e-31 2.36283e-31 1.10949e-31
          4.78649e-32 1.85829e-32 6.14798e-33 1.49007e-33 5.24482e-35 -2.32593e-34 -1.9407e-34 -1.1164e-34 -5.37261e-35 -2.29154e-35 -8.8836e-36 -3.17204e-36
          -1.0514e-36 -3.25076e-37 -9.40361e-38 -2.54926e-38 0 0 0 0 0 0 0 0
          0 0 0 0 0 0 0 0 0 0 0 0
          0 0 0 0 0 0 0 -0 -0 -0 -0 -0
          -0 -0 -0 -0 -0 -0 -0 -0 -0 -0 -0 -0
          -0 0 0 0 0 0 0 0 1.69384e-31 2.05914e-31 2.31829e-31 2.6652e-31
          3.22816e-31 4.20305e-31 5.8139e-31 8.28232e-31 1.23053e-30 1.79221e-30 2.5526e-30 3.57532e-30 4.73506e-30 6.14716e-30 7.6348e-30 8.28798e-30
          9.84559e-30 1.14374e-29 1.19056e-29 1.27102e-29 1.29942e-29 1.22402e-29 1.0942e-29 9.24861e-30 7.41474e-30 5.60339e-30 3.97502e-30 2.63931e-30
          1.63905e-30 9.52298e-31 5.17587e-31 2.62771e-31 1.23688e-31 5.40072e-32 2.1544e-32 7.58604e-33 2.18609e-33 3.82036e-34 -8.26547e-35 -1.29439e-34
          -8.5486e-35 -4.38511e-35 -1.94527e-35 -7.76137e-36 -2.83812e-36 -9.61215e-37 -3.03452e-37 -8.96639e-38 -2.48613e-38 0 0 0
          0 0 0 0 0 0 -0 0 0 0 0 0
          0 0 0 0 0 0 0 0 0 0 0 0
          0 -0 -0 -0 -0 -0 -0 -0 -0 -0 -0 -0
          -0 -0 -0 -0 -0 -0 -0 -0 0 0 0 0
          0 2.17415e-31 2.37582e-31 2.60529e-31 2.98108e-31 3.61304e-31 4.68085e-31 6.4546e-31 9.09276e-31 1.33197e-30 1.89584e-30 2.66886e-30
          3.69952e-30 4.93562e-30 6.51987e-30 7.99339e-30 9.52053e-30 1.08943e-29 1.25815e-29 1.442e-29 1.51925e-29 1.47949e-29 1.36793e-29 1.20741e-29
          1.02033e-29 8.18035e-30 6.17555e-30 4.37203e-30 2.89557e-30 1.7929e-30 1.03825e-30 5.62498e-31 2.84981e-31 1.34205e-31 5.90488e-32 2.39807e-32
          8.79033e-33 2.78679e-33 6.77206e-34 5.69957e-35 -6.68405e-35 -5.91542e-35 -3.3511e-35 -1.56734e-35 -6.47847e-36 -2.43474e-36 -8.44218e-37 -2.72388e-37
          -8.22222e-38 -2.33015e-38 0 0 0 0 0 0 0 0 0 0
          -0 0 0 0 0 0 0 0 0 0 0 0
          0 0 0 0 0 0 0 0 -0 -0 -0 -0
          -0 -0 -0 -0 -0 -0 -0 -0 -0 -0 -0 -0
          -0 -0 -0 0 0 0 2.62893e-31 2.6812e-31 2.91294e-31 3.32528e-31 4.00499e-31 5.13295e-31
          6.95955e-31 9.71196e-31 1.38066e-30 1.9657e-30 2.77388e-30 3.85784e-30 5.18758e-30 6.97745e-30 9.01923e-30 1.10301e-29 1.33109e-29 1.57569e-29
          1.64354e-29 1.69335e-29 1.63054e-29 1.49584e-29 1.31454e-29 1.10747e-29 8.8509e-30 6.65999e-30 4.69939e-30 3.10277e-30 1.91548e-30 1.10587e-30
          5.9736e-31 3.01946e-31 1.42082e-31 6.2781e-32 2.5774e-32 9.68378e-33 3.24148e-33 9.06634e-34 1.68637e-34 -1.5409e-35 -3.69478e-35 -2.45678e-35
          -1.23209e-35 -5.30992e-36 -2.05639e-36 -7.30645e-37 -2.40898e-37 -7.42147e-38 -2.14596e-38 0 0 0 0 0
          0 0 0 0 0 -0 -0 0 0 0 0 0
          0 0 0 0 0 0 0 0 0 0 0 0
          0 0 -0 -0 -0 -0 -0 -0 -0 -0 -0 -0
          -0 -0 -0 -0 -0 -0 -0 -0 -0 0 0 2.88692e-31
          2.92925e-31 3.16808e-31 3.60592e-31 4.34025e-31 5.52288e-31 7.35082e-31 1.0057e-30 1.40665e-30 1.98791e-30 2.82135e-30 4.01333e-30 5.57481e-30
          7.54292e-30 9.6625e-30 1.20747e-29 1.44923e-29 1.65827e-29 1.78359e-29 1.78e-29 1.71171e-29 1.57757e-29 1.39124e-29 1.17058e-29 9.32851e-30
          6.99861e-30 4.92453e-30 3.24314e-30 1.99734e-30 1.15039e-30 6.19968e-31 3.1276e-31 1.46997e-31 6.50792e-32 2.68662e-32 1.02285e-32 3.52194e-33
          1.05064e-33 2.40047e-34 1.8092e-35 -2.22359e-35 -1.85477e-35 -1.0029e-35 -4.49847e-36 -1.78928e-36 -6.48967e-37 -2.17749e-37 -6.8161e-38 -2.00118e-38
          0 0 0 0 0 0 0 0 0 0 -0 -0
          -0 0 0 0 0 0 0 0 0 0 0 0
          0 0 0 0 0 0 0 0 -0 -0 -0 -0
          -0 -0 -0 -0 -0 -0 -0 -0 -0 -0 -0 -0
          -0 -0 -0 0 2.96782e-31 3.02243e-31 3.27059e-31 3.72499e-31 4.47335e-31 5.64562e-31 7.45744e-31 1.01804e-30
          1.42459e-30 2.02975e-30 2.84961e-30 4.04904e-30 5.72024e-30 7.63842e-30 1.01024e-29 1.26284e-29 1.49197e-29 1.66723e-29 1.77607e-29 1.78914e-29
          1.73159e-29 1.6061e-29 1.42204e-29 1.1969e-29 9.52587e-30 7.13487e-30 5.01247e-30 3.29642e-30 2.02763e-30 1.16651e-30 6.28e-31 3.16541e-31
          1.48681e-31 6.58602e-32 2.72334e-32 1.04111e-32 3.61643e-33 1.09958e-33 2.6455e-34 2.96935e-35 -1.70976e-35 -1.64285e-35 -9.21619e-36 -4.20853e-36
          -1.69309e-36 -6.19308e-37 -2.09261e-37 -6.59148e-38 -1.9466e-38 0 0 0 0 0 0 0
          0 0 0 -0 -0 -0 0 0 0 0 0 0
          0 0 0 0 0 0 0 0 0 0 0 0
          0 0 -0 -0 -0 -0 -0 -0 -0 -0 -0 -0
          -0 -0 -0 -0 -0 -0 -0 -0 0
        </DataArray>
        <DataArray type="Float32" Name="x^H2_gas" NumberOfComponents="1" format="ascii">
          0.22468 0.262835 0.302441 0.327206 0.26909 0.322406 0.266383 0.310195 0.257097 0.293733 0.242968 0.274102
          0.225302 0.252046 0.205163 0.228268 0.183485 0.203467 0.161108 0.178339 0.138793 0.153555 0.117212 0.129735
          0.0969364 0.107423 0.0784184 0.087061 0.0619793 0.0689696 0.0478004 0.0533346 0.0359266 0.0402047 0.0262803 0.0295022
          0.018685 0.0210439 0.0128949 0.0145708 0.00862642 0.00977951 0.0055868 0.00635394 0.00349846 0.00399118 0.00211576 0.00242085
          0.00123443 0.00141633 0.000694152 0.000798469 0.000375907 0.000433394 0.000195914 0.000226335 9.82183e-05 0.00011367 4.73483e-05 5.48794e-05
          2.19424e-05 2.54643e-05 9.7734e-06 1.13535e-05 4.17999e-06 4.85942e-06 1.71642e-06 1.99645e-06 6.85983e-07 7.98027e-07 2.6382e-07 3.06904e-07
          9.76685e-08 1.13596e-07 3.48245e-08 4.04886e-08 1.19667e-08 1.39058e-08 3.96571e-09 4.6052e-09 1.26823e-09 1.47155e-09 3.91612e-10 4.53972e-10
          1.16818e-10 1.35279e-10 3.36781e-11 3.8956e-11 9.38723e-12 1.0845e-11 2.53071e-12 2.91992e-12 6.6013e-13 7.60613e-13 1.66675e-13 1.91773e-13
          4.07531e-14 4.68204e-14 9.65438e-15 1.10749e-14 2.21733e-15 2.53964e-15 4.94058e-16 5.64982e-16 1.06876e-16 1.22022e-16 2.24618e-17 2.56035e-17
          4.58962e-18 5.22303e-18 9.12393e-19 1.03661e-18 1.7659e-19 2.00301e-19 3.32993e-20 3.77084e-20 6.122e-21 6.92119e-21 1.09806e-21 1.23937e-21
          1.92265e-22 2.16654e-22 3.28819e-23 3.69927e-23 5.49545e-24 6.17248e-24 8.97892e-25 1.00689e-24 1.43483e-25 1.60644e-25 2.24352e-26 2.50786e-26
          3.43435e-27 3.83295e-27 5.14979e-28 5.73851e-28 7.56849e-29 8.42067e-29 1.09076e-29 1.21172e-29 1.54222e-30 1.71063e-30 2.14003e-31 2.37018e-31
          2.91542e-32 3.22416e-32 3.90055e-33 4.30729e-33 5.12671e-34 5.65311e-34 6.62214e-35 7.29165e-35 8.40951e-36 9.24668e-36 1.05033e-36 1.15329e-36
          1.29072e-37 1.41529e-37 1.56111e-38 1.70947e-38 0 0 0 0 0 0 0 0
          0 0 0 0 0 0 0 0 0 0 0 0
          0 0 0 0 0 0 0 0 0 0 0 0
          0 0 0 0 0 0 0 0 0 0 0.373566 0.398465
          0.39772 0.384195 0.363731 0.339023 0.311537 0.282268 0.252032 0.221571 0.191585 0.162729 0.135594 0.110678
          0.0883664 0.0689052 0.0523948 0.0387903 0.027918 0.0195031 0.0132047 0.00865215 0.00547887 0.00334867 0.00197315 0.00111969
          0.000611357 0.000320961 0.000161937 7.84923e-05 3.65425e-05 1.63374e-05 7.00755e-06 2.88356e-06 1.15354e-06 4.43786e-07 1.64251e-07 5.85172e-08
          2.00812e-08 6.64254e-09 2.11941e-09 6.52676e-10 1.94095e-10 5.57664e-11 1.54865e-11 4.15852e-12 1.08021e-12 2.71547e-13 6.60929e-14 1.55838e-14
          3.5619e-15 7.89739e-16 1.69981e-16 3.55426e-17 7.22508e-18 1.42887e-18 2.75111e-19 5.16062e-20 9.43805e-21 1.68399e-21 2.93319e-22 4.9903e-23
          8.29678e-24 1.34858e-24 2.1439e-25 3.33502e-26 5.07911e-27 7.57742e-28 1.10802e-28 1.58887e-29 2.23534e-30 3.08657e-31 4.18441e-32 5.5713e-33
          7.28769e-34 9.36896e-35 1.18421e-35 1.47223e-36 1.80091e-37 2.16837e-38 0 0 0 0 0 0
          0 0 0 0 0 0 0 0 0 0 0 0
          0 0 0 0.44779 0.470903 0.473026 0.460735 0.439698 0.412989 0.382431 0.349275 0.314517
          0.279034 0.243644 0.20912 0.176185 0.145484 0.117555 0.0927965 0.0714421 0.0535525 0.0390194 0.0275891 0.0188995
          0.012524 0.00801621 0.00494927 0.00294389 0.00168511 0.00092738 0.000490331 0.000248943 0.000121324 5.67467e-05 2.54698e-05 1.09596e-05
          4.52113e-06 1.81157e-06 6.97691e-07 2.58373e-07 9.20588e-08 3.15806e-08 1.04384e-08 3.32673e-09 1.02295e-09 3.03662e-10 8.70653e-11 2.41222e-11
          6.46094e-12 1.67369e-12 4.19515e-13 1.01795e-13 2.39254e-14 5.45039e-15 1.20433e-15 2.5831e-16 5.38191e-17 1.09006e-17 2.14781e-18 4.11995e-19
          7.69935e-20 1.40278e-20 2.49343e-21 4.32654e-22 7.33273e-23 1.21446e-23 1.96645e-24 3.11417e-25 4.82579e-26 7.32135e-27 1.08808e-27 1.58499e-28
          2.2642e-29 3.17339e-30 4.36532e-31 5.89579e-32 7.82061e-33 1.0192e-33 1.30545e-34 1.64401e-35 2.03644e-36 2.48211e-37 2.97786e-38 0
          0 0 0 0 0 0 0 0 0 0 0 0
          0 0 0 0 0 0 0 0 0.522479 0.543104 0.546503 0.535452
          0.514818 0.48753 0.455448 0.419899 0.381957 0.34257 0.302623 0.262973 0.224453 0.187858 0.153911 0.123217
          0.0962131 0.0731434 0.0540393 0.0387321 0.0268851 0.0180432 0.0116895 0.00730018 0.00438892 0.00253727 0.00140908 0.000751154
          0.000384162 0.000188434 8.86295e-05 3.99699e-05 1.7268e-05 7.14666e-06 2.8703e-06 1.10738e-06 4.1059e-07 1.46397e-07 5.02325e-08 1.65999e-08
          5.28713e-09 1.62416e-09 4.815e-10 1.37834e-10 3.8117e-11 1.01881e-11 2.63315e-12 6.58381e-13 1.59337e-13 3.73465e-14 8.48328e-15 1.86889e-15
          3.99611e-16 8.29963e-17 1.67559e-17 3.2907e-18 6.29128e-19 1.17176e-19 2.12766e-20 3.76897e-21 6.5174e-22 1.10078e-22 1.81682e-23 2.93156e-24
          4.62643e-25 7.14422e-26 1.08009e-26 1.59961e-27 2.32201e-28 3.30551e-29 4.61674e-30 6.32881e-31 8.51817e-32 1.12603e-32 1.46244e-33 1.86678e-34
          2.34297e-35 2.89244e-36 3.51363e-37 4.20135e-38 0 0 0 0 0 0 0 0
          0 0 0 0 0 0 0 0 0 0 0 0
          0 0.594908 0.61303 0.616797 0.60676 0.586872 0.55971 0.526995 0.490033 0.44992 0.407642 0.364115
          0.320222 0.276844 0.234865 0.19515 0.158502 0.125587 0.0968822 0.0726245 0.0528007 0.0371637 0.0252789 0.0165897
          0.0104879 0.00637845 0.00372722 0.0020905 0.00112449 0.000579775 0.00028644 0.000135575 6.14739e-05 2.66813e-05 1.1085e-05 4.46501e-06
          1.72658e-06 6.41266e-07 2.28912e-07 7.85985e-08 2.59792e-08 8.27278e-09 2.53984e-09 7.52267e-10 2.1508e-10 5.93908e-11 1.58469e-11 4.08785e-12
          1.01996e-12 2.46289e-13 5.75884e-14 1.30483e-14 2.86704e-15 6.11377e-16 1.26624e-16 2.54908e-17 4.99158e-18 9.51488e-19 1.76687e-19 3.19855e-20
          5.64875e-21 9.73808e-22 1.63969e-22 2.69793e-23 4.33981e-24 6.82758e-25 1.05105e-25 1.58407e-26 2.33869e-27 3.3843e-28 4.80278e-29 6.68714e-30
          9.13864e-31 1.22621e-31 1.61596e-32 2.09232e-33 2.66267e-34 3.33173e-35 4.10068e-36 4.96639e-37 5.92071e-38 0 0 0
          0 0 0 0 0 0 0 0 0 0 0 0
          0 0 0 0 0 0 0.662648 0.678503 0.682224 0.673118 0.65428 0.627818
          0.595199 0.557615 0.516146 0.471808 0.425554 0.378287 0.330897 0.284289 0.239403 0.19718 0.158491 0.124055
          0.094357 0.0695972 0.049684 0.0342638 0.0227868 0.0145898 0.00898034 0.00530707 0.00300786 0.00163351 0.000849568 0.000422986
          0.000201569 9.19405e-05 4.01074e-05 1.67348e-05 6.76314e-06 2.62221e-06 9.75921e-07 3.48899e-07 1.19915e-07 3.96559e-08 1.26289e-08 3.87603e-09
          1.14728e-09 3.27703e-10 9.03786e-11 2.408e-11 6.20129e-12 1.54444e-12 3.72186e-13 8.68401e-14 1.96317e-14 4.30337e-15 9.15412e-16 1.89114e-16
          3.79721e-17 7.41598e-18 1.40983e-18 2.61086e-19 4.71347e-20 8.30111e-21 1.42708e-21 2.39617e-22 3.93158e-23 6.30643e-24 9.89354e-25 1.51872e-25
          2.28245e-26 3.36025e-27 4.84888e-28 6.86183e-29 9.52722e-30 1.29834e-30 1.73723e-31 2.28305e-32 2.94788e-33 3.74112e-34 4.66834e-35 5.73012e-36
          6.921e-37 8.22866e-38 0 0 0 0 0 0 0 0 0 0
          0 0 0 0 0 0 0 0 0 0 0 0.723763
          0.737643 0.741163 0.73302 0.71556 0.690381 0.658602 0.621205 0.579188 0.533571 0.485361 0.435508 0.384915
          0.334484 0.285166 0.237968 0.193909 0.153923 0.11875 0.0888423 0.0643203 0.0449724 0.0303108 0.0196582 0.0122491
          0.00732271 0.0041951 0.00230095 0.00120756 0.000606083 0.000290889 0.00013351 5.8553e-05 2.45444e-05 9.95491e-06 3.87096e-06 1.44397e-06
          5.17119e-07 1.77943e-07 5.88876e-08 1.87586e-08 5.75659e-09 1.7031e-09 4.86085e-10 1.33919e-10 3.56348e-11 9.16333e-12 2.27833e-12 5.48045e-13
          1.27622e-13 2.87914e-14 6.29749e-15 1.33657e-15 2.75475e-16 5.518e-17 1.07504e-17 2.03864e-18 3.76586e-19 6.78136e-20 1.19124e-20 2.04264e-21
          3.42089e-22 5.59836e-23 8.95666e-24 1.40147e-24 2.14574e-25 3.21637e-26 4.72286e-27 6.79744e-28 9.5944e-29 1.32868e-29 1.80603e-30 2.41035e-31
          3.15957e-32 4.0693e-33 5.15127e-34 6.41185e-35 7.85053e-36 9.45858e-37 1.12179e-37 1.31006e-38 0 0 0 0
          0 0 0 0 0 0 0 0 0 0 0 0
          0 0 0 0 0.776984 0.789161 0.792436 0.785306 0.769512 0.746152 0.715947 0.679586
          0.637887 0.59182 0.542429 0.490734 0.437692 0.38421 0.331225 0.279753 0.230889 0.185732 0.145256 0.110177
          0.0808671 0.0573112 0.0391399 0.0257102 0.0162167 0.00980721 0.0056795 0.00314654 0.00166644 0.000843277 0.000407682 0.000188309
          8.30358e-05 3.49748e-05 1.42382e-05 5.55328e-06 2.0765e-06 7.45002e-07 2.56693e-07 8.5018e-08 2.70926e-08 8.31399e-09 2.45883e-09 7.01312e-10
          1.93035e-10 5.13058e-11 1.31751e-11 3.27079e-12 7.85455e-13 1.82576e-13 4.11096e-14 8.97362e-15 1.90053e-15 3.90859e-16 7.81173e-17 1.51844e-17
          2.87281e-18 5.29433e-19 9.51118e-20 1.66679e-20 2.85122e-21 4.76357e-22 7.77686e-23 1.24119e-23 1.93742e-24 2.95913e-25 4.42489e-26 6.48175e-27
          9.30647e-28 1.31043e-28 1.81041e-29 2.45497e-30 3.26867e-31 4.27458e-32 5.49242e-33 6.93657e-34 8.61404e-35 1.05226e-35 1.26489e-36 1.49675e-37
          1.74399e-38 0 0 0 0 0 0 0 0 0 0 0
          0 0 0 0 0 0 0 0 0 0.821769 0.832471 0.835492
          0.829392 0.815444 0.794307 0.766306 0.731778 0.691279 0.645634 0.595871 0.543083 0.48831 0.432504 0.376594
          0.321572 0.268553 0.218736 0.173286 0.133175 0.0990437 0.0711168 0.0491951 0.0327199 0.0208862 0.0127753 0.00747762
          0.00418406 0.00223595 0.00114071 0.000555472 0.000258203 0.000114467 4.84489e-05 1.97968e-05 7.74462e-06 2.90287e-06 1.0434e-06 3.59983e-07
          1.19329e-07 3.80424e-08 1.16746e-08 3.45169e-09 9.83912e-10 2.70591e-10 7.18419e-11 1.84254e-11 4.56769e-12 1.09518e-12 2.54139e-13 5.71199e-14
          1.24448e-14 2.63051e-15 5.39883e-16 1.07676e-16 2.08854e-17 3.94286e-18 7.25043e-19 1.29965e-19 2.27251e-20 3.87869e-21 6.46564e-22 1.05319e-22
          1.67711e-23 2.61197e-24 3.98044e-25 5.93872e-26 8.67975e-27 1.24345e-27 1.74698e-28 2.40818e-29 3.25836e-30 4.32881e-31 5.64861e-32 7.24218e-33
          9.12668e-34 1.13095e-34 1.37858e-35 1.65365e-36 1.95266e-37 2.27044e-38 0 0 0 0 0 0
          0 0 0 0 0 0 0 0 0 0 0 0
          0 0 0.858237 0.867659 0.870424 0.865317 0.853266 0.834575 0.809215 0.777166 0.738655 0.694277
          0.644965 0.591841 0.53604 0.478595 0.420457 0.362593 0.306096 0.252208 0.20223 0.157358 0.118506 0.0861609
          0.0603396 0.0406157 0.0262269 0.016219 0.00959203 0.00541863 0.00292115 0.00150208 0.000736587 0.000344497 0.000153506 6.52856e-05
          2.67719e-05 1.05038e-05 3.94615e-06 1.4209e-06 4.90846e-07 1.6284e-07 5.19347e-08 1.59385e-08 4.711e-09 1.34213e-09 3.6881e-10 9.78204e-11
          2.50584e-11 6.2037e-12 1.48524e-12 3.44109e-13 7.7211e-14 1.67923e-14 3.54292e-15 7.25762e-16 1.44466e-16 2.79656e-17 5.26886e-18 9.66903e-19
          1.72963e-19 3.0181e-20 5.14055e-21 8.55127e-22 1.39001e-22 2.20886e-23 3.43295e-24 5.22065e-25 7.77288e-26 1.13369e-26 1.62076e-27 2.2724e-28
          3.12604e-29 4.22103e-30 5.59638e-31 7.28794e-32 9.32529e-33 1.17285e-33 1.45049e-34 1.76462e-35 2.11259e-36 2.48976e-37 2.88937e-38 0
          0 0 0 0 0 0 0 0 0 0 0 0
          0 0 0 0 0 0 0 0.887024 0.89534 0.897842 0.893649 0.883437
          0.867235 0.84473 0.815574 0.779653 0.737265 0.689163 0.636435 0.580286 0.521852 0.462137 0.4021 0.342796
          0.285459 0.231473 0.182217 0.138856 0.102158 0.0723822 0.0492793 0.032172 0.0201042 0.0120074 0.00684478 0.00372077
          0.00192761 0.000951544 0.00044761 0.000200401 8.56239e-05 3.52287e-05 1.38588e-05 5.21766e-06 1.88176e-06 6.5079e-07 2.16057e-07 6.89299e-08
          2.11542e-08 6.25073e-09 1.7798e-09 4.88699e-10 1.29494e-10 3.31347e-11 8.19275e-12 1.95873e-12 4.53133e-13 1.01513e-13 2.20413e-14 4.64237e-15
          9.49301e-16 1.8862e-16 3.64456e-17 6.8537e-18 1.25537e-18 2.24137e-19 3.9036e-20 6.63602e-21 1.10178e-21 1.78751e-22 2.83506e-23 4.3977e-24
          6.675e-25 9.91922e-26 1.44399e-26 2.06045e-27 2.88341e-28 3.95913e-29 5.33596e-30 7.06145e-31 9.17889e-32 1.17233e-32 1.47177e-33 1.81688e-34
          2.2064e-35 2.63678e-36 3.10203e-37 3.59357e-38 0 0 0 0 0 0 0 0
          0 0 0 0 0 0 0 0 0 0 0 0
          0.90912 0.916486 0.918702 0.915323 0.906818 0.893003 0.873354 0.847258 0.814282 0.774405 0.728136 0.676452
          0.620583 0.561759 0.501065 0.439474 0.378 0.31784 0.26041 0.20722 0.15966 0.118771 0.0850804 0.0585465
          0.0386171 0.0243692 0.0146882 0.00844402 0.00462561 0.00241301 0.00119844 0.000566739 0.000254812 0.000109342 4.51201e-05 1.77922e-05
          6.71093e-06 2.42366e-06 8.39003e-07 2.78701e-07 8.89358e-08 2.72917e-08 8.06152e-09 2.29408e-09 6.29428e-10 1.66628e-10 4.25906e-11 1.05182e-11
          2.51142e-12 5.80182e-13 1.29785e-13 2.81365e-14 5.91674e-15 1.20791e-15 2.39604e-16 4.62184e-17 8.67657e-18 1.5865e-18 2.82766e-19 4.91607e-20
          8.34256e-21 1.38269e-21 2.23932e-22 3.54542e-23 5.48999e-24 8.31838e-25 1.23398e-25 1.79325e-26 2.55441e-27 3.56854e-28 4.89151e-29 6.58141e-30
          8.69499e-31 1.12834e-31 1.43872e-32 1.80322e-33 2.22241e-34 2.69448e-35 3.21488e-36 3.77606e-37 4.36744e-38 0 0 0
          0 0 0 0 0 0 0 0 0 0 0 0
          0 0 0 0 0 0.925727 0.932246 0.934129 0.931464 0.924493 0.912864 0.895903
          0.872806 0.842877 0.805791 0.761779 0.711646 0.656589 0.597905 0.536765 0.474177 0.411123 0.348745 0.288447
          0.231823 0.180449 0.135622 0.0981437 0.0682075 0.0454188 0.0289206 0.0175775 0.010183 0.00561723 0.00294853 0.00147238
          0.000699542 0.000315657 0.000135978 5.62524e-05 2.2226e-05 8.39603e-06 3.03559e-06 1.05161e-06 3.49461e-07 1.11527e-07 3.42183e-08 1.01035e-08
          2.87345e-09 7.87791e-10 2.08362e-10 5.32034e-11 1.31243e-11 3.12986e-12 7.2212e-13 1.61317e-13 3.4923e-14 7.33318e-15 1.49485e-15 2.9607e-16
          5.70223e-17 1.06881e-17 1.95124e-18 3.47226e-19 6.02722e-20 1.0212e-20 1.68985e-21 2.73246e-22 4.31938e-23 6.67793e-24 1.01025e-24 1.4963e-25
          2.17108e-26 3.08784e-27 4.30711e-28 5.89487e-29 7.91937e-30 1.04469e-30 1.35364e-31 1.72345e-32 2.1569e-33 2.65442e-34 3.21358e-35 3.8287e-36
          4.49059e-37 5.18648e-38 0 0 0 0 0 0 0 0 0 0
          0 0 0 0 0 0 0 0 0 0 0.938148 0.943792
          0.945277 0.94324 0.937613 0.9279 0.913338 0.893001 0.866001 0.831746 0.790193 0.741938 0.688091 0.629975
          0.568839 0.505738 0.441631 0.377599 0.315001 0.255468 0.200721 0.152286 0.111234 0.0780067 0.0523938 0.0336334
          0.0205947 0.0120123 0.00666676 0.00351826 0.00176504 0.00084189 0.000380987 0.000164674 6.82586e-05 2.70113e-05 1.02154e-05 3.69631e-06
          1.28111e-06 4.25816e-07 1.35888e-07 4.16818e-08 1.23016e-08 3.49644e-09 9.57869e-10 2.53125e-10 6.45708e-11 1.59116e-11 3.79034e-12 8.73471e-13
          1.94887e-13 4.21367e-14 8.83629e-15 1.79884e-15 3.55793e-16 6.84302e-17 1.28086e-17 2.33509e-18 4.1495e-19 7.19268e-20 1.21696e-20 2.01096e-21
          3.24715e-22 5.12582e-23 7.91372e-24 1.19554e-24 1.76831e-25 2.56225e-26 3.63921e-27 5.06934e-28 6.92876e-29 9.29591e-30 1.22465e-30 1.58474e-31
          2.01505e-32 2.51857e-33 3.09554e-34 3.74285e-35 4.45364e-36 5.217e-37 6.01792e-38 0 0 0 0 0
          0 0 0 0 0 0 0 0 0 0 0 0
          0 0 0 0.94768 0.952155 0.953226 0.951753 0.947257 0.939143 0.926615 0.908681 0.88432
          0.852733 0.813629 0.767382 0.71498 0.657735 0.596951 0.533732 0.469024 0.403844 0.339485 0.277577 0.219939
          0.168293 0.123962 0.0876393 0.0593175 0.0383475 0.0236335 0.0138648 0.00773419 0.00409958 0.00206437 0.000987723 0.000447921
          0.000194139 8.05866e-05 3.19236e-05 1.20822e-05 4.37389e-06 1.51631e-06 5.04e-07 1.6081e-07 4.9309e-08 1.45454e-08 4.13163e-09 1.13106e-09
          2.98647e-10 7.6115e-11 1.87384e-11 4.4592e-12 1.02652e-12 2.28784e-13 4.94098e-14 1.03495e-14 2.10442e-15 4.15737e-16 7.98629e-17 1.49304e-17
          2.71861e-18 4.82514e-19 8.35366e-20 1.41167e-20 2.3299e-21 3.75759e-22 5.92446e-23 9.13577e-24 1.37852e-24 2.03653e-25 2.94741e-26 4.18136e-27
          5.81777e-28 7.94254e-29 1.06438e-29 1.40063e-30 1.81043e-31 2.29944e-32 2.87084e-33 3.52462e-34 4.257e-35 5.05994e-36 5.92084e-37 6.82251e-38
          0 0 0 0 0 0 0 0 0 0 0 0
          0 0 0 0 0 0 0 0 0.955411 0.958009 0.958935 0.957946
          0.954323 0.947468 0.936572 0.920616 0.898496 0.86926 0.832409 0.788114 0.737222 0.681006 0.620805 0.557759
          0.492813 0.426919 0.361294 0.297533 0.237514 0.183113 0.135878 0.0967456 0.0659143 0.042868 0.0265613 0.0156553
          0.00876799 0.00466316 0.00235463 0.00112909 0.00051269 0.000222676 9.25114e-05 3.66693e-05 1.38835e-05 5.02691e-06 1.74272e-06 5.79172e-07
          1.84743e-07 5.66248e-08 1.6695e-08 4.73937e-09 1.29655e-09 3.42091e-10 8.71177e-11 2.14291e-11 5.095e-12 1.17182e-12 2.6092e-13 5.62957e-14
          1.17803e-14 2.39294e-15 4.72259e-16 9.06288e-17 1.69258e-17 3.07879e-18 5.45884e-19 9.44114e-20 1.59382e-20 2.62786e-21 4.23387e-22 6.6687e-23
          1.02732e-23 1.5486e-24 2.28555e-25 3.30457e-26 4.68348e-27 6.5101e-28 8.87921e-29 1.18878e-29 1.56284e-30 2.01821e-31 2.56097e-32 3.19442e-33
          3.91832e-34 4.72822e-35 5.615e-36 6.56448e-37 7.55748e-38 0 0 0 0 0 0 0
          0 0 0 0 0 0 0 0 0 0 0 0
          0 0.960255 0.962251 0.963193 0.96247 0.959459 0.953526 0.94386 0.929434 0.909096 0.881789 0.846854
          0.804289 0.75481 0.699636 0.640116 0.577423 0.512497 0.446237 0.379778 0.314663 0.252788 0.196143 0.146462
          0.104902 0.0718599 0.0469599 0.0292175 0.0172808 0.0097057 0.00517346 0.00261683 0.00125645 0.000570816 0.000248272 0.00010318
          4.09055e-05 1.54882e-05 5.60763e-06 1.94374e-06 6.4582e-07 2.05933e-07 6.30939e-08 1.85933e-08 5.27542e-09 1.44234e-09 3.80315e-10 9.67871e-11
          2.37908e-11 5.65242e-12 1.29904e-12 2.89027e-13 6.23113e-14 1.30287e-14 2.64441e-15 5.21465e-16 9.99902e-17 1.86589e-17 3.39128e-18 6.00801e-19
          1.03825e-19 1.75133e-20 2.88523e-21 4.64482e-22 7.31016e-23 1.12524e-23 1.69489e-24 2.4995e-25 3.61111e-26 5.11401e-27 7.10312e-28 9.68071e-29
          1.29511e-29 1.70138e-30 2.19549e-31 2.78389e-32 3.46996e-33 4.25325e-34 5.12873e-35 6.08632e-36 7.11052e-37 8.18041e-38 0 0
          0 0 0 0 0 0 0 0 0 0 0 0
          0 0 0 0 0 0 0.965148 0.965537 0.966305 0.965693 0.963052 0.957731
          0.948916 0.935577 0.916536 0.890669 0.857205 0.816016 0.767707 0.713444 0.654574 0.592291 0.527533 0.461155
          0.394221 0.32821 0.265011 0.206684 0.155103 0.111608 0.0767682 0.0503444 0.0314132 0.0186206 0.0104754 0.00559013
          0.00282975 0.00135932 0.00061747 0.000268774 0.000111692 4.42745e-05 1.67612e-05 6.06728e-06 2.10256e-06 6.98394e-07 2.22626e-07 6.81832e-08
          2.0085e-08 5.69614e-09 1.55664e-09 4.10251e-10 1.04352e-10 2.56366e-11 6.08761e-12 1.39827e-12 3.10927e-13 6.69938e-14 1.39995e-14 2.83977e-15
          5.59656e-16 1.07249e-16 2.00015e-17 3.63314e-18 6.43266e-19 1.11098e-19 1.8729e-20 3.08372e-21 4.96146e-22 7.80399e-23 1.20057e-23 1.80732e-24
          2.66379e-25 3.84631e-26 5.44406e-27 7.55739e-28 1.02942e-28 1.37644e-29 1.80724e-30 2.33086e-31 2.95398e-32 3.68004e-33 4.50841e-34 5.43362e-35
          6.44485e-36 7.52557e-37 8.65356e-38 0 0 0 0 0 0 0 0 0
          0 0 0 0 0 0 0 0 0 0 0 0.967714
          0.967889 0.968329 0.967708 0.965251 0.960276 0.951962 0.939279 0.921037 0.896075 0.86356 0.823281 0.775774
          0.722162 0.663787 0.601851 0.537294 0.47094 0.403799 0.337298 0.273302 0.213904 0.161068 0.116259 0.0801784
          0.0526922 0.0329288 0.0195388 0.010998 0.00587037 0.00297162 0.00142727 0.000648017 0.000282152 0.000117218 4.64532e-05 1.75819e-05
          6.36295e-06 2.20454e-06 7.321e-07 2.33314e-07 7.14381e-08 2.1038e-08 5.96468e-09 1.62953e-09 4.29324e-10 1.09167e-10 2.68106e-11 6.36419e-12
          1.46129e-12 3.24824e-13 6.99628e-14 1.46147e-14 2.96346e-15 5.83819e-16 1.11838e-16 2.08497e-17 3.78583e-18 6.70057e-19 1.15683e-19 1.9495e-20
          3.20869e-21 5.1607e-22 8.11451e-23 1.2479e-23 1.87792e-24 2.7669e-25 3.99383e-26 5.65095e-27 7.84196e-28 1.06783e-28 1.42732e-29 1.87344e-30
          2.41546e-31 3.06021e-32 3.81118e-33 4.6676e-34 5.62373e-35 6.66828e-36 7.78408e-37 8.9481e-38 0 0 0 0
          0 0 0 0 0 0 0 0 0 0 0 0
          0 0 0 0 0.968581 0.968716 0.969067 0.968423 0.96602 0.961158 0.953014 0.940556
          0.922593 0.897952 0.865782 0.825843 0.778645 0.725294 0.667128 0.605353 0.540907 0.474602 0.407425 0.340778
          0.276509 0.216718 0.163403 0.11808 0.0815097 0.0536014 0.0335089 0.019885 0.011192 0.00597274 0.00302272 0.00145148
          0.000658769 0.000286845 0.000119144 4.72092e-05 1.78658e-05 6.46504e-06 2.2397e-06 7.43708e-07 2.36991e-07 7.2557e-08 2.13654e-08 6.05686e-09
          1.65454e-09 4.35864e-10 1.10817e-10 2.72127e-11 6.45888e-12 1.48285e-12 3.29577e-13 7.09778e-14 1.48248e-14 3.00571e-15 5.92067e-16 1.13404e-16
          2.1139e-17 3.83788e-18 6.79186e-19 1.17245e-19 1.97558e-20 3.25122e-21 5.22848e-22 8.22012e-23 1.264e-23 1.90192e-24 2.80193e-25 4.04393e-26
          5.72118e-27 7.93852e-28 1.08085e-28 1.44458e-29 1.89588e-30 2.44412e-31 3.0962e-32 3.85559e-33 4.72148e-34 5.68805e-35 6.74385e-36 7.8715e-37
          9.04766e-38 0 0 0 0 0 0 0 0 0 0 0
          0 0 0 0 0 0 0 0 0
        </DataArray>
        <DataArray type="Float32" Name="x^CO2_gas" NumberOfComponents="1" format="ascii">
          0 0 0 0 0 0 0 0 0 0 0 0
          0 0 0 0 0 0 0 0 0 0 0 0
          0 0 0 0 0 0 0 0 0 0 0 0
          0 0 0 0 0 0 0 0 0 0 0 0
          0 0 0 0 0 0 0 0 0 0 0 0
          0 0 0 0 0 0 0 0 0 0 0 0
          0 0 0 0 0 0 0 0 0 0 0 0
          0 0 0 0 0 0 0 0 0 0 0 0
          0 0 0 0 0 0 0 0 0 0 0 0
          0 0 0 0 0 0 0 0 0 0 0 0
          0 0 0 0 0 0 0 0 0 0 0 0
          0 0 0 0 0 0 0 0 0 0 0 0
          0 0 0 0 0 0 0 0 0 0 0 0
          0 0 0 0 0 0 0 0 0 0 0 0
          0 0 0 0 0 0 0 0 0 0 0 0
          0 0 0 0 0 0 0 0 0 0 0 0
          0 0 0 0 0 0 0 0 0 0 0 0
          0 0 0 0 0 0 0 0 0 0 0 0
          0 0 0 0 0 0 0 0 0 0 0 0
          0 0 0 0 0 0 0 0 0 0 0 0
          0 0 0 0 0 0 0 0 0 0 0 0
          0 0 0 0 0 0 0 0 0 0 0 0
          0 0 0 0 0 0 0 0 0 0 0 0
          0 0 0 0 0 0 0 0 0 0 0 0
          0 0 0 0 0 0 0 0 0 0 0 0
          0 0 0 0 0 0 0 0 0 0 0 0
          0 0 0 0 0 0 0 0 0 0 0 0
          0 0 0 0 0 0 0 0 0 0 0 0
          0 0 0 0 0 0 0 0 0 0 0 0
          0 0 0 0 0 0 0 0 0 0 0 0
          0 0 0 0 0 0 0 0 0 0 0 0
          0 0 0 0 0 0 0 0 0 0 0 0
          0 0 0 0 0 0 0 0 0 0 0 0
          0 0 0 0 0 0 0 0 0 0 0 0
          0 0 0 0 0 0 0 0 0 0 0 0
          0 0 0 0 0 0 0 0 0 0 0 0
          0 0 0 0 0 0 0 0 0 0 0 0
          0 0 0 0 0 0 0 0 0 0 0 0
          0 0 0 0 0 0 0 0 0 0 0 0
          0 0 0 0 0 0 0 0 0 0 0 0
          0 0 0 0 0 0 0 0 0 0 0 0
          0 0 0 0 0 0 0 0 0 0 0 0
          0 0 0 0 0 0 0 0 0 0 0 0
          0 0 0 0 0 0 0 0 0 0 0 0
          0 0 0 0 0 0 0 0 0 0 0 0
          0 0 0 0 0 0 0 0 0 0 0 0
          0 0 0 0 0 0 0 0 0 0 0 0
          0 0 0 0 0 0 0 0 0 0 0 0
          0 0 0 0 0 0 0 0 0 0 0 0
          0 0 0 0 0 0 0 0 0 0 0 0
          0 0 0 0 0 0 0 0 0 0 0 0
          0 0 0 0 0 0 0 0 0 0 0 0
          0 0 0 0 0 0 0 0 0 0 0 0
          0 0 0 0 0 0 0 0 0 0 0 0
          0 0 0 0 0 0 0 0 0 0 0 0
          0 0 0 0 0 0 0 0 0 0 0 0
          0 0 0 0 0 0 0 0 0 0 0 0
          0 0 0 0 0 0 0 0 0 0 0 0
          0 0 0 0 0 0 0 0 0 0 0 0
          0 0 0 0 0 0 0 0 0 0 0 0
          0 0 0 0 0 0 0 0 0 0 0 0
          0 0 0 0 0 0 0 0 0 0 0 0
          0 0 0 0 0 0 0 0 0 0 0 0
          0 0 0 0 0 0 0 0 0 0 0 0
          0 0 0 0 0 0 0 0 0 0 0 0
          0 0 0 0 0 0 0 0 0 0 0 0
          0 0 0 0 0 0 0 0 0 0 0 0
          0 0 0 0 0 0 0 0 0 0 0 0
          0 0 0 0 0 0 0 0 0 0 0 0
          0 0 0 0 0 0 0 0 0 0 0 0
          0 0 0 0 0 0 0 0 0 0 0 0
          0 0 0 0 0 0 0 0 0 0 0 0
          0 0 0 0 0 0 0 0 0 0 0 0
          0 0 0 0 0 0 0 0 0 0 0 0
          0 0 0 0 0 0 0 0 0 0 0 0
          0 0 0 0 0 0 0 0 0 0 0 0
          0 0 0 0 0 0 0 0 0 0 0 0
          0 0 0 0 0 0 0 0 0 0 0 0
          0 0 0 0 0 0 0 0 0 0 0 0
          0 0 0 0 0 0 0 0 0 0 0 0
          0 0 0 0 0 0 0 0 0 0 0 0
          0 0 0 0 0 0 0 0 0 0 0 0
          0 0 0 0 0 0 0 0 0 0 0 0
          0 0 0 0 0 0 0 0 0 0 0 0
          0 0 0 0 0 0 0 0 0 0 0 0
          0 0 0 0 0 0 0 0 0 0 0 0
          0 0 0 0 0 0 0 0 0 0 0 0
          0 0 0 0 0 0 0 0 0 0 0 0
          0 0 0 0 0 0 0 0 0 0 0 0
          0 0 0 0 0 0 0 0 0 0 0 0
          0 0 0 0 0 0 0 0 0 0 0 0
          0 0 0 0 0 0 0 0 0 0 0 0
          0 0 0 0 0 0 0 0 0 0 0 0
          0 0 0 0 0 0 0 0 0 0 0 0
          0 0 0 0 0 0 0 0 0 0 0 0
          0 0 0 0 0 0 0 0 0 0 0 0
          0 0 0 0 0 0 0 0 0 0 0 0
          0 0 0 0 0 0 0 0 0 0 0 0
          0 0 0 0 0 0 0 0 0 0 0 0
          0 0 0 0 0 0 0 0 0 0 0 0
          0 0 0 0 0 0 0 0 0 0 0 0
          0 0 0 0 0 0 0 0 0 0 0 0
          0 0 0 0 0 0 0 0 0 0 0 0
          0 0 0 0 0 0 0 0 0 0 0 0
          0 0 0 0 0 0 0 0 0 0 0 0
          0 0 0 0 0 0 0 0 0 0 0 0
          0 0 0 0 0 0 0 0 0 0 0 0
          0 0 0 0 0 0 0 0 0 0 0 0
          0 0 0 0 0 0 0 0 0 0 0 0
          0 0 0 0 0 0 0 0 0 0 0 0
          0 0 0 0 0 0 0 0 0 0 0 0
          0 0 0 0 0 0 0 0 0 0 0 0
          0 0 0 0 0 0 0 0 0 0 0 0
          0 0 0 0 0 0 0 0 0 0 0 0
          0 0 0 0 0 0 0 0 0 0 0 0
          0 0 0 0 0 0 0 0 0 0 0 0
          0 0 0 0 0 0 0 0 0 0 0 0
          0 0 0 0 0 0 0 0 0 0 0 0
          0 0 0 0 0 0 0 0 0 0 0 0
          0 0 0 0 0 0 0 0 0 0 0 0
          0 0 0 0 0 0 0 0 0 0 0 0
          0 0 0 0 0 0 0 0 0 0 0 0
          0 0 0 0 0 0 0 0 0 0 0 0
          0 0 0 0 0 0 0 0 0 0 0 0
          0 0 0 0 0 0 0 0 0 0 0 0
          0 0 0 0 0 0 0 0 0 0 0 0
          0 0 0 0 0 0 0 0 0 0 0 0
          0 0 0 0 0 0 0 0 0 0 0 0
          0 0 0 0 0 0 0 0 0 0 0 0
          0 0 0 0 0 0 0 0 0 0 0 0
          0 0 0 0 0 0 0 0 0 0 0 0
          0 0 0 0 0 0 0 0 0 0 0 0
          0 0 0 0 0 0 0 0 0 0 0 0
          0 0 0 0 0 0 0 0 0 0 0 0
          0 0 0 0 0 0 0 0 0 0 0 0
          0 0 0 0 0 0 0 0 0 0 0 0
          0 0 0 0 0 0 0 0 0 0 0 0
          0 0 0 0 0 0 0 0 0 0 0 0
          0 0 0 0 0 0 0 0 0 0 0 0
          0 0 0 0 0 0 0 0 0 0 0 0
          0 0 0 0 0 0 0 0 0 0 0 0
          0 0 0 0 0 0 0 0 0 0 0 0
          0 0 0 0 0 0 0 0 0 0 0 0
          0 0 0 0 0 0 0 0 0 0 0 0
          0 0 0 0 0 0 0 0 0 0 0 0
          0 0 0 0 0 0 0 0 0 0 0 0
          0 0 0 0 0 0 0 0 0 0 0 0
          0 0 0 0 0 0 0 0 0 0 0 0
          0 0 0 0 0 0 0 0 0 0 0 0
          0 0 0 0 0 0 0 0 0 0 0 0
          0 0 0 0 0 0 0 0 0 0 0 0
          0 0 0 0 0 0 0 0 0 0 0 0
          0 0 0 0 0 0 0 0 0 0 0 0
          0 0 0 0 0 0 0 0 0 0 0 0
          0 0 0 0 0 0 0 0 0 0 0 0
          0 0 0 0 0 0 0 0 0 0 0 0
          0 0 0 0 0 0 0 0 0 0 0 0
          0 0 0 0 0 0 0 0 0 0 0 0
          0 0 0 0 0 0 0 0 0 0 0 0
          0 0 0 0 0 0 0 0 0 0 0 0
          0 0 0 0 0 0 0 0 0 0 0 0
          0 0 0 0 0 0 0 0 0 0 0 0
          0 0 0 0 0 0 0 0 0 0 0 0
          0 0 0 0 0 0 0 0 0 0 0 0
          0 0 0 0 0 0 0 0 0 0 0 0
          0 0 0 0 0 0 0 0 0 0 0 0
          0 0 0 0 0 0 0 0 0 0 0 0
          0 0 0 0 0 0 0 0 0 0 0 0
          0 0 0 0 0 0 0 0 0 0 0 0
          0 0 0 0 0 0 0 0 0 0 0 0
          0 0 0 0 0 0 0 0 0 0 0 0
          0 0 0 0 0 0 0 0 0 0 0 0
          0 0 0 0 0 0 0 0 0 0 0 0
          0 0 0 0 0 0 0 0 0 0 0 0
          0 0 0 0 0 0 0 0 0 0 0 0
          0 0 0 0 0 0 0 0 0 0 0 0
          0 0 0 0 0 0 0 0 0
        </DataArray>
        <DataArray type="Float32" Name="x^N2_gas" NumberOfComponents="1" format="ascii">
          0 0 0 0 0 0 0 0 0 0 0 0
          0 0 0 0 0 0 0 0 0 0 0 0
          0 0 0 0 0 0 0 0 0 0 0 0
          0 0 0 0 0 0 0 0 0 0 0 0
          0 0 0 0 0 0 0 0 0 0 0 0
          0 0 0 0 0 0 0 0 0 0 0 0
          0 0 0 0 0 0 0 0 0 0 0 0
          0 0 0 0 0 0 0 0 0 0 0 0
          0 0 0 0 0 0 0 0 0 0 0 0
          0 0 0 0 0 0 0 0 0 0 0 0
          0 0 0 0 0 0 0 0 0 0 0 0
          0 0 0 0 0 0 0 0 0 0 0 0
          0 0 0 0 0 0 0 0 0 0 0 0
          0 0 0 0 0 0 0 0 0 0 0 0
          0 0 0 0 0 0 0 0 0 0 0 0
          0 0 0 0 0 0 0 0 0 0 0 0
          0 0 0 0 0 0 0 0 0 0 0 0
          0 0 0 0 0 0 0 0 0 0 0 0
          0 0 0 0 0 0 0 0 0 0 0 0
          0 0 0 0 0 0 0 0 0 0 0 0
          0 0 0 0 0 0 0 0 0 0 0 0
          0 0 0 0 0 0 0 0 0 0 0 0
          0 0 0 0 0 0 0 0 0 0 0 0
          0 0 0 0 0 0 0 0 0 0 0 0
          0 0 0 0 0 0 0 0 0 0 0 0
          0 0 0 0 0 0 0 0 0 0 0 0
          0 0 0 0 0 0 0 0 0 0 0 0
          0 0 0 0 0 0 0 0 0 0 0 0
          0 0 0 0 0 0 0 0 0 0 0 0
          0 0 0 0 0 0 0 0 0 0 0 0
          0 0 0 0 0 0 0 0 0 0 0 0
          0 0 0 0 0 0 0 0 0 0 0 0
          0 0 0 0 0 0 0 0 0 0 0 0
          0 0 0 0 0 0 0 0 0 0 0 0
          0 0 0 0 0 0 0 0 0 0 0 0
          0 0 0 0 0 0 0 0 0 0 0 0
          0 0 0 0 0 0 0 0 0 0 0 0
          0 0 0 0 0 0 0 0 0 0 0 0
          0 0 0 0 0 0 0 0 0 0 0 0
          0 0 0 0 0 0 0 0 0 0 0 0
          0 0 0 0 0 0 0 0 0 0 0 0
          0 0 0 0 0 0 0 0 0 0 0 0
          0 0 0 0 0 0 0 0 0 0 0 0
          0 0 0 0 0 0 0 0 0 0 0 0
          0 0 0 0 0 0 0 0 0 0 0 0
          0 0 0 0 0 0 0 0 0 0 0 0
          0 0 0 0 0 0 0 0 0 0 0 0
          0 0 0 0 0 0 0 0 0 0 0 0
          0 0 0 0 0 0 0 0 0 0 0 0
          0 0 0 0 0 0 0 0 0 0 0 0
          0 0 0 0 0 0 0 0 0 0 0 0
          0 0 0 0 0 0 0 0 0 0 0 0
          0 0 0 0 0 0 0 0 0 0 0 0
          0 0 0 0 0 0 0 0 0 0 0 0
          0 0 0 0 0 0 0 0 0 0 0 0
          0 0 0 0 0 0 0 0 0 0 0 0
          0 0 0 0 0 0 0 0 0 0 0 0
          0 0 0 0 0 0 0 0 0 0 0 0
          0 0 0 0 0 0 0 0 0 0 0 0
          0 0 0 0 0 0 0 0 0 0 0 0
          0 0 0 0 0 0 0 0 0 0 0 0
          0 0 0 0 0 0 0 0 0 0 0 0
          0 0 0 0 0 0 0 0 0 0 0 0
          0 0 0 0 0 0 0 0 0 0 0 0
          0 0 0 0 0 0 0 0 0 0 0 0
          0 0 0 0 0 0 0 0 0 0 0 0
          0 0 0 0 0 0 0 0 0 0 0 0
          0 0 0 0 0 0 0 0 0 0 0 0
          0 0 0 0 0 0 0 0 0 0 0 0
          0 0 0 0 0 0 0 0 0 0 0 0
          0 0 0 0 0 0 0 0 0 0 0 0
          0 0 0 0 0 0 0 0 0 0 0 0
          0 0 0 0 0 0 0 0 0 0 0 0
          0 0 0 0 0 0 0 0 0 0 0 0
          0 0 0 0 0 0 0 0 0 0 0 0
          0 0 0 0 0 0 0 0 0 0 0 0
          0 0 0 0 0 0 0 0 0 0 0 0
          0 0 0 0 0 0 0 0 0 0 0 0
          0 0 0 0 0 0 0 0 0 0 0 0
          0 0 0 0 0 0 0 0 0 0 0 0
          0 0 0 0 0 0 0 0 0 0 0 0
          0 0 0 0 0 0 0 0 0 0 0 0
          0 0 0 0 0 0 0 0 0 0 0 0
          0 0 0 0 0 0 0 0 0 0 0 0
          0 0 0 0 0 0 0 0 0 0 0 0
          0 0 0 0 0 0 0 0 0 0 0 0
          0 0 0 0 0 0 0 0 0 0 0 0
          0 0 0 0 0 0 0 0 0 0 0 0
          0 0 0 0 0 0 0 0 0 0 0 0
          0 0 0 0 0 0 0 0 0 0 0 0
          0 0 0 0 0 0 0 0 0 0 0 0
          0 0 0 0 0 0 0 0 0 0 0 0
          0 0 0 0 0 0 0 0 0 0 0 0
          0 0 0 0 0 0 0 0 0 0 0 0
          0 0 0 0 0 0 0 0 0 0 0 0
          0 0 0 0 0 0 0 0 0 0 0 0
          0 0 0 0 0 0 0 0 0 0 0 0
          0 0 0 0 0 0 0 0 0 0 0 0
          0 0 0 0 0 0 0 0 0 0 0 0
          0 0 0 0 0 0 0 0 0 0 0 0
          0 0 0 0 0 0 0 0 0 0 0 0
          0 0 0 0 0 0 0 0 0 0 0 0
          0 0 0 0 0 0 0 0 0 0 0 0
          0 0 0 0 0 0 0 0 0 0 0 0
          0 0 0 0 0 0 0 0 0 0 0 0
          0 0 0 0 0 0 0 0 0 0 0 0
          0 0 0 0 0 0 0 0 0 0 0 0
          0 0 0 0 0 0 0 0 0 0 0 0
          0 0 0 0 0 0 0 0 0 0 0 0
          0 0 0 0 0 0 0 0 0 0 0 0
          0 0 0 0 0 0 0 0 0 0 0 0
          0 0 0 0 0 0 0 0 0 0 0 0
          0 0 0 0 0 0 0 0 0 0 0 0
          0 0 0 0 0 0 0 0 0 0 0 0
          0 0 0 0 0 0 0 0 0 0 0 0
          0 0 0 0 0 0 0 0 0 0 0 0
          0 0 0 0 0 0 0 0 0 0 0 0
          0 0 0 0 0 0 0 0 0 0 0 0
          0 0 0 0 0 0 0 0 0 0 0 0
          0 0 0 0 0 0 0 0 0 0 0 0
          0 0 0 0 0 0 0 0 0 0 0 0
          0 0 0 0 0 0 0 0 0 0 0 0
          0 0 0 0 0 0 0 0 0 0 0 0
          0 0 0 0 0 0 0 0 0 0 0 0
          0 0 0 0 0 0 0 0 0 0 0 0
          0 0 0 0 0 0 0 0 0 0 0 0
          0 0 0 0 0 0 0 0 0 0 0 0
          0 0 0 0 0 0 0 0 0 0 0 0
          0 0 0 0 0 0 0 0 0 0 0 0
          0 0 0 0 0 0 0 0 0 0 0 0
          0 0 0 0 0 0 0 0 0 0 0 0
          0 0 0 0 0 0 0 0 0 0 0 0
          0 0 0 0 0 0 0 0 0 0 0 0
          0 0 0 0 0 0 0 0 0 0 0 0
          0 0 0 0 0 0 0 0 0 0 0 0
          0 0 0 0 0 0 0 0 0 0 0 0
          0 0 0 0 0 0 0 0 0 0 0 0
          0 0 0 0 0 0 0 0 0 0 0 0
          0 0 0 0 0 0 0 0 0 0 0 0
          0 0 0 0 0 0 0 0 0 0 0 0
          0 0 0 0 0 0 0 0 0 0 0 0
          0 0 0 0 0 0 0 0 0 0 0 0
          0 0 0 0 0 0 0 0 0 0 0 0
          0 0 0 0 0 0 0 0 0 0 0 0
          0 0 0 0 0 0 0 0 0 0 0 0
          0 0 0 0 0 0 0 0 0 0 0 0
          0 0 0 0 0 0 0 0 0 0 0 0
          0 0 0 0 0 0 0 0 0 0 0 0
          0 0 0 0 0 0 0 0 0 0 0 0
          0 0 0 0 0 0 0 0 0 0 0 0
          0 0 0 0 0 0 0 0 0 0 0 0
          0 0 0 0 0 0 0 0 0 0 0 0
          0 0 0 0 0 0 0 0 0 0 0 0
          0 0 0 0 0 0 0 0 0 0 0 0
          0 0 0 0 0 0 0 0 0 0 0 0
          0 0 0 0 0 0 0 0 0 0 0 0
          0 0 0 0 0 0 0 0 0 0 0 0
          0 0 0 0 0 0 0 0 0 0 0 0
          0 0 0 0 0 0 0 0 0 0 0 0
          0 0 0 0 0 0 0 0 0 0 0 0
          0 0 0 0 0 0 0 0 0 0 0 0
          0 0 0 0 0 0 0 0 0 0 0 0
          0 0 0 0 0 0 0 0 0 0 0 0
          0 0 0 0 0 0 0 0 0 0 0 0
          0 0 0 0 0 0 0 0 0 0 0 0
          0 0 0 0 0 0 0 0 0 0 0 0
          0 0 0 0 0 0 0 0 0 0 0 0
          0 0 0 0 0 0 0 0 0 0 0 0
          0 0 0 0 0 0 0 0 0 0 0 0
          0 0 0 0 0 0 0 0 0 0 0 0
          0 0 0 0 0 0 0 0 0 0 0 0
          0 0 0 0 0 0 0 0 0 0 0 0
          0 0 0 0 0 0 0 0 0 0 0 0
          0 0 0 0 0 0 0 0 0 0 0 0
          0 0 0 0 0 0 0 0 0 0 0 0
          0 0 0 0 0 0 0 0 0 0 0 0
          0 0 0 0 0 0 0 0 0
        </DataArray>
        <DataArray type="Float32" Name="X^CH4_gas" NumberOfComponents="1" format="ascii">
          0.964866 0.957119 0.948334 0.942409 0.955785 0.943585 0.956364 0.946517 0.958327 0.950336 0.961235 0.954701
          0.964745 0.959377 0.968585 0.964165 0.972539 0.968901 0.976437 0.973451 0.980151 0.977713 0.98359 0.981612
          0.986691 0.985103 0.989421 0.988159 0.991766 0.990777 0.993732 0.99297 0.995339 0.994764 0.99662 0.996195
          0.997613 0.997306 0.998361 0.998145 0.998908 0.998761 0.999295 0.999197 0.999559 0.999497 0.999734 0.999695
          0.999845 0.999822 0.999913 0.9999 0.999953 0.999946 0.999975 0.999972 0.999988 0.999986 0.999994 0.999993
          0.999997 0.999997 0.999999 0.999999 0.999999 0.999999 1 1 1 1 1 1
          1 1 1 1 1 1 1 1 1 1 1 1
          1 1 1 1 1 1 1 1 1 1 1 1
          1 1 1 1 1 1 1 1 1 1 1 1
          1 1 1 1 1 1 1 1 1 1 1 1
          1 1 1 1 1 1 1 1 1 1 1 1
          1 1 1 1 1 1 1 1 1 1 1 1
          1 1 1 1 1 1 1 1 1 1 1 1
          1 1 1 1 1 1 1 1 1 1 1 1
          1 1 1 1 1 1 1 1 1 1 1 1
          1 1 1 1 1 1 1 1 1 1 1 1
          1 1 1 1 1 1 1 1 1 1 0.930291 0.92316
          0.923381 0.927304 0.932982 0.939453 0.946199 0.95291 0.95938 0.965469 0.971082 0.97616 0.98067 0.984603
          0.987967 0.990787 0.9931 0.994955 0.996404 0.997507 0.998321 0.998905 0.999308 0.999578 0.999752 0.999859
          0.999923 0.99996 0.99998 0.99999 0.999995 0.999998 0.999999 1 1 1 1 1
          1 1 1 1 1 1 1 1 1 1 1 1
          1 1 1 1 1 1 1 1 1 1 1 1
          1 1 1 1 1 1 1 1 1 1 1 1
          1 1 1 1 1 1 1 1 1 1 1 1
          1 1 1 1 1 1 1 1 1 1 1 1
          1 1 1 0.907528 0.899415 0.898641 0.903052 0.910243 0.918776 0.927806 0.936816 0.945489
          0.953623 0.961098 0.967843 0.97383 0.979055 0.983536 0.98731 0.990425 0.99294 0.994924 0.996448 0.997585
          0.998409 0.998986 0.999375 0.999629 0.999788 0.999883 0.999938 0.999969 0.999985 0.999993 0.999997 0.999999
          0.999999 1 1 1 1 1 1 1 1 1 1 1
          1 1 1 1 1 1 1 1 1 1 1 1
          1 1 1 1 1 1 1 1 1 1 1 1
          1 1 1 1 1 1 1 1 1 1 1 1
          1 1 1 1 1 1 1 1 1 1 1 1
          1 1 1 1 1 1 1 1 0.879132 0.870047 0.868489 0.873489
          0.882356 0.893224 0.9049 0.916629 0.92794 0.938548 0.948292 0.95709 0.96491 0.971756 0.977653 0.982648
          0.9868 0.990181 0.992873 0.994963 0.99654 0.997696 0.998516 0.999077 0.999446 0.99968 0.999823 0.999906
          0.999952 0.999976 0.999989 0.999995 0.999998 0.999999 1 1 1 1 1 1
          1 1 1 1 1 1 1 1 1 1 1 1
          1 1 1 1 1 1 1 1 1 1 1 1
          1 1 1 1 1 1 1 1 1 1 1 1
          1 1 1 1 1 1 1 1 1 1 1 1
          1 1 1 1 1 1 1 1 1 1 1 1
          1 0.844214 0.833987 0.831772 0.837604 0.848536 0.862265 0.877195 0.892265 0.906803 0.92041 0.932878
          0.944116 0.954104 0.962862 0.970434 0.976879 0.982273 0.9867 0.990256 0.993044 0.995173 0.996752 0.997885
          0.99867 0.999194 0.99953 0.999737 0.999859 0.999927 0.999964 0.999983 0.999992 0.999997 0.999999 0.999999
          1 1 1 1 1 1 1 1 1 1 1 1
          1 1 1 1 1 1 1 1 1 1 1 1
          1 1 1 1 1 1 1 1 1 1 1 1
          1 1 1 1 1 1 1 1 1 1 1 1
          1 1 1 1 1 1 1 1 1 1 1 1
          1 1 1 1 1 1 0.802041 0.790396 0.787548 0.794439 0.807883 0.825108
          0.844055 0.863271 0.881802 0.899086 0.914841 0.928974 0.941495 0.952461 0.961954 0.970062 0.976881 0.982515
          0.987077 0.990688 0.993473 0.995562 0.997079 0.998143 0.998863 0.99933 0.999621 0.999794 0.999893 0.999947
          0.999975 0.999988 0.999995 0.999998 0.999999 1 1 1 1 1 1 1
          1 1 1 1 1 1 1 1 1 1 1 1
          1 1 1 1 1 1 1 1 1 1 1 1
          1 1 1 1 1 1 1 1 1 1 1 1
          1 1 1 1 1 1 1 1 1 1 1 1
          1 1 1 1 1 1 1 1 1 1 1 0.752318
          0.738939 0.7354 0.743496 0.759816 0.781139 0.804891 0.829141 0.852554 0.874322 0.894049 0.911624 0.927099
          0.940598 0.952266 0.962242 0.97066 0.977651 0.98335 0.987896 0.991436 0.994118 0.996088 0.997487 0.998444
          0.999074 0.999471 0.99971 0.999848 0.999924 0.999963 0.999983 0.999993 0.999997 0.999999 1 1
          1 1 1 1 1 1 1 1 1 1 1 1
          1 1 1 1 1 1 1 1 1 1 1 1
          1 1 1 1 1 1 1 1 1 1 1 1
          1 1 1 1 1 1 1 1 1 1 1 1
          1 1 1 1 1 1 1 1 1 1 1 1
          1 1 1 1 0.695517 0.680124 0.675802 0.68511 0.704466 0.730276 0.759469 0.789572
          0.818766 0.84589 0.870354 0.891995 0.910906 0.9273 0.941413 0.953465 0.963649 0.972137 0.979093 0.98468
          0.989066 0.992419 0.994908 0.996695 0.997933 0.998757 0.999283 0.999604 0.99979 0.999894 0.999949 0.999976
          0.99999 0.999996 0.999998 0.999999 1 1 1 1 1 1 1 1
          1 1 1 1 1 1 1 1 1 1 1 1
          1 1 1 1 1 1 1 1 1 1 1 1
          1 1 1 1 1 1 1 1 1 1 1 1
          1 1 1 1 1 1 1 1 1 1 1 1
          1 1 1 1 1 1 1 1 1 0.63317 0.615615 0.610438
          0.620787 0.643006 0.673296 0.708198 0.744702 0.780419 0.813712 0.843688 0.870056 0.892926 0.912604 0.929449
          0.943788 0.9559 0.966015 0.974338 0.981061 0.986375 0.990471 0.993541 0.995767 0.997327 0.998377 0.999054
          0.999472 0.999718 0.999857 0.99993 0.999968 0.999986 0.999994 0.999997 0.999999 1 1 1
          1 1 1 1 1 1 1 1 1 1 1 1
          1 1 1 1 1 1 1 1 1 1 1 1
          1 1 1 1 1 1 1 1 1 1 1 1
          1 1 1 1 1 1 1 1 1 1 1 1
          1 1 1 1 1 1 1 1 1 1 1 1
          1 1 0.567951 0.5483 0.542275 0.553308 0.577804 0.61202 0.65233 0.695295 0.737928 0.777996
          0.814155 0.845879 0.873228 0.896589 0.916454 0.933289 0.947482 0.959343 0.969131 0.977073 0.983388 0.988291
          0.991996 0.994709 0.996627 0.997933 0.998785 0.999316 0.999632 0.999811 0.999907 0.999957 0.999981 0.999992
          0.999997 0.999999 1 1 1 1 1 1 1 1 1 1
          1 1 1 1 1 1 1 1 1 1 1 1
          1 1 1 1 1 1 1 1 1 1 1 1
          1 1 1 1 1 1 1 1 1 1 1 1
          1 1 1 1 1 1 1 1 1 1 1 1
          1 1 1 1 1 1 1 0.503381 0.48194 0.475206 0.486416 0.512204
          0.549211 0.593962 0.642808 0.692231 0.739316 0.78211 0.819696 0.851987 0.879399 0.902557 0.922079 0.93849
          0.952201 0.963534 0.972764 0.980141 0.985904 0.99029 0.993529 0.99584 0.997429 0.998475 0.999135 0.999531
          0.999757 0.99988 0.999944 0.999975 0.999989 0.999996 0.999998 0.999999 1 1 1 1
          1 1 1 1 1 1 1 1 1 1 1 1
          1 1 1 1 1 1 1 1 1 1 1 1
          1 1 1 1 1 1 1 1 1 1 1 1
          1 1 1 1 1 1 1 1 1 1 1 1
          1 1 1 1 1 1 1 1 1 1 1 1
          0.443068 0.420356 0.413232 0.424037 0.449877 0.488108 0.535757 0.589274 0.644773 0.698647 0.748199 0.791947
          0.829515 0.861274 0.887949 0.910317 0.929055 0.944692 0.957631 0.9682 0.976683 0.983346 0.98845 0.992246
          0.994978 0.996871 0.99813 0.998931 0.999416 0.999696 0.999849 0.999929 0.999968 0.999986 0.999994 0.999998
          0.999999 1 1 1 1 1 1 1 1 1 1 1
          1 1 1 1 1 1 1 1 1 1 1 1
          1 1 1 1 1 1 1 1 1 1 1 1
          1 1 1 1 1 1 1 1 1 1 1 1
          1 1 1 1 1 1 1 1 1 1 1 1
          1 1 1 1 1 0.38969 0.366446 0.359464 0.369308 0.393934 0.431705 0.480438
          0.536988 0.597347 0.65731 0.71336 0.763294 0.806291 0.84257 0.872905 0.89822 0.91935 0.936954 0.951531
          0.963465 0.973078 0.980666 0.98651 0.990886 0.994057 0.996272 0.997757 0.998709 0.999291 0.999629 0.999815
          0.999912 0.99996 0.999983 0.999993 0.999997 0.999999 1 1 1 1 1 1
          1 1 1 1 1 1 1 1 1 1 1 1
          1 1 1 1 1 1 1 1 1 1 1 1
          1 1 1 1 1 1 1 1 1 1 1 1
          1 1 1 1 1 1 1 1 1 1 1 1
          1 1 1 1 1 1 1 1 1 1 0.34413 0.321554
          0.315405 0.32382 0.346205 0.382099 0.43024 0.488113 0.551855 0.616842 0.678771 0.734612 0.782961 0.823771
          0.857796 0.886075 0.9096 0.929167 0.945373 0.958667 0.96941 0.977925 0.984517 0.989481 0.9931 0.995646
          0.997365 0.998475 0.999157 0.999557 0.999778 0.999894 0.999952 0.999979 0.999991 0.999997 0.999999 1
          1 1 1 1 1 1 1 1 1 1 1 1
          1 1 1 1 1 1 1 1 1 1 1 1
          1 1 1 1 1 1 1 1 1 1 1 1
          1 1 1 1 1 1 1 1 1 1 1 1
          1 1 1 1 1 1 1 1 1 1 1 1
          1 1 1 0.305251 0.285662 0.280837 0.287458 0.307055 0.340238 0.386606 0.444376 0.510055
          0.57884 0.64576 0.706952 0.760336 0.805496 0.843095 0.874252 0.900095 0.921557 0.939335 0.953943 0.965784
          0.975205 0.98253 0.988074 0.992139 0.995014 0.996968 0.998236 0.999022 0.999483 0.99974 0.999876 0.999944
          0.999976 0.99999 0.999996 0.999999 0.999999 1 1 1 1 1 1 1
          1 1 1 1 1 1 1 1 1 1 1 1
          1 1 1 1 1 1 1 1 1 1 1 1
          1 1 1 1 1 1 1 1 1 1 1 1
          1 1 1 1 1 1 1 1 1 1 1 1
          1 1 1 1 1 1 1 1 0.270824 0.258614 0.254176 0.258915
          0.275842 0.306156 0.350213 0.406964 0.473423 0.544825 0.615719 0.681489 0.739359 0.788485 0.829382 0.863202
          0.891191 0.914405 0.933638 0.949468 0.962333 0.972605 0.980624 0.98672 0.991211 0.994404 0.996583 0.998006
          0.99889 0.999412 0.999704 0.999858 0.999936 0.999972 0.999988 0.999995 0.999998 0.999999 1 1
          1 1 1 1 1 1 1 1 1 1 1 1
          1 1 1 1 1 1 1 1 1 1 1 1
          1 1 1 1 1 1 1 1 1 1 1 1
          1 1 1 1 1 1 1 1 1 1 1 1
          1 1 1 1 1 1 1 1 1 1 1 1
          1 0.247778 0.237922 0.233196 0.236826 0.251648 0.279478 0.321277 0.376645 0.443138 0.516178 0.590028
          0.659462 0.721072 0.773583 0.817328 0.853462 0.883317 0.908054 0.928555 0.945454 0.959223 0.970252 0.978893
          0.985487 0.990365 0.993847 0.996232 0.997795 0.99877 0.999347 0.99967 0.999842 0.999928 0.999969 0.999987
          0.999995 0.999998 0.999999 1 1 1 1 1 1 1 1 1
          1 1 1 1 1 1 1 1 1 1 1 1
          1 1 1 1 1 1 1 1 1 1 1 1
          1 1 1 1 1 1 1 1 1 1 1 1
          1 1 1 1 1 1 1 1 1 1 1 1
          1 1 1 1 1 1 0.223228 0.221216 0.217223 0.220412 0.233906 0.259936
          0.299929 0.354006 0.420195 0.494157 0.570024 0.642133 0.706575 0.761705 0.807681 0.845635 0.876962 0.902903
          0.924409 0.942161 0.956657 0.968301 0.977453 0.984459 0.98966 0.993383 0.995941 0.997621 0.998672 0.999294
          0.999644 0.999829 0.999922 0.999966 0.999986 0.999994 0.999998 0.999999 1 1 1 1
          1 1 1 1 1 1 1 1 1 1 1 1
          1 1 1 1 1 1 1 1 1 1 1 1
          1 1 1 1 1 1 1 1 1 1 1 1
          1 1 1 1 1 1 1 1 1 1 1 1
          1 1 1 1 1 1 1 1 1 1 1 0.209809
          0.208877 0.206533 0.209841 0.222696 0.247675 0.286525 0.339705 0.405571 0.479976 0.557011 0.63076 0.696991
          0.753804 0.80123 0.840376 0.872669 0.899401 0.92157 0.939889 0.954875 0.966939 0.976444 0.983739 0.989166
          0.993059 0.99574 0.997502 0.998605 0.999259 0.999626 0.99982 0.999919 0.999965 0.999985 0.999994 0.999998
          0.999999 1 1 1 1 1 1 1 1 1 1 1
          1 1 1 1 1 1 1 1 1 1 1 1
          1 1 1 1 1 1 1 1 1 1 1 1
          1 1 1 1 1 1 1 1 1 1 1 1
          1 1 1 1 1 1 1 1 1 1 1 1
          1 1 1 1 0.205182 0.204458 0.202571 0.206032 0.218711 0.243345 0.2818 0.334653
          0.400379 0.474906 0.55232 0.626626 0.693478 0.750885 0.798829 0.838403 0.871044 0.898064 0.920476 0.939006
          0.954177 0.966402 0.976045 0.983455 0.988972 0.992934 0.995662 0.997457 0.99858 0.999246 0.999619 0.999817
          0.999917 0.999964 0.999985 0.999994 0.999998 0.999999 1 1 1 1 1 1
          1 1 1 1 1 1 1 1 1 1 1 1
          1 1 1 1 1 1 1 1 1 1 1 1
          1 1 1 1 1 1 1 1 1 1 1 1
          1 1 1 1 1 1 1 1 1 1 1 1
          1 1 1 1 1 1 1 1 1
        </DataArray>
        <DataArray type="Float32" Name="X^SimpleH2O_gas" NumberOfComponents="1" format="ascii">
          -2.2167e-30 -1.69782e-30 -4.32326e-30 -2.70107e-30 -1.8727e-31 1.0272e-30 4.04688e-32 8.66592e-31 -7.36902e-31 -8.37457e-31 -1.43156e-30 -2.22097e-30
          -1.37595e-30 -1.82977e-30 -8.77916e-31 -1.01152e-30 -3.18359e-31 -3.52484e-31 1.1182e-31 2.07077e-32 4.46741e-31 4.48298e-31 6.65152e-31 6.99636e-31
          7.97307e-31 8.20028e-31 7.76932e-31 7.91156e-31 6.51611e-31 6.34934e-31 4.86518e-31 4.52729e-31 3.23055e-31 2.80319e-31 1.81552e-31 1.38901e-31
          7.47823e-32 3.57841e-32 4.2254e-33 -2.7944e-32 -3.40719e-32 -5.87337e-32 -4.75047e-32 -6.51014e-32 -4.46064e-32 -5.60865e-32 -3.36048e-32 -4.0149e-32
          -2.08426e-32 -2.37425e-32 -1.01321e-32 -1.06647e-32 -3.00773e-33 -2.31831e-33 6.68241e-34 1.73453e-33 1.87915e-33 2.83544e-33 1.75363e-33 2.4159e-33
          1.15816e-33 1.52983e-33 5.7986e-34 7.42826e-34 1.95593e-34 2.39744e-34 4.9392e-36 -2.99016e-36 -5.73973e-35 -7.92281e-35 -5.89334e-35 -7.85186e-35
          -4.10966e-35 -5.418e-35 -2.33354e-35 -3.06944e-35 -1.13742e-35 -1.50121e-35 -4.84594e-36 -6.45696e-36 -1.80508e-36 -2.44962e-36 -5.77012e-37 -8.10424e-37
          -1.49193e-37 -2.25362e-37 -2.47752e-38 -4.68705e-38 0 0 0 0 0 0 0 0
          0 0 0 0 0 0 0 0 0 0 0 0
          0 0 0 0 0 0 -0 0 -0 -0 -0 -0
          -0 -0 -0 -0 -0 -0 -0 -0 -0 -0 -0 -0
          -0 -0 -0 -0 -0 -0 -0 -0 -0 -0 0 -0
          0 0 0 0 0 0 0 0 0 0 0 0
          0 0 0 0 0 0 0 0 0 0 0 0
          -0 -0 -0 -0 -0 -0 -0 -0 -0 -0 -0 -0
          -0 -0 -0 -0 -0 -0 -0 -0 0 0 0 0
          0 0 0 0 0 0 0 0 0 0 -8.34543e-30 -1.71894e-30
          3.1515e-30 2.11922e-30 -2.363e-30 -3.35156e-30 -2.26557e-30 -6.95761e-31 -7.25718e-31 -5.29027e-32 5.0452e-31 7.86449e-31 8.6581e-31 7.94976e-31
          5.66632e-31 3.29068e-31 1.33615e-31 -4.10196e-33 -8.9239e-32 -1.26705e-31 -1.29842e-31 -1.13914e-31 -8.65735e-32 -5.64749e-32 -2.97168e-32 -1.01161e-32
          1.33892e-33 6.02146e-33 6.39522e-33 4.80928e-33 2.86357e-33 1.33628e-33 4.14201e-34 -1.46669e-35 -1.44247e-34 -1.39983e-34 -9.60723e-35 -5.45389e-35
          -2.69086e-35 -1.17712e-35 -4.59599e-36 -1.59668e-36 -4.8591e-37 -1.24192e-37 -2.33275e-38 0 0 0 0 0
          0 0 0 0 0 0 0 0 0 -0 -0 -0
          -0 -0 -0 -0 -0 -0 -0 -0 -0 -0 -0 0
          0 0 0 0 0 0 0 0 0 0 0 -0
          -0 -0 -0 -0 -0 -0 -0 -0 -0 0 0 0
          0 0 0 -1.57158e-30 -2.13438e-30 5.9175e-30 3.94424e-30 -5.9322e-30 -2.62373e-30 -1.91536e-30 -4.59476e-31 -3.57373e-31
          -2.01058e-31 8.36999e-31 9.49631e-31 1.02445e-30 7.84805e-31 4.26305e-31 7.00381e-32 -1.52238e-31 -2.71571e-31 -3.10503e-31 -2.8555e-31 -2.33725e-31
          -1.78586e-31 -1.22662e-31 -7.13729e-32 -2.96149e-32 -1.38681e-33 1.30775e-32 1.69577e-32 1.47138e-32 1.0199e-32 5.84256e-33 2.69101e-33 8.56025e-34
          1.31551e-35 -2.4698e-34 -2.49262e-34 -1.73616e-34 -9.96808e-35 -4.98094e-35 -2.21564e-35 -8.8571e-36 -3.1866e-36 -1.02535e-36 -2.89682e-37 -6.85678e-38
          0 0 0 0 0 0 0 0 0 0 0 0
          0 0 0 -0 -0 -0 -0 -0 -0 -0 -0 -0
          -0 -0 -0 -0 -0 -0 0 0 0 0 0 0
          0 0 0 0 0 -0 -0 -0 -0 -0 -0 -0
          -0 -0 -0 0 0 0 0 0 3.35124e-30 -5.65637e-31 5.42748e-30 -2.00062e-31
          -3.44357e-30 -2.74257e-30 6.63404e-32 8.31307e-31 7.57325e-31 3.51446e-31 1.02589e-30 1.23518e-30 1.2689e-30 8.59364e-31 3.42562e-31 -1.85391e-31
          -5.9015e-31 -6.12276e-31 -5.82118e-31 -4.44423e-31 -3.20748e-31 -2.19293e-31 -1.34464e-31 -6.12773e-32 -5.02407e-33 2.89711e-32 4.20576e-32 4.04845e-32
          3.14731e-32 2.07446e-32 1.16458e-32 5.39325e-33 1.82201e-33 1.73013e-34 -3.65187e-34 -4.08715e-34 -2.94308e-34 -1.72302e-34 -8.7504e-35 -3.95862e-35
          -1.61469e-35 -5.96461e-36 -1.99222e-36 -5.96407e-37 -1.56589e-37 -3.41381e-38 0 0 0 0 0 0
          0 0 0 0 0 0 0 0 0 -0 -0 -0
          -0 -0 -0 -0 -0 -0 -0 -0 -0 -0 -0 -0
          -0 0 0 0 0 0 0 0 0 0 0 0
          -0 -0 -0 -0 -0 -0 -0 -0 -0 0 0 0
          0 -4.61649e-31 1.35477e-30 3.57309e-30 -1.32502e-30 -1.88421e-30 -1.28566e-31 1.89105e-30 1.34928e-30 3.54006e-31 7.53873e-31 2.10911e-30
          2.53942e-30 1.69135e-30 1.38737e-30 8.15353e-31 -2.15294e-31 -8.38143e-31 -8.32611e-31 -6.74616e-31 -4.52426e-31 -2.90906e-31 -1.72239e-31 -7.30864e-32
          1.2962e-32 7.30951e-32 1.00832e-31 1.01255e-31 8.48159e-32 6.17052e-32 3.93968e-32 2.19036e-32 1.02804e-32 3.70318e-33 6.24943e-34 -4.45097e-34
          -6.07372e-34 -4.60718e-34 -2.77107e-34 -1.43514e-34 -6.60891e-35 -2.74694e-35 -1.0375e-35 -3.56576e-36 -1.11101e-36 -3.10368e-37 -7.57672e-38 -1.51344e-38
          0 0 0 0 0 0 0 0 0 0 0 0
          0 0 0 0 -0 -0 -0 -0 -0 -0 -0 -0
          -0 -0 -0 -0 -0 -0 -0 -0 0 0 0 0
          0 0 0 0 0 0 0 -0 -0 -0 -0 -0
          -0 -0 -0 0 0 0 -1.1182e-30 1.25804e-30 1.43483e-30 5.5316e-31 1.14215e-31 3.54484e-30
          4.28236e-30 -1.21515e-30 -2.18147e-31 2.02429e-30 2.65558e-30 3.40476e-30 5.54862e-30 1.96189e-30 2.19547e-30 -8.31569e-32 -7.80522e-31 -8.22952e-31
          -4.40431e-31 -2.19964e-31 -9.8255e-32 1.14085e-32 1.18041e-31 1.99128e-31 2.39593e-31 2.37837e-31 2.05944e-31 1.59486e-31 1.11178e-31 6.9514e-32
          3.84956e-32 1.83546e-32 7.00066e-33 1.59935e-33 -3.91167e-34 -8.11509e-34 -6.64107e-34 -4.13684e-34 -2.1926e-34 -1.02917e-34 -4.35745e-35 -1.67914e-35
          -5.91052e-36 -1.89922e-36 -5.54059e-37 -1.44805e-37 -3.28949e-38 0 0 0 0 0 0 0
          0 0 0 0 0 0 0 0 0 0 -0 -0
          -0 -0 -0 -0 -0 -0 -0 -0 -0 -0 -0 -0
          -0 -0 0 0 0 0 0 0 0 0 0 0
          0 0 -0 -0 -0 -0 -0 -0 -0 -0 0 -1.79521e-30
          6.68704e-31 9.86751e-31 2.79748e-30 2.75909e-30 2.6845e-30 -2.50049e-30 -4.04374e-30 2.13146e-31 1.55519e-30 3.17158e-30 3.63824e-30 6.2541e-30
          2.00067e-30 9.32105e-31 -6.49986e-31 -9.61346e-31 -5.45244e-31 2.64339e-32 1.70881e-31 2.60477e-31 3.97911e-31 5.07937e-31 5.49641e-31 5.30702e-31
          4.64039e-31 3.71621e-31 2.73911e-31 1.85368e-31 1.14207e-31 6.31762e-32 3.05931e-32 1.2244e-32 3.37087e-33 -6.89104e-35 -9.60292e-34 -8.79578e-34
          -5.73097e-34 -3.1211e-34 -1.49573e-34 -6.4522e-35 -2.53394e-35 -9.10984e-36 -3.00286e-36 -9.05636e-37 -2.48162e-37 -6.08293e-38 -1.28749e-38 0
          0 0 0 0 0 0 0 0 0 0 0 0
          0 0 0 0 -0 -0 -0 -0 -0 -0 -0 -0
          -0 -0 -0 -0 -0 -0 -0 -0 -0 0 0 0
          0 0 0 0 0 0 0 0 -0 -0 -0 -0
          -0 -0 -0 0 -2.34044e-30 -2.74667e-32 7.24445e-31 2.25765e-30 2.00785e-30 1.59708e-30 -3.48891e-30 -3.25928e-30
          -2.82765e-30 2.6727e-31 3.65976e-30 2.76371e-30 2.41927e-30 8.76816e-31 -2.49062e-30 -1.13811e-30 -1.50715e-31 5.10381e-31 8.53115e-31 9.4393e-31
          9.73619e-31 1.10693e-30 1.17235e-30 1.1143e-30 9.76942e-31 7.99153e-31 6.10533e-31 4.35191e-31 2.88129e-31 1.75572e-31 9.71308e-32 4.77024e-32
          1.98662e-32 6.20316e-33 6.75131e-34 -9.70354e-34 -1.06534e-33 -7.36143e-34 -4.14017e-34 -2.03002e-34 -8.92776e-35 -3.57155e-35 -1.30926e-35 -4.41256e-36
          -1.36748e-36 -3.88413e-37 -1.00277e-37 -2.31154e-38 0 0 0 0 0 0 0 0
          0 0 0 0 0 0 0 0 0 0 -0 -0
          -0 -0 -0 -0 -0 -0 -0 -0 -0 -0 -0 -0
          -0 -0 -0 0 0 0 0 0 0 0 0 0
          0 0 0 -0 -0 -0 -0 -0 0 -2.42204e-30 -1.81179e-31 5.69619e-31
          1.69068e-30 1.4083e-30 7.83727e-31 -8.30418e-31 -2.801e-30 4.88476e-31 1.7192e-30 2.35823e-30 8.4538e-31 1.33217e-31 8.85983e-32 -9.58612e-31
          2.55762e-30 3.02285e-30 2.43006e-30 2.24132e-30 2.29357e-30 2.17284e-30 2.18262e-30 2.12023e-30 1.90525e-30 1.59378e-30 1.25539e-30 9.2981e-31
          6.46939e-31 4.21063e-31 2.54292e-31 1.40693e-31 6.99225e-32 3.0081e-32 1.02813e-32 1.97991e-33 -7.50103e-34 -1.16775e-33 -8.74572e-34 -5.11506e-34
          -2.57348e-34 -1.15516e-34 -4.7076e-35 -1.75802e-35 -6.04536e-36 -1.91779e-36 -5.60764e-37 -1.50498e-37 -3.67227e-38 0 0 0
          0 0 0 0 0 0 0 0 0 0 0 0
          0 0 0 0 0 -0 -0 -0 -0 -0 -0 -0
          -0 -0 -0 -0 -0 -0 -0 -0 -0 -0 0 0
          0 0 0 0 0 0 0 0 0 0 -0 -0
          -0 0 -2.05759e-30 -1.60193e-31 6.01103e-31 1.48451e-30 1.48184e-30 8.19791e-31 9.14102e-31 1.14207e-30 2.57912e-30 1.57397e-30
          3.18723e-30 8.58058e-31 2.34351e-30 4.31136e-30 4.42804e-30 5.24273e-30 5.93498e-30 4.30802e-30 3.84718e-30 3.95253e-30 3.85699e-30 3.64243e-30
          3.36904e-30 2.9314e-30 2.39019e-30 1.83621e-30 1.32989e-30 9.08098e-31 5.83062e-31 3.49413e-31 1.93202e-31 9.69213e-32 4.28025e-32 1.56541e-32
          3.93327e-33 -2.20275e-34 -1.13154e-33 -9.55665e-34 -5.87473e-34 -3.04564e-34 -1.3979e-34 -5.80675e-35 -2.20837e-35 -7.73867e-36 -2.50686e-36 -7.51316e-37
          -2.07983e-37 -5.29171e-38 -1.22455e-38 0 0 0 0 0 0 0 0 0
          0 0 0 0 0 0 0 0 0 0 0 -0
          -0 -0 -0 -0 -0 -0 -0 -0 -0 -0 -0 -0
          -0 -0 -0 -0 0 0 0 0 0 0 0 0
          0 0 0 0 -0 -0 0 -1.52916e-30 -8.97085e-33 7.31547e-31 1.52673e-30 1.60353e-30
          1.68681e-30 2.0981e-30 2.32615e-30 2.15643e-30 1.32488e-30 3.31037e-30 3.81423e-30 5.53457e-30 6.27396e-30 7.03572e-30 5.99009e-30 7.85776e-30
          6.97017e-30 6.31915e-30 6.17632e-30 5.93526e-30 5.40386e-30 4.85796e-30 4.15169e-30 3.33697e-30 2.52329e-30 1.7994e-30 1.21237e-30 7.70371e-31
          4.58536e-31 2.53171e-31 1.27876e-31 5.76571e-32 2.2214e-32 6.54619e-33 6.6555e-34 -9.12934e-34 -9.49388e-34 -6.24655e-34 -3.35918e-34 -1.58122e-34
          -6.70363e-35 -2.59708e-35 -9.26902e-36 -3.06151e-36 -9.37841e-37 -2.66477e-37 -7.00757e-38 -1.69615e-38 0 0 0 0
          0 0 0 0 0 0 0 0 0 0 0 0
          0 0 0 0 0 -0 -0 -0 -0 -0 -0 -0
          -0 -0 -0 -0 -0 -0 -0 -0 -0 -0 -0 0
          0 0 0 0 0 0 0 0 0 0 0 0
          -9.94531e-31 1.98925e-31 9.30716e-31 1.56109e-30 1.7698e-30 2.14216e-30 2.23937e-30 2.36964e-30 2.43465e-30 3.05484e-30 4.72299e-30 5.88778e-30
          7.72051e-30 8.05449e-30 9.27718e-30 9.1386e-30 9.57953e-30 9.79367e-30 8.8309e-30 8.44482e-30 7.98739e-30 7.32228e-30 6.53488e-30 5.54493e-30
          4.40295e-30 3.29348e-30 2.32668e-30 1.55373e-30 9.78835e-31 5.78734e-31 3.18694e-31 1.61662e-31 7.40567e-32 2.9711e-32 9.74215e-33 1.90523e-33
          -4.92378e-34 -8.36479e-34 -6.10022e-34 -3.44113e-34 -1.66925e-34 -7.23948e-35 -2.85992e-35 -1.03967e-35 -3.49881e-36 -1.09365e-36 -3.1797e-37 -8.59545e-38
          -2.15478e-38 0 0 0 0 0 0 0 0 0 0 0
          0 0 0 0 0 0 0 0 0 0 0 -0
          -0 -0 -0 -0 -0 -0 -0 -0 -0 -0 -0 -0
          -0 -0 -0 -0 -0 0 0 0 0 0 0 0
          0 0 0 0 0 -4.70085e-31 4.86102e-31 1.11464e-30 1.57347e-30 1.83504e-30 2.17558e-30 2.31343e-30
          2.79116e-30 3.40908e-30 4.45329e-30 5.95746e-30 7.56466e-30 9.07384e-30 1.07374e-29 1.10518e-29 1.11764e-29 1.15527e-29 1.26824e-29 1.18499e-29
          1.11683e-29 1.04285e-29 9.49659e-30 8.49535e-30 7.11717e-30 5.57046e-30 4.12685e-30 2.89696e-30 1.92218e-30 1.20229e-30 7.06213e-31 3.87458e-31
          1.96924e-31 9.12572e-32 3.77758e-32 1.33577e-32 3.4396e-33 1.16284e-34 -6.15237e-34 -5.38871e-34 -3.25432e-34 -1.64012e-34 -7.3051e-35 -2.94846e-35
          -1.09269e-35 -3.74658e-36 -1.19397e-36 -3.54542e-37 -9.81879e-38 -2.53427e-38 0 0 0 0 0 0
          0 0 0 0 0 0 0 0 0 0 0 0
          0 0 0 0 0 0 -0 -0 -0 -0 -0 -0
          -0 -0 -0 -0 -0 -0 -0 -0 -0 -0 -0 -0
          0 0 0 0 0 0 0 0 0 0 4.85969e-32 8.0855e-31
          1.27443e-30 1.59869e-30 1.84391e-30 2.16689e-30 2.60751e-30 3.37002e-30 4.43124e-30 5.72629e-30 7.48035e-30 9.23204e-30 1.14454e-29 1.28673e-29
          1.37442e-29 1.54396e-29 1.61684e-29 1.58953e-29 1.49661e-29 1.40457e-29 1.33227e-29 1.20122e-29 1.05022e-29 8.66643e-30 6.74146e-30 4.97638e-30
          3.48091e-30 2.29978e-30 1.43042e-30 8.35381e-31 4.56485e-31 2.32065e-31 1.08391e-31 4.59455e-32 1.71546e-32 5.15455e-33 8.6353e-34 -3.04544e-34
          -4.1717e-34 -2.81174e-34 -1.49351e-34 -6.8763e-35 -2.84518e-35 -1.07679e-35 -3.76458e-36 -1.22306e-36 -3.706e-37 -1.04942e-37 -2.77873e-38 0
          0 0 0 0 0 0 0 0 0 0 0 0
          0 0 0 0 0 0 0 0 0 0 0 0
          -0 -0 -0 -0 -0 -0 -0 -0 -0 -0 -0 -0
          -0 -0 -0 -0 -0 -0 0 0 0 0 0 0
          0 0 0 5.93602e-31 1.12857e-30 1.43081e-30 1.66111e-30 1.9423e-30 2.39353e-30 3.0765e-30 4.04265e-30 5.45976e-30
          7.0922e-30 9.05087e-30 1.13469e-29 1.30514e-29 1.57291e-29 1.653e-29 1.78469e-29 1.89648e-29 1.97231e-29 1.68826e-29 1.64631e-29 1.59837e-29
          1.43863e-29 1.22881e-29 1.00404e-29 7.81797e-30 5.78115e-30 4.04417e-30 2.66547e-30 1.65097e-30 9.59599e-31 5.2236e-31 2.65335e-31 1.24532e-31
          5.37128e-32 2.08512e-32 6.89814e-33 1.67186e-33 5.88463e-35 -2.60966e-34 -2.17744e-34 -1.25258e-34 -6.02799e-35 -2.57107e-35 -9.96726e-36 -3.55898e-36
          -1.17965e-36 -3.6473e-37 -1.05507e-37 -2.86023e-38 0 0 0 0 0 0 0 0
          0 0 0 0 0 0 0 0 0 0 0 0
          0 0 0 0 0 0 0 -0 -0 -0 -0 -0
          -0 -0 -0 -0 -0 -0 -0 -0 -0 -0 -0 -0
          -0 0 0 0 0 0 0 0 1.15431e-30 1.42288e-30 1.60999e-30 1.84105e-30
          2.18726e-30 2.74834e-30 3.60168e-30 4.7639e-30 6.4394e-30 8.37966e-30 1.05221e-29 1.2902e-29 1.49478e-29 1.7048e-29 1.8736e-29 1.81505e-29
          1.94103e-29 2.04757e-29 1.95262e-29 1.9275e-29 1.84004e-29 1.63512e-29 1.3932e-29 1.13357e-29 8.828e-30 6.53174e-30 4.56595e-30 3.00237e-30
          1.8532e-30 1.07284e-30 5.81923e-31 2.95116e-31 1.38838e-31 6.0607e-32 2.4174e-32 8.51169e-33 2.45279e-33 4.2864e-34 -9.27375e-35 -1.45228e-34
          -9.5914e-35 -4.92003e-35 -2.18256e-35 -8.70814e-36 -3.18433e-36 -1.07847e-36 -3.40469e-37 -1.00602e-37 -2.7894e-38 0 0 0
          0 0 0 0 0 0 -0 0 0 0 0 0
          0 0 0 0 0 0 0 0 0 0 0 0
          0 -0 -0 -0 -0 -0 -0 -0 -0 -0 -0 -0
          -0 -0 -0 -0 -0 -0 -0 -0 0 0 0 0
          0 1.52074e-30 1.68009e-30 1.85198e-30 2.11066e-30 2.51628e-30 3.15825e-30 4.14441e-30 5.44528e-30 7.28519e-30 9.28816e-30 1.15366e-29
          1.39864e-29 1.62856e-29 1.88402e-29 2.03682e-29 2.15738e-29 2.21476e-29 2.31477e-29 2.42222e-29 2.35154e-29 2.13096e-29 1.85249e-29 1.55365e-29
          1.2604e-29 9.79356e-30 7.22554e-30 5.03394e-30 3.29863e-30 2.02882e-30 1.17019e-30 6.32561e-31 3.20096e-31 1.50651e-31 6.62662e-32 2.69084e-32
          9.86297e-33 3.12678e-33 7.59819e-34 6.39484e-35 -7.4994e-35 -6.63702e-35 -3.75989e-35 -1.75853e-35 -7.26875e-36 -2.73174e-36 -9.47199e-37 -3.05616e-37
          -9.2252e-38 -2.61439e-38 0 0 0 0 0 0 0 0 0 0
          -0 0 0 0 0 0 0 0 0 0 0 0
          0 0 0 0 0 0 0 0 -0 -0 -0 -0
          -0 -0 -0 -0 -0 -0 -0 -0 -0 -0 -0 -0
          -0 -0 -0 0 0 0 1.88923e-30 1.93101e-30 2.10699e-30 2.39697e-30 2.84473e-30 3.54161e-30
          4.58461e-30 5.98775e-30 7.79877e-30 9.96839e-30 1.24238e-29 1.51069e-29 1.77041e-29 2.08095e-29 2.36615e-29 2.56683e-29 2.77208e-29 2.96235e-29
          2.81396e-29 2.66456e-29 2.38119e-29 2.0485e-29 1.70629e-29 1.37693e-29 1.06451e-29 7.81648e-30 5.42155e-30 3.53888e-30 2.16901e-30 1.24687e-30
          6.71891e-31 3.39182e-31 1.59499e-31 7.04559e-32 2.89208e-32 1.08655e-32 3.63694e-33 1.01723e-33 1.89208e-34 -1.72887e-35 -4.14548e-35 -2.75647e-35
          -1.38239e-35 -5.95765e-36 -2.30723e-36 -8.19773e-37 -2.70284e-37 -8.32677e-38 -2.40774e-38 0 0 0 0 0
          0 0 0 0 0 -0 -0 0 0 0 0 0
          0 0 0 0 0 0 0 0 0 0 0 0
          0 0 -0 -0 -0 -0 -0 -0 -0 -0 -0 -0
          -0 -0 -0 -0 -0 -0 -0 -0 -0 0 0 2.10488e-30
          2.13788e-30 2.31798e-30 2.62902e-30 3.12085e-30 3.86352e-30 4.91929e-30 6.31276e-30 8.10618e-30 1.03011e-29 1.29231e-29 1.60721e-29 1.94428e-29
          2.29611e-29 2.58356e-29 2.85952e-29 3.06668e-29 3.16294e-29 3.09327e-29 2.83247e-29 2.52354e-29 2.1772e-29 1.81681e-29 1.46198e-29 1.12555e-29
          8.23157e-30 5.68904e-30 3.70199e-30 2.26275e-30 1.29738e-30 6.97407e-31 3.5135e-31 1.65022e-31 7.30359e-32 3.01465e-32 1.14766e-32 3.95162e-33
          1.17881e-33 2.6933e-34 2.02989e-35 -2.49483e-35 -2.08102e-35 -1.12524e-35 -5.04722e-36 -2.00754e-36 -7.28131e-37 -2.44311e-37 -7.64757e-38 -2.2453e-38
          0 0 0 0 0 0 0 0 0 0 -0 -0
          -0 0 0 0 0 0 0 0 0 0 0 0
          0 0 0 0 0 0 0 0 -0 -0 -0 -0
          -0 -0 -0 -0 -0 -0 -0 -0 -0 -0 -0 -0
          -0 -0 -0 0 2.17459e-30 2.21631e-30 2.4031e-30 2.72691e-30 3.23048e-30 3.96846e-30 5.01816e-30 6.43037e-30
          8.26734e-30 1.05983e-29 1.31568e-29 1.63458e-29 2.01069e-29 2.34259e-29 2.72012e-29 3.01008e-29 3.17604e-29 3.19743e-29 3.0954e-29 2.85935e-29
          2.56229e-29 2.2233e-29 1.86145e-29 1.49751e-29 1.1508e-29 8.39884e-30 5.79366e-30 3.76397e-30 2.29745e-30 1.31568e-30 7.06473e-31 3.55605e-31
          1.66914e-31 7.39127e-32 3.05586e-32 1.16816e-32 4.05764e-33 1.23372e-33 2.96822e-34 3.33157e-35 -1.91833e-35 -1.84325e-35 -1.03404e-35 -4.72191e-36
          -1.89963e-36 -6.94854e-37 -2.34788e-37 -7.39553e-38 -2.18406e-38 0 0 0 0 0 0 0
          0 0 0 -0 -0 -0 0 0 0 0 0 0
          0 0 0 0 0 0 0 0 0 0 0 0
          0 0 -0 -0 -0 -0 -0 -0 -0 -0 -0 -0
          -0 -0 -0 -0 -0 -0 -0 -0 0
        </DataArray>
        <DataArray type="Float32" Name="X^H2_gas" NumberOfComponents="1" format="ascii">
          0.0351341 0.0428809 0.0516656 0.0575913 0.0442152 0.0564148 0.0436355 0.0534831 0.0416732 0.0496639 0.0387654 0.0452985
          0.0352552 0.0406232 0.0314151 0.0358351 0.0274614 0.0310991 0.0235633 0.026549 0.0198487 0.0222873 0.0164101 0.0183876
          0.0133085 0.0148975 0.010579 0.011841 0.00823422 0.0092225 0.00626833 0.00702955 0.00466076 0.00523597 0.00337991 0.00380524
          0.00238685 0.00269383 0.00163879 0.00185451 0.00109219 0.00123944 0.000705454 0.000802864 0.000440947 0.000503267 0.000266348 0.000304837
          0.000155279 0.000178189 8.72765e-05 0.000100402 4.72501e-05 5.44787e-05 2.46217e-05 2.84457e-05 1.23427e-05 1.42846e-05 5.94979e-06 6.8962e-06
          2.75722e-06 3.19979e-06 1.22809e-06 1.42664e-06 5.25237e-07 6.10612e-07 2.15677e-07 2.50864e-07 8.61971e-08 1.00276e-07 3.31503e-08 3.8564e-08
          1.22725e-08 1.42739e-08 4.37587e-09 5.08759e-09 1.50368e-09 1.74733e-09 4.9831e-10 5.78666e-10 1.59359e-10 1.84907e-10 4.92079e-11 5.70438e-11
          1.46788e-11 1.69985e-11 4.23182e-12 4.89501e-12 1.17955e-12 1.36273e-12 3.17996e-13 3.66902e-13 8.29485e-14 9.55746e-14 2.09436e-14 2.40972e-14
          5.12082e-15 5.88321e-15 1.21312e-15 1.39162e-15 2.78618e-16 3.19118e-16 6.20808e-17 7.09927e-17 1.34295e-17 1.53327e-17 2.82243e-18 3.2172e-18
          5.76708e-19 6.56298e-19 1.14647e-19 1.30255e-19 2.21894e-20 2.51688e-20 4.18422e-21 4.73824e-21 7.69258e-22 8.69681e-22 1.37977e-22 1.55733e-22
          2.41591e-23 2.72237e-23 4.13176e-24 4.64831e-24 6.90529e-25 7.75602e-25 1.12825e-25 1.26521e-25 1.80293e-26 2.01856e-26 2.81909e-27 3.15125e-27
          4.31543e-28 4.81629e-28 6.47096e-29 7.21071e-29 9.51017e-30 1.0581e-29 1.37059e-30 1.52258e-30 1.93787e-31 2.14949e-31 2.68905e-32 2.97824e-32
          3.66337e-33 4.05131e-33 4.90123e-34 5.41231e-34 6.44196e-35 7.10341e-35 8.32103e-36 9.16231e-36 1.0567e-36 1.16189e-36 1.31979e-37 1.44916e-37
          1.62185e-38 1.77838e-38 0 0 0 0 0 0 0 0 0 0
          0 0 0 0 0 0 0 0 0 0 0 0
          0 0 0 0 0 0 0 0 0 0 0 0
          0 0 0 0 0 0 0 0 0 0 0.0697093 0.0768396
          0.0766193 0.0726959 0.067018 0.0605475 0.0538009 0.0470901 0.0406202 0.0345312 0.0289176 0.0238396 0.0193296 0.0153972
          0.0120334 0.00921335 0.00689975 0.0050453 0.0035958 0.00249317 0.00167861 0.00109547 0.00069176 0.000422012 0.000248364 0.000140832
          7.6861e-05 4.03416e-05 2.03511e-05 9.86362e-06 4.59189e-06 2.05291e-06 8.80538e-07 3.62334e-07 1.44948e-07 5.57639e-08 2.06389e-08 7.35297e-09
          2.5233e-09 8.34667e-10 2.66314e-10 8.20118e-11 2.4389e-11 7.00731e-12 1.94596e-12 5.22538e-13 1.35733e-13 3.41212e-14 8.30489e-15 1.95818e-15
          4.4757e-16 9.92345e-17 2.13589e-17 4.4661e-18 9.07866e-19 1.79544e-19 3.4569e-20 6.48457e-21 1.18594e-21 2.11601e-22 3.68569e-23 6.27055e-24
          1.04253e-24 1.69455e-25 2.69391e-26 4.19061e-27 6.38214e-28 9.52139e-29 1.39228e-29 1.99649e-30 2.80881e-31 3.87842e-32 5.25791e-33 7.00061e-34
          9.15733e-35 1.17726e-35 1.48802e-36 1.84993e-37 2.26294e-38 0 0 0 0 0 0 0
          0 0 0 0 0 0 0 0 0 0 0 0
          0 0 0 0.0924719 0.100585 0.101359 0.0969484 0.0897572 0.0812236 0.0721945 0.0631836 0.0545109
          0.0463766 0.0389023 0.0321565 0.0261698 0.0209451 0.0164636 0.0126899 0.00957516 0.00705968 0.00507615 0.0035524 0.00241472
          0.00159112 0.00101439 0.000624603 0.000370868 0.000212055 0.000116624 6.16389e-05 3.12877e-05 1.52465e-05 7.13086e-06 3.20048e-06 1.37715e-06
          5.68104e-07 2.27632e-07 8.76682e-08 3.24658e-08 1.15676e-08 3.96825e-09 1.31164e-09 4.1802e-10 1.28539e-10 3.81566e-11 1.09402e-11 3.03107e-12
          8.11849e-13 2.10307e-13 5.27141e-14 1.27911e-14 3.00634e-15 6.84868e-16 1.5133e-16 3.24579e-17 6.76262e-18 1.36971e-18 2.69883e-19 5.17691e-20
          9.6746e-21 1.76267e-21 3.13311e-22 5.43651e-23 9.21392e-24 1.52603e-24 2.47093e-25 3.91311e-26 6.06383e-27 9.19963e-28 1.36723e-28 1.99162e-29
          2.84508e-30 3.98751e-31 5.48523e-32 7.40834e-33 9.82697e-34 1.28068e-34 1.64035e-35 2.06578e-36 2.55888e-37 3.11889e-38 0 0
          0 0 0 0 0 0 0 0 0 0 0 0
          0 0 0 0 0 0 0 0 0.120868 0.129953 0.131511 0.126511
          0.117644 0.106776 0.0950996 0.0833707 0.07206 0.0614518 0.0517078 0.0429101 0.0350899 0.0282444 0.0223469 0.0173522
          0.0132001 0.00981876 0.00712705 0.00503747 0.00345957 0.00230355 0.00148401 0.000923195 0.000553613 0.00031953 0.000177276 9.44482e-05
          4.82881e-05 2.36815e-05 1.11376e-05 5.02259e-06 2.16984e-06 8.98018e-07 3.60667e-07 1.39148e-07 5.15927e-08 1.83955e-08 6.31196e-09 2.08586e-09
          6.64353e-10 2.04084e-10 6.05028e-11 1.73194e-11 4.78958e-12 1.28018e-12 3.30867e-13 8.27287e-14 2.00215e-14 4.69276e-15 1.06597e-15 2.34834e-16
          5.02131e-17 1.04289e-17 2.10546e-18 4.13493e-19 7.90529e-20 1.47237e-20 2.6735e-21 4.73589e-22 8.18942e-23 1.38318e-23 2.28292e-24 3.68365e-25
          5.81333e-26 8.97706e-27 1.35719e-27 2.00999e-28 2.91772e-29 4.15353e-30 5.80115e-31 7.95245e-32 1.07035e-32 1.41491e-33 1.83763e-34 2.3457e-35
          2.94405e-36 3.63449e-37 4.41504e-38 0 0 0 0 0 0 0 0 0
          0 0 0 0 0 0 0 0 0 0 0 0
          0 0.155786 0.166013 0.168228 0.162396 0.151464 0.137735 0.122805 0.107735 0.0931971 0.0795896 0.0671219
          0.0558842 0.0458964 0.0371384 0.0295665 0.0231207 0.0177272 0.0133004 0.00974437 0.00695579 0.00482664 0.00324821 0.00211525
          0.00133006 0.000805978 0.000469875 0.000263163 0.000141437 7.28884e-05 3.60015e-05 1.70376e-05 7.7249e-06 3.35272e-06 1.3929e-06 5.61052e-07
          2.16953e-07 8.05782e-08 2.8764e-08 9.87628e-09 3.26442e-09 1.03951e-09 3.19143e-10 9.4526e-11 2.70259e-11 7.46273e-12 1.99124e-12 5.13657e-13
          1.28163e-13 3.09473e-14 7.23626e-15 1.63959e-15 3.60257e-16 7.68224e-17 1.59109e-17 3.20304e-18 6.27216e-19 1.19559e-19 2.22015e-20 4.01914e-21
          7.09793e-22 1.22364e-22 2.06034e-23 3.39008e-24 5.45318e-25 8.57918e-26 1.32069e-26 1.99046e-27 2.93868e-28 4.25254e-29 6.03492e-30 8.40271e-31
          1.14831e-31 1.54079e-32 2.03053e-33 2.6291e-34 3.34578e-35 4.18648e-36 5.1527e-37 6.24051e-38 0 0 0 0
          0 0 0 0 0 0 0 0 0 0 0 0
          0 0 0 0 0 0 0.197959 0.209604 0.212452 0.205561 0.192117 0.174892
          0.155945 0.136729 0.118198 0.100914 0.0851588 0.0710256 0.0585054 0.0475389 0.038046 0.029938 0.0231189 0.0174847
          0.0129225 0.00931187 0.00652655 0.00443838 0.00292147 0.00185696 0.00113735 0.000669968 0.000378949 0.000205552 0.000106832 5.31699e-05
          2.53326e-05 1.15537e-05 5.03987e-06 2.10284e-06 8.49826e-07 3.29495e-07 1.22629e-07 4.38408e-08 1.50679e-08 4.98295e-09 1.58689e-09 4.87042e-10
          1.44161e-10 4.11774e-11 1.13565e-11 3.02577e-12 7.79222e-13 1.94066e-13 4.67669e-14 1.09119e-14 2.46682e-15 5.40739e-16 1.15026e-16 2.37631e-17
          4.77137e-18 9.31853e-19 1.77152e-19 3.28067e-20 5.9227e-21 1.04307e-21 1.79319e-22 3.01091e-23 4.94022e-24 7.92433e-25 1.24317e-25 1.90835e-26
          2.86801e-27 4.22232e-28 6.09285e-29 8.62222e-30 1.19714e-30 1.63143e-31 2.18292e-32 2.86876e-33 3.70415e-34 4.7009e-35 5.86599e-36 7.20017e-37
          8.69657e-38 0 0 0 0 0 0 0 0 0 0 0
          0 0 0 0 0 0 0 0 0 0 0 0.247682
          0.261061 0.2646 0.256504 0.240184 0.218861 0.195109 0.170859 0.147446 0.125678 0.105951 0.0883759 0.0729013
          0.059402 0.0477342 0.037758 0.02934 0.0223489 0.0166502 0.0121037 0.00856376 0.0058823 0.00391238 0.00251335 0.00155582
          0.000926063 0.000529075 0.000289709 0.000151897 7.61976e-05 3.65609e-05 1.67781e-05 7.35785e-06 3.08418e-06 1.25089e-06 4.86407e-07 1.81443e-07
          6.49785e-08 2.23595e-08 7.39951e-09 2.3571e-09 7.23343e-10 2.14003e-10 6.10789e-11 1.68275e-11 4.47769e-12 1.15142e-12 2.86283e-13 6.88645e-14
          1.60364e-14 3.61778e-15 7.9131e-16 1.67946e-16 3.46148e-17 6.93363e-18 1.35083e-18 2.56164e-19 4.73198e-20 8.5211e-21 1.49685e-21 2.56667e-22
          4.29851e-23 7.0346e-24 1.12545e-24 1.76101e-25 2.69622e-26 4.04153e-27 5.9345e-28 8.54131e-29 1.20558e-29 1.66955e-30 2.26937e-31 3.02872e-32
          3.97016e-33 5.11327e-34 6.47281e-35 8.0568e-36 9.86457e-37 1.18852e-37 1.40959e-38 0 0 0 0 0
          0 0 0 0 0 0 0 0 0 0 0 0
          0 0 0 0 0.304483 0.319876 0.324198 0.31489 0.295534 0.269724 0.240531 0.210428
          0.181234 0.15411 0.129646 0.108005 0.0890936 0.0727003 0.0585872 0.0465347 0.0363507 0.027863 0.0209074 0.0153201
          0.0109345 0.00758132 0.00509239 0.0033049 0.00206701 0.00124298 0.000717218 0.000396469 0.000209702 0.00010604 5.12454e-05 2.36659e-05
          1.04346e-05 4.39489e-06 1.78912e-06 6.978e-07 2.60923e-07 9.36132e-08 3.22547e-08 1.06829e-08 3.40431e-09 1.04469e-09 3.08963e-10 8.81232e-11
          2.42558e-11 6.44681e-12 1.65552e-12 4.10991e-13 9.86962e-14 2.29416e-14 5.16562e-15 1.12758e-15 2.38811e-16 4.91133e-17 9.81582e-18 1.90799e-18
          3.60982e-19 6.65258e-20 1.19513e-20 2.0944e-21 3.5827e-22 5.98565e-23 9.772e-24 1.55962e-24 2.43446e-25 3.71829e-26 5.56009e-27 8.14463e-28
          1.1694e-28 1.64662e-29 2.27487e-30 3.08479e-31 4.10724e-32 5.37121e-33 6.90149e-34 8.71614e-35 1.0824e-35 1.32221e-36 1.5894e-37 1.88074e-38
          0 0 0 0 0 0 0 0 0 0 0 0
          0 0 0 0 0 0 0 0 0 0.36683 0.384385 0.389562
          0.379213 0.356994 0.326704 0.291802 0.255298 0.219581 0.186288 0.156312 0.129944 0.107074 0.0873956 0.0705515
          0.0562118 0.0441 0.0339848 0.0256623 0.0189394 0.0136252 0.00952866 0.00645944 0.0042325 0.00267326 0.00162341 0.000945782
          0.000527678 0.000281508 0.000143478 6.98316e-05 3.24518e-05 1.43847e-05 6.0881e-06 2.4876e-06 9.73155e-07 3.6476e-07 1.31109e-07 4.52337e-08
          1.49943e-08 4.78022e-09 1.46697e-09 4.33721e-10 1.23633e-10 3.4001e-11 9.02728e-12 2.31524e-12 5.73953e-13 1.37614e-13 3.19338e-14 7.17739e-15
          1.56375e-15 3.30536e-16 6.78389e-17 1.353e-17 2.62435e-18 4.95439e-19 9.11051e-20 1.63307e-20 2.85552e-21 4.87376e-22 8.12438e-23 1.32338e-23
          2.10737e-24 3.28206e-25 5.00162e-26 7.46228e-27 1.09065e-27 1.56246e-28 2.19517e-29 3.02599e-30 4.09428e-31 5.43936e-32 7.09775e-33 9.10014e-34
          1.14681e-34 1.42109e-35 1.73225e-36 2.07789e-37 2.45361e-38 0 0 0 0 0 0 0
          0 0 0 0 0 0 0 0 0 0 0 0
          0 0 0.432049 0.4517 0.457725 0.446692 0.422196 0.38798 0.34767 0.304705 0.262072 0.222004
          0.185845 0.154121 0.126772 0.103411 0.083546 0.0667111 0.0525181 0.0406566 0.0308694 0.0229273 0.016612 0.0117086
          0.00800425 0.00529147 0.00337288 0.00206731 0.00121548 0.000684118 0.000367996 0.000188992 9.26153e-05 4.33007e-05 1.92914e-05 8.20392e-06
          3.3641e-06 1.31986e-06 4.95855e-07 1.78544e-07 6.16772e-08 2.04617e-08 6.52584e-09 2.00275e-09 5.9196e-10 1.68645e-10 4.63428e-11 1.22916e-11
          3.14871e-12 7.79525e-13 1.86628e-13 4.32389e-14 9.70194e-15 2.11004e-15 4.45185e-16 9.11955e-17 1.81528e-17 3.51402e-18 6.62058e-19 1.21496e-19
          2.17336e-20 3.79239e-21 6.45934e-22 1.07451e-22 1.74662e-23 2.77554e-24 4.31366e-25 6.56e-26 9.767e-27 1.42454e-27 2.03656e-28 2.85538e-29
          3.92801e-30 5.30392e-31 7.03212e-32 9.15765e-33 1.17177e-33 1.47374e-34 1.82261e-35 2.21733e-36 2.65457e-37 3.1285e-38 0 0
          0 0 0 0 0 0 0 0 0 0 0 0
          0 0 0 0 0 0 0 0.496619 0.51806 0.524794 0.513584 0.487796
          0.450789 0.406038 0.357192 0.307769 0.260684 0.21789 0.180304 0.148013 0.120601 0.0974433 0.0779208 0.0615097
          0.0477995 0.0364659 0.0272357 0.019859 0.0140956 0.00970967 0.006471 0.00415958 0.00257138 0.0015248 0.000865258 0.000469058
          0.000242623 0.000119666 5.62664e-05 2.51857e-05 1.07599e-05 4.42679e-06 1.74145e-06 6.55628e-07 2.36453e-07 8.17749e-08 2.71486e-08 8.66137e-09
          2.65812e-09 7.85434e-10 2.2364e-10 6.14074e-11 1.62715e-11 4.16353e-12 1.02946e-12 2.46124e-13 5.69383e-14 1.27556e-14 2.76959e-15 5.83336e-16
          1.19284e-16 2.3701e-17 4.57957e-18 8.61201e-19 1.57743e-19 2.81639e-20 4.90506e-21 8.33848e-22 1.38444e-22 2.24609e-23 3.56239e-24 5.52593e-25
          8.38746e-26 1.2464e-26 1.81444e-27 2.58905e-28 3.62315e-29 4.97484e-30 6.70489e-31 8.87306e-32 1.15337e-32 1.47309e-33 1.84935e-34 2.283e-35
          2.77244e-36 3.31324e-37 3.89785e-38 0 0 0 0 0 0 0 0 0
          0 0 0 0 0 0 0 0 0 0 0 0
          0.556932 0.579644 0.586768 0.575963 0.550123 0.511891 0.464243 0.410726 0.355227 0.301353 0.251801 0.208053
          0.170485 0.138726 0.112051 0.0896828 0.0709449 0.0553085 0.0423686 0.0317997 0.0233171 0.0166536 0.01155 0.00775355
          0.00502199 0.00312877 0.00186966 0.00106892 0.000583591 0.000303848 0.000150747 7.12488e-05 3.20254e-05 1.37406e-05 5.66978e-06 2.23571e-06
          8.43266e-07 3.04546e-07 1.05425e-07 3.50201e-08 1.11752e-08 3.42934e-09 1.01297e-09 2.88262e-10 7.90907e-11 2.09376e-11 5.35172e-12 1.32166e-12
          3.15572e-13 7.29027e-14 1.63081e-14 3.53548e-15 7.43467e-16 1.5178e-16 3.01075e-17 5.80756e-18 1.09025e-18 1.99352e-19 3.55309e-20 6.17728e-21
          1.04828e-21 1.73741e-22 2.81381e-23 4.45499e-24 6.89844e-25 1.04524e-25 1.55056e-26 2.25331e-27 3.20974e-28 4.48405e-29 6.14642e-30 8.26986e-31
          1.09257e-31 1.41781e-32 1.80783e-33 2.26584e-34 2.79257e-35 3.38575e-36 4.03965e-37 4.7448e-38 0 0 0 0
          0 0 0 0 0 0 0 0 0 0 0 0
          0 0 0 0 0 0.61031 0.633554 0.640536 0.630692 0.606066 0.568295 0.519562
          0.463012 0.402653 0.34269 0.28664 0.236706 0.193709 0.15743 0.127095 0.10178 0.0806504 0.0630456 0.0484687
          0.036535 0.0269218 0.0193342 0.0134898 0.00911414 0.0059431 0.00372829 0.00224318 0.00129104 0.000709316 0.000371455 0.00018525
          8.79546e-05 3.96748e-05 1.70884e-05 7.06874e-06 2.79286e-06 1.05501e-06 3.81438e-07 1.32139e-07 4.39115e-08 1.40138e-08 4.2997e-09 1.26955e-09
          3.61063e-10 9.89897e-11 2.61817e-11 6.68526e-12 1.64913e-12 3.93282e-13 9.07379e-14 2.02702e-14 4.38825e-15 9.21449e-16 1.87835e-16 3.72027e-17
          7.16512e-18 1.34301e-18 2.45183e-19 4.36306e-20 7.57349e-21 1.28319e-21 2.12338e-22 3.43347e-23 5.4275e-24 8.39113e-25 1.26942e-25 1.88018e-26
          2.72807e-27 3.88001e-28 5.41209e-29 7.40719e-30 9.95107e-31 1.3127e-31 1.70092e-32 2.1656e-33 2.71025e-34 3.33541e-35 4.03802e-36 4.81095e-37
          5.64265e-38 0 0 0 0 0 0 0 0 0 0 0
          0 0 0 0 0 0 0 0 0 0 0.65587 0.678446
          0.684595 0.67618 0.653795 0.617901 0.56976 0.511887 0.448145 0.383158 0.321229 0.265388 0.217039 0.176229
          0.142204 0.113925 0.0904 0.0708327 0.0546266 0.0413333 0.03059 0.0220748 0.0154829 0.0105194 0.0068996 0.00435424
          0.00263527 0.00152542 0.000842623 0.00044345 0.000222128 0.000105865 4.78887e-05 2.06951e-05 8.57754e-06 3.39418e-06 1.28362e-06 4.64461e-07
          1.60978e-07 5.35059e-08 1.7075e-08 5.23752e-09 1.54575e-09 4.39345e-10 1.20361e-10 3.18064e-11 8.11363e-12 1.99937e-12 4.76274e-13 1.09756e-13
          2.44885e-14 5.29468e-15 1.11032e-15 2.26033e-16 4.47071e-17 8.59859e-18 1.60946e-18 2.93415e-19 5.21405e-20 9.03795e-21 1.52917e-21 2.52687e-22
          4.0802e-23 6.44084e-24 9.94397e-25 1.50226e-25 2.22197e-26 3.21959e-27 4.57284e-28 6.36986e-29 8.70632e-30 1.16808e-30 1.53883e-31 1.99131e-32
          2.53201e-33 3.16471e-34 3.88969e-35 4.70307e-36 5.59621e-37 6.55541e-38 0 0 0 0 0 0
          0 0 0 0 0 0 0 0 0 0 0 0
          0 0 0 0.694749 0.714338 0.719163 0.712542 0.692945 0.659762 0.613394 0.555624 0.489945
          0.42116 0.35424 0.293048 0.239664 0.194505 0.156905 0.125748 0.0999052 0.0784432 0.060665 0.0460568 0.0342162
          0.0247954 0.0174698 0.0119262 0.00786124 0.00498572 0.00303232 0.00176356 0.000978454 0.000516985 0.000259867 0.000124219 5.63055e-05
          2.43986e-05 1.01268e-05 4.01146e-06 1.5182e-06 5.49603e-07 1.90532e-07 6.33301e-08 2.02065e-08 6.19591e-09 1.8277e-09 5.19159e-10 1.42123e-10
          3.75265e-11 9.56422e-12 2.35457e-12 5.6032e-13 1.28987e-13 2.87479e-14 6.20858e-15 1.30047e-15 2.6443e-16 5.22393e-17 1.00352e-17 1.87607e-18
          3.41606e-19 6.06302e-20 1.04968e-20 1.77383e-21 2.92763e-22 4.72159e-23 7.44436e-24 1.14795e-24 1.73217e-25 2.559e-26 3.70356e-27 5.25408e-28
          7.31031e-29 9.98018e-30 1.33745e-30 1.75996e-31 2.27489e-32 2.88936e-33 3.60735e-34 4.42885e-35 5.34912e-36 6.35805e-37 7.43982e-38 0
          0 0 0 0 0 0 0 0 0 0 0 0
          0 0 0 0 0 0 0 0 0.729176 0.741386 0.745824 0.741085
          0.724158 0.693844 0.649787 0.593036 0.526577 0.455175 0.384281 0.318511 0.260641 0.211515 0.170618 0.136798
          0.108809 0.0855948 0.0663617 0.0505323 0.037667 0.0273951 0.0193756 0.0132799 0.00878897 0.00559633 0.00341691 0.00199447
          0.00111025 0.000588347 0.00029648 0.000142016 6.44508e-05 2.79858e-05 1.16254e-05 4.60782e-06 1.74455e-06 6.31658e-07 2.18981e-07 7.27758e-08
          2.32138e-08 7.11518e-09 2.0978e-09 5.95525e-10 1.62918e-10 4.29853e-11 1.09468e-11 2.69267e-12 6.40212e-13 1.47244e-13 3.27859e-14 7.07383e-15
          1.48025e-15 3.00684e-16 5.93416e-17 1.13879e-17 2.12681e-18 3.86865e-19 6.8593e-20 1.18632e-20 2.00272e-21 3.30204e-22 5.32007e-23 8.37954e-24
          1.29087e-24 1.94589e-25 2.8719e-26 4.15235e-27 5.88502e-28 8.18026e-29 1.11572e-29 1.49375e-30 1.96379e-31 2.53598e-32 3.21799e-33 4.01394e-34
          4.92355e-35 5.94124e-36 7.05551e-37 8.24859e-38 0 0 0 0 0 0 0 0
          0 0 0 0 0 0 0 0 0 0 0 0
          0 0.752222 0.762078 0.766804 0.763174 0.748352 0.720522 0.678723 0.623355 0.556862 0.483822 0.409972
          0.340538 0.278928 0.226417 0.182672 0.146538 0.116683 0.0919458 0.0714446 0.0545459 0.0407767 0.029748 0.0211066
          0.0145126 0.00963491 0.00615338 0.00376757 0.00220472 0.00123001 0.000653023 0.000329571 0.000158053 7.17616e-05 3.12034e-05 1.29662e-05
          5.14015e-06 1.9462e-06 7.04629e-07 2.44241e-07 8.11504e-08 2.58765e-08 7.92805e-09 2.33634e-09 6.62881e-10 1.81237e-10 4.77885e-11 1.21618e-11
          2.98943e-12 7.10254e-13 1.63231e-13 3.63177e-14 7.82971e-15 1.63712e-15 3.32283e-16 6.55246e-17 1.25643e-17 2.34458e-18 4.26131e-19 7.54935e-20
          1.30461e-20 2.20063e-21 3.62544e-22 5.83644e-23 9.18556e-24 1.41392e-24 2.12971e-25 3.14074e-26 4.53753e-27 6.426e-28 8.92542e-29 1.21643e-29
          1.62737e-30 2.13786e-31 2.75874e-32 3.49809e-33 4.36018e-34 5.34441e-35 6.44449e-36 7.64775e-37 8.93471e-38 0 0 0
          0 0 0 0 0 0 0 0 0 0 0 0
          0 0 0 0 0 0 0.776772 0.778784 0.782777 0.779588 0.766094 0.740064
          0.700071 0.645994 0.579805 0.505843 0.429976 0.357867 0.293425 0.238296 0.192319 0.154365 0.123038 0.0970965
          0.0755907 0.0578393 0.043343 0.0316993 0.0225472 0.0155406 0.0103404 0.0066173 0.00405869 0.0023785 0.00132845 0.000705877
          0.000356454 0.000171008 7.763e-05 3.37806e-05 1.4036e-05 5.56352e-06 2.10615e-06 7.62387e-07 2.64198e-07 8.77567e-08 2.7974e-08 8.56754e-09
          2.52377e-09 7.15747e-10 1.95599e-10 5.155e-11 1.31123e-11 3.22136e-12 7.64937e-13 1.757e-13 3.90695e-14 8.41809e-15 1.75911e-15 3.56831e-16
          7.03235e-17 1.34764e-17 2.51329e-18 4.56521e-19 8.08294e-20 1.396e-20 2.35339e-21 3.87484e-22 6.23431e-23 9.80609e-24 1.50857e-24 2.27098e-25
          3.34718e-26 4.83307e-27 6.84073e-28 9.49622e-29 1.29351e-29 1.72956e-30 2.27088e-31 2.92883e-32 3.71182e-33 4.62415e-34 5.66503e-35 6.8276e-36
          8.09826e-37 9.45624e-38 0 0 0 0 0 0 0 0 0 0
          0 0 0 0 0 0 0 0 0 0 0 0.790191
          0.791123 0.793467 0.790159 0.777304 0.752325 0.713475 0.660295 0.594429 0.520024 0.442989 0.36924 0.303009
          0.246196 0.19877 0.159624 0.127331 0.100599 0.0784296 0.0601106 0.0451247 0.0330614 0.0235564 0.0162614 0.0108343
          0.0069408 0.00426033 0.00249781 0.00139537 0.000741446 0.000374372 0.000179568 8.14726e-05 3.54626e-05 1.47305e-05 5.8373e-06 2.20928e-06
          7.9954e-07 2.77012e-07 9.1992e-08 2.9317e-08 8.97654e-09 2.64353e-09 7.4949e-10 2.04758e-10 5.39466e-11 1.37174e-11 3.36888e-12 7.99691e-13
          1.83618e-13 4.08157e-14 8.79117e-15 1.8364e-15 3.72374e-16 7.33596e-17 1.4053e-17 2.61987e-18 4.75708e-19 8.41958e-20 1.45361e-20 2.44964e-21
          4.03187e-22 6.48466e-23 1.01963e-23 1.56805e-24 2.3597e-25 3.47675e-26 5.01844e-27 7.1007e-28 9.8538e-29 1.34177e-29 1.7935e-30 2.35407e-31
          3.03514e-32 3.84531e-33 4.78893e-34 5.86506e-35 7.06648e-36 8.37901e-37 9.78107e-38 0 0 0 0 0
          0 0 0 0 0 0 0 0 0 0 0 0
          0 0 0 0 0.794818 0.795542 0.797429 0.793968 0.781289 0.756655 0.7182 0.665347
          0.599621 0.525094 0.44768 0.373374 0.306522 0.249115 0.201171 0.161597 0.128956 0.101936 0.0795236 0.060994
          0.0458231 0.0335981 0.0239548 0.0165455 0.011028 0.00706645 0.00433764 0.00254286 0.00142022 0.000754444 0.000380825 0.000182618
          8.28252e-05 3.60524e-05 1.49725e-05 5.93231e-06 2.24496e-06 8.12368e-07 2.8143e-07 9.34505e-08 2.9779e-08 9.11714e-09 2.68466e-09 7.61074e-10
          2.079e-10 5.47684e-11 1.39247e-11 3.4194e-12 8.11589e-13 1.86328e-13 4.1413e-14 8.9187e-15 1.86281e-15 3.77682e-16 7.43961e-17 1.42498e-17
          2.65622e-18 4.82249e-19 8.5343e-20 1.47324e-20 2.48241e-21 4.08531e-22 6.56984e-23 1.0329e-23 1.58827e-24 2.38985e-25 3.52076e-26 5.08139e-27
          7.18894e-28 9.97513e-29 1.35815e-29 1.81518e-30 2.38226e-31 3.07116e-32 3.89052e-33 4.84473e-34 5.93277e-35 7.14731e-36 8.47398e-37 9.89091e-38
          0 0 0 0 0 0 0 0 0 0 0 0
          0 0 0 0 0 0 0 0 0
        </DataArray>
        <DataArray type="Float32" Name="X^CO2_gas" NumberOfComponents="1" format="ascii">
          0 0 0 0 0 0 0 0 0 0 0 0
          0 0 0 0 0 0 0 0 0 0 0 0
          0 0 0 0 0 0 0 0 0 0 0 0
          0 0 0 0 0 0 0 0 0 0 0 0
          0 0 0 0 0 0 0 0 0 0 0 0
          0 0 0 0 0 0 0 0 0 0 0 0
          0 0 0 0 0 0 0 0 0 0 0 0
          0 0 0 0 0 0 0 0 0 0 0 0
          0 0 0 0 0 0 0 0 0 0 0 0
          0 0 0 0 0 0 0 0 0 0 0 0
          0 0 0 0 0 0 0 0 0 0 0 0
          0 0 0 0 0 0 0 0 0 0 0 0
          0 0 0 0 0 0 0 0 0 0 0 0
          0 0 0 0 0 0 0 0 0 0 0 0
          0 0 0 0 0 0 0 0 0 0 0 0
          0 0 0 0 0 0 0 0 0 0 0 0
          0 0 0 0 0 0 0 0 0 0 0 0
          0 0 0 0 0 0 0 0 0 0 0 0
          0 0 0 0 0 0 0 0 0 0 0 0
          0 0 0 0 0 0 0 0 0 0 0 0
          0 0 0 0 0 0 0 0 0 0 0 0
          0 0 0 0 0 0 0 0 0 0 0 0
          0 0 0 0 0 0 0 0 0 0 0 0
          0 0 0 0 0 0 0 0 0 0 0 0
          0 0 0 0 0 0 0 0 0 0 0 0
          0 0 0 0 0 0 0 0 0 0 0 0
          0 0 0 0 0 0 0 0 0 0 0 0
          0 0 0 0 0 0 0 0 0 0 0 0
          0 0 0 0 0 0 0 0 0 0 0 0
          0 0 0 0 0 0 0 0 0 0 0 0
          0 0 0 0 0 0 0 0 0 0 0 0
          0 0 0 0 0 0 0 0 0 0 0 0
          0 0 0 0 0 0 0 0 0 0 0 0
          0 0 0 0 0 0 0 0 0 0 0 0
          0 0 0 0 0 0 0 0 0 0 0 0
          0 0 0 0 0 0 0 0 0 0 0 0
          0 0 0 0 0 0 0 0 0 0 0 0
          0 0 0 0 0 0 0 0 0 0 0 0
          0 0 0 0 0 0 0 0 0 0 0 0
          0 0 0 0 0 0 0 0 0 0 0 0
          0 0 0 0 0 0 0 0 0 0 0 0
          0 0 0 0 0 0 0 0 0 0 0 0
          0 0 0 0 0 0 0 0 0 0 0 0
          0 0 0 0 0 0 0 0 0 0 0 0
          0 0 0 0 0 0 0 0 0 0 0 0
          0 0 0 0 0 0 0 0 0 0 0 0
          0 0 0 0 0 0 0 0 0 0 0 0
          0 0 0 0 0 0 0 0 0 0 0 0
          0 0 0 0 0 0 0 0 0 0 0 0
          0 0 0 0 0 0 0 0 0 0 0 0
          0 0 0 0 0 0 0 0 0 0 0 0
          0 0 0 0 0 0 0 0 0 0 0 0
          0 0 0 0 0 0 0 0 0 0 0 0
          0 0 0 0 0 0 0 0 0 0 0 0
          0 0 0 0 0 0 0 0 0 0 0 0
          0 0 0 0 0 0 0 0 0 0 0 0
          0 0 0 0 0 0 0 0 0 0 0 0
          0 0 0 0 0 0 0 0 0 0 0 0
          0 0 0 0 0 0 0 0 0 0 0 0
          0 0 0 0 0 0 0 0 0 0 0 0
          0 0 0 0 0 0 0 0 0 0 0 0
          0 0 0 0 0 0 0 0 0 0 0 0
          0 0 0 0 0 0 0 0 0 0 0 0
          0 0 0 0 0 0 0 0 0 0 0 0
          0 0 0 0 0 0 0 0 0 0 0 0
          0 0 0 0 0 0 0 0 0 0 0 0
          0 0 0 0 0 0 0 0 0 0 0 0
          0 0 0 0 0 0 0 0 0 0 0 0
          0 0 0 0 0 0 0 0 0 0 0 0
          0 0 0 0 0 0 0 0 0 0 0 0
          0 0 0 0 0 0 0 0 0 0 0 0
          0 0 0 0 0 0 0 0 0 0 0 0
          0 0 0 0 0 0 0 0 0 0 0 0
          0 0 0 0 0 0 0 0 0 0 0 0
          0 0 0 0 0 0 0 0 0 0 0 0
          0 0 0 0 0 0 0 0 0 0 0 0
          0 0 0 0 0 0 0 0 0 0 0 0
          0 0 0 0 0 0 0 0 0 0 0 0
          0 0 0 0 0 0 0 0 0 0 0 0
          0 0 0 0 0 0 0 0 0 0 0 0
          0 0 0 0 0 0 0 0 0 0 0 0
          0 0 0 0 0 0 0 0 0 0 0 0
          0 0 0 0 0 0 0 0 0 0 0 0
          0 0 0 0 0 0 0 0 0 0 0 0
          0 0 0 0 0 0 0 0 0 0 0 0
          0 0 0 0 0 0 0 0 0 0 0 0
          0 0 0 0 0 0 0 0 0 0 0 0
          0 0 0 0 0 0 0 0 0 0 0 0
          0 0 0 0 0 0 0 0 0 0 0 0
          0 0 0 0 0 0 0 0 0 0 0 0
          0 0 0 0 0 0 0 0 0 0 0 0
          0 0 0 0 0 0 0 0 0 0 0 0
          0 0 0 0 0 0 0 0 0 0 0 0
          0 0 0 0 0 0 0 0 0 0 0 0
          0 0 0 0 0 0 0 0 0 0 0 0
          0 0 0 0 0 0 0 0 0 0 0 0
          0 0 0 0 0 0 0 0 0 0 0 0
          0 0 0 0 0 0 0 0 0 0 0 0
          0 0 0 0 0 0 0 0 0 0 0 0
          0 0 0 0 0 0 0 0 0 0 0 0
          0 0 0 0 0 0 0 0 0 0 0 0
          0 0 0 0 0 0 0 0 0 0 0 0
          0 0 0 0 0 0 0 0 0 0 0 0
          0 0 0 0 0 0 0 0 0 0 0 0
          0 0 0 0 0 0 0 0 0 0 0 0
          0 0 0 0 0 0 0 0 0 0 0 0
          0 0 0 0 0 0 0 0 0 0 0 0
          0 0 0 0 0 0 0 0 0 0 0 0
          0 0 0 0 0 0 0 0 0 0 0 0
          0 0 0 0 0 0 0 0 0 0 0 0
          0 0 0 0 0 0 0 0 0 0 0 0
          0 0 0 0 0 0 0 0 0 0 0 0
          0 0 0 0 0 0 0 0 0 0 0 0
          0 0 0 0 0 0 0 0 0 0 0 0
          0 0 0 0 0 0 0 0 0 0 0 0
          0 0 0 0 0 0 0 0 0 0 0 0
          0 0 0 0 0 0 0 0 0 0 0 0
          0 0 0 0 0 0 0 0 0 0 0 0
          0 0 0 0 0 0 0 0 0 0 0 0
          0 0 0 0 0 0 0 0 0 0 0 0
          0 0 0 0 0 0 0 0 0 0 0 0
          0 0 0 0 0 0 0 0 0 0 0 0
          0 0 0 0 0 0 0 0 0 0 0 0
          0 0 0 0 0 0 0 0 0 0 0 0
          0 0 0 0 0 0 0 0 0 0 0 0
          0 0 0 0 0 0 0 0 0 0 0 0
          0 0 0 0 0 0 0 0 0 0 0 0
          0 0 0 0 0 0 0 0 0 0 0 0
          0 0 0 0 0 0 0 0 0 0 0 0
          0 0 0 0 0 0 0 0 0 0 0 0
          0 0 0 0 0 0 0 0 0 0 0 0
          0 0 0 0 0 0 0 0 0 0 0 0
          0 0 0 0 0 0 0 0 0 0 0 0
          0 0 0 0 0 0 0 0 0 0 0 0
          0 0 0 0 0 0 0 0 0 0 0 0
          0 0 0 0 0 0 0 0 0 0 0 0
          0 0 0 0 0 0 0 0 0 0 0 0
          0 0 0 0 0 0 0 0 0 0 0 0
          0 0 0 0 0 0 0 0 0 0 0 0
          0 0 0 0 0 0 0 0 0 0 0 0
          0 0 0 0 0 0 0 0 0 0 0 0
          0 0 0 0 0 0 0 0 0 0 0 0
          0 0 0 0 0 0 0 0 0 0 0 0
          0 0 0 0 0 0 0 0 0 0 0 0
          0 0 0 0 0 0 0 0 0 0 0 0
          0 0 0 0 0 0 0 0 0 0 0 0
          0 0 0 0 0 0 0 0 0 0 0 0
          0 0 0 0 0 0 0 0 0 0 0 0
          0 0 0 0 0 0 0 0 0 0 0 0
          0 0 0 0 0 0 0 0 0 0 0 0
          0 0 0 0 0 0 0 0 0 0 0 0
          0 0 0 0 0 0 0 0 0 0 0 0
          0 0 0 0 0 0 0 0 0 0 0 0
          0 0 0 0 0 0 0 0 0 0 0 0
          0 0 0 0 0 0 0 0 0 0 0 0
          0 0 0 0 0 0 0 0 0 0 0 0
          0 0 0 0 0 0 0 0 0 0 0 0
          0 0 0 0 0 0 0 0 0 0 0 0
          0 0 0 0 0 0 0 0 0 0 0 0
          0 0 0 0 0 0 0 0 0 0 0 0
          0 0 0 0 0 0 0 0 0 0 0 0
          0 0 0 0 0 0 0 0 0 0 0 0
          0 0 0 0 0 0 0 0 0 0 0 0
          0 0 0 0 0 0 0 0 0 0 0 0
          0 0 0 0 0 0 0 0 0 0 0 0
          0 0 0 0 0 0 0 0 0 0 0 0
          0 0 0 0 0 0 0 0 0 0 0 0
          0 0 0 0 0 0 0 0 0 0 0 0
          0 0 0 0 0 0 0 0 0 0 0 0
          0 0 0 0 0 0 0 0 0 0 0 0
          0 0 0 0 0 0 0 0 0 0 0 0
          0 0 0 0 0 0 0 0 0 0 0 0
          0 0 0 0 0 0 0 0 0 0 0 0
          0 0 0 0 0 0 0 0 0 0 0 0
          0 0 0 0 0 0 0 0 0 0 0 0
          0 0 0 0 0 0 0 0 0 0 0 0
          0 0 0 0 0 0 0 0 0
        </DataArray>
        <DataArray type="Float32" Name="X^N2_gas" NumberOfComponents="1" format="ascii">
          0 0 0 0 0 0 0 0 0 0 0 0
          0 0 0 0 0 0 0 0 0 0 0 0
          0 0 0 0 0 0 0 0 0 0 0 0
          0 0 0 0 0 0 0 0 0 0 0 0
          0 0 0 0 0 0 0 0 0 0 0 0
          0 0 0 0 0 0 0 0 0 0 0 0
          0 0 0 0 0 0 0 0 0 0 0 0
          0 0 0 0 0 0 0 0 0 0 0 0
          0 0 0 0 0 0 0 0 0 0 0 0
          0 0 0 0 0 0 0 0 0 0 0 0
          0 0 0 0 0 0 0 0 0 0 0 0
          0 0 0 0 0 0 0 0 0 0 0 0
          0 0 0 0 0 0 0 0 0 0 0 0
          0 0 0 0 0 0 0 0 0 0 0 0
          0 0 0 0 0 0 0 0 0 0 0 0
          0 0 0 0 0 0 0 0 0 0 0 0
          0 0 0 0 0 0 0 0 0 0 0 0
          0 0 0 0 0 0 0 0 0 0 0 0
          0 0 0 0 0 0 0 0 0 0 0 0
          0 0 0 0 0 0 0 0 0 0 0 0
          0 0 0 0 0 0 0 0 0 0 0 0
          0 0 0 0 0 0 0 0 0 0 0 0
          0 0 0 0 0 0 0 0 0 0 0 0
          0 0 0 0 0 0 0 0 0 0 0 0
          0 0 0 0 0 0 0 0 0 0 0 0
          0 0 0 0 0 0 0 0 0 0 0 0
          0 0 0 0 0 0 0 0 0 0 0 0
          0 0 0 0 0 0 0 0 0 0 0 0
          0 0 0 0 0 0 0 0 0 0 0 0
          0 0 0 0 0 0 0 0 0 0 0 0
          0 0 0 0 0 0 0 0 0 0 0 0
          0 0 0 0 0 0 0 0 0 0 0 0
          0 0 0 0 0 0 0 0 0 0 0 0
          0 0 0 0 0 0 0 0 0 0 0 0
          0 0 0 0 0 0 0 0 0 0 0 0
          0 0 0 0 0 0 0 0 0 0 0 0
          0 0 0 0 0 0 0 0 0 0 0 0
          0 0 0 0 0 0 0 0 0 0 0 0
          0 0 0 0 0 0 0 0 0 0 0 0
          0 0 0 0 0 0 0 0 0 0 0 0
          0 0 0 0 0 0 0 0 0 0 0 0
          0 0 0 0 0 0 0 0 0 0 0 0
          0 0 0 0 0 0 0 0 0 0 0 0
          0 0 0 0 0 0 0 0 0 0 0 0
          0 0 0 0 0 0 0 0 0 0 0 0
          0 0 0 0 0 0 0 0 0 0 0 0
          0 0 0 0 0 0 0 0 0 0 0 0
          0 0 0 0 0 0 0 0 0 0 0 0
          0 0 0 0 0 0 0 0 0 0 0 0
          0 0 0 0 0 0 0 0 0 0 0 0
          0 0 0 0 0 0 0 0 0 0 0 0
          0 0 0 0 0 0 0 0 0 0 0 0
          0 0 0 0 0 0 0 0 0 0 0 0
          0 0 0 0 0 0 0 0 0 0 0 0
          0 0 0 0 0 0 0 0 0 0 0 0
          0 0 0 0 0 0 0 0 0 0 0 0
          0 0 0 0 0 0 0 0 0 0 0 0
          0 0 0 0 0 0 0 0 0 0 0 0
          0 0 0 0 0 0 0 0 0 0 0 0
          0 0 0 0 0 0 0 0 0 0 0 0
          0 0 0 0 0 0 0 0 0 0 0 0
          0 0 0 0 0 0 0 0 0 0 0 0
          0 0 0 0 0 0 0 0 0 0 0 0
          0 0 0 0 0 0 0 0 0 0 0 0
          0 0 0 0 0 0 0 0 0 0 0 0
          0 0 0 0 0 0 0 0 0 0 0 0
          0 0 0 0 0 0 0 0 0 0 0 0
          0 0 0 0 0 0 0 0 0 0 0 0
          0 0 0 0 0 0 0 0 0 0 0 0
          0 0 0 0 0 0 0 0 0 0 0 0
          0 0 0 0 0 0 0 0 0 0 0 0
          0 0 0 0 0 0 0 0 0 0 0 0
          0 0 0 0 0 0 0 0 0 0 0 0
          0 0 0 0 0 0 0 0 0 0 0 0
          0 0 0 0 0 0 0 0 0 0 0 0
          0 0 0 0 0 0 0 0 0 0 0 0
          0 0 0 0 0 0 0 0 0 0 0 0
          0 0 0 0 0 0 0 0 0 0 0 0
          0 0 0 0 0 0 0 0 0 0 0 0
          0 0 0 0 0 0 0 0 0 0 0 0
          0 0 0 0 0 0 0 0 0 0 0 0
          0 0 0 0 0 0 0 0 0 0 0 0
          0 0 0 0 0 0 0 0 0 0 0 0
          0 0 0 0 0 0 0 0 0 0 0 0
          0 0 0 0 0 0 0 0 0 0 0 0
          0 0 0 0 0 0 0 0 0 0 0 0
          0 0 0 0 0 0 0 0 0 0 0 0
          0 0 0 0 0 0 0 0 0 0 0 0
          0 0 0 0 0 0 0 0 0 0 0 0
          0 0 0 0 0 0 0 0 0 0 0 0
          0 0 0 0 0 0 0 0 0 0 0 0
          0 0 0 0 0 0 0 0 0 0 0 0
          0 0 0 0 0 0 0 0 0 0 0 0
          0 0 0 0 0 0 0 0 0 0 0 0
          0 0 0 0 0 0 0 0 0 0 0 0
          0 0 0 0 0 0 0 0 0 0 0 0
          0 0 0 0 0 0 0 0 0 0 0 0
          0 0 0 0 0 0 0 0 0 0 0 0
          0 0 0 0 0 0 0 0 0 0 0 0
          0 0 0 0 0 0 0 0 0 0 0 0
          0 0 0 0 0 0 0 0 0 0 0 0
          0 0 0 0 0 0 0 0 0 0 0 0
          0 0 0 0 0 0 0 0 0 0 0 0
          0 0 0 0 0 0 0 0 0 0 0 0
          0 0 0 0 0 0 0 0 0 0 0 0
          0 0 0 0 0 0 0 0 0 0 0 0
          0 0 0 0 0 0 0 0 0 0 0 0
          0 0 0 0 0 0 0 0 0 0 0 0
          0 0 0 0 0 0 0 0 0 0 0 0
          0 0 0 0 0 0 0 0 0 0 0 0
          0 0 0 0 0 0 0 0 0 0 0 0
          0 0 0 0 0 0 0 0 0 0 0 0
          0 0 0 0 0 0 0 0 0 0 0 0
          0 0 0 0 0 0 0 0 0 0 0 0
          0 0 0 0 0 0 0 0 0 0 0 0
          0 0 0 0 0 0 0 0 0 0 0 0
          0 0 0 0 0 0 0 0 0 0 0 0
          0 0 0 0 0 0 0 0 0 0 0 0
          0 0 0 0 0 0 0 0 0 0 0 0
          0 0 0 0 0 0 0 0 0 0 0 0
          0 0 0 0 0 0 0 0 0 0 0 0
          0 0 0 0 0 0 0 0 0 0 0 0
          0 0 0 0 0 0 0 0 0 0 0 0
          0 0 0 0 0 0 0 0 0 0 0 0
          0 0 0 0 0 0 0 0 0 0 0 0
          0 0 0 0 0 0 0 0 0 0 0 0
          0 0 0 0 0 0 0 0 0 0 0 0
          0 0 0 0 0 0 0 0 0 0 0 0
          0 0 0 0 0 0 0 0 0 0 0 0
          0 0 0 0 0 0 0 0 0 0 0 0
          0 0 0 0 0 0 0 0 0 0 0 0
          0 0 0 0 0 0 0 0 0 0 0 0
          0 0 0 0 0 0 0 0 0 0 0 0
          0 0 0 0 0 0 0 0 0 0 0 0
          0 0 0 0 0 0 0 0 0 0 0 0
          0 0 0 0 0 0 0 0 0 0 0 0
          0 0 0 0 0 0 0 0 0 0 0 0
          0 0 0 0 0 0 0 0 0 0 0 0
          0 0 0 0 0 0 0 0 0 0 0 0
          0 0 0 0 0 0 0 0 0 0 0 0
          0 0 0 0 0 0 0 0 0 0 0 0
          0 0 0 0 0 0 0 0 0 0 0 0
          0 0 0 0 0 0 0 0 0 0 0 0
          0 0 0 0 0 0 0 0 0 0 0 0
          0 0 0 0 0 0 0 0 0 0 0 0
          0 0 0 0 0 0 0 0 0 0 0 0
          0 0 0 0 0 0 0 0 0 0 0 0
          0 0 0 0 0 0 0 0 0 0 0 0
          0 0 0 0 0 0 0 0 0 0 0 0
          0 0 0 0 0 0 0 0 0 0 0 0
          0 0 0 0 0 0 0 0 0 0 0 0
          0 0 0 0 0 0 0 0 0 0 0 0
          0 0 0 0 0 0 0 0 0 0 0 0
          0 0 0 0 0 0 0 0 0 0 0 0
          0 0 0 0 0 0 0 0 0 0 0 0
          0 0 0 0 0 0 0 0 0 0 0 0
          0 0 0 0 0 0 0 0 0 0 0 0
          0 0 0 0 0 0 0 0 0 0 0 0
          0 0 0 0 0 0 0 0 0 0 0 0
          0 0 0 0 0 0 0 0 0 0 0 0
          0 0 0 0 0 0 0 0 0 0 0 0
          0 0 0 0 0 0 0 0 0 0 0 0
          0 0 0 0 0 0 0 0 0 0 0 0
          0 0 0 0 0 0 0 0 0 0 0 0
          0 0 0 0 0 0 0 0 0 0 0 0
          0 0 0 0 0 0 0 0 0 0 0 0
          0 0 0 0 0 0 0 0 0 0 0 0
          0 0 0 0 0 0 0 0 0 0 0 0
          0 0 0 0 0 0 0 0 0 0 0 0
          0 0 0 0 0 0 0 0 0 0 0 0
          0 0 0 0 0 0 0 0 0 0 0 0
          0 0 0 0 0 0 0 0 0 0 0 0
          0 0 0 0 0 0 0 0 0 0 0 0
          0 0 0 0 0 0 0 0 0 0 0 0
          0 0 0 0 0 0 0 0 0 0 0 0
          0 0 0 0 0 0 0 0 0 0 0 0
          0 0 0 0 0 0 0 0 0
        </DataArray>
        <DataArray type="Float32" Name="velocity_gas (m/s)" NumberOfComponents="3" format="ascii">
          -2.80253e-07 2.26787e-07 0 -5.85222e-07 2.41846e-07 0 -3.0852e-07 4.69794e-07 0 -6.05995e-07 4.853e-07 0
          -1.18285e-06 2.40239e-07 0 -1.19131e-06 4.79917e-07 0 -1.74355e-06 2.31008e-07 0 -1.74462e-06 4.61242e-07 0
          -2.24878e-06 2.18176e-07 0 -2.24509e-06 4.35265e-07 0 -2.68764e-06 2.02771e-07 0 -2.67973e-06 4.04259e-07 0
          -3.0528e-06 1.85671e-07 0 -3.04084e-06 3.69977e-07 0 -3.34067e-06 1.67637e-07 0 -3.32489e-06 3.33927e-07 0
          -3.55102e-06 1.4932e-07 0 -3.53187e-06 2.97409e-07 0 -3.68639e-06 1.31264e-07 0 -3.66462e-06 2.61488e-07 0
          -3.75153e-06 1.13897e-07 0 -3.72811e-06 2.27e-07 0 -3.75277e-06 9.75428e-08 0 -3.72884e-06 1.94565e-07 0
          -3.69748e-06 8.2431e-08 0 -3.67419e-06 1.64614e-07 0 -3.59364e-06 6.87127e-08 0 -3.57203e-06 1.37422e-07 0
          -3.44939e-06 5.64725e-08 0 -3.43029e-06 1.13138e-07 0 -3.27282e-06 4.57384e-08 0 -3.25678e-06 9.18068e-08 0
          -3.07165e-06 3.64894e-08 0 -3.0589e-06 7.33841e-08 0 -2.85306e-06 2.86621e-08 0 -2.84355e-06 5.77488e-08 0
          -2.62355e-06 2.21581e-08 0 -2.61698e-06 4.47159e-08 0 -2.38878e-06 1.68522e-08 0 -2.38472e-06 3.40493e-08 0
          -2.15357e-06 1.26019e-08 0 -2.15148e-06 2.54787e-08 0 -1.92182e-06 9.25705e-09 0 -1.92116e-06 1.87163e-08 0
          -1.6966e-06 6.66923e-09 0 -1.69688e-06 1.34743e-08 0 -1.48014e-06 4.69904e-09 0 -1.48097e-06 9.47904e-09 0
          -1.274e-06 3.22159e-09 0 -1.27508e-06 6.48289e-09 0 -1.07915e-06 2.12958e-09 0 -1.08025e-06 4.2707e-09 0
          -8.96062e-07 1.33402e-09 0 -8.97064e-07 2.66249e-09 0 -7.24852e-07 7.63307e-10 0 -7.25691e-07 1.51243e-09 0
          -5.65365e-07 3.61212e-10 0 -5.66023e-07 7.05362e-10 0 -4.17256e-07 8.43397e-11 0 -4.17742e-07 1.52264e-10 0
          -2.80053e-07 -1.0038e-10 0 -2.80391e-07 -2.14712e-10 0 -1.53207e-07 -2.17954e-10 0 -1.53427e-07 -4.4673e-10 0
          -3.61284e-08 -2.87204e-10 0 -3.62584e-08 -5.82118e-10 0 7.17897e-08 -3.2223e-10 0 7.17229e-08 -6.49434e-10 0
          1.7115e-07 -3.3355e-10 0 1.71125e-07 -6.69851e-10 0 2.62543e-07 -3.28968e-10 0 2.62543e-07 -6.58976e-10 0
          3.46533e-07 -3.14183e-10 0 3.46546e-07 -6.28157e-10 0 4.23661e-07 -2.93313e-10 0 4.23676e-07 -5.85553e-10 0
          4.94433e-07 -2.69278e-10 0 4.94445e-07 -5.36917e-10 0 5.59324e-07 -2.44096e-10 0 5.5933e-07 -4.86214e-10 0
          6.18778e-07 -2.19117e-10 0 6.18773e-07 -4.36084e-10 0 6.73203e-07 -1.95205e-10 0 6.73188e-07 -3.88206e-10 0
          7.22981e-07 -1.72873e-10 0 7.22954e-07 -3.43568e-10 0 7.68462e-07 -1.52391e-10 0 7.68424e-07 -3.02681e-10 0
          8.0997e-07 -1.33856e-10 0 8.0992e-07 -2.65721e-10 0 8.47801e-07 -1.17258e-10 0 8.47741e-07 -2.32653e-10 0
          8.8223e-07 -1.02515e-10 0 8.8216e-07 -2.03299e-10 0 9.1351e-07 -8.95013e-11 0 9.13431e-07 -1.77407e-10 0
          9.41872e-07 -7.80731e-11 0 9.41786e-07 -1.5468e-10 0 9.67531e-07 -6.80772e-11 0 9.67437e-07 -1.34812e-10 0
          9.90684e-07 -5.93619e-11 0 9.90583e-07 -1.17496e-10 0 1.01151e-06 -5.17824e-11 0 1.01141e-06 -1.02442e-10 0
          1.03018e-06 -4.52038e-11 0 1.03007e-06 -8.93819e-11 0 1.04685e-06 -3.95031e-11 0 1.04674e-06 -7.80684e-11 0
          1.06166e-06 -3.45694e-11 0 1.06154e-06 -6.82805e-11 0 1.07474e-06 -3.0304e-11 0 1.07462e-06 -5.98215e-11 0
          1.08622e-06 -2.66197e-11 0 1.08609e-06 -5.25175e-11 0 1.09621e-06 -2.344e-11 0 1.09608e-06 -4.62164e-11 0
          1.10481e-06 -2.06985e-11 0 1.10468e-06 -4.07856e-11 0 1.11212e-06 -1.83373e-11 0 1.11199e-06 -3.61105e-11 0
          1.11823e-06 -1.63069e-11 0 1.1181e-06 -3.2092e-11 0 1.12323e-06 -1.45645e-11 0 1.1231e-06 -2.86455e-11 0
          1.1272e-06 -1.3074e-11 0 1.12706e-06 -2.56988e-11 0 1.13019e-06 -1.18046e-11 0 1.13005e-06 -2.3191e-11 0
          1.1323e-06 -1.07308e-11 0 1.13216e-06 -2.10712e-11 0 1.13357e-06 -9.83123e-12 0 1.13343e-06 -1.92971e-11 0
          1.13406e-06 -9.08875e-12 0 1.13392e-06 -1.78346e-11 0 1.13383e-06 -8.48983e-12 0 1.13369e-06 -1.66567e-11 0
          1.13294e-06 -8.02428e-12 0 1.1328e-06 -1.57434e-11 0 1.13142e-06 -7.68511e-12 0 1.13128e-06 -1.50806e-11 0
          1.12933e-06 -7.46832e-12 0 1.12918e-06 -1.46606e-11 0 1.12669e-06 -7.37296e-12 0 1.12655e-06 -1.44813e-11 0
          1.12356e-06 -7.40107e-12 0 1.12342e-06 -1.45468e-11 0 1.11996e-06 -7.55786e-12 0 1.11982e-06 -1.48676e-11 0
          1.11594e-06 -7.85194e-12 0 1.1158e-06 -1.54606e-11 0 1.11152e-06 -8.29562e-12 0 1.11137e-06 -1.63503e-11 0
          1.10672e-06 -8.90545e-12 0 1.10658e-06 -1.75696e-11 0 1.10159e-06 -9.70285e-12 0 1.10145e-06 -1.91608e-11 0
          1.09614e-06 -1.0715e-11 0 1.096e-06 -2.11778e-11 0 1.0904e-06 -1.19759e-11 0 1.09026e-06 -2.36881e-11 0
          1.08439e-06 -1.3528e-11 0 1.08425e-06 -2.67755e-11 0 1.07813e-06 -1.54244e-11 0 1.07799e-06 -3.05449e-11 0
          1.07164e-06 -1.77309e-11 0 1.0715e-06 -3.51265e-11 0 1.06494e-06 -2.05305e-11 0 1.0648e-06 -4.06839e-11 0
          1.05806e-06 -2.39279e-11 0 1.05791e-06 -4.74233e-11 0 1.051e-06 -2.80566e-11 0 1.05086e-06 -5.56074e-11 0
          1.04379e-06 -3.30893e-11 0 1.04364e-06 -6.55747e-11 0 1.03644e-06 -3.92522e-11 0 1.03629e-06 -7.77681e-11 0
          1.02898e-06 -4.68473e-11 0 1.02883e-06 -9.27767e-11 0 1.02142e-06 -5.62864e-11 0 1.02126e-06 -1.114e-10 0
          1.01378e-06 -6.81457e-11 0 1.01362e-06 -1.34753e-10 0 1.0061e-06 -8.32565e-11 0 1.00592e-06 -1.6443e-10 0
          9.984e-07 -1.02865e-10 0 9.98207e-07 -2.02802e-10 0 9.90723e-07 -1.28928e-10 0 9.90508e-07 -2.53548e-10 0
          9.83128e-07 -1.64707e-10 0 9.82878e-07 -3.2269e-10 0 9.757e-07 -2.16079e-10 0 9.75393e-07 -4.20803e-10 0
          9.68584e-07 -2.94837e-10 0 9.68172e-07 -5.68252e-10 0 9.62053e-07 -4.28745e-10 0 9.61415e-07 -8.09634e-10 0
          9.56749e-07 -7.0258e-10 0 9.55489e-07 -1.26361e-09 0 9.55508e-07 -1.69365e-09 0 9.50444e-07 -2.38029e-09 0
          9.56496e-07 -4.27503e-09 0 9.48096e-07 -4.38539e-09 0 -3.22595e-07 9.64123e-07 0 -6.27897e-07 9.77667e-07 0
          -1.22684e-06 9.63636e-07 0 -1.79076e-06 9.25742e-07 0 -2.29927e-06 8.72758e-07 0 -2.73834e-06 8.09601e-07 0
          -3.10006e-06 7.40007e-07 0 -3.3814e-06 6.67134e-07 0 -3.58328e-06 5.93633e-07 0 -3.70962e-06 5.21636e-07 0
          -3.76638e-06 4.52766e-07 0 -3.76083e-06 3.88185e-07 0 -3.70089e-06 3.28667e-07 0 -3.59462e-06 2.74681e-07 0
          -3.44994e-06 2.26461e-07 0 -3.27446e-06 1.84051e-07 0 -3.07529e-06 1.47345e-07 0 -2.85903e-06 1.16108e-07 0
          -2.63165e-06 8.9989e-08 0 -2.3985e-06 6.85471e-08 0 -2.1642e-06 5.12713e-08 0 -1.93264e-06 3.76121e-08 0
          -1.70695e-06 2.70113e-08 0 -1.48955e-06 1.89319e-08 0 -1.28218e-06 1.28809e-08 0 -1.08595e-06 8.42515e-09 0
          -9.01503e-07 5.19909e-09 0 -7.29038e-07 2.90441e-09 0 -5.68461e-07 1.30472e-09 0 -4.19449e-07 2.17043e-10 0
          -2.81529e-07 -4.97749e-10 0 -1.54136e-07 -9.44084e-10 0 -3.66559e-08 -1.19967e-09 0 7.15445e-08 -1.32197e-09 0
          1.71094e-07 -1.35322e-09 0 2.62603e-07 -1.3243e-09 0 3.46659e-07 -1.25751e-09 0 4.23813e-07 -1.16874e-09 0
          4.94586e-07 -1.06913e-09 0 5.5946e-07 -9.66305e-10 0 6.18886e-07 -8.6529e-10 0 6.73278e-07 -7.69246e-10 0
          7.2302e-07 -6.80004e-10 0 7.68464e-07 -5.98469e-10 0 8.09935e-07 -5.24919e-10 0 8.47732e-07 -4.59219e-10 0
          8.82129e-07 -4.00979e-10 0 9.1338e-07 -3.49665e-10 0 9.41716e-07 -3.04669e-10 0 9.67351e-07 -2.65363e-10 0
          9.90482e-07 -2.31132e-10 0 1.01129e-06 -2.01393e-10 0 1.02994e-06 -1.75606e-10 0 1.0466e-06 -1.5328e-10 0
          1.0614e-06 -1.33975e-10 0 1.07447e-06 -1.17298e-10 0 1.08593e-06 -1.02906e-10 0 1.09591e-06 -9.0496e-11 0
          1.10451e-06 -7.98055e-11 0 1.11181e-06 -7.06071e-11 0 1.11792e-06 -6.27051e-11 0 1.12291e-06 -5.59319e-11 0
          1.12687e-06 -5.01449e-11 0 1.12987e-06 -4.52236e-11 0 1.13197e-06 -4.10672e-11 0 1.13323e-06 -3.75924e-11 0
          1.13373e-06 -3.47318e-11 0 1.1335e-06 -3.24322e-11 0 1.1326e-06 -3.06537e-11 0 1.13108e-06 -2.93689e-11 0
          1.12899e-06 -2.85622e-11 0 1.12635e-06 -2.82297e-11 0 1.12322e-06 -2.83795e-11 0 1.11962e-06 -2.9032e-11 0
          1.1156e-06 -3.02207e-11 0 1.11118e-06 -3.19937e-11 0 1.10638e-06 -3.44155e-11 0 1.10125e-06 -3.75694e-11 0
          1.0958e-06 -4.15612e-11 0 1.09005e-06 -4.65228e-11 0 1.08404e-06 -5.26188e-11 0 1.07778e-06 -6.00537e-11 0
          1.07129e-06 -6.90817e-11 0 1.06459e-06 -8.0021e-11 0 1.0577e-06 -9.32717e-11 0 1.05063e-06 -1.09342e-10 0
          1.04341e-06 -1.28883e-10 0 1.03605e-06 -1.52745e-10 0 1.02857e-06 -1.82047e-10 0 1.02099e-06 -2.18302e-10 0
          1.01332e-06 -2.63591e-10 0 1.0056e-06 -3.2086e-10 0 9.97838e-07 -3.9441e-10 0 9.90075e-07 -4.90761e-10 0
          9.82349e-07 -6.20246e-10 0 9.74708e-07 -8.00156e-10 0 9.67216e-07 -1.06138e-09 0 9.59932e-07 -1.46342e-09 0
          9.52809e-07 -2.12875e-09 0 9.45304e-07 -3.26052e-09 0 9.41338e-07 -4.45104e-09 0 -3.45992e-07 1.48082e-06 0
          -6.732e-07 1.48921e-06 0 -1.31202e-06 1.46376e-06 0 -1.90784e-06 1.40468e-06 0 -2.43968e-06 1.32217e-06 0
          -2.89286e-06 1.22391e-06 0 -3.25962e-06 1.11608e-06 0 -3.53812e-06 1.00384e-06 0 -3.73116e-06 8.91376e-07 0
          -3.84475e-06 7.81951e-07 0 -3.88685e-06 6.77923e-07 0 -3.86634e-06 5.80883e-07 0 -3.79226e-06 4.91807e-07 0
          -3.67336e-06 4.11217e-07 0 -3.5178e-06 3.39306e-07 0 -3.33314e-06 2.76039e-07 0 -3.12625e-06 2.21197e-07 0
          -2.90342e-06 1.74414e-07 0 -2.6703e-06 1.35189e-07 0 -2.43198e-06 1.02899e-07 0 -2.19292e-06 7.68235e-08 0
          -1.95695e-06 5.61782e-08 0 -1.72718e-06 4.01532e-08 0 -1.50605e-06 2.7956e-08 0 -1.29534e-06 1.88486e-08 0
          -1.09621e-06 1.21748e-08 0 -9.09289e-07 7.37482e-09 0 -7.34786e-07 3.9895e-09 0 -5.7257e-07 1.65384e-09 0
          -4.22275e-07 8.56308e-11 0 -2.83378e-07 -9.28841e-10 0 -1.55259e-07 -1.54878e-09 0 -3.72558e-08 -1.89153e-09 0
          7.13093e-08 -2.04295e-09 0 1.71102e-07 -2.06542e-09 0 2.62766e-07 -2.00404e-09 0 3.46909e-07 -1.891e-09 0
          4.24105e-07 -1.74903e-09 0 4.94887e-07 -1.59386e-09 0 5.59749e-07 -1.43612e-09 0 6.1915e-07 -1.28272e-09 0
          6.73509e-07 -1.13793e-09 0 7.23213e-07 -1.00411e-09 0 7.68619e-07 -8.82362e-10 0 8.10053e-07 -7.72895e-10 0
          8.47814e-07 -6.7537e-10 0 8.82179e-07 -5.89106e-10 0 9.13399e-07 -5.13235e-10 0 9.41707e-07 -4.46805e-10 0
          9.67318e-07 -3.88848e-10 0 9.90427e-07 -3.3843e-10 0 1.01122e-06 -2.94668e-10 0 1.02985e-06 -2.56752e-10 0
          1.04649e-06 -2.2395e-10 0 1.06128e-06 -1.95605e-10 0 1.07434e-06 -1.71135e-10 0 1.08579e-06 -1.5003e-10 0
          1.09576e-06 -1.31841e-10 0 1.10435e-06 -1.16181e-10 0 1.11165e-06 -1.02715e-10 0 1.11775e-06 -9.11539e-11 0
          1.12274e-06 -8.12504e-11 0 1.12669e-06 -7.27947e-11 0 1.12969e-06 -6.56094e-11 0 1.13178e-06 -5.95463e-11 0
          1.13305e-06 -5.44828e-11 0 1.13354e-06 -5.03198e-11 0 1.13331e-06 -4.69792e-11 0 1.13241e-06 -4.44022e-11 0
          1.13089e-06 -4.25486e-11 0 1.12879e-06 -4.13954e-11 0 1.12615e-06 -4.09369e-11 0 1.12302e-06 -4.11846e-11 0
          1.11942e-06 -4.21683e-11 0 1.1154e-06 -4.39369e-11 0 1.11097e-06 -4.65604e-11 0 1.10618e-06 -5.01328e-11 0
          1.10104e-06 -5.47754e-11 0 1.09559e-06 -6.06415e-11 0 1.08984e-06 -6.79228e-11 0 1.08382e-06 -7.68573e-11 0
          1.07756e-06 -8.77399e-11 0 1.07106e-06 -1.00937e-10 0 1.06436e-06 -1.16903e-10 0 1.05746e-06 -1.36211e-10 0
          1.05038e-06 -1.5958e-10 0 1.04315e-06 -1.8793e-10 0 1.03577e-06 -2.22445e-10 0 1.02827e-06 -2.64678e-10 0
          1.02066e-06 -3.16692e-10 0 1.01296e-06 -3.81284e-10 0 1.00519e-06 -4.62332e-10 0 9.97359e-07 -5.65344e-10 0
          9.89502e-07 -6.98365e-10 0 9.81637e-07 -8.73509e-10 0 9.73786e-07 -1.10959e-09 0 9.65957e-07 -1.43652e-09 0
          9.58115e-07 -1.90168e-09 0 9.50103e-07 -2.57083e-09 0 9.41554e-07 -3.49086e-09 0 9.37084e-07 -4.3166e-09 0
          -3.86289e-07 2.03591e-06 0 -7.51351e-07 2.03848e-06 0 -1.46039e-06 1.99767e-06 0 -2.11342e-06 1.91262e-06 0
          -2.68638e-06 1.7952e-06 0 -3.16357e-06 1.65616e-06 0 -3.53818e-06 1.50466e-06 0 -3.81089e-06 1.34829e-06 0
          -3.9879e-06 1.19308e-06 0 -4.07883e-06 1.04348e-06 0 -4.09492e-06 9.02526e-07 0 -4.04772e-06 7.7206e-07 0
          -3.94818e-06 6.53059e-07 0 -3.8062e-06 5.45882e-07 0 -3.63052e-06 4.50505e-07 0 -3.4287e-06 3.66663e-07 0
          -3.20738e-06 2.93936e-07 0 -2.97238e-06 2.31783e-07 0 -2.72891e-06 1.79544e-07 0 -2.48164e-06 1.36433e-07 0
          -2.2347e-06 1.01549e-07 0 -1.99171e-06 7.39032e-08 0 -1.75568e-06 5.24546e-08 0 -1.52901e-06 3.61676e-08 0
          -1.31346e-06 2.4061e-08 0 -1.11018e-06 1.52496e-08 0 -9.19795e-07 8.97095e-09 0 -7.42461e-07 4.595e-09 0
          -5.77991e-07 1.62008e-09 0 -4.25947e-07 -3.40995e-10 0 -2.85728e-07 -1.57964e-09 0 -1.56637e-07 -2.31084e-09 0
          -3.79389e-08 -2.69114e-09 0 7.11057e-08 -2.8334e-09 0 1.71215e-07 -2.81843e-09 0 2.63075e-07 -2.70376e-09 0
          3.47328e-07 -2.52981e-09 0 4.24573e-07 -2.3247e-09 0 4.95361e-07 -2.10756e-09 0 5.60204e-07 -1.8911e-09 0
          6.19567e-07 -1.68336e-09 0 6.73879e-07 -1.48912e-09 0 7.23533e-07 -1.3109e-09 0 7.68887e-07 -1.14965e-09 0
          8.10271e-07 -1.00531e-09 0 8.47984e-07 -8.77164e-10 0 8.82305e-07 -7.64145e-10 0 9.13485e-07 -6.64979e-10 0
          9.41757e-07 -5.78323e-10 0 9.67335e-07 -5.02846e-10 0 9.90416e-07 -4.37277e-10 0 1.01118e-06 -3.80433e-10 0
          1.02979e-06 -3.31234e-10 0 1.04641e-06 -2.88708e-10 0 1.06118e-06 -2.5199e-10 0 1.07423e-06 -2.20314e-10 0
          1.08567e-06 -1.93011e-10 0 1.09563e-06 -1.69496e-10 0 1.1042e-06 -1.49263e-10 0 1.1115e-06 -1.31874e-10 0
          1.11759e-06 -1.16953e-10 0 1.12257e-06 -1.0418e-10 0 1.12652e-06 -9.3281e-11 0 1.12951e-06 -8.4026e-11 0
          1.1316e-06 -7.62225e-11 0 1.13286e-06 -6.97118e-11 0 1.13335e-06 -6.4365e-11 0 1.13312e-06 -6.00811e-11 0
          1.13222e-06 -5.67838e-11 0 1.1307e-06 -5.44207e-11 0 1.12859e-06 -5.29621e-11 0 1.12596e-06 -5.24002e-11 0
          1.12282e-06 -5.27497e-11 0 1.11922e-06 -5.40485e-11 0 1.11519e-06 -5.63593e-11 0 1.11077e-06 -5.97718e-11 0
          1.10597e-06 -6.4406e-11 0 1.10083e-06 -7.04169e-11 0 1.09537e-06 -7.79998e-11 0 1.08962e-06 -8.73985e-11 0
          1.0836e-06 -9.89148e-11 0 1.07733e-06 -1.12921e-10 0 1.07082e-06 -1.29879e-10 0 1.06411e-06 -1.50357e-10 0
          1.0572e-06 -1.75067e-10 0 1.05011e-06 -2.04899e-10 0 1.04286e-06 -2.40975e-10 0 1.03546e-06 -2.84731e-10 0
          1.02793e-06 -3.38018e-10 0 1.02028e-06 -4.03255e-10 0 1.01254e-06 -4.83656e-10 0 1.0047e-06 -5.8355e-10 0
          9.96794e-07 -7.08872e-10 0 9.88825e-07 -8.67883e-10 0 9.80804e-07 -1.07223e-09 0 9.72731e-07 -1.33837e-09 0
          9.64584e-07 -1.689e-09 0 9.56298e-07 -2.15257e-09 0 9.47735e-07 -2.75507e-09 0 9.38683e-07 -3.49738e-09 0
          9.34005e-07 -4.11883e-09 0 -4.48141e-07 2.65279e-06 0 -8.71403e-07 2.64873e-06 0 -1.68882e-06 2.58711e-06 0
          -2.43002e-06 2.46793e-06 0 -3.06498e-06 2.30613e-06 0 -3.57652e-06 2.11664e-06 0 -3.96002e-06 1.91252e-06 0
          -4.2208e-06 1.70445e-06 0 -4.37074e-06 1.50054e-06 0 -4.42512e-06 1.30647e-06 0 -4.40014e-06 1.12576e-06 0
          -4.31124e-06 9.60286e-07 0 -4.17213e-06 8.10696e-07 0 -3.99441e-06 6.76896e-07 0 -3.7876e-06 5.58377e-07 0
          -3.5594e-06 4.54437e-07 0 -3.3161e-06 3.64312e-07 0 -3.06293e-06 2.87197e-07 0 -2.80439e-06 2.2224e-07 0
          -2.54448e-06 1.68501e-07 0 -2.2868e-06 1.24928e-07 0 -2.03454e-06 9.03604e-08 0 -1.79046e-06 6.35592e-08 0
          -1.55679e-06 4.32658e-08 0 -1.33522e-06 2.82638e-08 0 -1.12684e-06 1.74377e-08 0 -9.32206e-07 9.81449e-09 0
          -7.51428e-07 4.58372e-09 0 -5.84233e-07 1.0982e-09 0 -4.30089e-07 -1.14062e-09 0 -2.88294e-07 -2.50523e-09 0
          -1.58054e-07 -3.26732e-09 0 -3.8544e-08 -3.62173e-09 0 7.10522e-08 -3.70637e-09 0 1.71519e-07 -3.61804e-09 0
          2.63592e-07 -3.42429e-09 0 3.47957e-07 -3.17156e-09 0 4.25243e-07 -2.8914e-09 0 4.96026e-07 -2.60484e-09 0
          5.60833e-07 -2.32538e-09 0 6.20142e-07 -2.06128e-09 0 6.74391e-07 -1.81714e-09 0 7.23977e-07 -1.59505e-09 0
          7.69265e-07 -1.39545e-09 0 8.10584e-07 -1.21774e-09 0 8.48238e-07 -1.06067e-09 0 8.82503e-07 -9.22619e-10 0
          9.13633e-07 -8.01843e-10 0 9.41861e-07 -6.96557e-10 0 9.67399e-07 -6.05038e-10 0 9.90445e-07 -5.25666e-10 0
          1.01118e-06 -4.56953e-10 0 1.02977e-06 -3.97554e-10 0 1.04636e-06 -3.46265e-10 0 1.06111e-06 -3.0202e-10 0
          1.07413e-06 -2.63882e-10 0 1.08556e-06 -2.31032e-10 0 1.09551e-06 -2.02759e-10 0 1.10407e-06 -1.78445e-10 0
          1.11135e-06 -1.57562e-10 0 1.11744e-06 -1.39653e-10 0 1.12242e-06 -1.2433e-10 0 1.12636e-06 -1.11264e-10 0
          1.12934e-06 -1.00175e-10 0 1.13143e-06 -9.08315e-11 0 1.13268e-06 -8.30423e-11 0 1.13317e-06 -7.66518e-11 0
          1.13293e-06 -7.1538e-11 0 1.13203e-06 -6.76091e-11 0 1.1305e-06 -6.48017e-11 0 1.1284e-06 -6.30797e-11 0
          1.12576e-06 -6.24333e-11 0 1.12262e-06 -6.28798e-11 0 1.11902e-06 -6.44638e-11 0 1.11499e-06 -6.72597e-11 0
          1.11056e-06 -7.13738e-11 0 1.10576e-06 -7.69482e-11 0 1.10061e-06 -8.41661e-11 0 1.09515e-06 -9.32581e-11 0
          1.0894e-06 -1.04511e-10 0 1.08337e-06 -1.18278e-10 0 1.07709e-06 -1.34994e-10 0 1.07058e-06 -1.55195e-10 0
          1.06385e-06 -1.79537e-10 0 1.05692e-06 -2.08834e-10 0 1.04982e-06 -2.44096e-10 0 1.04254e-06 -2.86582e-10 0
          1.03512e-06 -3.37881e-10 0 1.02756e-06 -4.00005e-10 0 1.01987e-06 -4.75534e-10 0 1.01207e-06 -5.67803e-10 0
          1.00417e-06 -6.81164e-10 0 9.9617e-07 -8.21331e-10 0 9.88084e-07 -9.95827e-10 0 9.79909e-07 -1.21449e-09 0
          9.71632e-07 -1.4898e-09 0 9.6322e-07 -1.8365e-09 0 9.54612e-07 -2.26896e-09 0 9.45709e-07 -2.79446e-09 0
          9.36388e-07 -3.40271e-09 0 9.31607e-07 -3.89366e-09 0 -5.39836e-07 3.36275e-06 0 -1.04879e-06 3.35065e-06 0
          -2.02498e-06 3.26e-06 0 -2.89304e-06 3.09366e-06 0 -3.61381e-06 2.87229e-06 0 -4.1688e-06 2.61719e-06 0
          -4.55813e-06 2.34686e-06 0 -4.79523e-06 2.07592e-06 0 -4.90115e-06 1.81482e-06 0 -4.89966e-06 1.5703e-06 0
          -4.81394e-06 1.34601e-06 0 -4.66462e-06 1.14338e-06 0 -4.46889e-06 9.62328e-07 0 -4.24045e-06 8.01897e-07 0
          -3.98975e-06 6.60751e-07 0 -3.72463e-06 5.37481e-07 0 -3.45086e-06 4.30769e-07 0 -3.17287e-06 3.39425e-07 0
          -2.89419e-06 2.62339e-07 0 -2.61786e-06 1.98404e-07 0 -2.34664e-06 1.46442e-07 0 -2.08306e-06 1.05162e-07 0
          -1.82941e-06 7.31702e-08 0 -1.5876e-06 4.90162e-08 0 -1.35912e-06 3.1268e-08 0 -1.14495e-06 1.85858e-08 0
          -9.45546e-07 9.78265e-09 0 -7.6092e-07 3.86004e-09 0 -5.90699e-07 1.66898e-11 0 -4.3424e-07 -2.36396e-09 0
          -2.90724e-07 -3.73912e-09 0 -1.59245e-07 -4.43818e-09 0 -3.88756e-08 -4.69311e-09 0 7.12908e-08 -4.66446e-09 0
          1.72113e-07 -4.46205e-09 0 2.64387e-07 -4.16044e-09 0 3.48843e-07 -3.80936e-09 0 4.26146e-07 -3.44153e-09 0
          4.96899e-07 -3.07796e-09 0 5.61645e-07 -2.73152e-09 0 6.20877e-07 -2.40954e-09 0 6.75042e-07 -2.11562e-09 0
          7.24543e-07 -1.85083e-09 0 7.69747e-07 -1.6147e-09 0 8.10988e-07 -1.40576e-09 0 8.48569e-07 -1.22199e-09 0
          8.82768e-07 -1.06115e-09 0 9.13839e-07 -9.20903e-10 0 9.42014e-07 -7.98984e-10 0 9.67506e-07 -6.93251e-10 0
          9.9051e-07 -6.01729e-10 0 1.01121e-06 -5.22627e-10 0 1.02976e-06 -4.54339e-10 0 1.04633e-06 -3.95444e-10 0
          1.06105e-06 -3.44688e-10 0 1.07406e-06 -3.00976e-10 0 1.08547e-06 -2.63353e-10 0 1.0954e-06 -2.30994e-10 0
          1.10395e-06 -2.03184e-10 0 1.11122e-06 -1.79311e-10 0 1.1173e-06 -1.5885e-10 0 1.12226e-06 -1.41352e-10 0
          1.1262e-06 -1.26438e-10 0 1.12917e-06 -1.13789e-10 0 1.13126e-06 -1.03137e-10 0 1.13251e-06 -9.42626e-11 0
          1.13299e-06 -8.69876e-11 0 1.13275e-06 -8.11717e-11 0 1.13184e-06 -7.67096e-11 0 1.13031e-06 -7.35284e-11 0
          1.12821e-06 -7.15862e-11 0 1.12556e-06 -7.08712e-11 0 1.12242e-06 -7.14024e-11 0 1.11882e-06 -7.32299e-11 0
          1.11478e-06 -7.64372e-11 0 1.11035e-06 -8.11437e-11 0 1.10554e-06 -8.75092e-11 0 1.1004e-06 -9.57388e-11 0
          1.09493e-06 -1.0609e-10 0 1.08917e-06 -1.18883e-10 0 1.08313e-06 -1.3451e-10 0 1.07684e-06 -1.53451e-10 0
          1.07032e-06 -1.76292e-10 0 1.06358e-06 -2.03752e-10 0 1.05663e-06 -2.36706e-10 0 1.04951e-06 -2.76234e-10 0
          1.04221e-06 -3.23665e-10 0 1.03476e-06 -3.80647e-10 0 1.02716e-06 -4.49229e-10 0 1.01943e-06 -5.31979e-10 0
          1.01157e-06 -6.32118e-10 0 1.0036e-06 -7.53696e-10 0 9.95513e-07 -9.01789e-10 0 9.87315e-07 -1.08268e-09 0
          9.78998e-07 -1.30396e-09 0 9.70547e-07 -1.57419e-09 0 9.61928e-07 -1.90196e-09 0 9.53092e-07 -2.29336e-09 0
          9.43971e-07 -2.74795e-09 0 9.34494e-07 -3.25428e-09 0 9.29657e-07 -3.65429e-09 0 -6.75053e-07 4.2103e-06 0
          -1.30894e-06 4.18719e-06 0 -2.51395e-06 4.05402e-06 0 -3.55878e-06 3.81967e-06 0 -4.39172e-06 3.51492e-06 0
          -4.99497e-06 3.17117e-06 0 -5.37863e-06 2.81481e-06 0 -5.57043e-06 2.46541e-06 0 -5.60593e-06 2.13578e-06 0
          -5.52124e-06 1.83316e-06 0 -5.34883e-06 1.5606e-06 0 -5.1157e-06 1.31834e-06 0 -4.843e-06 1.10491e-06 0
          -4.54655e-06 9.18007e-07 0 -4.23759e-06 7.55038e-07 0 -3.92381e-06 6.13564e-07 0 -3.61026e-06 4.91474e-07 0
          -3.30023e-06 3.87021e-07 0 -2.99598e-06 2.98749e-07 0 -2.69927e-06 2.25352e-07 0 -2.4117e-06 1.65538e-07 0
          -2.13487e-06 1.17929e-07 0 -1.87033e-06 8.10272e-08 0 -1.6195e-06 5.32374e-08 0 -1.38353e-06 3.29437e-08 0
          -1.16316e-06 1.85989e-08 0 -9.58711e-07 8.80609e-09 0 -7.70056e-07 2.37488e-09 0 -5.967e-07 -1.65683e-09 0
          -4.37869e-07 -4.02951e-09 0 -2.92616e-07 -5.2888e-09 0 -1.59912e-07 -5.82268e-09 0 -3.87148e-08 -5.89888e-09 0
          7.19783e-08 -5.69776e-09 0 1.73107e-07 -5.33871e-09 0 2.65532e-07 -4.89988e-09 0 3.50033e-07 -4.43115e-09 0
          4.27311e-07 -3.96377e-09 0 4.97994e-07 -3.51662e-09 0 5.62646e-07 -3.10032e-09 0 6.21773e-07 -2.72007e-09 0
          6.75829e-07 -2.37755e-09 0 7.25223e-07 -2.07222e-09 0 7.70326e-07 -1.80221e-09 0 8.11474e-07 -1.56491e-09 0
          8.4897e-07 -1.35736e-09 0 8.83093e-07 -1.17652e-09 0 9.14096e-07 -1.01942e-09 0 9.4221e-07 -8.83273e-10 0
          9.67649e-07 -7.65505e-10 0 9.90606e-07 -6.63782e-10 0 1.01126e-06 -5.76019e-10 0 1.02978e-06 -5.00369e-10 0
          1.04632e-06 -4.35206e-10 0 1.06102e-06 -3.79109e-10 0 1.074e-06 -3.30841e-10 0 1.08539e-06 -2.89331e-10 0
          1.0953e-06 -2.53652e-10 0 1.10384e-06 -2.23008e-10 0 1.1111e-06 -1.96717e-10 0 1.11716e-06 -1.74194e-10 0
          1.12212e-06 -1.54943e-10 0 1.12605e-06 -1.38543e-10 0 1.12901e-06 -1.24639e-10 0 1.13109e-06 -1.12936e-10 0
          1.13234e-06 -1.03191e-10 0 1.13281e-06 -9.52077e-11 0 1.13257e-06 -8.883e-11 0 1.13165e-06 -8.39417e-11 0
          1.13012e-06 -8.04618e-11 0 1.12801e-06 -7.83438e-11 0 1.12537e-06 -7.75739e-11 0 1.12222e-06 -7.81719e-11 0
          1.11861e-06 -8.01918e-11 0 1.11457e-06 -8.37235e-11 0 1.11014e-06 -8.8896e-11 0 1.10533e-06 -9.58815e-11 0
          1.10017e-06 -1.04901e-10 0 1.0947e-06 -1.16231e-10 0 1.08893e-06 -1.30212e-10 0 1.08289e-06 -1.47263e-10 0
          1.07659e-06 -1.67892e-10 0 1.07005e-06 -1.92716e-10 0 1.06329e-06 -2.22481e-10 0 1.05634e-06 -2.58094e-10 0
          1.04919e-06 -3.00655e-10 0 1.04187e-06 -3.51501e-10 0 1.03438e-06 -4.1226e-10 0 1.02675e-06 -4.84918e-10 0
          1.01897e-06 -5.71896e-10 0 1.01106e-06 -6.76138e-10 0 1.00301e-06 -8.01205e-10 0 9.94844e-07 -9.51339e-10 0
          9.86543e-07 -1.13147e-09 0 9.78104e-07 -1.34704e-09 0 9.69509e-07 -1.60354e-09 0 9.60731e-07 -1.90543e-09 0
          9.51733e-07 -2.25444e-09 0 9.4247e-07 -2.64734e-09 0 9.32896e-07 -3.07407e-09 0 9.28027e-07 -3.40665e-09 0
          -8.76794e-07 5.26176e-06 0 -1.69422e-06 5.2214e-06 0 -3.22962e-06 5.02245e-06 0 -4.51701e-06 4.68579e-06 0
          -5.48897e-06 4.26013e-06 0 -6.13482e-06 3.79315e-06 0 -6.48552e-06 3.3225e-06 0 -6.59384e-06 2.87365e-06 0
          -6.51793e-06 2.46115e-06 0 -6.31117e-06 2.09139e-06 0 -6.01772e-06 1.76541e-06 0 -5.67163e-06 1.48109e-06 0
          -5.29783e-06 1.23468e-06 0 -4.9137e-06 1.02185e-06 0 -4.53063e-06 8.38296e-07 0 -4.15559e-06 6.80193e-07 0
          -3.79237e-06 5.44379e-07 0 -3.44272e-06 4.28372e-07 0 -3.10725e-06 3.30252e-07 0 -2.7861e-06 2.48467e-07 0
          -2.47941e-06 1.81616e-07 0 -2.18751e-06 1.28274e-07 0 -1.91097e-06 8.68928e-08 0 -1.65048e-06 5.57915e-08 0
          -1.40669e-06 3.32159e-08 0 -1.18e-06 1.74401e-08 0 -9.705e-07 6.87131e-09 0 -7.77879e-07 1.29718e-10 0
          -6.01485e-07 -3.91097e-09 0 -4.40401e-07 -6.11918e-09 0 -2.93538e-07 -7.13196e-09 0 -1.59735e-07 -7.39634e-09 0
          -3.78325e-08 -7.21411e-09 0 7.32755e-08 -6.78217e-09 0 1.74611e-07 -6.22568e-09 0 2.671e-07 -5.62252e-09 0
          3.51571e-07 -5.01929e-09 0 4.28761e-07 -4.44292e-09 0 4.99324e-07 -3.90791e-09 0 5.6384e-07 -3.42092e-09 0
          6.22826e-07 -2.98378e-09 0 6.76745e-07 -2.59538e-09 0 7.2601e-07 -2.25294e-09 0 7.70994e-07 -1.95279e-09 0
          8.12033e-07 -1.69089e-09 0 8.49432e-07 -1.46318e-09 0 8.83468e-07 -1.26574e-09 0 9.14394e-07 -1.0949e-09 0
          9.42441e-07 -9.47347e-10 0 9.67821e-07 -8.20058e-10 0 9.90728e-07 -7.10363e-10 0 1.01134e-06 -6.15902e-10 0
          1.02982e-06 -5.34608e-10 0 1.04633e-06 -4.64678e-10 0 1.06099e-06 -4.04544e-10 0 1.07395e-06 -3.52851e-10 0
          1.08532e-06 -3.08432e-10 0 1.09521e-06 -2.70279e-10 0 1.10373e-06 -2.37531e-10 0 1.11098e-06 -2.09449e-10 0
          1.11703e-06 -1.85403e-10 0 1.12198e-06 -1.6486e-10 0 1.12589e-06 -1.47365e-10 0 1.12886e-06 -1.32539e-10 0
          1.13092e-06 -1.20065e-10 0 1.13216e-06 -1.09683e-10 0 1.13263e-06 -1.0118e-10 0 1.13238e-06 -9.43905e-11 0
          1.13147e-06 -8.91898e-11 0 1.12993e-06 -8.54907e-11 0 1.12782e-06 -8.32426e-11 0 1.12517e-06 -8.24301e-11 0
          1.12202e-06 -8.3073e-11 0 1.11841e-06 -8.52273e-11 0 1.11437e-06 -8.89868e-11 0 1.10992e-06 -9.44863e-11 0
          1.10511e-06 -1.01905e-10 0 1.09995e-06 -1.11474e-10 0 1.09447e-06 -1.23478e-10 0 1.08869e-06 -1.38272e-10 0
          1.08264e-06 -1.56285e-10 0 1.07633e-06 -1.78035e-10 0 1.06978e-06 -2.0415e-10 0 1.06301e-06 -2.35381e-10 0
          1.05603e-06 -2.72629e-10 0 1.04886e-06 -3.16976e-10 0 1.04152e-06 -3.69716e-10 0 1.034e-06 -4.32397e-10 0
          1.02633e-06 -5.06865e-10 0 1.0185e-06 -5.95309e-10 0 1.01054e-06 -7.00309e-10 0 1.00243e-06 -8.24854e-10 0
          9.9418e-07 -9.72331e-10 0 9.8579e-07 -1.14642e-09 0 9.77247e-07 -1.35083e-09 0 9.68537e-07 -1.58881e-09 0
          9.59638e-07 -1.86233e-09 0 9.50523e-07 -2.17099e-09 0 9.41162e-07 -2.51083e-09 0 9.31527e-07 -2.87361e-09 0
          9.26638e-07 -3.15378e-09 0 -1.18524e-06 6.62065e-06 0 -2.27776e-06 6.55012e-06 0 -4.29653e-06 6.24341e-06 0
          -5.91325e-06 5.74613e-06 0 -7.0446e-06 5.13948e-06 0 -7.7041e-06 4.49744e-06 0 -7.96567e-06 3.87315e-06 0
          -7.92542e-06 3.29778e-06 0 -7.67553e-06 2.78533e-06 0 -7.29213e-06 2.33864e-06 0 -6.8326e-06 1.95437e-06 0
          -6.3376e-06 1.62625e-06 0 -5.83452e-06 1.34704e-06 0 -5.34077e-06 1.10955e-06 0 -4.86659e-06 9.07288e-07 0
          -4.41715e-06 7.34692e-07 0 -3.99419e-06 5.87313e-07 0 -3.59732e-06 4.61762e-07 0 -3.22504e-06 3.55548e-07 0
          -2.87549e-06 2.66815e-07 0 -2.547e-06 1.94046e-07 0 -2.23838e-06 1.35804e-07 0 -1.94894e-06 9.05499e-08 0
          -1.67842e-06 5.65808e-08 0 -1.42677e-06 3.20619e-08 0 -1.19393e-06 1.51307e-08 0 -9.79651e-07 4.02311e-09 0
          -7.83378e-07 -2.82005e-09 0 -6.04269e-07 -6.68675e-09 0 -4.41239e-07 -8.57465e-09 0 -2.93048e-07 -9.2134e-09 0
          -1.58397e-07 -9.10862e-09 0 -3.60049e-08 -8.59372e-09 0 7.5334e-08 -7.87845e-09 0 1.76723e-07 -7.08945e-09 0
          2.69151e-07 -6.30027e-09 0 3.53491e-07 -5.5506e-09 0 4.30512e-07 -4.86006e-09 0 5.0089e-07 -4.23651e-09 0
          5.6522e-07 -3.68101e-09 0 6.24027e-07 -3.19081e-09 0 6.77778e-07 -2.76123e-09 0 7.2689e-07 -2.38668e-09 0
          7.71735e-07 -2.06137e-09 0 8.12651e-07 -1.77964e-09 0 8.49942e-07 -1.53619e-09 0 8.83882e-07 -1.32616e-09 0
          9.14725e-07 -1.14521e-09 0 9.427e-07 -9.89448e-10 0 9.68016e-07 -8.55468e-10 0 9.90868e-07 -7.40283e-10 0
          1.01143e-06 -6.41291e-10 0 1.02987e-06 -5.56238e-10 0 1.04634e-06 -4.83174e-10 0 1.06098e-06 -4.20419e-10 0
          1.07391e-06 -3.66525e-10 0 1.08526e-06 -3.20251e-10 0 1.09513e-06 -2.80533e-10 0 1.10363e-06 -2.46462e-10 0
          1.11086e-06 -2.17259e-10 0 1.1169e-06 -1.92265e-10 0 1.12184e-06 -1.70919e-10 0 1.12575e-06 -1.52747e-10 0
          1.1287e-06 -1.37352e-10 0 1.13076e-06 -1.24404e-10 0 1.13199e-06 -1.13628e-10 0 1.13246e-06 -1.04806e-10 0
          1.1322e-06 -9.77633e-11 0 1.13128e-06 -9.23698e-11 0 1.12974e-06 -8.85342e-11 0 1.12763e-06 -8.62031e-11 0
          1.12497e-06 -8.53596e-11 0 1.12182e-06 -8.6023e-11 0 1.1182e-06 -8.82496e-11 0 1.11416e-06 -9.21346e-11 0
          1.10971e-06 -9.78146e-11 0 1.10489e-06 -1.05471e-10 0 1.09972e-06 -1.15337e-10 0 1.09424e-06 -1.27702e-10 0
          1.08845e-06 -1.42919e-10 0 1.08239e-06 -1.61418e-10 0 1.07607e-06 -1.83714e-10 0 1.0695e-06 -2.10423e-10 0
          1.06272e-06 -2.42279e-10 0 1.05572e-06 -2.80153e-10 0 1.04853e-06 -3.25073e-10 0 1.04116e-06 -3.78255e-10 0
          1.03361e-06 -4.41121e-10 0 1.0259e-06 -5.15332e-10 0 1.01804e-06 -6.02803e-10 0 1.01002e-06 -7.05716e-10 0
          1.00185e-06 -8.26494e-10 0 9.93536e-07 -9.67742e-10 0 9.85067e-07 -1.1321e-09 0 9.76438e-07 -1.32197e-09 0
          9.67637e-07 -1.53911e-09 0 9.58646e-07 -1.78407e-09 0 9.49446e-07 -2.05548e-09 0 9.40017e-07 -2.34948e-09 0
          9.30341e-07 -2.65951e-09 0 9.25439e-07 -2.89743e-09 0 -1.67464e-06 8.45758e-06 0 -3.19235e-06 8.32974e-06 0
          -5.93336e-06 7.83573e-06 0 -7.98973e-06 7.07475e-06 0 -9.27463e-06 6.189e-06 0 -9.86887e-06 5.29469e-06 0
          -9.93339e-06 4.46359e-06 0 -9.63706e-06 3.72874e-06 0 -9.12016e-06 3.09783e-06 0 -8.4854e-06 2.56508e-06 0
          -7.80231e-06 2.11908e-06 0 -7.11522e-06 1.74698e-06 0 -6.45076e-06 1.4365e-06 0 -5.82365e-06 1.17677e-06 0
          -5.24074e-06 9.58562e-07 0 -4.70378e-06 7.74305e-07 0 -4.21131e-06 6.18082e-07 0 -3.75999e-06 4.85474e-07 0
          -3.34566e-06 3.73334e-07 0 -2.96407e-06 2.79455e-07 0 -2.61142e-06 2.02197e-07 0 -2.28471e-06 1.4014e-07 0
          -1.98176e-06 9.18099e-08 0 -1.70112e-06 5.5551e-08 0 -1.44189e-06 2.9514e-08 0 -1.20337e-06 1.17529e-08 0
          -9.84873e-07 3.67304e-10 0 -7.85531e-07 -6.36162e-09 0 -6.04265e-07 -9.87424e-09 0 -4.39796e-07 -1.12944e-08 0
          -2.9072e-07 -1.14428e-08 0 -1.55598e-07 -1.08813e-08 0 -3.30316e-08 -9.97166e-09 0 7.8282e-08 -8.93185e-09 0
          1.7952e-07 -7.88549e-09 0 2.71725e-07 -6.89745e-09 0 3.55809e-07 -5.99682e-09 0 4.32565e-07 -5.19306e-09 0
          5.02684e-07 -4.48524e-09 0 5.66772e-07 -3.86731e-09 0 6.25358e-07 -3.33096e-09 0 6.7891e-07 -2.86724e-09 0
          7.27845e-07 -2.46741e-09 0 7.72535e-07 -2.1233e-09 0 8.13315e-07 -1.82755e-09 0 8.50487e-07 -1.57357e-09 0
          8.84324e-07 -1.3556e-09 0 9.15078e-07 -1.1686e-09 0 9.42975e-07 -1.0082e-09 0 9.68225e-07 -8.70642e-10 0
          9.91019e-07 -7.52664e-10 0 1.01153e-06 -6.51476e-10 0 1.02993e-06 -5.64682e-10 0 1.04636e-06 -4.90225e-10 0
          1.06097e-06 -4.26346e-10 0 1.07387e-06 -3.71541e-10 0 1.0852e-06 -3.24522e-10 0 1.09505e-06 -2.84191e-10 0
          1.10354e-06 -2.49612e-10 0 1.11075e-06 -2.19989e-10 0 1.11678e-06 -1.94645e-10 0 1.1217e-06 -1.73007e-10 0
          1.1256e-06 -1.54591e-10 0 1.12854e-06 -1.38993e-10 0 1.1306e-06 -1.25876e-10 0 1.13183e-06 -1.14962e-10 0
          1.13228e-06 -1.06027e-10 0 1.13202e-06 -9.88939e-11 0 1.1311e-06 -9.34305e-11 0 1.12955e-06 -8.95436e-11 0
          1.12743e-06 -8.71779e-11 0 1.12477e-06 -8.63154e-11 0 1.12162e-06 -8.69742e-11 0 1.118e-06 -8.92097e-11 0
          1.11395e-06 -9.31155e-11 0 1.10949e-06 -9.88267e-11 0 1.10467e-06 -1.06523e-10 0 1.0995e-06 -1.16433e-10 0
          1.094e-06 -1.2884e-10 0 1.08821e-06 -1.44092e-10 0 1.08214e-06 -1.62604e-10 0 1.0758e-06 -1.84876e-10 0
          1.06923e-06 -2.11498e-10 0 1.06243e-06 -2.43166e-10 0 1.05541e-06 -2.80699e-10 0 1.0482e-06 -3.25051e-10 0
          1.0408e-06 -3.7733e-10 0 1.03323e-06 -4.3881e-10 0 1.02548e-06 -5.10943e-10 0 1.01758e-06 -5.95359e-10 0
          1.00951e-06 -6.9385e-10 0 1.00129e-06 -8.08329e-10 0 9.92919e-07 -9.40738e-10 0 9.84385e-07 -1.0929e-09 0
          9.75685e-07 -1.2663e-09 0 9.66811e-07 -1.46174e-09 0 9.57749e-07 -1.67899e-09 0 9.48487e-07 -1.91634e-09 0
          9.39009e-07 -2.17036e-09 0 9.29305e-07 -2.43584e-09 0 9.24395e-07 -2.63863e-09 0 -2.49324e-06 1.10734e-05 0
          -4.69655e-06 1.08286e-05 0 -8.54592e-06 9.98667e-06 0 -1.11631e-05 8.77115e-06 0 -1.25164e-05 7.44353e-06 0
          -1.28616e-05 6.18405e-06 0 -1.25311e-05 5.07836e-06 0 -1.18076e-05 4.14777e-06 0 -1.08905e-05 3.38143e-06 0
          -9.90614e-06 2.75656e-06 0 -8.9291e-06 2.24852e-06 0 -8.00018e-06 1.8349e-06 0 -7.13941e-06 1.49681e-06 0
          -6.35437e-06 1.21882e-06 0 -5.64534e-06 9.8857e-07 0 -5.00847e-06 7.9631e-07 0 -4.43759e-06 6.34577e-07 0
          -3.92545e-06 4.9788e-07 0 -3.46458e-06 3.82382e-07 0 -3.04792e-06 2.85503e-07 0 -2.66925e-06 2.05483e-07 0
          -2.32351e-06 1.40943e-07 0 -2.0068e-06 9.05299e-08 0 -1.71633e-06 5.27017e-08 0 -1.45013e-06 2.56658e-08 0
          -1.20673e-06 7.45374e-09 0 -9.84885e-07 -3.9254e-09 0 -7.83341e-07 -1.03213e-08 0 -6.00721e-07 -1.33095e-08 0
          -4.35526e-07 -1.41315e-08 0 -2.86175e-07 -1.36933e-08 0 -1.51088e-07 -1.26083e-08 0 -2.87563e-08 -1.12611e-08 0
          8.22082e-08 -9.87287e-09 0 1.83044e-07 -8.55919e-09 0 2.74834e-07 -7.37182e-09 0 3.58517e-07 -6.32573e-09 0
          4.349e-07 -5.41759e-09 0 5.04683e-07 -4.6359e-09 0 5.68471e-07 -3.96629e-09 0 6.26794e-07 -3.39419e-09 0
          6.80117e-07 -2.90601e-09 0 7.28854e-07 -2.48966e-09 0 7.73373e-07 -2.13457e-09 0 8.14006e-07 -1.83166e-09 0
          8.51051e-07 -1.57314e-09 0 8.8478e-07 -1.35242e-09 0 9.1544e-07 -1.16387e-09 0 9.43257e-07 -1.00271e-09 0
          9.68438e-07 -8.64893e-10 0 9.91174e-07 -7.46984e-10 0 1.01164e-06 -6.46057e-10 0 1.02999e-06 -5.5963e-10 0
          1.04639e-06 -4.85588e-10 0 1.06096e-06 -4.22138e-10 0 1.07384e-06 -3.67749e-10 0 1.08514e-06 -3.21124e-10 0
          1.09497e-06 -2.81156e-10 0 1.10344e-06 -2.46905e-10 0 1.11064e-06 -2.17575e-10 0 1.11665e-06 -1.9249e-10 0
          1.12156e-06 -1.71079e-10 0 1.12545e-06 -1.5286e-10 0 1.12839e-06 -1.3743e-10 0 1.13044e-06 -1.24455e-10 0
          1.13166e-06 -1.1366e-10 0 1.13211e-06 -1.04821e-10 0 1.13184e-06 -9.77638e-11 0 1.13092e-06 -9.23555e-11 0
          1.12937e-06 -8.85036e-11 0 1.12724e-06 -8.61528e-11 0 1.12458e-06 -8.52842e-11 0 1.12142e-06 -8.59143e-11 0
          1.11779e-06 -8.8096e-11 0 1.11374e-06 -9.19194e-11 0 1.10928e-06 -9.75147e-11 0 1.10445e-06 -1.05055e-10 0
          1.09927e-06 -1.14759e-10 0 1.09377e-06 -1.269e-10 0 1.08797e-06 -1.41807e-10 0 1.08189e-06 -1.59876e-10 0
          1.07554e-06 -1.81577e-10 0 1.06895e-06 -2.07462e-10 0 1.06214e-06 -2.38177e-10 0 1.05511e-06 -2.74472e-10 0
          1.04788e-06 -3.1721e-10 0 1.04045e-06 -3.67377e-10 0 1.03285e-06 -4.26087e-10 0 1.02508e-06 -4.94581e-10 0
          1.01713e-06 -5.74213e-10 0 1.00903e-06 -6.66423e-10 0 1.00076e-06 -7.72682e-10 0 9.92336e-07 -8.94404e-10 0
          9.83747e-07 -1.03281e-09 0 9.7499e-07 -1.18874e-09 0 9.66058e-07 -1.36243e-09 0 9.56942e-07 -1.55325e-09 0
          9.47633e-07 -1.75949e-09 0 9.3812e-07 -1.97819e-09 0 9.28397e-07 -2.20522e-09 0 9.23482e-07 -2.37807e-09 0
          -3.9699e-06 1.50478e-05 0 -7.34248e-06 1.45429e-05 0 -1.29411e-05 1.29999e-05 0 -1.61741e-05 1.09581e-05 0
          -1.72911e-05 8.91853e-06 0 -1.699e-05 7.13811e-06 0 -1.59184e-05 5.6811e-06 0 -1.45094e-05 4.52242e-06 0
          -1.3012e-05 3.61073e-06 0 -1.15563e-05 2.89431e-06 0 -1.02041e-05 2.3292e-06 0 -8.97959e-06 1.88048e-06 0
          -7.88688e-06 1.52123e-06 0 -6.9202e-06 1.23091e-06 0 -6.0692e-06 9.93863e-07 0 -5.32168e-06 7.98175e-07 0
          -4.66506e-06 6.34904e-07 0 -4.0871e-06 4.9755e-07 0 -3.57633e-06 3.81625e-07 0 -3.12248e-06 2.84201e-07 0
          -2.71665e-06 2.03412e-07 0 -2.35151e-06 1.37953e-07 0 -2.02131e-06 8.66371e-08 0 -1.72171e-06 4.81022e-08 0
          -1.44955e-06 2.06824e-08 0 -1.20243e-06 2.45368e-09 0 -9.7846e-07 -8.6136e-09 0 -7.75878e-07 -1.44601e-08 0
          -5.92965e-07 -1.67721e-08 0 -4.27966e-07 -1.68924e-08 0 -2.79114e-07 -1.58015e-08 0 -1.44691e-07 -1.41558e-08 0
          -2.3089e-08 -1.23558e-08 0 8.71444e-08 -1.06191e-08 0 1.8729e-07 -9.0478e-09 0 2.78452e-07 -7.67646e-09 0
          3.61579e-07 -6.50278e-09 0 4.37478e-07 -5.50855e-09 0 5.06845e-07 -4.67044e-09 0 5.70278e-07 -3.96511e-09 0
          6.283e-07 -3.37144e-09 0 6.81368e-07 -2.87121e-09 0 7.29889e-07 -2.44904e-09 0 7.74225e-07 -2.09214e-09 0
          8.14703e-07 -1.78989e-09 0 8.51616e-07 -1.53351e-09 0 8.85234e-07 -1.3157e-09 0 9.15799e-07 -1.1304e-09 0
          9.43535e-07 -9.72574e-10 0 9.68647e-07 -8.37989e-10 0 9.91324e-07 -7.23112e-10 0 1.01174e-06 -6.2497e-10 0
          1.03005e-06 -5.4106e-10 0 1.04641e-06 -4.6927e-10 0 1.06095e-06 -4.07814e-10 0 1.0738e-06 -3.55181e-10 0
          1.08507e-06 -3.10092e-10 0 1.09489e-06 -2.71463e-10 0 1.10334e-06 -2.38375e-10 0 1.11052e-06 -2.10051e-10 0
          1.11652e-06 -1.85832e-10 0 1.12143e-06 -1.65163e-10 0 1.12531e-06 -1.47579e-10 0 1.12823e-06 -1.32687e-10 0
          1.13027e-06 -1.20164e-10 0 1.13149e-06 -1.09743e-10 0 1.13193e-06 -1.01209e-10 0 1.13166e-06 -9.43914e-11 0
          1.13073e-06 -8.91627e-11 0 1.12918e-06 -8.54325e-11 0 1.12705e-06 -8.3147e-11 0 1.12438e-06 -8.22867e-11 0
          1.12122e-06 -8.28663e-11 0 1.11759e-06 -8.4935e-11 0 1.11353e-06 -8.85775e-11 0 1.10907e-06 -9.39159e-11 0
          1.10423e-06 -1.01112e-10 0 1.09905e-06 -1.10373e-10 0 1.09354e-06 -1.21952e-10 0 1.08773e-06 -1.36155e-10 0
          1.08164e-06 -1.53351e-10 0 1.07528e-06 -1.73969e-10 0 1.06868e-06 -1.98515e-10 0 1.06185e-06 -2.27574e-10 0
          1.05481e-06 -2.61817e-10 0 1.04756e-06 -3.02006e-10 0 1.04011e-06 -3.49001e-10 0 1.03249e-06 -4.03754e-10 0
          1.02468e-06 -4.67302e-10 0 1.01671e-06 -5.40748e-10 0 1.00857e-06 -6.25226e-10 0 1.00026e-06 -7.21846e-10 0
          9.91792e-07 -8.31612e-10 0 9.83157e-07 -9.55309e-10 0 9.74354e-07 -1.09336e-09 0 9.65377e-07 -1.24568e-09 0
          9.56219e-07 -1.41147e-09 0 9.46874e-07 -1.58914e-09 0 9.37336e-07 -1.77623e-09 0 9.276e-07 -1.96946e-09 0
          9.22681e-07 -2.11619e-09 0 -6.94754e-06 2.16448e-05 0 -1.24629e-05 2.04843e-05 0 -2.08627e-05 1.73678e-05 0
          -2.43664e-05 1.37412e-05 0 -2.43601e-05 1.05637e-05 0 -2.26098e-05 8.07835e-06 0 -2.02366e-05 6.20495e-06 0
          -1.7783e-05 4.80373e-06 0 -1.54811e-05 3.75193e-06 0 -1.34154e-05 2.95558e-06 0 -1.16025e-05 2.34598e-06 0
          -1.00293e-05 1.87363e-06 0 -8.67182e-06 1.50303e-06 0 -7.50312e-06 1.20851e-06 0 -6.49743e-06 9.71359e-07 0
          -5.63131e-06 7.7775e-07 0 -4.88396e-06 6.1752e-07 0 -4.23705e-06 4.83354e-07 0 -3.67455e-06 3.70242e-07 0
          -3.18258e-06 2.74979e-07 0 -2.74937e-06 1.9564e-07 0 -2.36522e-06 1.31024e-07 0 -2.02239e-06 8.01582e-08 0
          -1.71489e-06 4.19133e-08 0 -1.43823e-06 1.48172e-08 0 -1.189e-06 -2.94304e-09 0 -9.64471e-07 -1.33772e-08 0
          -7.62334e-07 -1.84692e-08 0 -5.80453e-07 -1.99821e-08 0 -4.16782e-07 -1.93361e-08 0 -2.69358e-07 -1.75685e-08 0
          -1.36335e-07 -1.53655e-08 0 -1.60309e-08 -1.31333e-08 0 9.30472e-08 -1.10782e-08 0 1.92193e-07 -9.2836e-09 0
          2.82506e-07 -7.76263e-09 0 3.64922e-07 -6.4935e-09 0 4.40231e-07 -5.44197e-09 0 5.09111e-07 -4.57247e-09 0
          5.72142e-07 -3.85275e-09 0 6.29831e-07 -3.25547e-09 0 6.82625e-07 -2.75816e-09 0 7.30918e-07 -2.34264e-09 0
          7.75065e-07 -1.99428e-09 0 8.15384e-07 -1.70132e-09 0 8.52165e-07 -1.45423e-09 0 8.8567e-07 -1.24532e-09 0
          9.16141e-07 -1.0683e-09 0 9.43798e-07 -9.18006e-10 0 9.68842e-07 -7.90191e-10 0 9.91461e-07 -6.81333e-10 0
          1.01183e-06 -5.88502e-10 0 1.0301e-06 -5.09251e-10 0 1.04642e-06 -4.41528e-10 0 1.06093e-06 -3.83611e-10 0
          1.07375e-06 -3.34048e-10 0 1.08501e-06 -2.91617e-10 0 1.0948e-06 -2.55282e-10 0 1.10323e-06 -2.2417e-10 0
          1.1104e-06 -1.97546e-10 0 1.11639e-06 -1.74784e-10 0 1.12128e-06 -1.55361e-10 0 1.12516e-06 -1.38837e-10 0
          1.12807e-06 -1.24843e-10 0 1.13011e-06 -1.13072e-10 0 1.13132e-06 -1.03275e-10 0 1.13176e-06 -9.52481e-11 0
          1.13148e-06 -8.88315e-11 0 1.13055e-06 -8.39044e-11 0 1.12899e-06 -8.03818e-11 0 1.12685e-06 -7.82123e-11 0
          1.12418e-06 -7.73766e-11 0 1.12102e-06 -7.78876e-11 0 1.11738e-06 -7.97897e-11 0 1.11332e-06 -8.31603e-11 0
          1.10885e-06 -8.8111e-11 0 1.10401e-06 -9.47903e-11 0 1.09882e-06 -1.03386e-10 0 1.09331e-06 -1.14129e-10 0
          1.08749e-06 -1.27298e-10 0 1.08139e-06 -1.43224e-10 0 1.07503e-06 -1.62294e-10 0 1.06842e-06 -1.84957e-10 0
          1.06158e-06 -2.11729e-10 0 1.05452e-06 -2.43198e-10 0 1.04725e-06 -2.80024e-10 0 1.03979e-06 -3.22936e-10 0
          1.03214e-06 -3.72733e-10 0 1.02431e-06 -4.30264e-10 0 1.0163e-06 -4.96411e-10 0 1.00813e-06 -5.7205e-10 0
          9.99793e-07 -6.58005e-10 0 9.91289e-07 -7.5497e-10 0 9.82617e-07 -8.63429e-10 0 9.73777e-07 -9.83545e-10 0
          9.64763e-07 -1.11505e-09 0 9.55573e-07 -1.25714e-09 0 9.46202e-07 -1.40841e-09 0 9.36645e-07 -1.56682e-09 0
          9.26899e-07 -1.72981e-09 0 9.21979e-07 -1.85333e-09 0 -1.40902e-05 3.41736e-05 0 -2.38716e-05 3.09978e-05 0
          -3.64601e-05 2.37885e-05 0 -3.80991e-05 1.70276e-05 0 -3.4647e-05 1.21751e-05 0 -3.00096e-05 8.84895e-06 0
          -2.5537e-05 6.54766e-06 0 -2.1598e-05 4.92744e-06 0 -1.82458e-05 3.76516e-06 0 -1.54313e-05 2.91571e-06 0
          -1.30787e-05 2.28356e-06 0 -1.11121e-05 1.80486e-06 0 -9.46443e-06 1.43627e-06 0 -8.07957e-06 1.1479e-06 0
          -6.91152e-06 9.18674e-07 0 -5.92282e-06 7.33478e-07 0 -5.08284e-06 5.81375e-07 0 -4.36629e-06 4.54565e-07 0
          -3.75206e-06 3.4773e-07 0 -3.22247e-06 2.57518e-07 0 -2.76279e-06 1.82015e-07 0 -2.3609e-06 1.20169e-07 0
          -2.00702e-06 7.12506e-08 0 -1.69348e-06 3.44123e-08 0 -1.41434e-06 8.4309e-09 0 -1.16504e-06 -8.33317e-09 0
          -9.4195e-07 -1.78071e-08 0 -7.42085e-07 -2.19634e-08 0 -5.62831e-07 -2.25986e-08 0 -4.01822e-07 -2.11757e-08 0
          -2.56894e-07 -1.87634e-08 0 -1.26094e-07 -1.60587e-08 0 -7.70031e-09 -1.34602e-08 0 9.97806e-08 -1.11537e-08 0
          1.97617e-07 -9.19845e-09 0 2.86872e-07 -7.58354e-09 0 3.68437e-07 -6.26659e-09 0 4.43066e-07 -5.19746e-09 0
          5.11401e-07 -4.32908e-09 0 5.73996e-07 -3.62135e-09 0 6.31334e-07 -3.04175e-09 0 6.83844e-07 -2.56452e-09 0
          7.31905e-07 -2.16949e-09 0 7.75862e-07 -1.84089e-09 0 8.16024e-07 -1.56632e-09 0 8.52675e-07 -1.33598e-09 0
          8.86072e-07 -1.1421e-09 0 9.16453e-07 -9.78398e-10 0 9.44033e-07 -8.39833e-10 0 9.69013e-07 -7.22283e-10 0
          9.91577e-07 -6.22369e-10 0 1.0119e-06 -5.37306e-10 0 1.03013e-06 -4.64784e-10 0 1.04641e-06 -4.02878e-10 0
          1.0609e-06 -3.49982e-10 0 1.0737e-06 -3.04748e-10 0 1.08493e-06 -2.66042e-10 0 1.0947e-06 -2.32911e-10 0
          1.10312e-06 -2.04551e-10 0 1.11028e-06 -1.80286e-10 0 1.11626e-06 -1.59544e-10 0 1.12114e-06 -1.41844e-10 0
          1.125e-06 -1.26785e-10 0 1.12791e-06 -1.14029e-10 0 1.12994e-06 -1.03297e-10 0 1.13114e-06 -9.43611e-11 0
          1.13158e-06 -8.70352e-11 0 1.1313e-06 -8.11736e-11 0 1.13036e-06 -7.6666e-11 0 1.1288e-06 -7.34345e-11 0
          1.12666e-06 -7.14317e-11 0 1.12399e-06 -7.06394e-11 0 1.12082e-06 -7.10683e-11 0 1.11718e-06 -7.27573e-11 0
          1.11311e-06 -7.57752e-11 0 1.10864e-06 -8.0221e-11 0 1.1038e-06 -8.62264e-11 0 1.0986e-06 -9.3958e-11 0
          1.09308e-06 -1.0362e-10 0 1.08726e-06 -1.15457e-10 0 1.08115e-06 -1.2976e-10 0 1.07478e-06 -1.46867e-10 0
          1.06816e-06 -1.67166e-10 0 1.06131e-06 -1.91102e-10 0 1.05423e-06 -2.19175e-10 0 1.04695e-06 -2.5194e-10 0
          1.03947e-06 -2.90006e-10 0 1.0318e-06 -3.34025e-10 0 1.02395e-06 -3.84679e-10 0 1.01593e-06 -4.42659e-10 0
          1.00773e-06 -5.0863e-10 0 9.99362e-07 -5.83191e-10 0 9.90828e-07 -6.66813e-10 0 9.82127e-07 -7.59775e-10 0
          9.73257e-07 -8.62084e-10 0 9.64216e-07 -9.73404e-10 0 9.55001e-07 -1.09299e-09 0 9.4561e-07 -1.21964e-09 0
          9.36039e-07 -1.35172e-09 0 9.26287e-07 -1.4872e-09 0 9.21366e-07 -1.58972e-09 0 -3.72243e-05 6.43895e-05 0
          -5.5673e-05 5.25062e-05 0 -7.0485e-05 3.22277e-05 0 -6.04574e-05 2.00821e-05 0 -4.87247e-05 1.33208e-05 0
          -3.91759e-05 9.215e-06 0 -3.16811e-05 6.581e-06 0 -2.58124e-05 4.82242e-06 0 -2.11884e-05 3.61037e-06 0
          -1.75131e-05 2.75192e-06 0 -1.45645e-05 2.12894e-06 0 -1.21769e-05 1.66672e-06 0 -1.02267e-05 1.31674e-06 0
          -8.62103e-06 1.04669e-06 0 -7.28991e-06 8.34478e-07 0 -6.17977e-06 6.64618e-07 0 -5.24906e-06 5.26052e-07 0
          -4.46497e-06 4.10941e-07 0 -3.80113e-06 3.13961e-07 0 -3.23602e-06 2.31791e-07 0 -2.75201e-06 1.62618e-07 0
          -2.33463e-06 1.05586e-07 0 -1.97214e-06 6.02349e-08 0 -1.65512e-06 2.60223e-08 0 -1.37614e-06 2.01672e-09 0
          -1.12937e-06 -1.31947e-08 0 -9.1017e-07 -2.13916e-08 0 -7.14769e-07 -2.44746e-08 0 -5.40011e-07 -2.42177e-08 0
          -3.83179e-07 -2.20813e-08 0 -2.41923e-07 -1.91294e-08 0 -1.14221e-07 -1.60442e-08 0 1.6412e-09 -1.31998e-08 0
          1.071e-07 -1.07515e-08 0 2.03347e-07 -8.72998e-09 0 2.91365e-07 -7.09937e-09 0 3.71973e-07 -5.79767e-09 0
          4.45861e-07 -4.7609e-09 0 5.13621e-07 -3.9328e-09 0 5.75765e-07 -3.2676e-09 0 6.32749e-07 -2.72947e-09 0
          6.84976e-07 -2.29093e-09 0 7.32812e-07 -1.93103e-09 0 7.76586e-07 -1.63376e-09 0 8.16599e-07 -1.38682e-09 0
          8.53128e-07 -1.18066e-09 0 8.86424e-07 -1.0078e-09 0 9.1672e-07 -8.62334e-10 0 9.44229e-07 -7.3953e-10 0
          9.6915e-07 -6.35576e-10 0 9.91664e-07 -5.47376e-10 0 1.01194e-06 -4.72394e-10 0 1.03014e-06 -4.0854e-10 0
          1.04639e-06 -3.54085e-10 0 1.06085e-06 -3.07589e-10 0 1.07362e-06 -2.6785e-10 0 1.08484e-06 -2.33861e-10 0
          1.0946e-06 -2.04776e-10 0 1.103e-06 -1.79884e-10 0 1.11015e-06 -1.58588e-10 0 1.11612e-06 -1.40384e-10 0
          1.12099e-06 -1.24849e-10 0 1.12484e-06 -1.11629e-10 0 1.12775e-06 -1.00428e-10 0 1.12977e-06 -9.10005e-11 0
          1.13097e-06 -8.31462e-11 0 1.1314e-06 -7.67021e-11 0 1.13112e-06 -7.15403e-11 0 1.13017e-06 -6.75635e-11 0
          1.12861e-06 -6.47032e-11 0 1.12647e-06 -6.29175e-11 0 1.12379e-06 -6.21898e-11 0 1.12062e-06 -6.25286e-11 0
          1.11698e-06 -6.39671e-11 0 1.11291e-06 -6.65638e-11 0 1.10843e-06 -7.04037e-11 0 1.10358e-06 -7.55995e-11 0
          1.09839e-06 -8.22937e-11 0 1.09286e-06 -9.06603e-11 0 1.08703e-06 -1.00908e-10 0 1.08092e-06 -1.13282e-10 0
          1.07454e-06 -1.28068e-10 0 1.06791e-06 -1.45592e-10 0 1.06105e-06 -1.66224e-10 0 1.05396e-06 -1.90377e-10 0
          1.04667e-06 -2.18504e-10 0 1.03918e-06 -2.51098e-10 0 1.03149e-06 -2.88679e-10 0 1.02362e-06 -3.31779e-10 0
          1.01558e-06 -3.80928e-10 0 1.00736e-06 -4.36621e-10 0 9.98969e-07 -4.99284e-10 0 9.90411e-07 -5.69228e-10 0
          9.81687e-07 -6.46601e-10 0 9.72793e-07 -7.31329e-10 0 9.63731e-07 -8.2307e-10 0 9.54498e-07 -9.21173e-10 0
          9.45091e-07 -1.02466e-09 0 9.35511e-07 -1.13223e-09 0 9.25755e-07 -1.24232e-09 0 9.20833e-07 -1.32553e-09 0
          -0.000242212 0.000227524 0 -0.000206778 9.34833e-05 0 -0.000139455 3.80663e-05 0 -9.16563e-05 2.14421e-05 0
          -6.59387e-05 1.34152e-05 0 -4.95344e-05 8.91581e-06 0 -3.8261e-05 6.18066e-06 0 -3.0148e-05 4.42695e-06 0
          -2.41201e-05 3.25633e-06 0 -1.95319e-05 2.4484e-06 0 -1.59708e-05 1.87428e-06 0 -1.31613e-05 1.45553e-06 0
          -1.09141e-05 1.14288e-06 0 -9.09533e-06 9.04408e-07 0 -7.60898e-06 7.1882e-07 0 -6.38454e-06 5.7143e-07 0
          -5.36925e-06 4.51865e-07 0 -4.52279e-06 3.52788e-07 0 -3.81368e-06 2.69221e-07 0 -3.21683e-06 1.98089e-07 0
          -2.71194e-06 1.3779e-07 0 -2.28241e-06 8.76975e-08 0 -1.91464e-06 4.76275e-08 0 -1.59752e-06 1.7346e-08 0
          -1.32208e-06 -3.76884e-09 0 -1.08109e-06 -1.68612e-08 0 -8.6874e-07 -2.35e-08 0 -6.80391e-07 -2.54438e-08 0
          -5.12262e-07 -2.43744e-08 0 -3.61276e-07 -2.16876e-08 0 -2.24927e-07 -1.83949e-08 0 -1.01189e-07 -1.51304e-08 0
          1.15643e-08 -1.22238e-08 0 1.14637e-07 -9.78997e-09 0 2.09082e-07 -7.8295e-09 0 2.95749e-07 -6.28321e-09 0
          3.75346e-07 -5.07364e-09 0 4.48474e-07 -4.12751e-09 0 5.15659e-07 -3.38362e-09 0 5.77365e-07 -2.794e-09 0
          6.3401e-07 -2.32234e-09 0 6.85973e-07 -1.94152e-09 0 7.33599e-07 -1.63136e-09 0 7.77206e-07 -1.37677e-09 0
          8.17085e-07 -1.16635e-09 0 8.53503e-07 -9.91408e-10 0 8.86709e-07 -8.45226e-10 0 9.16929e-07 -7.22547e-10 0
          9.44376e-07 -6.19214e-10 0 9.69245e-07 -5.31904e-10 0 9.91715e-07 -4.57934e-10 0 1.01195e-06 -3.95124e-10 0
          1.03012e-06 -3.41687e-10 0 1.04635e-06 -2.96149e-10 0 1.06078e-06 -2.57289e-10 0 1.07354e-06 -2.2409e-10 0
          1.08474e-06 -1.95703e-10 0 1.09448e-06 -1.71416e-10 0 1.10287e-06 -1.50632e-10 0 1.11001e-06 -1.32851e-10 0
          1.11597e-06 -1.17649e-10 0 1.12083e-06 -1.04674e-10 0 1.12468e-06 -9.36288e-11 0 1.12758e-06 -8.4267e-11 0
          1.1296e-06 -7.63837e-11 0 1.13079e-06 -6.9811e-11 0 1.13122e-06 -6.44133e-11 0 1.13093e-06 -6.00835e-11 0
          1.12998e-06 -5.67407e-11 0 1.12842e-06 -5.43273e-11 0 1.12627e-06 -5.2808e-11 0 1.12359e-06 -5.21688e-11 0
          1.12042e-06 -5.24159e-11 0 1.11678e-06 -5.35763e-11 0 1.1127e-06 -5.56976e-11 0 1.10823e-06 -5.88493e-11 0
          1.10337e-06 -6.31235e-11 0 1.09817e-06 -6.86361e-11 0 1.09264e-06 -7.5529e-11 0 1.08681e-06 -8.39716e-11 0
          1.08069e-06 -9.41626e-11 0 1.07431e-06 -1.06332e-10 0 1.06767e-06 -1.20741e-10 0 1.0608e-06 -1.37685e-10 0
          1.05371e-06 -1.5749e-10 0 1.0464e-06 -1.80515e-10 0 1.0389e-06 -2.07139e-10 0 1.0312e-06 -2.37764e-10 0
          1.02332e-06 -2.72791e-10 0 1.01526e-06 -3.12614e-10 0 1.00702e-06 -3.57591e-10 0 9.98614e-07 -4.08015e-10 0
          9.90039e-07 -4.64088e-10 0 9.81296e-07 -5.25875e-10 0 9.72385e-07 -5.93273e-10 0 9.63307e-07 -6.65975e-10 0
          9.5406e-07 -7.43449e-10 0 9.44643e-07 -8.24924e-10 0 9.35055e-07 -9.09407e-10 0 9.25297e-07 -9.95718e-10 0
          9.20375e-07 -1.0609e-09 0 -0.00115143 0.000226951 0 -0.00071934 9.17897e-05 0 -0.000220712 3.6167e-05 0
          -0.000126498 1.97421e-05 0 -8.3944e-05 1.1994e-05 0 -5.98911e-05 7.76809e-06 0 -4.4608e-05 5.26975e-06 0
          -3.42067e-05 3.70888e-06 0 -2.67942e-05 2.69059e-06 0 -2.133e-05 2.0014e-06 0 -1.71941e-05 1.51956e-06 0
          -1.39959e-05 1.17275e-06 0 -1.14789e-05 9.16586e-07 0 -9.46889e-06 7.22935e-07 0 -7.84461e-06 5.73356e-07 0
          -6.5194e-06 4.55292e-07 0 -5.43007e-06 3.59914e-07 0 -4.52949e-06 2.80971e-07 0 -3.78165e-06 2.14209e-07 0
          -3.15844e-06 1.57026e-07 0 -2.63739e-06 1.08136e-07 0 -2.20013e-06 6.71649e-08 0 -1.83143e-06 3.41755e-08 0
          -1.51856e-06 9.20766e-09 0 -1.25089e-06 -8.06455e-09 0 -1.01966e-06 -1.84884e-08 0 -8.17749e-07 -2.33613e-08 0
          -6.3946e-07 -2.42148e-08 0 -4.80337e-07 -2.25469e-08 0 -3.36956e-07 -1.96068e-08 0 -2.06729e-07 -1.62907e-08 0
          -8.77331e-08 -1.31432e-08 0 2.14534e-08 -1.0428e-08 0 1.21902e-07 -8.2133e-09 0 2.14443e-07 -6.47169e-09 0
          2.99736e-07 -5.12787e-09 0 3.7834e-07 -4.09716e-09 0 4.50745e-07 -3.30471e-09 0 5.17399e-07 -2.69071e-09 0
          5.78708e-07 -2.20996e-09 0 6.35053e-07 -1.8292e-09 0 6.86784e-07 -1.52424e-09 0 7.3423e-07 -1.27746e-09 0
          7.77694e-07 -1.07594e-09 0 8.17458e-07 -9.1008e-10 0 8.53783e-07 -7.72654e-10 0 8.86912e-07 -6.58133e-10 0
          9.1707e-07 -5.62238e-10 0 9.44465e-07 -4.81608e-10 0 9.6929e-07 -4.13578e-10 0 9.91723e-07 -3.56009e-10 0
          1.01193e-06 -3.07171e-10 0 1.03007e-06 -2.65649e-10 0 1.04628e-06 -2.30283e-10 0 1.06069e-06 -2.00116e-10 0
          1.07343e-06 -1.7435e-10 0 1.08462e-06 -1.52321e-10 0 1.09435e-06 -1.33476e-10 0 1.10273e-06 -1.17348e-10 0
          1.10986e-06 -1.03547e-10 0 1.11581e-06 -9.17465e-11 0 1.12067e-06 -8.16712e-11 0 1.12451e-06 -7.30912e-11 0
          1.1274e-06 -6.5815e-11 0 1.12942e-06 -5.96839e-11 0 1.13061e-06 -5.45677e-11 0 1.13103e-06 -5.03612e-11 0
          1.13074e-06 -4.69816e-11 0 1.12979e-06 -4.43658e-11 0 1.12822e-06 -4.24694e-11 0 1.12608e-06 -4.12646e-11 0
          1.1234e-06 -4.07402e-11 0 1.12022e-06 -4.09009e-11 0 1.11658e-06 -4.17667e-11 0 1.1125e-06 -4.33742e-11 0
          1.10802e-06 -4.57759e-11 0 1.10317e-06 -4.90419e-11 0 1.09796e-06 -5.32606e-11 0 1.09243e-06 -5.85397e-11 0
          1.0866e-06 -6.50074e-11 0 1.08047e-06 -7.28139e-11 0 1.07409e-06 -8.21323e-11 0 1.06744e-06 -9.31592e-11 0
          1.06057e-06 -1.06115e-10 0 1.05347e-06 -1.21242e-10 0 1.04615e-06 -1.38803e-10 0 1.03864e-06 -1.59079e-10 0
          1.03093e-06 -1.82359e-10 0 1.02304e-06 -2.0893e-10 0 1.01497e-06 -2.3907e-10 0 1.00672e-06 -2.73024e-10 0
          9.98299e-07 -3.10988e-10 0 9.8971e-07 -3.53085e-10 0 9.80954e-07 -3.99338e-10 0 9.72031e-07 -4.49644e-10 0
          9.62941e-07 -5.03759e-10 0 9.53685e-07 -5.61276e-10 0 9.4426e-07 -6.2163e-10 0 9.34668e-07 -6.84099e-10 0
          9.24909e-07 -7.4784e-10 0 9.19987e-07 -7.95949e-10 0 -0.00136949 5.94345e-05 0 -0.000877224 4.63914e-05 0
          -0.000289262 2.62093e-05 0 -0.000156166 1.48352e-05 0 -9.946e-05 8.99891e-06 0 -6.87137e-05 5.75927e-06 0
          -4.99159e-05 3.85551e-06 0 -3.75333e-05 2.68177e-06 0 -2.89411e-05 1.92699e-06 0 -2.27415e-05 1.42291e-06 0
          -1.81289e-05 1.07443e-06 0 -1.46115e-05 8.25894e-07 0 -1.18746e-05 6.43638e-07 0 -9.70959e-06 5.06674e-07 0
          -7.97398e-06 4.01424e-07 0 -6.56774e-06 3.18708e-07 0 -5.41907e-06 2.52063e-07 0 -4.47538e-06 1.96877e-07 0
          -3.69726e-06 1.49995e-07 0 -3.05448e-06 1.09505e-07 0 -2.52314e-06 7.45246e-08 0 -2.08365e-06 4.49125e-08 0
          -1.71947e-06 2.0899e-08 0 -1.41629e-06 2.70749e-09 0 -1.16171e-06 -9.74769e-09 0 -9.4517e-07 -1.701e-08 0
          -7.57961e-07 -2.00392e-08 0 -5.93179e-07 -2.00292e-08 0 -4.4563e-07 -1.81696e-08 0 -3.11598e-07 -1.54527e-08 0
          -1.88564e-07 -1.25774e-08 0 -7.48818e-08 -9.95171e-09 0 3.04995e-08 -7.75427e-09 0 1.28283e-07 -6.007e-09 0
          2.18982e-07 -4.66567e-09 0 3.03005e-07 -3.65299e-09 0 3.80728e-07 -2.89095e-09 0 4.52515e-07 -2.31448e-09 0
          5.18726e-07 -1.87376e-09 0 5.79713e-07 -1.53234e-09 0 6.35818e-07 -1.2642e-09 0 6.87367e-07 -1.05084e-09 0
          7.34671e-07 -8.79058e-10 0 7.78024e-07 -7.39341e-10 0 8.17699e-07 -6.24709e-10 0 8.53952e-07 -5.29963e-10 0
          8.87023e-07 -4.51165e-10 0 9.17133e-07 -3.85288e-10 0 9.44487e-07 -3.29967e-10 0 9.69279e-07 -2.83338e-10 0
          9.91684e-07 -2.4391e-10 0 1.01187e-06 -2.10481e-10 0 1.02999e-06 -1.82073e-10 0 1.04618e-06 -1.57884e-10 0
          1.06058e-06 -1.37254e-10 0 1.0733e-06 -1.19635e-10 0 1.08448e-06 -1.04573e-10 0 1.0942e-06 -9.16849e-11 0
          1.10258e-06 -8.06538e-11 0 1.10969e-06 -7.12122e-11 0 1.11564e-06 -6.31363e-11 0 1.12049e-06 -5.62381e-11 0
          1.12433e-06 -5.03608e-11 0 1.12722e-06 -4.53734e-11 0 1.12923e-06 -4.11675e-11 0 1.13042e-06 -3.76543e-11 0
          1.13084e-06 -3.47621e-11 0 1.13055e-06 -3.24341e-11 0 1.1296e-06 -3.06274e-11 0 1.12803e-06 -2.93114e-11 0
          1.12588e-06 -2.84672e-11 0 1.1232e-06 -2.80869e-11 0 1.12002e-06 -2.81735e-11 0 1.11638e-06 -2.87403e-11 0
          1.1123e-06 -2.98119e-11 0 1.10782e-06 -3.14238e-11 0 1.10296e-06 -3.3623e-11 0 1.09776e-06 -3.64689e-11 0
          1.09223e-06 -4.0034e-11 0 1.08639e-06 -4.44044e-11 0 1.08026e-06 -4.96806e-11 0 1.07387e-06 -5.59783e-11 0
          1.06723e-06 -6.34285e-11 0 1.06035e-06 -7.21774e-11 0 1.05324e-06 -8.23857e-11 0 1.04592e-06 -9.42265e-11 0
          1.0384e-06 -1.07883e-10 0 1.03069e-06 -1.23542e-10 0 1.02279e-06 -1.4139e-10 0 1.01471e-06 -1.61603e-10 0
          1.00645e-06 -1.84334e-10 0 9.98024e-07 -2.09702e-10 0 9.89426e-07 -2.37776e-10 0 9.80662e-07 -2.68559e-10 0
          9.71731e-07 -3.01973e-10 0 9.62633e-07 -3.37848e-10 0 9.5337e-07 -3.75912e-10 0 9.43942e-07 -4.15792e-10 0
          9.34347e-07 -4.57019e-10 0 9.24587e-07 -4.9905e-10 0 9.19666e-07 -5.30761e-10 0 -0.00139725 2.16483e-05 0
          -0.00091058 1.87402e-05 0 -0.00032068 1.2783e-05 0 -0.000174653 7.82381e-06 0 -0.000109712 4.80508e-06 0
          -7.46045e-05 3.06632e-06 0 -5.34351e-05 2.03958e-06 0 -3.97069e-05 1.4097e-06 0 -3.03148e-05 1.00773e-06 0
          -2.36177e-05 7.41297e-07 0 -1.86825e-05 5.583e-07 0 -1.49481e-05 4.28421e-07 0 -1.20611e-05 3.3352e-07 0
          -9.78991e-06 2.62408e-07 0 -7.9777e-06 2.07911e-07 0 -6.51542e-06 1.65191e-07 0 -5.32551e-06 1.30812e-07 0
          -4.35189e-06 1.02291e-07 0 -3.5533e-06 7.79105e-08 0 -2.89872e-06 5.66424e-08 0 -2.36387e-06 3.80509e-08 0
          -1.9287e-06 2.21413e-08 0 -1.57572e-06 9.14815e-09 0 -1.28905e-06 -6.95367e-10 0 -1.05423e-06 -7.35084e-09 0
          -8.58495e-07 -1.10748e-08 0 -6.91107e-07 -1.24023e-08 0 -5.43722e-07 -1.20304e-08 0 -4.10384e-07 -1.06625e-08 0
          -2.87258e-07 -8.88149e-09 0 -1.72148e-07 -7.0884e-09 0 -6.39712e-08 -5.50513e-09 0 3.77162e-08 -4.21713e-09 0
          1.33082e-07 -3.21685e-09 0 2.22219e-07 -2.46647e-09 0 3.05232e-07 -1.91141e-09 0 3.82293e-07 -1.50087e-09 0
          4.53636e-07 -1.19467e-09 0 5.19541e-07 -9.63157e-10 0 5.8031e-07 -7.85323e-10 0 6.36255e-07 -6.46525e-10 0
          6.87684e-07 -5.3659e-10 0 7.34896e-07 -4.48382e-10 0 7.78175e-07 -3.76822e-10 0 8.17792e-07 -3.18224e-10 0
          8.53999e-07 -2.69865e-10 0 8.87031e-07 -2.29694e-10 0 9.17109e-07 -1.9614e-10 0 9.44437e-07 -1.67984e-10 0
          9.69206e-07 -1.44264e-10 0 9.91592e-07 -1.24215e-10 0 1.01176e-06 -1.07221e-10 0 1.02986e-06 -9.27822e-11 0
          1.04604e-06 -8.04891e-11 0 1.06043e-06 -7.00047e-11 0 1.07315e-06 -6.10503e-11 0 1.08432e-06 -5.33937e-11 0
          1.09404e-06 -4.68414e-11 0 1.10241e-06 -4.12316e-11 0 1.10952e-06 -3.64286e-11 0 1.11546e-06 -3.23186e-11 0
          1.12031e-06 -2.88064e-11 0 1.12415e-06 -2.58122e-11 0 1.12704e-06 -2.32697e-11 0 1.12904e-06 -2.11238e-11 0
          1.13023e-06 -1.93295e-11 0 1.13065e-06 -1.78504e-11 0 1.13036e-06 -1.66576e-11 0 1.12941e-06 -1.57295e-11 0
          1.12783e-06 -1.50503e-11 0 1.12569e-06 -1.46105e-11 0 1.123e-06 -1.44061e-11 0 1.11982e-06 -1.44384e-11 0
          1.11618e-06 -1.47141e-11 0 1.1121e-06 -1.52455e-11 0 1.10762e-06 -1.60505e-11 0 1.10277e-06 -1.71527e-11 0
          1.09756e-06 -1.8582e-11 0 1.09203e-06 -2.03747e-11 0 1.08619e-06 -2.2574e-11 0 1.08006e-06 -2.52303e-11 0
          1.07367e-06 -2.84016e-11 0 1.06702e-06 -3.21532e-11 0 1.06014e-06 -3.65581e-11 0 1.05303e-06 -4.16962e-11 0
          1.04571e-06 -4.76534e-11 0 1.03819e-06 -5.452e-11 0 1.03047e-06 -6.23882e-11 0 1.02257e-06 -7.13491e-11 0
          1.01448e-06 -8.14878e-11 0 1.00622e-06 -9.2878e-11 0 9.97788e-07 -1.05576e-10 0 9.89187e-07 -1.19612e-10 0
          9.80417e-07 -1.34985e-10 0 9.71482e-07 -1.51652e-10 0 9.62381e-07 -1.69527e-10 0 9.53116e-07 -1.88473e-10 0
          9.43685e-07 -2.08305e-10 0 9.3409e-07 -2.28793e-10 0 9.2433e-07 -2.49671e-10 0 9.1941e-07 -2.65419e-10 0
          -0.00140304 9.53222e-06 0 -0.000918063 8.5105e-06 0 -0.000328974 6.19376e-06 0 -0.000180607 3.97809e-06 0
          -0.000113252 2.47778e-06 0 -7.66605e-05 1.58184e-06 0 -5.46542e-05 1.0496e-06 0 -4.04439e-05 7.23527e-07 0
          -3.07612e-05 5.16177e-07 0 -2.38796e-05 3.79256e-07 0 -1.88214e-05 2.85491e-07 0 -1.50017e-05 2.19065e-07 0
          -1.20539e-05 1.70573e-07 0 -9.73854e-06 1.3426e-07 0 -7.89391e-06 1.06459e-07 0 -6.40739e-06 8.46945e-08 0
          -5.19919e-06 6.7184e-08 0 -4.21207e-06 5.26172e-08 0 -3.40463e-06 4.00787e-08 0 -2.74629e-06 2.9025e-08 0
          -2.21336e-06 1.92478e-08 0 -1.78604e-06 1.07938e-08 0 -1.44639e-06 3.84579e-09 0 -1.17729e-06 -1.41453e-09 0
          -9.62421e-07 -4.92435e-09 0 -7.86883e-07 -6.804e-09 0 -6.38078e-07 -7.35049e-09 0 -5.06382e-07 -6.96476e-09 0
          -3.85298e-07 -6.05413e-09 0 -2.71091e-07 -4.95296e-09 0 -1.62079e-07 -3.88521e-09 0 -5.78455e-08 -2.96805e-09 0
          4.13988e-08 -2.24006e-09 0 1.35301e-07 -1.68591e-09 0 2.23582e-07 -1.27869e-09 0 3.06093e-07 -9.82787e-10 0
          3.82853e-07 -7.67114e-10 0 4.54009e-07 -6.081e-10 0 5.19792e-07 -4.88912e-10 0 5.80478e-07 -3.97922e-10 0
          6.36362e-07 -3.27208e-10 0 6.87746e-07 -2.71361e-10 0 7.34923e-07 -2.2664e-10 0 7.78175e-07 -1.90411e-10 0
          8.17769e-07 -1.60775e-10 0 8.53958e-07 -1.36335e-10 0 8.86974e-07 -1.16044e-10 0 9.17039e-07 -9.91029e-11 0
          9.44357e-07 -8.4891e-11 0 9.69116e-07 -7.2921e-11 0 9.91495e-07 -6.28049e-11 0 1.01166e-06 -5.42308e-11 0
          1.02975e-06 -4.69458e-11 0 1.04593e-06 -4.07431e-11 0 1.06031e-06 -3.54525e-11 0 1.07303e-06 -3.09332e-11 0
          1.08419e-06 -2.70682e-11 0 1.09391e-06 -2.37599e-11 0 1.10227e-06 -2.09266e-11 0 1.10939e-06 -1.85e-11 0
          1.11533e-06 -1.64227e-11 0 1.12018e-06 -1.46467e-11 0 1.12401e-06 -1.31318e-11 0 1.1269e-06 -1.18447e-11 0
          1.1289e-06 -1.07575e-11 0 1.13009e-06 -9.84761e-12 0 1.13051e-06 -9.09663e-12 0 1.13022e-06 -8.49007e-12 0
          1.12926e-06 -8.01693e-12 0 1.12769e-06 -7.66935e-12 0 1.12554e-06 -7.44247e-12 0 1.12286e-06 -7.33422e-12 0
          1.11968e-06 -7.34527e-12 0 1.11604e-06 -7.47898e-12 0 1.11196e-06 -7.74149e-12 0 1.10748e-06 -8.14172e-12 0
          1.10262e-06 -8.69154e-12 0 1.09742e-06 -9.40589e-12 0 1.09188e-06 -1.0303e-11 0 1.08605e-06 -1.14045e-11 0
          1.07992e-06 -1.27356e-11 0 1.07353e-06 -1.43252e-11 0 1.06688e-06 -1.62062e-11 0 1.06e-06 -1.84148e-11 0
          1.05289e-06 -2.09909e-11 0 1.04557e-06 -2.39772e-11 0 1.03805e-06 -2.74187e-11 0 1.03033e-06 -3.13611e-11 0
          1.02242e-06 -3.58493e-11 0 1.01434e-06 -4.09253e-11 0 1.00608e-06 -4.66253e-11 0 9.97642e-07 -5.29763e-11 0
          9.8904e-07 -5.99929e-11 0 9.8027e-07 -6.76731e-11 0 9.71334e-07 -7.59956e-11 0 9.62232e-07 -8.49162e-11 0
          9.52966e-07 -9.43667e-11 0 9.43536e-07 -1.04255e-10 0 9.33941e-07 -1.14467e-10 0 9.24182e-07 -1.24871e-10 0
          9.19262e-07 -1.3272e-10 0
        </DataArray>
      </PointData>
      <CellData Scalars="process rank">
        <DataArray type="Float32" Name="process rank" NumberOfComponents="1" format="ascii">
          0 0 0 0 0 0 0 0 0 0 0 0
          0 0 0 0 0 0 0 0 0 0 0 0
          0 0 0 0 0 0 0 0 0 0 0 0
          0 0 0 0 0 0 0 0 0 0 0 0
          0 0 0 0 0 0 0 0 0 0 0 0
          0 0 0 0 0 0 0 0 0 0 0 0
          0 0 0 0 0 0 0 0 0 0 0 0
          0 0 0 0 0 0 0 0 0 0 0 0
          0 0 0 0 0 0 0 0 0 0 0 0
          0 0 0 0 0 0 0 0 0 0 0 0
          0 0 0 0 0 0 0 0 0 0 0 0
          0 0 0 0 0 0 0 0 0 0 0 0
          0 0 0 0 0 0 0 0 0 0 0 0
          0 0 0 0 0 0 0 0 0 0 0 0
          0 0 0 0 0 0 0 0 0 0 0 0
          0 0 0 0 0 0 0 0 0 0 0 0
          0 0 0 0 0 0 0 0 0 0 0 0
          0 0 0 0 0 0 0 0 0 0 0 0
          0 0 0 0 0 0 0 0 0 0 0 0
          0 0 0 0 0 0 0 0 0 0 0 0
          0 0 0 0 0 0 0 0 0 0 0 0
          0 0 0 0 0 0 0 0 0 0 0 0
          0 0 0 0 0 0 0 0 0 0 0 0
          0 0 0 0 0 0 0 0 0 0 0 0
          0 0 0 0 0 0 0 0 0 0 0 0
          0 0 0 0 0 0 0 0 0 0 0 0
          0 0 0 0 0 0 0 0 0 0 0 0
          0 0 0 0 0 0 0 0 0 0 0 0
          0 0 0 0 0 0 0 0 0 0 0 0
          0 0 0 0 0 0 0 0 0 0 0 0
          0 0 0 0 0 0 0 0 0 0 0 0
          0 0 0 0 0 0 0 0 0 0 0 0
          0 0 0 0 0 0 0 0 0 0 0 0
          0 0 0 0 0 0 0 0 0 0 0 0
          0 0 0 0 0 0 0 0 0 0 0 0
          0 0 0 0 0 0 0 0 0 0 0 0
          0 0 0 0 0 0 0 0 0 0 0 0
          0 0 0 0 0 0 0 0 0 0 0 0
          0 0 0 0 0 0 0 0 0 0 0 0
          0 0 0 0 0 0 0 0 0 0 0 0
          0 0 0 0 0 0 0 0 0 0 0 0
          0 0 0 0 0 0 0 0 0 0 0 0
          0 0 0 0 0 0 0 0 0 0 0 0
          0 0 0 0 0 0 0 0 0 0 0 0
          0 0 0 0 0 0 0 0 0 0 0 0
          0 0 0 0 0 0 0 0 0 0 0 0
          0 0 0 0 0 0 0 0 0 0 0 0
          0 0 0 0 0 0 0 0 0 0 0 0
          0 0 0 0 0 0 0 0 0 0 0 0
          0 0 0 0 0 0 0 0 0 0 0 0
          0 0 0 0 0 0 0 0 0 0 0 0
          0 0 0 0 0 0 0 0 0 0 0 0
          0 0 0 0 0 0 0 0 0 0 0 0
          0 0 0 0 0 0 0 0 0 0 0 0
          0 0 0 0 0 0 0 0 0 0 0 0
          0 0 0 0 0 0 0 0 0 0 0 0
          0 0 0 0 0 0 0 0 0 0 0 0
          0 0 0 0 0 0 0 0 0 0 0 0
          0 0 0 0 0 0 0 0 0 0 0 0
          0 0 0 0 0 0 0 0 0 0 0 0
          0 0 0 0 0 0 0 0 0 0 0 0
          0 0 0 0 0 0 0 0 0 0 0 0
          0 0 0 0 0 0 0 0 0 0 0 0
          0 0 0 0 0 0 0 0 0 0 0 0
          0 0 0 0 0 0 0 0 0 0 0 0
          0 0 0 0 0 0 0 0 0 0 0 0
          0 0 0 0 0 0 0 0 0 0 0 0
          0 0 0 0 0 0 0 0 0 0 0 0
          0 0 0 0 0 0 0 0 0 0 0 0
          0 0 0 0 0 0 0 0 0 0 0 0
          0 0 0 0 0 0 0 0 0 0 0 0
          0 0 0 0 0 0 0 0 0 0 0 0
          0 0 0 0 0 0 0 0 0 0 0 0
          0 0 0 0 0 0 0 0 0 0 0 0
          0 0 0 0 0 0 0 0 0 0 0 0
          0 0 0 0 0 0 0 0 0 0 0 0
          0 0 0 0 0 0 0 0 0 0 0 0
          0 0 0 0 0 0 0 0 0 0 0 0
          0 0 0 0 0 0 0 0 0 0 0 0
          0 0 0 0 0 0 0 0 0 0 0 0
          0 0 0 0 0 0 0 0 0 0 0 0
          0 0 0 0 0 0 0 0 0 0 0 0
          0 0 0 0 0 0 0 0 0 0 0 0
          0 0 0 0 0 0 0 0 0 0 0 0
          0 0 0 0 0 0 0 0 0 0 0 0
          0 0 0 0 0 0 0 0 0 0 0 0
          0 0 0 0 0 0 0 0 0 0 0 0
          0 0 0 0 0 0 0 0 0 0 0 0
          0 0 0 0 0 0 0 0 0 0 0 0
          0 0 0 0 0 0 0 0 0 0 0 0
          0 0 0 0 0 0 0 0 0 0 0 0
          0 0 0 0 0 0 0 0 0 0 0 0
          0 0 0 0 0 0 0 0 0 0 0 0
          0 0 0 0 0 0 0 0 0 0 0 0
          0 0 0 0 0 0 0 0 0 0 0 0
          0 0 0 0 0 0 0 0 0 0 0 0
          0 0 0 0 0 0 0 0 0 0 0 0
          0 0 0 0 0 0 0 0 0 0 0 0
          0 0 0 0 0 0 0 0 0 0 0 0
          0 0 0 0 0 0 0 0 0 0 0 0
          0 0 0 0 0 0 0 0 0 0 0 0
          0 0 0 0 0 0 0 0 0 0 0 0
          0 0 0 0 0 0 0 0 0 0 0 0
          0 0 0 0 0 0 0 0 0 0 0 0
          0 0 0 0 0 0 0 0 0 0 0 0
          0 0 0 0 0 0 0 0 0 0 0 0
          0 0 0 0 0 0 0 0 0 0 0 0
          0 0 0 0 0 0 0 0 0 0 0 0
          0 0 0 0 0 0 0 0 0 0 0 0
          0 0 0 0 0 0 0 0 0 0 0 0
          0 0 0 0 0 0 0 0 0 0 0 0
          0 0 0 0 0 0 0 0 0 0 0 0
          0 0 0 0 0 0 0 0 0 0 0 0
          0 0 0 0 0 0 0 0 0 0 0 0
          0 0 0 0 0 0 0 0 0 0 0 0
          0 0 0 0 0 0 0 0 0 0 0 0
          0 0 0 0 0 0 0 0 0 0 0 0
          0 0 0 0 0 0 0 0 0 0 0 0
          0 0 0 0 0 0 0 0 0 0 0 0
          0 0 0 0 0 0 0 0 0 0 0 0
          0 0 0 0 0 0 0 0 0 0 0 0
          0 0 0 0 0 0 0 0 0 0 0 0
          0 0 0 0 0 0 0 0 0 0 0 0
          0 0 0 0 0 0 0 0 0 0 0 0
          0 0 0 0 0 0 0 0 0 0 0 0
          0 0 0 0 0 0 0 0 0 0 0 0
          0 0 0 0 0 0 0 0 0 0 0 0
          0 0 0 0 0 0 0 0 0 0 0 0
          0 0 0 0 0 0 0 0 0 0 0 0
          0 0 0 0 0 0 0 0 0 0 0 0
          0 0 0 0 0 0 0 0 0 0 0 0
          0 0 0 0 0 0 0 0 0 0 0 0
          0 0 0 0 0 0 0 0 0 0 0 0
          0 0 0 0 0 0 0 0 0 0 0 0
          0 0 0 0 0 0 0 0 0 0 0 0
          0 0 0 0 0 0 0 0 0 0 0 0
          0 0 0 0 0 0 0 0 0 0 0 0
          0 0 0 0 0 0 0 0 0 0 0 0
          0 0 0 0 0 0 0 0 0 0 0 0
          0 0 0 0 0 0 0 0 0 0 0 0
          0 0 0 0 0 0 0 0 0 0 0 0
          0 0 0 0 0 0 0 0 0 0 0 0
          0 0 0 0 0 0 0 0 0 0 0 0
          0 0 0 0 0 0 0 0 0 0 0 0
          0 0 0 0 0 0 0 0 0 0 0 0
          0 0 0 0 0 0 0 0 0 0 0 0
          0 0 0 0 0 0 0 0 0 0 0 0
          0 0 0 0 0 0 0 0 0 0 0 0
          0 0 0 0 0 0 0 0 0 0 0 0
          0 0 0 0 0 0 0 0 0 0 0 0
          0 0 0 0 0 0 0 0 0 0 0 0
          0 0 0 0 0 0 0 0 0 0 0 0
          0 0 0 0 0 0 0 0 0 0 0 0
          0 0 0 0 0 0 0 0 0 0 0 0
          0 0 0 0 0 0 0 0 0 0 0 0
          0 0 0 0 0 0 0 0 0 0 0 0
          0 0 0 0 0 0 0 0 0 0 0 0
          0 0 0 0 0 0 0 0 0 0 0 0
          0 0 0 0 0 0 0 0 0 0 0 0
          0 0 0 0 0 0 0 0 0 0 0 0
          0 0 0 0 0 0 0 0 0 0 0 0
          0 0 0 0 0 0 0 0 0 0 0 0
          0 0 0 0 0 0 0 0 0 0 0 0
          0 0 0 0 0 0 0 0 0 0 0 0
          0 0 0 0 0 0 0 0 0 0 0 0
          0 0 0 0 0 0 0 0 0 0 0 0
          0 0 0 0 0 0 0 0
        </DataArray>
      </CellData>
      <Points>
        <DataArray type="Float32" Name="Coordinates" NumberOfComponents="3" format="ascii">
          0.2 0 0 10.2 0 0 0.2 3 0 10.2 3 0
          20.2 0 0 20.2 3 0 30.2 0 0 30.2 3 0
          40.2 0 0 40.2 3 0 50.2 0 0 50.2 3 0
          60.2 0 0 60.2 3 0 70.2 0 0 70.2 3 0
          80.2 0 0 80.2 3 0 90.2 0 0 90.2 3 0
          100.2 0 0 100.2 3 0 110.2 0 0 110.2 3 0
          120.2 0 0 120.2 3 0 130.2 0 0 130.2 3 0
          140.2 0 0 140.2 3 0 150.2 0 0 150.2 3 0
          160.2 0 0 160.2 3 0 170.2 0 0 170.2 3 0
          180.2 0 0 180.2 3 0 190.2 0 0 190.2 3 0
          200.2 0 0 200.2 3 0 210.2 0 0 210.2 3 0
          220.2 0 0 220.2 3 0 230.2 0 0 230.2 3 0
          240.2 0 0 240.2 3 0 250.2 0 0 250.2 3 0
          260.2 0 0 260.2 3 0 270.2 0 0 270.2 3 0
          280.2 0 0 280.2 3 0 290.2 0 0 290.2 3 0
          300.2 0 0 300.2 3 0 310.2 0 0 310.2 3 0
          320.2 0 0 320.2 3 0 330.2 0 0 330.2 3 0
          340.2 0 0 340.2 3 0 350.2 0 0 350.2 3 0
          360.2 0 0 360.2 3 0 370.2 0 0 370.2 3 0
          380.2 0 0 380.2 3 0 390.2 0 0 390.2 3 0
          400.2 0 0 400.2 3 0 410.2 0 0 410.2 3 0
          420.2 0 0 420.2 3 0 430.2 0 0 430.2 3 0
          440.2 0 0 440.2 3 0 450.2 0 0 450.2 3 0
          460.2 0 0 460.2 3 0 470.2 0 0 470.2 3 0
          480.2 0 0 480.2 3 0 490.2 0 0 490.2 3 0
          500.2 0 0 500.2 3 0 510.2 0 0 510.2 3 0
          520.2 0 0 520.2 3 0 530.2 0 0 530.2 3 0
          540.2 0 0 540.2 3 0 550.2 0 0 550.2 3 0
          560.2 0 0 560.2 3 0 570.2 0 0 570.2 3 0
          580.2 0 0 580.2 3 0 590.2 0 0 590.2 3 0
          600.2 0 0 600.2 3 0 610.2 0 0 610.2 3 0
          620.2 0 0 620.2 3 0 630.2 0 0 630.2 3 0
          640.2 0 0 640.2 3 0 650.2 0 0 650.2 3 0
          660.2 0 0 660.2 3 0 670.2 0 0 670.2 3 0
          680.2 0 0 680.2 3 0 690.2 0 0 690.2 3 0
          700.2 0 0 700.2 3 0 710.2 0 0 710.2 3 0
          720.2 0 0 720.2 3 0 730.2 0 0 730.2 3 0
          740.2 0 0 740.2 3 0 750.2 0 0 750.2 3 0
          760.2 0 0 760.2 3 0 770.2 0 0 770.2 3 0
          780.2 0 0 780.2 3 0 790.2 0 0 790.2 3 0
          800.2 0 0 800.2 3 0 810.2 0 0 810.2 3 0
          820.2 0 0 820.2 3 0 830.2 0 0 830.2 3 0
          840.2 0 0 840.2 3 0 850.2 0 0 850.2 3 0
          860.2 0 0 860.2 3 0 870.2 0 0 870.2 3 0
          880.2 0 0 880.2 3 0 890.2 0 0 890.2 3 0
          900.2 0 0 900.2 3 0 910.2 0 0 910.2 3 0
          920.2 0 0 920.2 3 0 930.2 0 0 930.2 3 0
          940.2 0 0 940.2 3 0 950.2 0 0 950.2 3 0
          960.2 0 0 960.2 3 0 970.2 0 0 970.2 3 0
          980.2 0 0 980.2 3 0 990.2 0 0 990.2 3 0
          1000.2 0 0 1000.2 3 0 0.2 6 0 10.2 6 0
          20.2 6 0 30.2 6 0 40.2 6 0 50.2 6 0
          60.2 6 0 70.2 6 0 80.2 6 0 90.2 6 0
          100.2 6 0 110.2 6 0 120.2 6 0 130.2 6 0
          140.2 6 0 150.2 6 0 160.2 6 0 170.2 6 0
          180.2 6 0 190.2 6 0 200.2 6 0 210.2 6 0
          220.2 6 0 230.2 6 0 240.2 6 0 250.2 6 0
          260.2 6 0 270.2 6 0 280.2 6 0 290.2 6 0
          300.2 6 0 310.2 6 0 320.2 6 0 330.2 6 0
          340.2 6 0 350.2 6 0 360.2 6 0 370.2 6 0
          380.2 6 0 390.2 6 0 400.2 6 0 410.2 6 0
          420.2 6 0 430.2 6 0 440.2 6 0 450.2 6 0
          460.2 6 0 470.2 6 0 480.2 6 0 490.2 6 0
          500.2 6 0 510.2 6 0 520.2 6 0 530.2 6 0
          540.2 6 0 550.2 6 0 560.2 6 0 570.2 6 0
          580.2 6 0 590.2 6 0 600.2 6 0 610.2 6 0
          620.2 6 0 630.2 6 0 640.2 6 0 650.2 6 0
          660.2 6 0 670.2 6 0 680.2 6 0 690.2 6 0
          700.2 6 0 710.2 6 0 720.2 6 0 730.2 6 0
          740.2 6 0 750.2 6 0 760.2 6 0 770.2 6 0
          780.2 6 0 790.2 6 0 800.2 6 0 810.2 6 0
          820.2 6 0 830.2 6 0 840.2 6 0 850.2 6 0
          860.2 6 0 870.2 6 0 880.2 6 0 890.2 6 0
          900.2 6 0 910.2 6 0 920.2 6 0 930.2 6 0
          940.2 6 0 950.2 6 0 960.2 6 0 970.2 6 0
          980.2 6 0 990.2 6 0 1000.2 6 0 0.2 9 0
          10.2 9 0 20.2 9 0 30.2 9 0 40.2 9 0
          50.2 9 0 60.2 9 0 70.2 9 0 80.2 9 0
          90.2 9 0 100.2 9 0 110.2 9 0 120.2 9 0
          130.2 9 0 140.2 9 0 150.2 9 0 160.2 9 0
          170.2 9 0 180.2 9 0 190.2 9 0 200.2 9 0
          210.2 9 0 220.2 9 0 230.2 9 0 240.2 9 0
          250.2 9 0 260.2 9 0 270.2 9 0 280.2 9 0
          290.2 9 0 300.2 9 0 310.2 9 0 320.2 9 0
          330.2 9 0 340.2 9 0 350.2 9 0 360.2 9 0
          370.2 9 0 380.2 9 0 390.2 9 0 400.2 9 0
          410.2 9 0 420.2 9 0 430.2 9 0 440.2 9 0
          450.2 9 0 460.2 9 0 470.2 9 0 480.2 9 0
          490.2 9 0 500.2 9 0 510.2 9 0 520.2 9 0
          530.2 9 0 540.2 9 0 550.2 9 0 560.2 9 0
          570.2 9 0 580.2 9 0 590.2 9 0 600.2 9 0
          610.2 9 0 620.2 9 0 630.2 9 0 640.2 9 0
          650.2 9 0 660.2 9 0 670.2 9 0 680.2 9 0
          690.2 9 0 700.2 9 0 710.2 9 0 720.2 9 0
          730.2 9 0 740.2 9 0 750.2 9 0 760.2 9 0
          770.2 9 0 780.2 9 0 790.2 9 0 800.2 9 0
          810.2 9 0 820.2 9 0 830.2 9 0 840.2 9 0
          850.2 9 0 860.2 9 0 870.2 9 0 880.2 9 0
          890.2 9 0 900.2 9 0 910.2 9 0 920.2 9 0
          930.2 9 0 940.2 9 0 950.2 9 0 960.2 9 0
          970.2 9 0 980.2 9 0 990.2 9 0 1000.2 9 0
          0.2 12 0 10.2 12 0 20.2 12 0 30.2 12 0
          40.2 12 0 50.2 12 0 60.2 12 0 70.2 12 0
          80.2 12 0 90.2 12 0 100.2 12 0 110.2 12 0
          120.2 12 0 130.2 12 0 140.2 12 0 150.2 12 0
          160.2 12 0 170.2 12 0 180.2 12 0 190.2 12 0
          200.2 12 0 210.2 12 0 220.2 12 0 230.2 12 0
          240.2 12 0 250.2 12 0 260.2 12 0 270.2 12 0
          280.2 12 0 290.2 12 0 300.2 12 0 310.2 12 0
          320.2 12 0 330.2 12 0 340.2 12 0 350.2 12 0
          360.2 12 0 370.2 12 0 380.2 12 0 390.2 12 0
          400.2 12 0 410.2 12 0 420.2 12 0 430.2 12 0
          440.2 12 0 450.2 12 0 460.2 12 0 470.2 12 0
          480.2 12 0 490.2 12 0 500.2 12 0 510.2 12 0
          520.2 12 0 530.2 12 0 540.2 12 0 550.2 12 0
          560.2 12 0 570.2 12 0 580.2 12 0 590.2 12 0
          600.2 12 0 610.2 12 0 620.2 12 0 630.2 12 0
          640.2 12 0 650.2 12 0 660.2 12 0 670.2 12 0
          680.2 12 0 690.2 12 0 700.2 12 0 710.2 12 0
          720.2 12 0 730.2 12 0 740.2 12 0 750.2 12 0
          760.2 12 0 770.2 12 0 780.2 12 0 790.2 12 0
          800.2 12 0 810.2 12 0 820.2 12 0 830.2 12 0
          840.2 12 0 850.2 12 0 860.2 12 0 870.2 12 0
          880.2 12 0 890.2 12 0 900.2 12 0 910.2 12 0
          920.2 12 0 930.2 12 0 940.2 12 0 950.2 12 0
          960.2 12 0 970.2 12 0 980.2 12 0 990.2 12 0
          1000.2 12 0 0.2 15 0 10.2 15 0 20.2 15 0
          30.2 15 0 40.2 15 0 50.2 15 0 60.2 15 0
          70.2 15 0 80.2 15 0 90.2 15 0 100.2 15 0
          110.2 15 0 120.2 15 0 130.2 15 0 140.2 15 0
          150.2 15 0 160.2 15 0 170.2 15 0 180.2 15 0
          190.2 15 0 200.2 15 0 210.2 15 0 220.2 15 0
          230.2 15 0 240.2 15 0 250.2 15 0 260.2 15 0
          270.2 15 0 280.2 15 0 290.2 15 0 300.2 15 0
          310.2 15 0 320.2 15 0 330.2 15 0 340.2 15 0
          350.2 15 0 360.2 15 0 370.2 15 0 380.2 15 0
          390.2 15 0 400.2 15 0 410.2 15 0 420.2 15 0
          430.2 15 0 440.2 15 0 450.2 15 0 460.2 15 0
          470.2 15 0 480.2 15 0 490.2 15 0 500.2 15 0
          510.2 15 0 520.2 15 0 530.2 15 0 540.2 15 0
          550.2 15 0 560.2 15 0 570.2 15 0 580.2 15 0
          590.2 15 0 600.2 15 0 610.2 15 0 620.2 15 0
          630.2 15 0 640.2 15 0 650.2 15 0 660.2 15 0
          670.2 15 0 680.2 15 0 690.2 15 0 700.2 15 0
          710.2 15 0 720.2 15 0 730.2 15 0 740.2 15 0
          750.2 15 0 760.2 15 0 770.2 15 0 780.2 15 0
          790.2 15 0 800.2 15 0 810.2 15 0 820.2 15 0
          830.2 15 0 840.2 15 0 850.2 15 0 860.2 15 0
          870.2 15 0 880.2 15 0 890.2 15 0 900.2 15 0
          910.2 15 0 920.2 15 0 930.2 15 0 940.2 15 0
          950.2 15 0 960.2 15 0 970.2 15 0 980.2 15 0
          990.2 15 0 1000.2 15 0 0.2 18 0 10.2 18 0
          20.2 18 0 30.2 18 0 40.2 18 0 50.2 18 0
          60.2 18 0 70.2 18 0 80.2 18 0 90.2 18 0
          100.2 18 0 110.2 18 0 120.2 18 0 130.2 18 0
          140.2 18 0 150.2 18 0 160.2 18 0 170.2 18 0
          180.2 18 0 190.2 18 0 200.2 18 0 210.2 18 0
          220.2 18 0 230.2 18 0 240.2 18 0 250.2 18 0
          260.2 18 0 270.2 18 0 280.2 18 0 290.2 18 0
          300.2 18 0 310.2 18 0 320.2 18 0 330.2 18 0
          340.2 18 0 350.2 18 0 360.2 18 0 370.2 18 0
          380.2 18 0 390.2 18 0 400.2 18 0 410.2 18 0
          420.2 18 0 430.2 18 0 440.2 18 0 450.2 18 0
          460.2 18 0 470.2 18 0 480.2 18 0 490.2 18 0
          500.2 18 0 510.2 18 0 520.2 18 0 530.2 18 0
          540.2 18 0 550.2 18 0 560.2 18 0 570.2 18 0
          580.2 18 0 590.2 18 0 600.2 18 0 610.2 18 0
          620.2 18 0 630.2 18 0 640.2 18 0 650.2 18 0
          660.2 18 0 670.2 18 0 680.2 18 0 690.2 18 0
          700.2 18 0 710.2 18 0 720.2 18 0 730.2 18 0
          740.2 18 0 750.2 18 0 760.2 18 0 770.2 18 0
          780.2 18 0 790.2 18 0 800.2 18 0 810.2 18 0
          820.2 18 0 830.2 18 0 840.2 18 0 850.2 18 0
          860.2 18 0 870.2 18 0 880.2 18 0 890.2 18 0
          900.2 18 0 910.2 18 0 920.2 18 0 930.2 18 0
          940.2 18 0 950.2 18 0 960.2 18 0 970.2 18 0
          980.2 18 0 990.2 18 0 1000.2 18 0 0.2 21 0
          10.2 21 0 20.2 21 0 30.2 21 0 40.2 21 0
          50.2 21 0 60.2 21 0 70.2 21 0 80.2 21 0
          90.2 21 0 100.2 21 0 110.2 21 0 120.2 21 0
          130.2 21 0 140.2 21 0 150.2 21 0 160.2 21 0
          170.2 21 0 180.2 21 0 190.2 21 0 200.2 21 0
          210.2 21 0 220.2 21 0 230.2 21 0 240.2 21 0
          250.2 21 0 260.2 21 0 270.2 21 0 280.2 21 0
          290.2 21 0 300.2 21 0 310.2 21 0 320.2 21 0
          330.2 21 0 340.2 21 0 350.2 21 0 360.2 21 0
          370.2 21 0 380.2 21 0 390.2 21 0 400.2 21 0
          410.2 21 0 420.2 21 0 430.2 21 0 440.2 21 0
          450.2 21 0 460.2 21 0 470.2 21 0 480.2 21 0
          490.2 21 0 500.2 21 0 510.2 21 0 520.2 21 0
          530.2 21 0 540.2 21 0 550.2 21 0 560.2 21 0
          570.2 21 0 580.2 21 0 590.2 21 0 600.2 21 0
          610.2 21 0 620.2 21 0 630.2 21 0 640.2 21 0
          650.2 21 0 660.2 21 0 670.2 21 0 680.2 21 0
          690.2 21 0 700.2 21 0 710.2 21 0 720.2 21 0
          730.2 21 0 740.2 21 0 750.2 21 0 760.2 21 0
          770.2 21 0 780.2 21 0 790.2 21 0 800.2 21 0
          810.2 21 0 820.2 21 0 830.2 21 0 840.2 21 0
          850.2 21 0 860.2 21 0 870.2 21 0 880.2 21 0
          890.2 21 0 900.2 21 0 910.2 21 0 920.2 21 0
          930.2 21 0 940.2 21 0 950.2 21 0 960.2 21 0
          970.2 21 0 980.2 21 0 990.2 21 0 1000.2 21 0
          0.2 24 0 10.2 24 0 20.2 24 0 30.2 24 0
          40.2 24 0 50.2 24 0 60.2 24 0 70.2 24 0
          80.2 24 0 90.2 24 0 100.2 24 0 110.2 24 0
          120.2 24 0 130.2 24 0 140.2 24 0 150.2 24 0
          160.2 24 0 170.2 24 0 180.2 24 0 190.2 24 0
          200.2 24 0 210.2 24 0 220.2 24 0 230.2 24 0
          240.2 24 0 250.2 24 0 260.2 24 0 270.2 24 0
          280.2 24 0 290.2 24 0 300.2 24 0 310.2 24 0
          320.2 24 0 330.2 24 0 340.2 24 0 350.2 24 0
          360.2 24 0 370.2 24 0 380.2 24 0 390.2 24 0
          400.2 24 0 410.2 24 0 420.2 24 0 430.2 24 0
          440.2 24 0 450.2 24 0 460.2 24 0 470.2 24 0
          480.2 24 0 490.2 24 0 500.2 24 0 510.2 24 0
          520.2 24 0 530.2 24 0 540.2 24 0 550.2 24 0
          560.2 24 0 570.2 24 0 580.2 24 0 590.2 24 0
          600.2 24 0 610.2 24 0 620.2 24 0 630.2 24 0
          640.2 24 0 650.2 24 0 660.2 24 0 670.2 24 0
          680.2 24 0 690.2 24 0 700.2 24 0 710.2 24 0
          720.2 24 0 730.2 24 0 740.2 24 0 750.2 24 0
          760.2 24 0 770.2 24 0 780.2 24 0 790.2 24 0
          800.2 24 0 810.2 24 0 820.2 24 0 830.2 24 0
          840.2 24 0 850.2 24 0 860.2 24 0 870.2 24 0
          880.2 24 0 890.2 24 0 900.2 24 0 910.2 24 0
          920.2 24 0 930.2 24 0 940.2 24 0 950.2 24 0
          960.2 24 0 970.2 24 0 980.2 24 0 990.2 24 0
          1000.2 24 0 0.2 27 0 10.2 27 0 20.2 27 0
          30.2 27 0 40.2 27 0 50.2 27 0 60.2 27 0
          70.2 27 0 80.2 27 0 90.2 27 0 100.2 27 0
          110.2 27 0 120.2 27 0 130.2 27 0 140.2 27 0
          150.2 27 0 160.2 27 0 170.2 27 0 180.2 27 0
          190.2 27 0 200.2 27 0 210.2 27 0 220.2 27 0
          230.2 27 0 240.2 27 0 250.2 27 0 260.2 27 0
          270.2 27 0 280.2 27 0 290.2 27 0 300.2 27 0
          310.2 27 0 320.2 27 0 330.2 27 0 340.2 27 0
          350.2 27 0 360.2 27 0 370.2 27 0 380.2 27 0
          390.2 27 0 400.2 27 0 410.2 27 0 420.2 27 0
          430.2 27 0 440.2 27 0 450.2 27 0 460.2 27 0
          470.2 27 0 480.2 27 0 490.2 27 0 500.2 27 0
          510.2 27 0 520.2 27 0 530.2 27 0 540.2 27 0
          550.2 27 0 560.2 27 0 570.2 27 0 580.2 27 0
          590.2 27 0 600.2 27 0 610.2 27 0 620.2 27 0
          630.2 27 0 640.2 27 0 650.2 27 0 660.2 27 0
          670.2 27 0 680.2 27 0 690.2 27 0 700.2 27 0
          710.2 27 0 720.2 27 0 730.2 27 0 740.2 27 0
          750.2 27 0 760.2 27 0 770.2 27 0 780.2 27 0
          790.2 27 0 800.2 27 0 810.2 27 0 820.2 27 0
          830.2 27 0 840.2 27 0 850.2 27 0 860.2 27 0
          870.2 27 0 880.2 27 0 890.2 27 0 900.2 27 0
          910.2 27 0 920.2 27 0 930.2 27 0 940.2 27 0
          950.2 27 0 960.2 27 0 970.2 27 0 980.2 27 0
          990.2 27 0 1000.2 27 0 0.2 30 0 10.2 30 0
          20.2 30 0 30.2 30 0 40.2 30 0 50.2 30 0
          60.2 30 0 70.2 30 0 80.2 30 0 90.2 30 0
          100.2 30 0 110.2 30 0 120.2 30 0 130.2 30 0
          140.2 30 0 150.2 30 0 160.2 30 0 170.2 30 0
          180.2 30 0 190.2 30 0 200.2 30 0 210.2 30 0
          220.2 30 0 230.2 30 0 240.2 30 0 250.2 30 0
          260.2 30 0 270.2 30 0 280.2 30 0 290.2 30 0
          300.2 30 0 310.2 30 0 320.2 30 0 330.2 30 0
          340.2 30 0 350.2 30 0 360.2 30 0 370.2 30 0
          380.2 30 0 390.2 30 0 400.2 30 0 410.2 30 0
          420.2 30 0 430.2 30 0 440.2 30 0 450.2 30 0
          460.2 30 0 470.2 30 0 480.2 30 0 490.2 30 0
          500.2 30 0 510.2 30 0 520.2 30 0 530.2 30 0
          540.2 30 0 550.2 30 0 560.2 30 0 570.2 30 0
          580.2 30 0 590.2 30 0 600.2 30 0 610.2 30 0
          620.2 30 0 630.2 30 0 640.2 30 0 650.2 30 0
          660.2 30 0 670.2 30 0 680.2 30 0 690.2 30 0
          700.2 30 0 710.2 30 0 720.2 30 0 730.2 30 0
          740.2 30 0 750.2 30 0 760.2 30 0 770.2 30 0
          780.2 30 0 790.2 30 0 800.2 30 0 810.2 30 0
          820.2 30 0 830.2 30 0 840.2 30 0 850.2 30 0
          860.2 30 0 870.2 30 0 880.2 30 0 890.2 30 0
          900.2 30 0 910.2 30 0 920.2 30 0 930.2 30 0
          940.2 30 0 950.2 30 0 960.2 30 0 970.2 30 0
          980.2 30 0 990.2 30 0 1000.2 30 0 0.2 33 0
          10.2 33 0 20.2 33 0 30.2 33 0 40.2 33 0
          50.2 33 0 60.2 33 0 70.2 33 0 80.2 33 0
          90.2 33 0 100.2 33 0 110.2 33 0 120.2 33 0
          130.2 33 0 140.2 33 0 150.2 33 0 160.2 33 0
          170.2 33 0 180.2 33 0 190.2 33 0 200.2 33 0
          210.2 33 0 220.2 33 0 230.2 33 0 240.2 33 0
          250.2 33 0 260.2 33 0 270.2 33 0 280.2 33 0
          290.2 33 0 300.2 33 0 310.2 33 0 320.2 33 0
          330.2 33 0 340.2 33 0 350.2 33 0 360.2 33 0
          370.2 33 0 380.2 33 0 390.2 33 0 400.2 33 0
          410.2 33 0 420.2 33 0 430.2 33 0 440.2 33 0
          450.2 33 0 460.2 33 0 470.2 33 0 480.2 33 0
          490.2 33 0 500.2 33 0 510.2 33 0 520.2 33 0
          530.2 33 0 540.2 33 0 550.2 33 0 560.2 33 0
          570.2 33 0 580.2 33 0 590.2 33 0 600.2 33 0
          610.2 33 0 620.2 33 0 630.2 33 0 640.2 33 0
          650.2 33 0 660.2 33 0 670.2 33 0 680.2 33 0
          690.2 33 0 700.2 33 0 710.2 33 0 720.2 33 0
          730.2 33 0 740.2 33 0 750.2 33 0 760.2 33 0
          770.2 33 0 780.2 33 0 790.2 33 0 800.2 33 0
          810.2 33 0 820.2 33 0 830.2 33 0 840.2 33 0
          850.2 33 0 860.2 33 0 870.2 33 0 880.2 33 0
          890.2 33 0 900.2 33 0 910.2 33 0 920.2 33 0
          930.2 33 0 940.2 33 0 950.2 33 0 960.2 33 0
          970.2 33 0 980.2 33 0 990.2 33 0 1000.2 33 0
          0.2 36 0 10.2 36 0 20.2 36 0 30.2 36 0
          40.2 36 0 50.2 36 0 60.2 36 0 70.2 36 0
          80.2 36 0 90.2 36 0 100.2 36 0 110.2 36 0
          120.2 36 0 130.2 36 0 140.2 36 0 150.2 36 0
          160.2 36 0 170.2 36 0 180.2 36 0 190.2 36 0
          200.2 36 0 210.2 36 0 220.2 36 0 230.2 36 0
          240.2 36 0 250.2 36 0 260.2 36 0 270.2 36 0
          280.2 36 0 290.2 36 0 300.2 36 0 310.2 36 0
          320.2 36 0 330.2 36 0 340.2 36 0 350.2 36 0
          360.2 36 0 370.2 36 0 380.2 36 0 390.2 36 0
          400.2 36 0 410.2 36 0 420.2 36 0 430.2 36 0
          440.2 36 0 450.2 36 0 460.2 36 0 470.2 36 0
          480.2 36 0 490.2 36 0 500.2 36 0 510.2 36 0
          520.2 36 0 530.2 36 0 540.2 36 0 550.2 36 0
          560.2 36 0 570.2 36 0 580.2 36 0 590.2 36 0
          600.2 36 0 610.2 36 0 620.2 36 0 630.2 36 0
          640.2 36 0 650.2 36 0 660.2 36 0 670.2 36 0
          680.2 36 0 690.2 36 0 700.2 36 0 710.2 36 0
          720.2 36 0 730.2 36 0 740.2 36 0 750.2 36 0
          760.2 36 0 770.2 36 0 780.2 36 0 790.2 36 0
          800.2 36 0 810.2 36 0 820.2 36 0 830.2 36 0
          840.2 36 0 850.2 36 0 860.2 36 0 870.2 36 0
          880.2 36 0 890.2 36 0 900.2 36 0 910.2 36 0
          920.2 36 0 930.2 36 0 940.2 36 0 950.2 36 0
          960.2 36 0 970.2 36 0 980.2 36 0 990.2 36 0
          1000.2 36 0 0.2 39 0 10.2 39 0 20.2 39 0
          30.2 39 0 40.2 39 0 50.2 39 0 60.2 39 0
          70.2 39 0 80.2 39 0 90.2 39 0 100.2 39 0
          110.2 39 0 120.2 39 0 130.2 39 0 140.2 39 0
          150.2 39 0 160.2 39 0 170.2 39 0 180.2 39 0
          190.2 39 0 200.2 39 0 210.2 39 0 220.2 39 0
          230.2 39 0 240.2 39 0 250.2 39 0 260.2 39 0
          270.2 39 0 280.2 39 0 290.2 39 0 300.2 39 0
          310.2 39 0 320.2 39 0 330.2 39 0 340.2 39 0
          350.2 39 0 360.2 39 0 370.2 39 0 380.2 39 0
          390.2 39 0 400.2 39 0 410.2 39 0 420.2 39 0
          430.2 39 0 440.2 39 0 450.2 39 0 460.2 39 0
          470.2 39 0 480.2 39 0 490.2 39 0 500.2 39 0
          510.2 39 0 520.2 39 0 530.2 39 0 540.2 39 0
          550.2 39 0 560.2 39 0 570.2 39 0 580.2 39 0
          590.2 39 0 600.2 39 0 610.2 39 0 620.2 39 0
          630.2 39 0 640.2 39 0 650.2 39 0 660.2 39 0
          670.2 39 0 680.2 39 0 690.2 39 0 700.2 39 0
          710.2 39 0 720.2 39 0 730.2 39 0 740.2 39 0
          750.2 39 0 760.2 39 0 770.2 39 0 780.2 39 0
          790.2 39 0 800.2 39 0 810.2 39 0 820.2 39 0
          830.2 39 0 840.2 39 0 850.2 39 0 860.2 39 0
          870.2 39 0 880.2 39 0 890.2 39 0 900.2 39 0
          910.2 39 0 920.2 39 0 930.2 39 0 940.2 39 0
          950.2 39 0 960.2 39 0 970.2 39 0 980.2 39 0
          990.2 39 0 1000.2 39 0 0.2 42 0 10.2 42 0
          20.2 42 0 30.2 42 0 40.2 42 0 50.2 42 0
          60.2 42 0 70.2 42 0 80.2 42 0 90.2 42 0
          100.2 42 0 110.2 42 0 120.2 42 0 130.2 42 0
          140.2 42 0 150.2 42 0 160.2 42 0 170.2 42 0
          180.2 42 0 190.2 42 0 200.2 42 0 210.2 42 0
          220.2 42 0 230.2 42 0 240.2 42 0 250.2 42 0
          260.2 42 0 270.2 42 0 280.2 42 0 290.2 42 0
          300.2 42 0 310.2 42 0 320.2 42 0 330.2 42 0
          340.2 42 0 350.2 42 0 360.2 42 0 370.2 42 0
          380.2 42 0 390.2 42 0 400.2 42 0 410.2 42 0
          420.2 42 0 430.2 42 0 440.2 42 0 450.2 42 0
          460.2 42 0 470.2 42 0 480.2 42 0 490.2 42 0
          500.2 42 0 510.2 42 0 520.2 42 0 530.2 42 0
          540.2 42 0 550.2 42 0 560.2 42 0 570.2 42 0
          580.2 42 0 590.2 42 0 600.2 42 0 610.2 42 0
          620.2 42 0 630.2 42 0 640.2 42 0 650.2 42 0
          660.2 42 0 670.2 42 0 680.2 42 0 690.2 42 0
          700.2 42 0 710.2 42 0 720.2 42 0 730.2 42 0
          740.2 42 0 750.2 42 0 760.2 42 0 770.2 42 0
          780.2 42 0 790.2 42 0 800.2 42 0 810.2 42 0
          820.2 42 0 830.2 42 0 840.2 42 0 850.2 42 0
          860.2 42 0 870.2 42 0 880.2 42 0 890.2 42 0
          900.2 42 0 910.2 42 0 920.2 42 0 930.2 42 0
          940.2 42 0 950.2 42 0 960.2 42 0 970.2 42 0
          980.2 42 0 990.2 42 0 1000.2 42 0 0.2 45 0
          10.2 45 0 20.2 45 0 30.2 45 0 40.2 45 0
          50.2 45 0 60.2 45 0 70.2 45 0 80.2 45 0
          90.2 45 0 100.2 45 0 110.2 45 0 120.2 45 0
          130.2 45 0 140.2 45 0 150.2 45 0 160.2 45 0
          170.2 45 0 180.2 45 0 190.2 45 0 200.2 45 0
          210.2 45 0 220.2 45 0 230.2 45 0 240.2 45 0
          250.2 45 0 260.2 45 0 270.2 45 0 280.2 45 0
          290.2 45 0 300.2 45 0 310.2 45 0 320.2 45 0
          330.2 45 0 340.2 45 0 350.2 45 0 360.2 45 0
          370.2 45 0 380.2 45 0 390.2 45 0 400.2 45 0
          410.2 45 0 420.2 45 0 430.2 45 0 440.2 45 0
          450.2 45 0 460.2 45 0 470.2 45 0 480.2 45 0
          490.2 45 0 500.2 45 0 510.2 45 0 520.2 45 0
          530.2 45 0 540.2 45 0 550.2 45 0 560.2 45 0
          570.2 45 0 580.2 45 0 590.2 45 0 600.2 45 0
          610.2 45 0 620.2 45 0 630.2 45 0 640.2 45 0
          650.2 45 0 660.2 45 0 670.2 45 0 680.2 45 0
          690.2 45 0 700.2 45 0 710.2 45 0 720.2 45 0
          730.2 45 0 740.2 45 0 750.2 45 0 760.2 45 0
          770.2 45 0 780.2 45 0 790.2 45 0 800.2 45 0
          810.2 45 0 820.2 45 0 830.2 45 0 840.2 45 0
          850.2 45 0 860.2 45 0 870.2 45 0 880.2 45 0
          890.2 45 0 900.2 45 0 910.2 45 0 920.2 45 0
          930.2 45 0 940.2 45 0 950.2 45 0 960.2 45 0
          970.2 45 0 980.2 45 0 990.2 45 0 1000.2 45 0
          0.2 48 0 10.2 48 0 20.2 48 0 30.2 48 0
          40.2 48 0 50.2 48 0 60.2 48 0 70.2 48 0
          80.2 48 0 90.2 48 0 100.2 48 0 110.2 48 0
          120.2 48 0 130.2 48 0 140.2 48 0 150.2 48 0
          160.2 48 0 170.2 48 0 180.2 48 0 190.2 48 0
          200.2 48 0 210.2 48 0 220.2 48 0 230.2 48 0
          240.2 48 0 250.2 48 0 260.2 48 0 270.2 48 0
          280.2 48 0 290.2 48 0 300.2 48 0 310.2 48 0
          320.2 48 0 330.2 48 0 340.2 48 0 350.2 48 0
          360.2 48 0 370.2 48 0 380.2 48 0 390.2 48 0
          400.2 48 0 410.2 48 0 420.2 48 0 430.2 48 0
          440.2 48 0 450.2 48 0 460.2 48 0 470.2 48 0
          480.2 48 0 490.2 48 0 500.2 48 0 510.2 48 0
          520.2 48 0 530.2 48 0 540.2 48 0 550.2 48 0
          560.2 48 0 570.2 48 0 580.2 48 0 590.2 48 0
          600.2 48 0 610.2 48 0 620.2 48 0 630.2 48 0
          640.2 48 0 650.2 48 0 660.2 48 0 670.2 48 0
          680.2 48 0 690.2 48 0 700.2 48 0 710.2 48 0
          720.2 48 0 730.2 48 0 740.2 48 0 750.2 48 0
          760.2 48 0 770.2 48 0 780.2 48 0 790.2 48 0
          800.2 48 0 810.2 48 0 820.2 48 0 830.2 48 0
          840.2 48 0 850.2 48 0 860.2 48 0 870.2 48 0
          880.2 48 0 890.2 48 0 900.2 48 0 910.2 48 0
          920.2 48 0 930.2 48 0 940.2 48 0 950.2 48 0
          960.2 48 0 970.2 48 0 980.2 48 0 990.2 48 0
          1000.2 48 0 0.2 51 0 10.2 51 0 20.2 51 0
          30.2 51 0 40.2 51 0 50.2 51 0 60.2 51 0
          70.2 51 0 80.2 51 0 90.2 51 0 100.2 51 0
          110.2 51 0 120.2 51 0 130.2 51 0 140.2 51 0
          150.2 51 0 160.2 51 0 170.2 51 0 180.2 51 0
          190.2 51 0 200.2 51 0 210.2 51 0 220.2 51 0
          230.2 51 0 240.2 51 0 250.2 51 0 260.2 51 0
          270.2 51 0 280.2 51 0 290.2 51 0 300.2 51 0
          310.2 51 0 320.2 51 0 330.2 51 0 340.2 51 0
          350.2 51 0 360.2 51 0 370.2 51 0 380.2 51 0
          390.2 51 0 400.2 51 0 410.2 51 0 420.2 51 0
          430.2 51 0 440.2 51 0 450.2 51 0 460.2 51 0
          470.2 51 0 480.2 51 0 490.2 51 0 500.2 51 0
          510.2 51 0 520.2 51 0 530.2 51 0 540.2 51 0
          550.2 51 0 560.2 51 0 570.2 51 0 580.2 51 0
          590.2 51 0 600.2 51 0 610.2 51 0 620.2 51 0
          630.2 51 0 640.2 51 0 650.2 51 0 660.2 51 0
          670.2 51 0 680.2 51 0 690.2 51 0 700.2 51 0
          710.2 51 0 720.2 51 0 730.2 51 0 740.2 51 0
          750.2 51 0 760.2 51 0 770.2 51 0 780.2 51 0
          790.2 51 0 800.2 51 0 810.2 51 0 820.2 51 0
          830.2 51 0 840.2 51 0 850.2 51 0 860.2 51 0
          870.2 51 0 880.2 51 0 890.2 51 0 900.2 51 0
          910.2 51 0 920.2 51 0 930.2 51 0 940.2 51 0
          950.2 51 0 960.2 51 0 970.2 51 0 980.2 51 0
          990.2 51 0 1000.2 51 0 0.2 54 0 10.2 54 0
          20.2 54 0 30.2 54 0 40.2 54 0 50.2 54 0
          60.2 54 0 70.2 54 0 80.2 54 0 90.2 54 0
          100.2 54 0 110.2 54 0 120.2 54 0 130.2 54 0
          140.2 54 0 150.2 54 0 160.2 54 0 170.2 54 0
          180.2 54 0 190.2 54 0 200.2 54 0 210.2 54 0
          220.2 54 0 230.2 54 0 240.2 54 0 250.2 54 0
          260.2 54 0 270.2 54 0 280.2 54 0 290.2 54 0
          300.2 54 0 310.2 54 0 320.2 54 0 330.2 54 0
          340.2 54 0 350.2 54 0 360.2 54 0 370.2 54 0
          380.2 54 0 390.2 54 0 400.2 54 0 410.2 54 0
          420.2 54 0 430.2 54 0 440.2 54 0 450.2 54 0
          460.2 54 0 470.2 54 0 480.2 54 0 490.2 54 0
          500.2 54 0 510.2 54 0 520.2 54 0 530.2 54 0
          540.2 54 0 550.2 54 0 560.2 54 0 570.2 54 0
          580.2 54 0 590.2 54 0 600.2 54 0 610.2 54 0
          620.2 54 0 630.2 54 0 640.2 54 0 650.2 54 0
          660.2 54 0 670.2 54 0 680.2 54 0 690.2 54 0
          700.2 54 0 710.2 54 0 720.2 54 0 730.2 54 0
          740.2 54 0 750.2 54 0 760.2 54 0 770.2 54 0
          780.2 54 0 790.2 54 0 800.2 54 0 810.2 54 0
          820.2 54 0 830.2 54 0 840.2 54 0 850.2 54 0
          860.2 54 0 870.2 54 0 880.2 54 0 890.2 54 0
          900.2 54 0 910.2 54 0 920.2 54 0 930.2 54 0
          940.2 54 0 950.2 54 0 960.2 54 0 970.2 54 0
          980.2 54 0 990.2 54 0 1000.2 54 0 0.2 57 0
          10.2 57 0 20.2 57 0 30.2 57 0 40.2 57 0
          50.2 57 0 60.2 57 0 70.2 57 0 80.2 57 0
          90.2 57 0 100.2 57 0 110.2 57 0 120.2 57 0
          130.2 57 0 140.2 57 0 150.2 57 0 160.2 57 0
          170.2 57 0 180.2 57 0 190.2 57 0 200.2 57 0
          210.2 57 0 220.2 57 0 230.2 57 0 240.2 57 0
          250.2 57 0 260.2 57 0 270.2 57 0 280.2 57 0
          290.2 57 0 300.2 57 0 310.2 57 0 320.2 57 0
          330.2 57 0 340.2 57 0 350.2 57 0 360.2 57 0
          370.2 57 0 380.2 57 0 390.2 57 0 400.2 57 0
          410.2 57 0 420.2 57 0 430.2 57 0 440.2 57 0
          450.2 57 0 460.2 57 0 470.2 57 0 480.2 57 0
          490.2 57 0 500.2 57 0 510.2 57 0 520.2 57 0
          530.2 57 0 540.2 57 0 550.2 57 0 560.2 57 0
          570.2 57 0 580.2 57 0 590.2 57 0 600.2 57 0
          610.2 57 0 620.2 57 0 630.2 57 0 640.2 57 0
          650.2 57 0 660.2 57 0 670.2 57 0 680.2 57 0
          690.2 57 0 700.2 57 0 710.2 57 0 720.2 57 0
          730.2 57 0 740.2 57 0 750.2 57 0 760.2 57 0
          770.2 57 0 780.2 57 0 790.2 57 0 800.2 57 0
          810.2 57 0 820.2 57 0 830.2 57 0 840.2 57 0
          850.2 57 0 860.2 57 0 870.2 57 0 880.2 57 0
          890.2 57 0 900.2 57 0 910.2 57 0 920.2 57 0
          930.2 57 0 940.2 57 0 950.2 57 0 960.2 57 0
          970.2 57 0 980.2 57 0 990.2 57 0 1000.2 57 0
          0.2 60 0 10.2 60 0 20.2 60 0 30.2 60 0
          40.2 60 0 50.2 60 0 60.2 60 0 70.2 60 0
          80.2 60 0 90.2 60 0 100.2 60 0 110.2 60 0
          120.2 60 0 130.2 60 0 140.2 60 0 150.2 60 0
          160.2 60 0 170.2 60 0 180.2 60 0 190.2 60 0
          200.2 60 0 210.2 60 0 220.2 60 0 230.2 60 0
          240.2 60 0 250.2 60 0 260.2 60 0 270.2 60 0
          280.2 60 0 290.2 60 0 300.2 60 0 310.2 60 0
          320.2 60 0 330.2 60 0 340.2 60 0 350.2 60 0
          360.2 60 0 370.2 60 0 380.2 60 0 390.2 60 0
          400.2 60 0 410.2 60 0 420.2 60 0 430.2 60 0
          440.2 60 0 450.2 60 0 460.2 60 0 470.2 60 0
          480.2 60 0 490.2 60 0 500.2 60 0 510.2 60 0
          520.2 60 0 530.2 60 0 540.2 60 0 550.2 60 0
          560.2 60 0 570.2 60 0 580.2 60 0 590.2 60 0
          600.2 60 0 610.2 60 0 620.2 60 0 630.2 60 0
          640.2 60 0 650.2 60 0 660.2 60 0 670.2 60 0
          680.2 60 0 690.2 60 0 700.2 60 0 710.2 60 0
          720.2 60 0 730.2 60 0 740.2 60 0 750.2 60 0
          760.2 60 0 770.2 60 0 780.2 60 0 790.2 60 0
          800.2 60 0 810.2 60 0 820.2 60 0 830.2 60 0
          840.2 60 0 850.2 60 0 860.2 60 0 870.2 60 0
          880.2 60 0 890.2 60 0 900.2 60 0 910.2 60 0
          920.2 60 0 930.2 60 0 940.2 60 0 950.2 60 0
          960.2 60 0 970.2 60 0 980.2 60 0 990.2 60 0
          1000.2 60 0
        </DataArray>
      </Points>
      <Cells>
        <DataArray type="Int32" Name="connectivity" NumberOfComponents="1" format="ascii">
          0 1 3 2 1 4 5 3 4 6 7 5
          6 8 9 7 8 10 11 9 10 12 13 11
          12 14 15 13 14 16 17 15 16 18 19 17
          18 20 21 19 20 22 23 21 22 24 25 23
          24 26 27 25 26 28 29 27 28 30 31 29
          30 32 33 31 32 34 35 33 34 36 37 35
          36 38 39 37 38 40 41 39 40 42 43 41
          42 44 45 43 44 46 47 45 46 48 49 47
          48 50 51 49 50 52 53 51 52 54 55 53
          54 56 57 55 56 58 59 57 58 60 61 59
          60 62 63 61 62 64 65 63 64 66 67 65
          66 68 69 67 68 70 71 69 70 72 73 71
          72 74 75 73 74 76 77 75 76 78 79 77
          78 80 81 79 80 82 83 81 82 84 85 83
          84 86 87 85 86 88 89 87 88 90 91 89
          90 92 93 91 92 94 95 93 94 96 97 95
          96 98 99 97 98 100 101 99 100 102 103 101
          102 104 105 103 104 106 107 105 106 108 109 107
          108 110 111 109 110 112 113 111 112 114 115 113
          114 116 117 115 116 118 119 117 118 120 121 119
          120 122 123 121 122 124 125 123 124 126 127 125
          126 128 129 127 128 130 131 129 130 132 133 131
          132 134 135 133 134 136 137 135 136 138 139 137
          138 140 141 139 140 142 143 141 142 144 145 143
          144 146 147 145 146 148 149 147 148 150 151 149
          150 152 153 151 152 154 155 153 154 156 157 155
          156 158 159 157 158 160 161 159 160 162 163 161
          162 164 165 163 164 166 167 165 166 168 169 167
          168 170 171 169 170 172 173 171 172 174 175 173
          174 176 177 175 176 178 179 177 178 180 181 179
          180 182 183 181 182 184 185 183 184 186 187 185
          186 188 189 187 188 190 191 189 190 192 193 191
          192 194 195 193 194 196 197 195 196 198 199 197
          198 200 201 199 2 3 203 202 3 5 204 203
          5 7 205 204 7 9 206 205 9 11 207 206
          11 13 208 207 13 15 209 208 15 17 210 209
          17 19 211 210 19 21 212 211 21 23 213 212
          23 25 214 213 25 27 215 214 27 29 216 215
          29 31 217 216 31 33 218 217 33 35 219 218
          35 37 220 219 37 39 221 220 39 41 222 221
          41 43 223 222 43 45 224 223 45 47 225 224
          47 49 226 225 49 51 227 226 51 53 228 227
          53 55 229 228 55 57 230 229 57 59 231 230
          59 61 232 231 61 63 233 232 63 65 234 233
          65 67 235 234 67 69 236 235 69 71 237 236
          71 73 238 237 73 75 239 238 75 77 240 239
          77 79 241 240 79 81 242 241 81 83 243 242
          83 85 244 243 85 87 245 244 87 89 246 245
          89 91 247 246 91 93 248 247 93 95 249 248
          95 97 250 249 97 99 251 250 99 101 252 251
          101 103 253 252 103 105 254 253 105 107 255 254
          107 109 256 255 109 111 257 256 111 113 258 257
          113 115 259 258 115 117 260 259 117 119 261 260
          119 121 262 261 121 123 263 262 123 125 264 263
          125 127 265 264 127 129 266 265 129 131 267 266
          131 133 268 267 133 135 269 268 135 137 270 269
          137 139 271 270 139 141 272 271 141 143 273 272
          143 145 274 273 145 147 275 274 147 149 276 275
          149 151 277 276 151 153 278 277 153 155 279 278
          155 157 280 279 157 159 281 280 159 161 282 281
          161 163 283 282 163 165 284 283 165 167 285 284
          167 169 286 285 169 171 287 286 171 173 288 287
          173 175 289 288 175 177 290 289 177 179 291 290
          179 181 292 291 181 183 293 292 183 185 294 293
          185 187 295 294 187 189 296 295 189 191 297 296
          191 193 298 297 193 195 299 298 195 197 300 299
          197 199 301 300 199 201 302 301 202 203 304 303
          203 204 305 304 204 205 306 305 205 206 307 306
          206 207 308 307 207 208 309 308 208 209 310 309
          209 210 311 310 210 211 312 311 211 212 313 312
          212 213 314 313 213 214 315 314 214 215 316 315
          215 216 317 316 216 217 318 317 217 218 319 318
          218 219 320 319 219 220 321 320 220 221 322 321
          221 222 323 322 222 223 324 323 223 224 325 324
          224 225 326 325 225 226 327 326 226 227 328 327
          227 228 329 328 228 229 330 329 229 230 331 330
          230 231 332 331 231 232 333 332 232 233 334 333
          233 234 335 334 234 235 336 335 235 236 337 336
          236 237 338 337 237 238 339 338 238 239 340 339
          239 240 341 340 240 241 342 341 241 242 343 342
          242 243 344 343 243 244 345 344 244 245 346 345
          245 246 347 346 246 247 348 347 247 248 349 348
          248 249 350 349 249 250 351 350 250 251 352 351
          251 252 353 352 252 253 354 353 253 254 355 354
          254 255 356 355 255 256 357 356 256 257 358 357
          257 258 359 358 258 259 360 359 259 260 361 360
          260 261 362 361 261 262 363 362 262 263 364 363
          263 264 365 364 264 265 366 365 265 266 367 366
          266 267 368 367 267 268 369 368 268 269 370 369
          269 270 371 370 270 271 372 371 271 272 373 372
          272 273 374 373 273 274 375 374 274 275 376 375
          275 276 377 376 276 277 378 377 277 278 379 378
          278 279 380 379 279 280 381 380 280 281 382 381
          281 282 383 382 282 283 384 383 283 284 385 384
          284 285 386 385 285 286 387 386 286 287 388 387
          287 288 389 388 288 289 390 389 289 290 391 390
          290 291 392 391 291 292 393 392 292 293 394 393
          293 294 395 394 294 295 396 395 295 296 397 396
          296 297 398 397 297 298 399 398 298 299 400 399
          299 300 401 400 300 301 402 401 301 302 403 402
          303 304 405 404 304 305 406 405 305 306 407 406
          306 307 408 407 307 308 409 408 308 309 410 409
          309 310 411 410 310 311 412 411 311 312 413 412
          312 313 414 413 313 314 415 414 314 315 416 415
          315 316 417 416 316 317 418 417 317 318 419 418
          318 319 420 419 319 320 421 420 320 321 422 421
          321 322 423 422 322 323 424 423 323 324 425 424
          324 325 426 425 325 326 427 426 326 327 428 427
          327 328 429 428 328 329 430 429 329 330 431 430
          330 331 432 431 331 332 433 432 332 333 434 433
          333 334 435 434 334 335 436 435 335 336 437 436
          336 337 438 437 337 338 439 438 338 339 440 439
          339 340 441 440 340 341 442 441 341 342 443 442
          342 343 444 443 343 344 445 444 344 345 446 445
          345 346 447 446 346 347 448 447 347 348 449 448
          348 349 450 449 349 350 451 450 350 351 452 451
          351 352 453 452 352 353 454 453 353 354 455 454
          354 355 456 455 355 356 457 456 356 357 458 457
          357 358 459 458 358 359 460 459 359 360 461 460
          360 361 462 461 361 362 463 462 362 363 464 463
          363 364 465 464 364 365 466 465 365 366 467 466
          366 367 468 467 367 368 469 468 368 369 470 469
          369 370 471 470 370 371 472 471 371 372 473 472
          372 373 474 473 373 374 475 474 374 375 476 475
          375 376 477 476 376 377 478 477 377 378 479 478
          378 379 480 479 379 380 481 480 380 381 482 481
          381 382 483 482 382 383 484 483 383 384 485 484
          384 385 486 485 385 386 487 486 386 387 488 487
          387 388 489 488 388 389 490 489 389 390 491 490
          390 391 492 491 391 392 493 492 392 393 494 493
          393 394 495 494 394 395 496 495 395 396 497 496
          396 397 498 497 397 398 499 498 398 399 500 499
          399 400 501 500 400 401 502 501 401 402 503 502
          402 403 504 503 404 405 506 505 405 406 507 506
          406 407 508 507 407 408 509 508 408 409 510 509
          409 410 511 510 410 411 512 511 411 412 513 512
          412 413 514 513 413 414 515 514 414 415 516 515
          415 416 517 516 416 417 518 517 417 418 519 518
          418 419 520 519 419 420 521 520 420 421 522 521
          421 422 523 522 422 423 524 523 423 424 525 524
          424 425 526 525 425 426 527 526 426 427 528 527
          427 428 529 528 428 429 530 529 429 430 531 530
          430 431 532 531 431 432 533 532 432 433 534 533
          433 434 535 534 434 435 536 535 435 436 537 536
          436 437 538 537 437 438 539 538 438 439 540 539
          439 440 541 540 440 441 542 541 441 442 543 542
          442 443 544 543 443 444 545 544 444 445 546 545
          445 446 547 546 446 447 548 547 447 448 549 548
          448 449 550 549 449 450 551 550 450 451 552 551
          451 452 553 552 452 453 554 553 453 454 555 554
          454 455 556 555 455 456 557 556 456 457 558 557
          457 458 559 558 458 459 560 559 459 460 561 560
          460 461 562 561 461 462 563 562 462 463 564 563
          463 464 565 564 464 465 566 565 465 466 567 566
          466 467 568 567 467 468 569 568 468 469 570 569
          469 470 571 570 470 471 572 571 471 472 573 572
          472 473 574 573 473 474 575 574 474 475 576 575
          475 476 577 576 476 477 578 577 477 478 579 578
          478 479 580 579 479 480 581 580 480 481 582 581
          481 482 583 582 482 483 584 583 483 484 585 584
          484 485 586 585 485 486 587 586 486 487 588 587
          487 488 589 588 488 489 590 589 489 490 591 590
          490 491 592 591 491 492 593 592 492 493 594 593
          493 494 595 594 494 495 596 595 495 496 597 596
          496 497 598 597 497 498 599 598 498 499 600 599
          499 500 601 600 500 501 602 601 501 502 603 602
          502 503 604 603 503 504 605 604 505 506 607 606
          506 507 608 607 507 508 609 608 508 509 610 609
          509 510 611 610 510 511 612 611 511 512 613 612
          512 513 614 613 513 514 615 614 514 515 616 615
          515 516 617 616 516 517 618 617 517 518 619 618
          518 519 620 619 519 520 621 620 520 521 622 621
          521 522 623 622 522 523 624 623 523 524 625 624
          524 525 626 625 525 526 627 626 526 527 628 627
          527 528 629 628 528 529 630 629 529 530 631 630
          530 531 632 631 531 532 633 632 532 533 634 633
          533 534 635 634 534 535 636 635 535 536 637 636
          536 537 638 637 537 538 639 638 538 539 640 639
          539 540 641 640 540 541 642 641 541 542 643 642
          542 543 644 643 543 544 645 644 544 545 646 645
          545 546 647 646 546 547 648 647 547 548 649 648
          548 549 650 649 549 550 651 650 550 551 652 651
          551 552 653 652 552 553 654 653 553 554 655 654
          554 555 656 655 555 556 657 656 556 557 658 657
          557 558 659 658 558 559 660 659 559 560 661 660
          560 561 662 661 561 562 663 662 562 563 664 663
          563 564 665 664 564 565 666 665 565 566 667 666
          566 567 668 667 567 568 669 668 568 569 670 669
          569 570 671 670 570 571 672 671 571 572 673 672
          572 573 674 673 573 574 675 674 574 575 676 675
          575 576 677 676 576 577 678 677 577 578 679 678
          578 579 680 679 579 580 681 680 580 581 682 681
          581 582 683 682 582 583 684 683 583 584 685 684
          584 585 686 685 585 586 687 686 586 587 688 687
          587 588 689 688 588 589 690 689 589 590 691 690
          590 591 692 691 591 592 693 692 592 593 694 693
          593 594 695 694 594 595 696 695 595 596 697 696
          596 597 698 697 597 598 699 698 598 599 700 699
          599 600 701 700 600 601 702 701 601 602 703 702
          602 603 704 703 603 604 705 704 604 605 706 705
          606 607 708 707 607 608 709 708 608 609 710 709
          609 610 711 710 610 611 712 711 611 612 713 712
          612 613 714 713 613 614 715 714 614 615 716 715
          615 616 717 716 616 617 718 717 617 618 719 718
          618 619 720 719 619 620 721 720 620 621 722 721
          621 622 723 722 622 623 724 723 623 624 725 724
          624 625 726 725 625 626 727 726 626 627 728 727
          627 628 729 728 628 629 730 729 629 630 731 730
          630 631 732 731 631 632 733 732 632 633 734 733
          633 634 735 734 634 635 736 735 635 636 737 736
          636 637 738 737 637 638 739 738 638 639 740 739
          639 640 741 740 640 641 742 741 641 642 743 742
          642 643 744 743 643 644 745 744 644 645 746 745
          645 646 747 746 646 647 748 747 647 648 749 748
          648 649 750 749 649 650 751 750 650 651 752 751
          651 652 753 752 652 653 754 753 653 654 755 754
          654 655 756 755 655 656 757 756 656 657 758 757
          657 658 759 758 658 659 760 759 659 660 761 760
          660 661 762 761 661 662 763 762 662 663 764 763
          663 664 765 764 664 665 766 765 665 666 767 766
          666 667 768 767 667 668 769 768 668 669 770 769
          669 670 771 770 670 671 772 771 671 672 773 772
          672 673 774 773 673 674 775 774 674 675 776 775
          675 676 777 776 676 677 778 777 677 678 779 778
          678 679 780 779 679 680 781 780 680 681 782 781
          681 682 783 782 682 683 784 783 683 684 785 784
          684 685 786 785 685 686 787 786 686 687 788 787
          687 688 789 788 688 689 790 789 689 690 791 790
          690 691 792 791 691 692 793 792 692 693 794 793
          693 694 795 794 694 695 796 795 695 696 797 796
          696 697 798 797 697 698 799 798 698 699 800 799
          699 700 801 800 700 701 802 801 701 702 803 802
          702 703 804 803 703 704 805 804 704 705 806 805
          705 706 807 806 707 708 809 808 708 709 810 809
          709 710 811 810 710 711 812 811 711 712 813 812
          712 713 814 813 713 714 815 814 714 715 816 815
          715 716 817 816 716 717 818 817 717 718 819 818
          718 719 820 819 719 720 821 820 720 721 822 821
          721 722 823 822 722 723 824 823 723 724 825 824
          724 725 826 825 725 726 827 826 726 727 828 827
          727 728 829 828 728 729 830 829 729 730 831 830
          730 731 832 831 731 732 833 832 732 733 834 833
          733 734 835 834 734 735 836 835 735 736 837 836
          736 737 838 837 737 738 839 838 738 739 840 839
          739 740 841 840 740 741 842 841 741 742 843 842
          742 743 844 843 743 744 845 844 744 745 846 845
          745 746 847 846 746 747 848 847 747 748 849 848
          748 749 850 849 749 750 851 850 750 751 852 851
          751 752 853 852 752 753 854 853 753 754 855 854
          754 755 856 855 755 756 857 856 756 757 858 857
          757 758 859 858 758 759 860 859 759 760 861 860
          760 761 862 861 761 762 863 862 762 763 864 863
          763 764 865 864 764 765 866 865 765 766 867 866
          766 767 868 867 767 768 869 868 768 769 870 869
          769 770 871 870 770 771 872 871 771 772 873 872
          772 773 874 873 773 774 875 874 774 775 876 875
          775 776 877 876 776 777 878 877 777 778 879 878
          778 779 880 879 779 780 881 880 780 781 882 881
          781 782 883 882 782 783 884 883 783 784 885 884
          784 785 886 885 785 786 887 886 786 787 888 887
          787 788 889 888 788 789 890 889 789 790 891 890
          790 791 892 891 791 792 893 892 792 793 894 893
          793 794 895 894 794 795 896 895 795 796 897 896
          796 797 898 897 797 798 899 898 798 799 900 899
          799 800 901 900 800 801 902 901 801 802 903 902
          802 803 904 903 803 804 905 904 804 805 906 905
          805 806 907 906 806 807 908 907 808 809 910 909
          809 810 911 910 810 811 912 911 811 812 913 912
          812 813 914 913 813 814 915 914 814 815 916 915
          815 816 917 916 816 817 918 917 817 818 919 918
          818 819 920 919 819 820 921 920 820 821 922 921
          821 822 923 922 822 823 924 923 823 824 925 924
          824 825 926 925 825 826 927 926 826 827 928 927
          827 828 929 928 828 829 930 929 829 830 931 930
          830 831 932 931 831 832 933 932 832 833 934 933
          833 834 935 934 834 835 936 935 835 836 937 936
          836 837 938 937 837 838 939 938 838 839 940 939
          839 840 941 940 840 841 942 941 841 842 943 942
          842 843 944 943 843 844 945 944 844 845 946 945
          845 846 947 946 846 847 948 947 847 848 949 948
          848 849 950 949 849 850 951 950 850 851 952 951
          851 852 953 952 852 853 954 953 853 854 955 954
          854 855 956 955 855 856 957 956 856 857 958 957
          857 858 959 958 858 859 960 959 859 860 961 960
          860 861 962 961 861 862 963 962 862 863 964 963
          863 864 965 964 864 865 966 965 865 866 967 966
          866 867 968 967 867 868 969 968 868 869 970 969
          869 870 971 970 870 871 972 971 871 872 973 972
          872 873 974 973 873 874 975 974 874 875 976 975
          875 876 977 976 876 877 978 977 877 878 979 978
          878 879 980 979 879 880 981 980 880 881 982 981
          881 882 983 982 882 883 984 983 883 884 985 984
          884 885 986 985 885 886 987 986 886 887 988 987
          887 888 989 988 888 889 990 989 889 890 991 990
          890 891 992 991 891 892 993 992 892 893 994 993
          893 894 995 994 894 895 996 995 895 896 997 996
          896 897 998 997 897 898 999 998 898 899 1000 999
          899 900 1001 1000 900 901 1002 1001 901 902 1003 1002
          902 903 1004 1003 903 904 1005 1004 904 905 1006 1005
          905 906 1007 1006 906 907 1008 1007 907 908 1009 1008
          909 910 1011 1010 910 911 1012 1011 911 912 1013 1012
          912 913 1014 1013 913 914 1015 1014 914 915 1016 1015
          915 916 1017 1016 916 917 1018 1017 917 918 1019 1018
          918 919 1020 1019 919 920 1021 1020 920 921 1022 1021
          921 922 1023 1022 922 923 1024 1023 923 924 1025 1024
          924 925 1026 1025 925 926 1027 1026 926 927 1028 1027
          927 928 1029 1028 928 929 1030 1029 929 930 1031 1030
          930 931 1032 1031 931 932 1033 1032 932 933 1034 1033
          933 934 1035 1034 934 935 1036 1035 935 936 1037 1036
          936 937 1038 1037 937 938 1039 1038 938 939 1040 1039
          939 940 1041 1040 940 941 1042 1041 941 942 1043 1042
          942 943 1044 1043 943 944 1045 1044 944 945 1046 1045
          945 946 1047 1046 946 947 1048 1047 947 948 1049 1048
          948 949 1050 1049 949 950 1051 1050 950 951 1052 1051
          951 952 1053 1052 952 953 1054 1053 953 954 1055 1054
          954 955 1056 1055 955 956 1057 1056 956 957 1058 1057
          957 958 1059 1058 958 959 1060 1059 959 960 1061 1060
          960 961 1062 1061 961 962 1063 1062 962 963 1064 1063
          963 964 1065 1064 964 965 1066 1065 965 966 1067 1066
          966 967 1068 1067 967 968 1069 1068 968 969 1070 1069
          969 970 1071 1070 970 971 1072 1071 971 972 1073 1072
          972 973 1074 1073 973 974 1075 1074 974 975 1076 1075
          975 976 1077 1076 976 977 1078 1077 977 978 1079 1078
          978 979 1080 1079 979 980 1081 1080 980 981 1082 1081
          981 982 1083 1082 982 983 1084 1083 983 984 1085 1084
          984 985 1086 1085 985 986 1087 1086 986 987 1088 1087
          987 988 1089 1088 988 989 1090 1089 989 990 1091 1090
          990 991 1092 1091 991 992 1093 1092 992 993 1094 1093
          993 994 1095 1094 994 995 1096 1095 995 996 1097 1096
          996 997 1098 1097 997 998 1099 1098 998 999 1100 1099
          999 1000 1101 1100 1000 1001 1102 1101 1001 1002 1103 1102
          1002 1003 1104 1103 1003 1004 1105 1104 1004 1005 1106 1105
          1005 1006 1107 1106 1006 1007 1108 1107 1007 1008 1109 1108
          1008 1009 1110 1109 1010 1011 1112 1111 1011 1012 1113 1112
          1012 1013 1114 1113 1013 1014 1115 1114 1014 1015 1116 1115
          1015 1016 1117 1116 1016 1017 1118 1117 1017 1018 1119 1118
          1018 1019 1120 1119 1019 1020 1121 1120 1020 1021 1122 1121
          1021 1022 1123 1122 1022 1023 1124 1123 1023 1024 1125 1124
          1024 1025 1126 1125 1025 1026 1127 1126 1026 1027 1128 1127
          1027 1028 1129 1128 1028 1029 1130 1129 1029 1030 1131 1130
          1030 1031 1132 1131 1031 1032 1133 1132 1032 1033 1134 1133
          1033 1034 1135 1134 1034 1035 1136 1135 1035 1036 1137 1136
          1036 1037 1138 1137 1037 1038 1139 1138 1038 1039 1140 1139
          1039 1040 1141 1140 1040 1041 1142 1141 1041 1042 1143 1142
          1042 1043 1144 1143 1043 1044 1145 1144 1044 1045 1146 1145
          1045 1046 1147 1146 1046 1047 1148 1147 1047 1048 1149 1148
          1048 1049 1150 1149 1049 1050 1151 1150 1050 1051 1152 1151
          1051 1052 1153 1152 1052 1053 1154 1153 1053 1054 1155 1154
          1054 1055 1156 1155 1055 1056 1157 1156 1056 1057 1158 1157
          1057 1058 1159 1158 1058 1059 1160 1159 1059 1060 1161 1160
          1060 1061 1162 1161 1061 1062 1163 1162 1062 1063 1164 1163
          1063 1064 1165 1164 1064 1065 1166 1165 1065 1066 1167 1166
          1066 1067 1168 1167 1067 1068 1169 1168 1068 1069 1170 1169
          1069 1070 1171 1170 1070 1071 1172 1171 1071 1072 1173 1172
          1072 1073 1174 1173 1073 1074 1175 1174 1074 1075 1176 1175
          1075 1076 1177 1176 1076 1077 1178 1177 1077 1078 1179 1178
          1078 1079 1180 1179 1079 1080 1181 1180 1080 1081 1182 1181
          1081 1082 1183 1182 1082 1083 1184 1183 1083 1084 1185 1184
          1084 1085 1186 1185 1085 1086 1187 1186 1086 1087 1188 1187
          1087 1088 1189 1188 1088 1089 1190 1189 1089 1090 1191 1190
          1090 1091 1192 1191 1091 1092 1193 1192 1092 1093 1194 1193
          1093 1094 1195 1194 1094 1095 1196 1195 1095 1096 1197 1196
          1096 1097 1198 1197 1097 1098 1199 1198 1098 1099 1200 1199
          1099 1100 1201 1200 1100 1101 1202 1201 1101 1102 1203 1202
          1102 1103 1204 1203 1103 1104 1205 1204 1104 1105 1206 1205
          1105 1106 1207 1206 1106 1107 1208 1207 1107 1108 1209 1208
          1108 1109 1210 1209 1109 1110 1211 1210 1111 1112 1213 1212
          1112 1113 1214 1213 1113 1114 1215 1214 1114 1115 1216 1215
          1115 1116 1217 1216 1116 1117 1218 1217 1117 1118 1219 1218
          1118 1119 1220 1219 1119 1120 1221 1220 1120 1121 1222 1221
          1121 1122 1223 1222 1122 1123 1224 1223 1123 1124 1225 1224
          1124 1125 1226 1225 1125 1126 1227 1226 1126 1127 1228 1227
          1127 1128 1229 1228 1128 1129 1230 1229 1129 1130 1231 1230
          1130 1131 1232 1231 1131 1132 1233 1232 1132 1133 1234 1233
          1133 1134 1235 1234 1134 1135 1236 1235 1135 1136 1237 1236
          1136 1137 1238 1237 1137 1138 1239 1238 1138 1139 1240 1239
          1139 1140 1241 1240 1140 1141 1242 1241 1141 1142 1243 1242
          1142 1143 1244 1243 1143 1144 1245 1244 1144 1145 1246 1245
          1145 1146 1247 1246 1146 1147 1248 1247 1147 1148 1249 1248
          1148 1149 1250 1249 1149 1150 1251 1250 1150 1151 1252 1251
          1151 1152 1253 1252 1152 1153 1254 1253 1153 1154 1255 1254
          1154 1155 1256 1255 1155 1156 1257 1256 1156 1157 1258 1257
          1157 1158 1259 1258 1158 1159 1260 1259 1159 1160 1261 1260
          1160 1161 1262 1261 1161 1162 1263 1262 1162 1163 1264 1263
          1163 1164 1265 1264 1164 1165 1266 1265 1165 1166 1267 1266
          1166 1167 1268 1267 1167 1168 1269 1268 1168 1169 1270 1269
          1169 1170 1271 1270 1170 1171 1272 1271 1171 1172 1273 1272
          1172 1173 1274 1273 1173 1174 1275 1274 1174 1175 1276 1275
          1175 1176 1277 1276 1176 1177 1278 1277 1177 1178 1279 1278
          1178 1179 1280 1279 1179 1180 1281 1280 1180 1181 1282 1281
          1181 1182 1283 1282 1182 1183 1284 1283 1183 1184 1285 1284
          1184 1185 1286 1285 1185 1186 1287 1286 1186 1187 1288 1287
          1187 1188 1289 1288 1188 1189 1290 1289 1189 1190 1291 1290
          1190 1191 1292 1291 1191 1192 1293 1292 1192 1193 1294 1293
          1193 1194 1295 1294 1194 1195 1296 1295 1195 1196 1297 1296
          1196 1197 1298 1297 1197 1198 1299 1298 1198 1199 1300 1299
          1199 1200 1301 1300 1200 1201 1302 1301 1201 1202 1303 1302
          1202 1203 1304 1303 1203 1204 1305 1304 1204 1205 1306 1305
          1205 1206 1307 1306 1206 1207 1308 1307 1207 1208 1309 1308
          1208 1209 1310 1309 1209 1210 1311 1310 1210 1211 1312 1311
          1212 1213 1314 1313 1213 1214 1315 1314 1214 1215 1316 1315
          1215 1216 1317 1316 1216 1217 1318 1317 1217 1218 1319 1318
          1218 1219 1320 1319 1219 1220 1321 1320 1220 1221 1322 1321
          1221 1222 1323 1322 1222 1223 1324 1323 1223 1224 1325 1324
          1224 1225 1326 1325 1225 1226 1327 1326 1226 1227 1328 1327
          1227 1228 1329 1328 1228 1229 1330 1329 1229 1230 1331 1330
          1230 1231 1332 1331 1231 1232 1333 1332 1232 1233 1334 1333
          1233 1234 1335 1334 1234 1235 1336 1335 1235 1236 1337 1336
          1236 1237 1338 1337 1237 1238 1339 1338 1238 1239 1340 1339
          1239 1240 1341 1340 1240 1241 1342 1341 1241 1242 1343 1342
          1242 1243 1344 1343 1243 1244 1345 1344 1244 1245 1346 1345
          1245 1246 1347 1346 1246 1247 1348 1347 1247 1248 1349 1348
          1248 1249 1350 1349 1249 1250 1351 1350 1250 1251 1352 1351
          1251 1252 1353 1352 1252 1253 1354 1353 1253 1254 1355 1354
          1254 1255 1356 1355 1255 1256 1357 1356 1256 1257 1358 1357
          1257 1258 1359 1358 1258 1259 1360 1359 1259 1260 1361 1360
          1260 1261 1362 1361 1261 1262 1363 1362 1262 1263 1364 1363
          1263 1264 1365 1364 1264 1265 1366 1365 1265 1266 1367 1366
          1266 1267 1368 1367 1267 1268 1369 1368 1268 1269 1370 1369
          1269 1270 1371 1370 1270 1271 1372 1371 1271 1272 1373 1372
          1272 1273 1374 1373 1273 1274 1375 1374 1274 1275 1376 1375
          1275 1276 1377 1376 1276 1277 1378 1377 1277 1278 1379 1378
          1278 1279 1380 1379 1279 1280 1381 1380 1280 1281 1382 1381
          1281 1282 1383 1382 1282 1283 1384 1383 1283 1284 1385 1384
          1284 1285 1386 1385 1285 1286 1387 1386 1286 1287 1388 1387
          1287 1288 1389 1388 1288 1289 1390 1389 1289 1290 1391 1390
          1290 1291 1392 1391 1291 1292 1393 1392 1292 1293 1394 1393
          1293 1294 1395 1394 1294 1295 1396 1395 1295 1296 1397 1396
          1296 1297 1398 1397 1297 1298 1399 1398 1298 1299 1400 1399
          1299 1300 1401 1400 1300 1301 1402 1401 1301 1302 1403 1402
          1302 1303 1404 1403 1303 1304 1405 1404 1304 1305 1406 1405
          1305 1306 1407 1406 1306 1307 1408 1407 1307 1308 1409 1408
          1308 1309 1410 1409 1309 1310 1411 1410 1310 1311 1412 1411
          1311 1312 1413 1412 1313 1314 1415 1414 1314 1315 1416 1415
          1315 1316 1417 1416 1316 1317 1418 1417 1317 1318 1419 1418
          1318 1319 1420 1419 1319 1320 1421 1420 1320 1321 1422 1421
          1321 1322 1423 1422 1322 1323 1424 1423 1323 1324 1425 1424
          1324 1325 1426 1425 1325 1326 1427 1426 1326 1327 1428 1427
          1327 1328 1429 1428 1328 1329 1430 1429 1329 1330 1431 1430
          1330 1331 1432 1431 1331 1332 1433 1432 1332 1333 1434 1433
          1333 1334 1435 1434 1334 1335 1436 1435 1335 1336 1437 1436
          1336 1337 1438 1437 1337 1338 1439 1438 1338 1339 1440 1439
          1339 1340 1441 1440 1340 1341 1442 1441 1341 1342 1443 1442
          1342 1343 1444 1443 1343 1344 1445 1444 1344 1345 1446 1445
          1345 1346 1447 1446 1346 1347 1448 1447 1347 1348 1449 1448
          1348 1349 1450 1449 1349 1350 1451 1450 1350 1351 1452 1451
          1351 1352 1453 1452 1352 1353 1454 1453 1353 1354 1455 1454
          1354 1355 1456 1455 1355 1356 1457 1456 1356 1357 1458 1457
          1357 1358 1459 1458 1358 1359 1460 1459 1359 1360 1461 1460
          1360 1361 1462 1461 1361 1362 1463 1462 1362 1363 1464 1463
          1363 1364 1465 1464 1364 1365 1466 1465 1365 1366 1467 1466
          1366 1367 1468 1467 1367 1368 1469 1468 1368 1369 1470 1469
          1369 1370 1471 1470 1370 1371 1472 1471 1371 1372 1473 1472
          1372 1373 1474 1473 1373 1374 1475 1474 1374 1375 1476 1475
          1375 1376 1477 1476 1376 1377 1478 1477 1377 1378 1479 1478
          1378 1379 1480 1479 1379 1380 1481 1480 1380 1381 1482 1481
          1381 1382 1483 1482 1382 1383 1484 1483 1383 1384 1485 1484
          1384 1385 1486 1485 1385 1386 1487 1486 1386 1387 1488 1487
          1387 1388 1489 1488 1388 1389 1490 1489 1389 1390 1491 1490
          1390 1391 1492 1491 1391 1392 1493 1492 1392 1393 1494 1493
          1393 1394 1495 1494 1394 1395 1496 1495 1395 1396 1497 1496
          1396 1397 1498 1497 1397 1398 1499 1498 1398 1399 1500 1499
          1399 1400 1501 1500 1400 1401 1502 1501 1401 1402 1503 1502
          1402 1403 1504 1503 1403 1404 1505 1504 1404 1405 1506 1505
          1405 1406 1507 1506 1406 1407 1508 1507 1407 1408 1509 1508
          1408 1409 1510 1509 1409 1410 1511 1510 1410 1411 1512 1511
          1411 1412 1513 1512 1412 1413 1514 1513 1414 1415 1516 1515
          1415 1416 1517 1516 1416 1417 1518 1517 1417 1418 1519 1518
          1418 1419 1520 1519 1419 1420 1521 1520 1420 1421 1522 1521
          1421 1422 1523 1522 1422 1423 1524 1523 1423 1424 1525 1524
          1424 1425 1526 1525 1425 1426 1527 1526 1426 1427 1528 1527
          1427 1428 1529 1528 1428 1429 1530 1529 1429 1430 1531 1530
          1430 1431 1532 1531 1431 1432 1533 1532 1432 1433 1534 1533
          1433 1434 1535 1534 1434 1435 1536 1535 1435 1436 1537 1536
          1436 1437 1538 1537 1437 1438 1539 1538 1438 1439 1540 1539
          1439 1440 1541 1540 1440 1441 1542 1541 1441 1442 1543 1542
          1442 1443 1544 1543 1443 1444 1545 1544 1444 1445 1546 1545
          1445 1446 1547 1546 1446 1447 1548 1547 1447 1448 1549 1548
          1448 1449 1550 1549 1449 1450 1551 1550 1450 1451 1552 1551
          1451 1452 1553 1552 1452 1453 1554 1553 1453 1454 1555 1554
          1454 1455 1556 1555 1455 1456 1557 1556 1456 1457 1558 1557
          1457 1458 1559 1558 1458 1459 1560 1559 1459 1460 1561 1560
          1460 1461 1562 1561 1461 1462 1563 1562 1462 1463 1564 1563
          1463 1464 1565 1564 1464 1465 1566 1565 1465 1466 1567 1566
          1466 1467 1568 1567 1467 1468 1569 1568 1468 1469 1570 1569
          1469 1470 1571 1570 1470 1471 1572 1571 1471 1472 1573 1572
          1472 1473 1574 1573 1473 1474 1575 1574 1474 1475 1576 1575
          1475 1476 1577 1576 1476 1477 1578 1577 1477 1478 1579 1578
          1478 1479 1580 1579 1479 1480 1581 1580 1480 1481 1582 1581
          1481 1482 1583 1582 1482 1483 1584 1583 1483 1484 1585 1584
          1484 1485 1586 1585 1485 1486 1587 1586 1486 1487 1588 1587
          1487 1488 1589 1588 1488 1489 1590 1589 1489 1490 1591 1590
          1490 1491 1592 1591 1491 1492 1593 1592 1492 1493 1594 1593
          1493 1494 1595 1594 1494 1495 1596 1595 1495 1496 1597 1596
          1496 1497 1598 1597 1497 1498 1599 1598 1498 1499 1600 1599
          1499 1500 1601 1600 1500 1501 1602 1601 1501 1502 1603 1602
          1502 1503 1604 1603 1503 1504 1605 1604 1504 1505 1606 1605
          1505 1506 1607 1606 1506 1507 1608 1607 1507 1508 1609 1608
          1508 1509 1610 1609 1509 1510 1611 1610 1510 1511 1612 1611
          1511 1512 1613 1612 1512 1513 1614 1613 1513 1514 1615 1614
          1515 1516 1617 1616 1516 1517 1618 1617 1517 1518 1619 1618
          1518 1519 1620 1619 1519 1520 1621 1620 1520 1521 1622 1621
          1521 1522 1623 1622 1522 1523 1624 1623 1523 1524 1625 1624
          1524 1525 1626 1625 1525 1526 1627 1626 1526 1527 1628 1627
          1527 1528 1629 1628 1528 1529 1630 1629 1529 1530 1631 1630
          1530 1531 1632 1631 1531 1532 1633 1632 1532 1533 1634 1633
          1533 1534 1635 1634 1534 1535 1636 1635 1535 1536 1637 1636
          1536 1537 1638 1637 1537 1538 1639 1638 1538 1539 1640 1639
          1539 1540 1641 1640 1540 1541 1642 1641 1541 1542 1643 1642
          1542 1543 1644 1643 1543 1544 1645 1644 1544 1545 1646 1645
          1545 1546 1647 1646 1546 1547 1648 1647 1547 1548 1649 1648
          1548 1549 1650 1649 1549 1550 1651 1650 1550 1551 1652 1651
          1551 1552 1653 1652 1552 1553 1654 1653 1553 1554 1655 1654
          1554 1555 1656 1655 1555 1556 1657 1656 1556 1557 1658 1657
          1557 1558 1659 1658 1558 1559 1660 1659 1559 1560 1661 1660
          1560 1561 1662 1661 1561 1562 1663 1662 1562 1563 1664 1663
          1563 1564 1665 1664 1564 1565 1666 1665 1565 1566 1667 1666
          1566 1567 1668 1667 1567 1568 1669 1668 1568 1569 1670 1669
          1569 1570 1671 1670 1570 1571 1672 1671 1571 1572 1673 1672
          1572 1573 1674 1673 1573 1574 1675 1674 1574 1575 1676 1675
          1575 1576 1677 1676 1576 1577 1678 1677 1577 1578 1679 1678
          1578 1579 1680 1679 1579 1580 1681 1680 1580 1581 1682 1681
          1581 1582 1683 1682 1582 1583 1684 1683 1583 1584 1685 1684
          1584 1585 1686 1685 1585 1586 1687 1686 1586 1587 1688 1687
          1587 1588 1689 1688 1588 1589 1690 1689 1589 1590 1691 1690
          1590 1591 1692 1691 1591 1592 1693 1692 1592 1593 1694 1693
          1593 1594 1695 1694 1594 1595 1696 1695 1595 1596 1697 1696
          1596 1597 1698 1697 1597 1598 1699 1698 1598 1599 1700 1699
          1599 1600 1701 1700 1600 1601 1702 1701 1601 1602 1703 1702
          1602 1603 1704 1703 1603 1604 1705 1704 1604 1605 1706 1705
          1605 1606 1707 1706 1606 1607 1708 1707 1607 1608 1709 1708
          1608 1609 1710 1709 1609 1610 1711 1710 1610 1611 1712 1711
          1611 1612 1713 1712 1612 1613 1714 1713 1613 1614 1715 1714
          1614 1615 1716 1715 1616 1617 1718 1717 1617 1618 1719 1718
          1618 1619 1720 1719 1619 1620 1721 1720 1620 1621 1722 1721
          1621 1622 1723 1722 1622 1623 1724 1723 1623 1624 1725 1724
          1624 1625 1726 1725 1625 1626 1727 1726 1626 1627 1728 1727
          1627 1628 1729 1728 1628 1629 1730 1729 1629 1630 1731 1730
          1630 1631 1732 1731 1631 1632 1733 1732 1632 1633 1734 1733
          1633 1634 1735 1734 1634 1635 1736 1735 1635 1636 1737 1736
          1636 1637 1738 1737 1637 1638 1739 1738 1638 1639 1740 1739
          1639 1640 1741 1740 1640 1641 1742 1741 1641 1642 1743 1742
          1642 1643 1744 1743 1643 1644 1745 1744 1644 1645 1746 1745
          1645 1646 1747 1746 1646 1647 1748 1747 1647 1648 1749 1748
          1648 1649 1750 1749 1649 1650 1751 1750 1650 1651 1752 1751
          1651 1652 1753 1752 1652 1653 1754 1753 1653 1654 1755 1754
          1654 1655 1756 1755 1655 1656 1757 1756 1656 1657 1758 1757
          1657 1658 1759 1758 1658 1659 1760 1759 1659 1660 1761 1760
          1660 1661 1762 1761 1661 1662 1763 1762 1662 1663 1764 1763
          1663 1664 1765 1764 1664 1665 1766 1765 1665 1666 1767 1766
          1666 1667 1768 1767 1667 1668 1769 1768 1668 1669 1770 1769
          1669 1670 1771 1770 1670 1671 1772 1771 1671 1672 1773 1772
          1672 1673 1774 1773 1673 1674 1775 1774 1674 1675 1776 1775
          1675 1676 1777 1776 1676 1677 1778 1777 1677 1678 1779 1778
          1678 1679 1780 1779 1679 1680 1781 1780 1680 1681 1782 1781
          1681 1682 1783 1782 1682 1683 1784 1783 1683 1684 1785 1784
          1684 1685 1786 1785 1685 1686 1787 1786 1686 1687 1788 1787
          1687 1688 1789 1788 1688 1689 1790 1789 1689 1690 1791 1790
          1690 1691 1792 1791 1691 1692 1793 1792 1692 1693 1794 1793
          1693 1694 1795 1794 1694 1695 1796 1795 1695 1696 1797 1796
          1696 1697 1798 1797 1697 1698 1799 1798 1698 1699 1800 1799
          1699 1700 1801 1800 1700 1701 1802 1801 1701 1702 1803 1802
          1702 1703 1804 1803 1703 1704 1805 1804 1704 1705 1806 1805
          1705 1706 1807 1806 1706 1707 1808 1807 1707 1708 1809 1808
          1708 1709 1810 1809 1709 1710 1811 1810 1710 1711 1812 1811
          1711 1712 1813 1812 1712 1713 1814 1813 1713 1714 1815 1814
          1714 1715 1816 1815 1715 1716 1817 1816 1717 1718 1819 1818
          1718 1719 1820 1819 1719 1720 1821 1820 1720 1721 1822 1821
          1721 1722 1823 1822 1722 1723 1824 1823 1723 1724 1825 1824
          1724 1725 1826 1825 1725 1726 1827 1826 1726 1727 1828 1827
          1727 1728 1829 1828 1728 1729 1830 1829 1729 1730 1831 1830
          1730 1731 1832 1831 1731 1732 1833 1832 1732 1733 1834 1833
          1733 1734 1835 1834 1734 1735 1836 1835 1735 1736 1837 1836
          1736 1737 1838 1837 1737 1738 1839 1838 1738 1739 1840 1839
          1739 1740 1841 1840 1740 1741 1842 1841 1741 1742 1843 1842
          1742 1743 1844 1843 1743 1744 1845 1844 1744 1745 1846 1845
          1745 1746 1847 1846 1746 1747 1848 1847 1747 1748 1849 1848
          1748 1749 1850 1849 1749 1750 1851 1850 1750 1751 1852 1851
          1751 1752 1853 1852 1752 1753 1854 1853 1753 1754 1855 1854
          1754 1755 1856 1855 1755 1756 1857 1856 1756 1757 1858 1857
          1757 1758 1859 1858 1758 1759 1860 1859 1759 1760 1861 1860
          1760 1761 1862 1861 1761 1762 1863 1862 1762 1763 1864 1863
          1763 1764 1865 1864 1764 1765 1866 1865 1765 1766 1867 1866
          1766 1767 1868 1867 1767 1768 1869 1868 1768 1769 1870 1869
          1769 1770 1871 1870 1770 1771 1872 1871 1771 1772 1873 1872
          1772 1773 1874 1873 1773 1774 1875 1874 1774 1775 1876 1875
          1775 1776 1877 1876 1776 1777 1878 1877 1777 1778 1879 1878
          1778 1779 1880 1879 1779 1780 1881 1880 1780 1781 1882 1881
          1781 1782 1883 1882 1782 1783 1884 1883 1783 1784 1885 1884
          1784 1785 1886 1885 1785 1786 1887 1886 1786 1787 1888 1887
          1787 1788 1889 1888 1788 1789 1890 1889 1789 1790 1891 1890
          1790 1791 1892 1891 1791 1792 1893 1892 1792 1793 1894 1893
          1793 1794 1895 1894 1794 1795 1896 1895 1795 1796 1897 1896
          1796 1797 1898 1897 1797 1798 1899 1898 1798 1799 1900 1899
          1799 1800 1901 1900 1800 1801 1902 1901 1801 1802 1903 1902
          1802 1803 1904 1903 1803 1804 1905 1904 1804 1805 1906 1905
          1805 1806 1907 1906 1806 1807 1908 1907 1807 1808 1909 1908
          1808 1809 1910 1909 1809 1810 1911 1910 1810 1811 1912 1911
          1811 1812 1913 1912 1812 1813 1914 1913 1813 1814 1915 1914
          1814 1815 1916 1915 1815 1816 1917 1916 1816 1817 1918 1917
          1818 1819 1920 1919 1819 1820 1921 1920 1820 1821 1922 1921
          1821 1822 1923 1922 1822 1823 1924 1923 1823 1824 1925 1924
          1824 1825 1926 1925 1825 1826 1927 1926 1826 1827 1928 1927
          1827 1828 1929 1928 1828 1829 1930 1929 1829 1830 1931 1930
          1830 1831 1932 1931 1831 1832 1933 1932 1832 1833 1934 1933
          1833 1834 1935 1934 1834 1835 1936 1935 1835 1836 1937 1936
          1836 1837 1938 1937 1837 1838 1939 1938 1838 1839 1940 1939
          1839 1840 1941 1940 1840 1841 1942 1941 1841 1842 1943 1942
          1842 1843 1944 1943 1843 1844 1945 1944 1844 1845 1946 1945
          1845 1846 1947 1946 1846 1847 1948 1947 1847 1848 1949 1948
          1848 1849 1950 1949 1849 1850 1951 1950 1850 1851 1952 1951
          1851 1852 1953 1952 1852 1853 1954 1953 1853 1854 1955 1954
          1854 1855 1956 1955 1855 1856 1957 1956 1856 1857 1958 1957
          1857 1858 1959 1958 1858 1859 1960 1959 1859 1860 1961 1960
          1860 1861 1962 1961 1861 1862 1963 1962 1862 1863 1964 1963
          1863 1864 1965 1964 1864 1865 1966 1965 1865 1866 1967 1966
          1866 1867 1968 1967 1867 1868 1969 1968 1868 1869 1970 1969
          1869 1870 1971 1970 1870 1871 1972 1971 1871 1872 1973 1972
          1872 1873 1974 1973 1873 1874 1975 1974 1874 1875 1976 1975
          1875 1876 1977 1976 1876 1877 1978 1977 1877 1878 1979 1978
          1878 1879 1980 1979 1879 1880 1981 1980 1880 1881 1982 1981
          1881 1882 1983 1982 1882 1883 1984 1983 1883 1884 1985 1984
          1884 1885 1986 1985 1885 1886 1987 1986 1886 1887 1988 1987
          1887 1888 1989 1988 1888 1889 1990 1989 1889 1890 1991 1990
          1890 1891 1992 1991 1891 1892 1993 1992 1892 1893 1994 1993
          1893 1894 1995 1994 1894 1895 1996 1995 1895 1896 1997 1996
          1896 1897 1998 1997 1897 1898 1999 1998 1898 1899 2000 1999
          1899 1900 2001 2000 1900 1901 2002 2001 1901 1902 2003 2002
          1902 1903 2004 2003 1903 1904 2005 2004 1904 1905 2006 2005
          1905 1906 2007 2006 1906 1907 2008 2007 1907 1908 2009 2008
          1908 1909 2010 2009 1909 1910 2011 2010 1910 1911 2012 2011
          1911 1912 2013 2012 1912 1913 2014 2013 1913 1914 2015 2014
          1914 1915 2016 2015 1915 1916 2017 2016 1916 1917 2018 2017
          1917 1918 2019 2018 1919 1920 2021 2020 1920 1921 2022 2021
          1921 1922 2023 2022 1922 1923 2024 2023 1923 1924 2025 2024
          1924 1925 2026 2025 1925 1926 2027 2026 1926 1927 2028 2027
          1927 1928 2029 2028 1928 1929 2030 2029 1929 1930 2031 2030
          1930 1931 2032 2031 1931 1932 2033 2032 1932 1933 2034 2033
          1933 1934 2035 2034 1934 1935 2036 2035 1935 1936 2037 2036
          1936 1937 2038 2037 1937 1938 2039 2038 1938 1939 2040 2039
          1939 1940 2041 2040 1940 1941 2042 2041 1941 1942 2043 2042
          1942 1943 2044 2043 1943 1944 2045 2044 1944 1945 2046 2045
          1945 1946 2047 2046 1946 1947 2048 2047 1947 1948 2049 2048
          1948 1949 2050 2049 1949 1950 2051 2050 1950 1951 2052 2051
          1951 1952 2053 2052 1952 1953 2054 2053 1953 1954 2055 2054
          1954 1955 2056 2055 1955 1956 2057 2056 1956 1957 2058 2057
          1957 1958 2059 2058 1958 1959 2060 2059 1959 1960 2061 2060
          1960 1961 2062 2061 1961 1962 2063 2062 1962 1963 2064 2063
          1963 1964 2065 2064 1964 1965 2066 2065 1965 1966 2067 2066
          1966 1967 2068 2067 1967 1968 2069 2068 1968 1969 2070 2069
          1969 1970 2071 2070 1970 1971 2072 2071 1971 1972 2073 2072
          1972 1973 2074 2073 1973 1974 2075 2074 1974 1975 2076 2075
          1975 1976 2077 2076 1976 1977 2078 2077 1977 1978 2079 2078
          1978 1979 2080 2079 1979 1980 2081 2080 1980 1981 2082 2081
          1981 1982 2083 2082 1982 1983 2084 2083 1983 1984 2085 2084
          1984 1985 2086 2085 1985 1986 2087 2086 1986 1987 2088 2087
          1987 1988 2089 2088 1988 1989 2090 2089 1989 1990 2091 2090
          1990 1991 2092 2091 1991 1992 2093 2092 1992 1993 2094 2093
          1993 1994 2095 2094 1994 1995 2096 2095 1995 1996 2097 2096
          1996 1997 2098 2097 1997 1998 2099 2098 1998 1999 2100 2099
          1999 2000 2101 2100 2000 2001 2102 2101 2001 2002 2103 2102
          2002 2003 2104 2103 2003 2004 2105 2104 2004 2005 2106 2105
          2005 2006 2107 2106 2006 2007 2108 2107 2007 2008 2109 2108
          2008 2009 2110 2109 2009 2010 2111 2110 2010 2011 2112 2111
          2011 2012 2113 2112 2012 2013 2114 2113 2013 2014 2115 2114
          2014 2015 2116 2115 2015 2016 2117 2116 2016 2017 2118 2117
          2017 2018 2119 2118 2018 2019 2120 2119
        </DataArray>
        <DataArray type="Int32" Name="offsets" NumberOfComponents="1" format="ascii">
          4 8 12 16 20 24 28 32 36 40 44 48
          52 56 60 64 68 72 76 80 84 88 92 96
          100 104 108 112 116 120 124 128 132 136 140 144
          148 152 156 160 164 168 172 176 180 184 188 192
          196 200 204 208 212 216 220 224 228 232 236 240
          244 248 252 256 260 264 268 272 276 280 284 288
          292 296 300 304 308 312 316 320 324 328 332 336
          340 344 348 352 356 360 364 368 372 376 380 384
          388 392 396 400 404 408 412 416 420 424 428 432
          436 440 444 448 452 456 460 464 468 472 476 480
          484 488 492 496 500 504 508 512 516 520 524 528
          532 536 540 544 548 552 556 560 564 568 572 576
          580 584 588 592 596 600 604 608 612 616 620 624
          628 632 636 640 644 648 652 656 660 664 668 672
          676 680 684 688 692 696 700 704 708 712 716 720
          724 728 732 736 740 744 748 752 756 760 764 768
          772 776 780 784 788 792 796 800 804 808 812 816
          820 824 828 832 836 840 844 848 852 856 860 864
          868 872 876 880 884 888 892 896 900 904 908 912
          916 920 924 928 932 936 940 944 948 952 956 960
          964 968 972 976 980 984 988 992 996 1000 1004 1008
          1012 1016 1020 1024 1028 1032 1036 1040 1044 1048 1052 1056
          1060 1064 1068 1072 1076 1080 1084 1088 1092 1096 1100 1104
          1108 1112 1116 1120 1124 1128 1132 1136 1140 1144 1148 1152
          1156 1160 1164 1168 1172 1176 1180 1184 1188 1192 1196 1200
          1204 1208 1212 1216 1220 1224 1228 1232 1236 1240 1244 1248
          1252 1256 1260 1264 1268 1272 1276 1280 1284 1288 1292 1296
          1300 1304 1308 1312 1316 1320 1324 1328 1332 1336 1340 1344
          1348 1352 1356 1360 1364 1368 1372 1376 1380 1384 1388 1392
          1396 1400 1404 1408 1412 1416 1420 1424 1428 1432 1436 1440
          1444 1448 1452 1456 1460 1464 1468 1472 1476 1480 1484 1488
          1492 1496 1500 1504 1508 1512 1516 1520 1524 1528 1532 1536
          1540 1544 1548 1552 1556 1560 1564 1568 1572 1576 1580 1584
          1588 1592 1596 1600 1604 1608 1612 1616 1620 1624 1628 1632
          1636 1640 1644 1648 1652 1656 1660 1664 1668 1672 1676 1680
          1684 1688 1692 1696 1700 1704 1708 1712 1716 1720 1724 1728
          1732 1736 1740 1744 1748 1752 1756 1760 1764 1768 1772 1776
          1780 1784 1788 1792 1796 1800 1804 1808 1812 1816 1820 1824
          1828 1832 1836 1840 1844 1848 1852 1856 1860 1864 1868 1872
          1876 1880 1884 1888 1892 1896 1900 1904 1908 1912 1916 1920
          1924 1928 1932 1936 1940 1944 1948 1952 1956 1960 1964 1968
          1972 1976 1980 1984 1988 1992 1996 2000 2004 2008 2012 2016
          2020 2024 2028 2032 2036 2040 2044 2048 2052 2056 2060 2064
          2068 2072 2076 2080 2084 2088 2092 2096 2100 2104 2108 2112
          2116 2120 2124 2128 2132 2136 2140 2144 2148 2152 2156 2160
          2164 2168 2172 2176 2180 2184 2188 2192 2196 2200 2204 2208
          2212 2216 2220 2224 2228 2232 2236 2240 2244 2248 2252 2256
          2260 2264 2268 2272 2276 2280 2284 2288 2292 2296 2300 2304
          2308 2312 2316 2320 2324 2328 2332 2336 2340 2344 2348 2352
          2356 2360 2364 2368 2372 2376 2380 2384 2388 2392 2396 2400
          2404 2408 2412 2416 2420 2424 2428 2432 2436 2440 2444 2448
          2452 2456 2460 2464 2468 2472 2476 2480 2484 2488 2492 2496
          2500 2504 2508 2512 2516 2520 2524 2528 2532 2536 2540 2544
          2548 2552 2556 2560 2564 2568 2572 2576 2580 2584 2588 2592
          2596 2600 2604 2608 2612 2616 2620 2624 2628 2632 2636 2640
          2644 2648 2652 2656 2660 2664 2668 2672 2676 2680 2684 2688
          2692 2696 2700 2704 2708 2712 2716 2720 2724 2728 2732 2736
          2740 2744 2748 2752 2756 2760 2764 2768 2772 2776 2780 2784
          2788 2792 2796 2800 2804 2808 2812 2816 2820 2824 2828 2832
          2836 2840 2844 2848 2852 2856 2860 2864 2868 2872 2876 2880
          2884 2888 2892 2896 2900 2904 2908 2912 2916 2920 2924 2928
          2932 2936 2940 2944 2948 2952 2956 2960 2964 2968 2972 2976
          2980 2984 2988 2992 2996 3000 3004 3008 3012 3016 3020 3024
          3028 3032 3036 3040 3044 3048 3052 3056 3060 3064 3068 3072
          3076 3080 3084 3088 3092 3096 3100 3104 3108 3112 3116 3120
          3124 3128 3132 3136 3140 3144 3148 3152 3156 3160 3164 3168
          3172 3176 3180 3184 3188 3192 3196 3200 3204 3208 3212 3216
          3220 3224 3228 3232 3236 3240 3244 3248 3252 3256 3260 3264
          3268 3272 3276 3280 3284 3288 3292 3296 3300 3304 3308 3312
          3316 3320 3324 3328 3332 3336 3340 3344 3348 3352 3356 3360
          3364 3368 3372 3376 3380 3384 3388 3392 3396 3400 3404 3408
          3412 3416 3420 3424 3428 3432 3436 3440 3444 3448 3452 3456
          3460 3464 3468 3472 3476 3480 3484 3488 3492 3496 3500 3504
          3508 3512 3516 3520 3524 3528 3532 3536 3540 3544 3548 3552
          3556 3560 3564 3568 3572 3576 3580 3584 3588 3592 3596 3600
          3604 3608 3612 3616 3620 3624 3628 3632 3636 3640 3644 3648
          3652 3656 3660 3664 3668 3672 3676 3680 3684 3688 3692 3696
          3700 3704 3708 3712 3716 3720 3724 3728 3732 3736 3740 3744
          3748 3752 3756 3760 3764 3768 3772 3776 3780 3784 3788 3792
          3796 3800 3804 3808 3812 3816 3820 3824 3828 3832 3836 3840
          3844 3848 3852 3856 3860 3864 3868 3872 3876 3880 3884 3888
          3892 3896 3900 3904 3908 3912 3916 3920 3924 3928 3932 3936
          3940 3944 3948 3952 3956 3960 3964 3968 3972 3976 3980 3984
          3988 3992 3996 4000 4004 4008 4012 4016 4020 4024 4028 4032
          4036 4040 4044 4048 4052 4056 4060 4064 4068 4072 4076 4080
          4084 4088 4092 4096 4100 4104 4108 4112 4116 4120 4124 4128
          4132 4136 4140 4144 4148 4152 4156 4160 4164 4168 4172 4176
          4180 4184 4188 4192 4196 4200 4204 4208 4212 4216 4220 4224
          4228 4232 4236 4240 4244 4248 4252 4256 4260 4264 4268 4272
          4276 4280 4284 4288 4292 4296 4300 4304 4308 4312 4316 4320
          4324 4328 4332 4336 4340 4344 4348 4352 4356 4360 4364 4368
          4372 4376 4380 4384 4388 4392 4396 4400 4404 4408 4412 4416
          4420 4424 4428 4432 4436 4440 4444 4448 4452 4456 4460 4464
          4468 4472 4476 4480 4484 4488 4492 4496 4500 4504 4508 4512
          4516 4520 4524 4528 4532 4536 4540 4544 4548 4552 4556 4560
          4564 4568 4572 4576 4580 4584 4588 4592 4596 4600 4604 4608
          4612 4616 4620 4624 4628 4632 4636 4640 4644 4648 4652 4656
          4660 4664 4668 4672 4676 4680 4684 4688 4692 4696 4700 4704
          4708 4712 4716 4720 4724 4728 4732 4736 4740 4744 4748 4752
          4756 4760 4764 4768 4772 4776 4780 4784 4788 4792 4796 4800
          4804 4808 4812 4816 4820 4824 4828 4832 4836 4840 4844 4848
          4852 4856 4860 4864 4868 4872 4876 4880 4884 4888 4892 4896
          4900 4904 4908 4912 4916 4920 4924 4928 4932 4936 4940 4944
          4948 4952 4956 4960 4964 4968 4972 4976 4980 4984 4988 4992
          4996 5000 5004 5008 5012 5016 5020 5024 5028 5032 5036 5040
          5044 5048 5052 5056 5060 5064 5068 5072 5076 5080 5084 5088
          5092 5096 5100 5104 5108 5112 5116 5120 5124 5128 5132 5136
          5140 5144 5148 5152 5156 5160 5164 5168 5172 5176 5180 5184
          5188 5192 5196 5200 5204 5208 5212 5216 5220 5224 5228 5232
          5236 5240 5244 5248 5252 5256 5260 5264 5268 5272 5276 5280
          5284 5288 5292 5296 5300 5304 5308 5312 5316 5320 5324 5328
          5332 5336 5340 5344 5348 5352 5356 5360 5364 5368 5372 5376
          5380 5384 5388 5392 5396 5400 5404 5408 5412 5416 5420 5424
          5428 5432 5436 5440 5444 5448 5452 5456 5460 5464 5468 5472
          5476 5480 5484 5488 5492 5496 5500 5504 5508 5512 5516 5520
          5524 5528 5532 5536 5540 5544 5548 5552 5556 5560 5564 5568
          5572 5576 5580 5584 5588 5592 5596 5600 5604 5608 5612 5616
          5620 5624 5628 5632 5636 5640 5644 5648 5652 5656 5660 5664
          5668 5672 5676 5680 5684 5688 5692 5696 5700 5704 5708 5712
          5716 5720 5724 5728 5732 5736 5740 5744 5748 5752 5756 5760
          5764 5768 5772 5776 5780 5784 5788 5792 5796 5800 5804 5808
          5812 5816 5820 5824 5828 5832 5836 5840 5844 5848 5852 5856
          5860 5864 5868 5872 5876 5880 5884 5888 5892 5896 5900 5904
          5908 5912 5916 5920 5924 5928 5932 5936 5940 5944 5948 5952
          5956 5960 5964 5968 5972 5976 5980 5984 5988 5992 5996 6000
          6004 6008 6012 6016 6020 6024 6028 6032 6036 6040 6044 6048
          6052 6056 6060 6064 6068 6072 6076 6080 6084 6088 6092 6096
          6100 6104 6108 6112 6116 6120 6124 6128 6132 6136 6140 6144
          6148 6152 6156 6160 6164 6168 6172 6176 6180 6184 6188 6192
          6196 6200 6204 6208 6212 6216 6220 6224 6228 6232 6236 6240
          6244 6248 6252 6256 6260 6264 6268 6272 6276 6280 6284 6288
          6292 6296 6300 6304 6308 6312 6316 6320 6324 6328 6332 6336
          6340 6344 6348 6352 6356 6360 6364 6368 6372 6376 6380 6384
          6388 6392 6396 6400 6404 6408 6412 6416 6420 6424 6428 6432
          6436 6440 6444 6448 6452 6456 6460 6464 6468 6472 6476 6480
          6484 6488 6492 6496 6500 6504 6508 6512 6516 6520 6524 6528
          6532 6536 6540 6544 6548 6552 6556 6560 6564 6568 6572 6576
          6580 6584 6588 6592 6596 6600 6604 6608 6612 6616 6620 6624
          6628 6632 6636 6640 6644 6648 6652 6656 6660 6664 6668 6672
          6676 6680 6684 6688 6692 6696 6700 6704 6708 6712 6716 6720
          6724 6728 6732 6736 6740 6744 6748 6752 6756 6760 6764 6768
          6772 6776 6780 6784 6788 6792 6796 6800 6804 6808 6812 6816
          6820 6824 6828 6832 6836 6840 6844 6848 6852 6856 6860 6864
          6868 6872 6876 6880 6884 6888 6892 6896 6900 6904 6908 6912
          6916 6920 6924 6928 6932 6936 6940 6944 6948 6952 6956 6960
          6964 6968 6972 6976 6980 6984 6988 6992 6996 7000 7004 7008
          7012 7016 7020 7024 7028 7032 7036 7040 7044 7048 7052 7056
          7060 7064 7068 7072 7076 7080 7084 7088 7092 7096 7100 7104
          7108 7112 7116 7120 7124 7128 7132 7136 7140 7144 7148 7152
          7156 7160 7164 7168 7172 7176 7180 7184 7188 7192 7196 7200
          7204 7208 7212 7216 7220 7224 7228 7232 7236 7240 7244 7248
          7252 7256 7260 7264 7268 7272 7276 7280 7284 7288 7292 7296
          7300 7304 7308 7312 7316 7320 7324 7328 7332 7336 7340 7344
          7348 7352 7356 7360 7364 7368 7372 7376 7380 7384 7388 7392
          7396 7400 7404 7408 7412 7416 7420 7424 7428 7432 7436 7440
          7444 7448 7452 7456 7460 7464 7468 7472 7476 7480 7484 7488
          7492 7496 7500 7504 7508 7512 7516 7520 7524 7528 7532 7536
          7540 7544 7548 7552 7556 7560 7564 7568 7572 7576 7580 7584
          7588 7592 7596 7600 7604 7608 7612 7616 7620 7624 7628 7632
          7636 7640 7644 7648 7652 7656 7660 7664 7668 7672 7676 7680
          7684 7688 7692 7696 7700 7704 7708 7712 7716 7720 7724 7728
          7732 7736 7740 7744 7748 7752 7756 7760 7764 7768 7772 7776
          7780 7784 7788 7792 7796 7800 7804 7808 7812 7816 7820 7824
          7828 7832 7836 7840 7844 7848 7852 7856 7860 7864 7868 7872
          7876 7880 7884 7888 7892 7896 7900 7904 7908 7912 7916 7920
          7924 7928 7932 7936 7940 7944 7948 7952 7956 7960 7964 7968
          7972 7976 7980 7984 7988 7992 7996 8000
        </DataArray>
        <DataArray type="UInt8" Name="types" NumberOfComponents="1" format="ascii">
          9 9 9 9 9 9 9 9 9 9 9 9
          9 9 9 9 9 9 9 9 9 9 9 9
          9 9 9 9 9 9 9 9 9 9 9 9
          9 9 9 9 9 9 9 9 9 9 9 9
          9 9 9 9 9 9 9 9 9 9 9 9
          9 9 9 9 9 9 9 9 9 9 9 9
          9 9 9 9 9 9 9 9 9 9 9 9
          9 9 9 9 9 9 9 9 9 9 9 9
          9 9 9 9 9 9 9 9 9 9 9 9
          9 9 9 9 9 9 9 9 9 9 9 9
          9 9 9 9 9 9 9 9 9 9 9 9
          9 9 9 9 9 9 9 9 9 9 9 9
          9 9 9 9 9 9 9 9 9 9 9 9
          9 9 9 9 9 9 9 9 9 9 9 9
          9 9 9 9 9 9 9 9 9 9 9 9
          9 9 9 9 9 9 9 9 9 9 9 9
          9 9 9 9 9 9 9 9 9 9 9 9
          9 9 9 9 9 9 9 9 9 9 9 9
          9 9 9 9 9 9 9 9 9 9 9 9
          9 9 9 9 9 9 9 9 9 9 9 9
          9 9 9 9 9 9 9 9 9 9 9 9
          9 9 9 9 9 9 9 9 9 9 9 9
          9 9 9 9 9 9 9 9 9 9 9 9
          9 9 9 9 9 9 9 9 9 9 9 9
          9 9 9 9 9 9 9 9 9 9 9 9
          9 9 9 9 9 9 9 9 9 9 9 9
          9 9 9 9 9 9 9 9 9 9 9 9
          9 9 9 9 9 9 9 9 9 9 9 9
          9 9 9 9 9 9 9 9 9 9 9 9
          9 9 9 9 9 9 9 9 9 9 9 9
          9 9 9 9 9 9 9 9 9 9 9 9
          9 9 9 9 9 9 9 9 9 9 9 9
          9 9 9 9 9 9 9 9 9 9 9 9
          9 9 9 9 9 9 9 9 9 9 9 9
          9 9 9 9 9 9 9 9 9 9 9 9
          9 9 9 9 9 9 9 9 9 9 9 9
          9 9 9 9 9 9 9 9 9 9 9 9
          9 9 9 9 9 9 9 9 9 9 9 9
          9 9 9 9 9 9 9 9 9 9 9 9
          9 9 9 9 9 9 9 9 9 9 9 9
          9 9 9 9 9 9 9 9 9 9 9 9
          9 9 9 9 9 9 9 9 9 9 9 9
          9 9 9 9 9 9 9 9 9 9 9 9
          9 9 9 9 9 9 9 9 9 9 9 9
          9 9 9 9 9 9 9 9 9 9 9 9
          9 9 9 9 9 9 9 9 9 9 9 9
          9 9 9 9 9 9 9 9 9 9 9 9
          9 9 9 9 9 9 9 9 9 9 9 9
          9 9 9 9 9 9 9 9 9 9 9 9
          9 9 9 9 9 9 9 9 9 9 9 9
          9 9 9 9 9 9 9 9 9 9 9 9
          9 9 9 9 9 9 9 9 9 9 9 9
          9 9 9 9 9 9 9 9 9 9 9 9
          9 9 9 9 9 9 9 9 9 9 9 9
          9 9 9 9 9 9 9 9 9 9 9 9
          9 9 9 9 9 9 9 9 9 9 9 9
          9 9 9 9 9 9 9 9 9 9 9 9
          9 9 9 9 9 9 9 9 9 9 9 9
          9 9 9 9 9 9 9 9 9 9 9 9
          9 9 9 9 9 9 9 9 9 9 9 9
          9 9 9 9 9 9 9 9 9 9 9 9
          9 9 9 9 9 9 9 9 9 9 9 9
          9 9 9 9 9 9 9 9 9 9 9 9
          9 9 9 9 9 9 9 9 9 9 9 9
          9 9 9 9 9 9 9 9 9 9 9 9
          9 9 9 9 9 9 9 9 9 9 9 9
          9 9 9 9 9 9 9 9 9 9 9 9
          9 9 9 9 9 9 9 9 9 9 9 9
          9 9 9 9 9 9 9 9 9 9 9 9
          9 9 9 9 9 9 9 9 9 9 9 9
          9 9 9 9 9 9 9 9 9 9 9 9
          9 9 9 9 9 9 9 9 9 9 9 9
          9 9 9 9 9 9 9 9 9 9 9 9
          9 9 9 9 9 9 9 9 9 9 9 9
          9 9 9 9 9 9 9 9 9 9 9 9
          9 9 9 9 9 9 9 9 9 9 9 9
          9 9 9 9 9 9 9 9 9 9 9 9
          9 9 9 9 9 9 9 9 9 9 9 9
          9 9 9 9 9 9 9 9 9 9 9 9
          9 9 9 9 9 9 9 9 9 9 9 9
          9 9 9 9 9 9 9 9 9 9 9 9
          9 9 9 9 9 9 9 9 9 9 9 9
          9 9 9 9 9 9 9 9 9 9 9 9
          9 9 9 9 9 9 9 9 9 9 9 9
          9 9 9 9 9 9 9 9 9 9 9 9
          9 9 9 9 9 9 9 9 9 9 9 9
          9 9 9 9 9 9 9 9 9 9 9 9
          9 9 9 9 9 9 9 9 9 9 9 9
          9 9 9 9 9 9 9 9 9 9 9 9
          9 9 9 9 9 9 9 9 9 9 9 9
          9 9 9 9 9 9 9 9 9 9 9 9
          9 9 9 9 9 9 9 9 9 9 9 9
          9 9 9 9 9 9 9 9 9 9 9 9
          9 9 9 9 9 9 9 9 9 9 9 9
          9 9 9 9 9 9 9 9 9 9 9 9
          9 9 9 9 9 9 9 9 9 9 9 9
          9 9 9 9 9 9 9 9 9 9 9 9
          9 9 9 9 9 9 9 9 9 9 9 9
          9 9 9 9 9 9 9 9 9 9 9 9
          9 9 9 9 9 9 9 9 9 9 9 9
          9 9 9 9 9 9 9 9 9 9 9 9
          9 9 9 9 9 9 9 9 9 9 9 9
          9 9 9 9 9 9 9 9 9 9 9 9
          9 9 9 9 9 9 9 9 9 9 9 9
          9 9 9 9 9 9 9 9 9 9 9 9
          9 9 9 9 9 9 9 9 9 9 9 9
          9 9 9 9 9 9 9 9 9 9 9 9
          9 9 9 9 9 9 9 9 9 9 9 9
          9 9 9 9 9 9 9 9 9 9 9 9
          9 9 9 9 9 9 9 9 9 9 9 9
          9 9 9 9 9 9 9 9 9 9 9 9
          9 9 9 9 9 9 9 9 9 9 9 9
          9 9 9 9 9 9 9 9 9 9 9 9
          9 9 9 9 9 9 9 9 9 9 9 9
          9 9 9 9 9 9 9 9 9 9 9 9
          9 9 9 9 9 9 9 9 9 9 9 9
          9 9 9 9 9 9 9 9 9 9 9 9
          9 9 9 9 9 9 9 9 9 9 9 9
          9 9 9 9 9 9 9 9 9 9 9 9
          9 9 9 9 9 9 9 9 9 9 9 9
          9 9 9 9 9 9 9 9 9 9 9 9
          9 9 9 9 9 9 9 9 9 9 9 9
          9 9 9 9 9 9 9 9 9 9 9 9
          9 9 9 9 9 9 9 9 9 9 9 9
          9 9 9 9 9 9 9 9 9 9 9 9
          9 9 9 9 9 9 9 9 9 9 9 9
          9 9 9 9 9 9 9 9 9 9 9 9
          9 9 9 9 9 9 9 9 9 9 9 9
          9 9 9 9 9 9 9 9 9 9 9 9
          9 9 9 9 9 9 9 9 9 9 9 9
          9 9 9 9 9 9 9 9 9 9 9 9
          9 9 9 9 9 9 9 9 9 9 9 9
          9 9 9 9 9 9 9 9 9 9 9 9
          9 9 9 9 9 9 9 9 9 9 9 9
          9 9 9 9 9 9 9 9 9 9 9 9
          9 9 9 9 9 9 9 9 9 9 9 9
          9 9 9 9 9 9 9 9 9 9 9 9
          9 9 9 9 9 9 9 9 9 9 9 9
          9 9 9 9 9 9 9 9 9 9 9 9
          9 9 9 9 9 9 9 9 9 9 9 9
          9 9 9 9 9 9 9 9 9 9 9 9
          9 9 9 9 9 9 9 9 9 9 9 9
          9 9 9 9 9 9 9 9 9 9 9 9
          9 9 9 9 9 9 9 9 9 9 9 9
          9 9 9 9 9 9 9 9 9 9 9 9
          9 9 9 9 9 9 9 9 9 9 9 9
          9 9 9 9 9 9 9 9 9 9 9 9
          9 9 9 9 9 9 9 9 9 9 9 9
          9 9 9 9 9 9 9 9 9 9 9 9
          9 9 9 9 9 9 9 9 9 9 9 9
          9 9 9 9 9 9 9 9 9 9 9 9
          9 9 9 9 9 9 9 9 9 9 9 9
          9 9 9 9 9 9 9 9 9 9 9 9
          9 9 9 9 9 9 9 9 9 9 9 9
          9 9 9 9 9 9 9 9 9 9 9 9
          9 9 9 9 9 9 9 9 9 9 9 9
          9 9 9 9 9 9 9 9 9 9 9 9
          9 9 9 9 9 9 9 9 9 9 9 9
          9 9 9 9 9 9 9 9 9 9 9 9
          9 9 9 9 9 9 9 9 9 9 9 9
          9 9 9 9 9 9 9 9 9 9 9 9
          9 9 9 9 9 9 9 9 9 9 9 9
          9 9 9 9 9 9 9 9 9 9 9 9
          9 9 9 9 9 9 9 9 9 9 9 9
          9 9 9 9 9 9 9 9 9 9 9 9
          9 9 9 9 9 9 9 9 9 9 9 9
          9 9 9 9 9 9 9 9
        </DataArray>
      </Cells>
    </Piece>
  </UnstructuredGrid>
</VTKFile>
